[INFO] Scanning for projects...
[INFO] 
[INFO] ----------------------< io.openfednow:openfednow >----------------------
[INFO] Building OpenFedNow 0.1.0-SNAPSHOT
[INFO]   from pom.xml
[INFO] --------------------------------[ jar ]---------------------------------
[INFO] 
[INFO] --- resources:3.3.1:resources (default-resources) @ openfednow ---
[INFO] Copying 4 resources from src/main/resources to target/classes
[INFO] Copying 14 resources from src/main/resources to target/classes
[INFO] 
[INFO] --- compiler:3.14.1:compile (default-compile) @ openfednow ---
[INFO] Nothing to compile - all classes are up to date.
[INFO] 
[INFO] --- resources:3.3.1:testResources (default-testResources) @ openfednow ---
[INFO] Copying 2 resources from src/test/resources to target/test-classes
[INFO] 
[INFO] --- compiler:3.14.1:testCompile (default-testCompile) @ openfednow ---
[INFO] Nothing to compile - all classes are up to date.
[INFO] 
[INFO] --- surefire:3.5.6:test (default-test) @ openfednow ---
[INFO] Using auto detected provider org.apache.maven.surefire.junitplatform.JUnitPlatformProvider
[INFO] 
[INFO] -------------------------------------------------------
[INFO]  T E S T S
[INFO] -------------------------------------------------------
[INFO] Running io.openfednow.security.audit.AdminAuditIntegrationTest
23:14:08.358 [main] INFO org.springframework.test.context.support.AnnotationConfigContextLoaderUtils -- Could not detect default configuration classes for test class [io.openfednow.security.audit.AdminAuditIntegrationTest]: AdminAuditIntegrationTest does not declare any static, non-private, non-final, nested classes annotated with @Configuration.
23:14:08.419 [main] INFO org.springframework.boot.test.context.SpringBootTestContextBootstrapper -- Found @SpringBootConfiguration io.openfednow.OpenFedNowApplication for test class io.openfednow.security.audit.AdminAuditIntegrationTest
23:14:08.455 [main] INFO org.testcontainers.images.PullPolicy -- Image pull policy will be performed by: DefaultPullPolicy()
23:14:08.456 [main] INFO org.testcontainers.utility.ImageNameSubstitutor -- Image name substitution will be performed by: DefaultImageNameSubstitutor (composite of 'ConfigurationFileImageNameSubstitutor' and 'PrefixingImageNameSubstitutor')

  .   ____          _            __ _ _
 /\\ / ___'_ __ _ _(_)_ __  __ _ \ \ \ \
( ( )\___ | '_ | '_| | '_ \/ _` | \ \ \ \
 \\/  ___)| |_)| | | | | || (_| |  ) ) ) )
  '  |____| .__|_| |_|_| |_\__, | / / / /
 =========|_|==============|___/=/_/_/_/

 :: Spring Boot ::               (v3.5.16)

2026-09-28T23:14:08.598-04:00 INFO  [testcontainers-lifecycle-0] org.testcontainers.DockerClientFactory [req=?,e2e=?,txn=?] Testcontainers version: 1.21.4
2026-09-28T23:14:08.666-04:00 INFO  [testcontainers-lifecycle-0] o.t.d.DockerClientProviderStrategy [req=?,e2e=?,txn=?] Loaded org.testcontainers.dockerclient.UnixSocketClientProviderStrategy from ~/.testcontainers.properties, will try it first
2026-09-28T23:14:08.758-04:00 INFO  [testcontainers-lifecycle-0] o.t.d.DockerClientProviderStrategy [req=?,e2e=?,txn=?] Found Docker environment with local Unix socket (unix:///var/run/docker.sock)
2026-09-28T23:14:08.759-04:00 INFO  [testcontainers-lifecycle-0] org.testcontainers.DockerClientFactory [req=?,e2e=?,txn=?] Docker host IP address is localhost
2026-09-28T23:14:08.768-04:00 INFO  [testcontainers-lifecycle-0] org.testcontainers.DockerClientFactory [req=?,e2e=?,txn=?] Connected to docker: 
  Server Version: 29.7.2
  API Version: 1.55
  Operating System: Docker Desktop
  Total Memory: 7933 MB
  Labels: 
    com.docker.desktop.address=unix:///Users/danielmori/Library/Containers/com.docker.docker/Data/docker-cli.sock
2026-09-28T23:14:09.017-04:00 INFO  [testcontainers-lifecycle-0] tc.testcontainers/ryuk:0.12.0 [req=?,e2e=?,txn=?] Creating container for image: testcontainers/ryuk:0.12.0
2026-09-28T23:14:09.047-04:00 INFO  [testcontainers-lifecycle-0] o.t.utility.RegistryAuthLocator [req=?,e2e=?,txn=?] Credential helper/store (docker-credential-desktop) does not have credentials for https://index.docker.io/v1/
2026-09-28T23:14:09.090-04:00 INFO  [testcontainers-lifecycle-0] tc.testcontainers/ryuk:0.12.0 [req=?,e2e=?,txn=?] Container testcontainers/ryuk:0.12.0 is starting: bb2da9736dd548e52506ae34b2d55b65f8784a0973704189b11e1c0ffa11e5e6
2026-09-28T23:14:09.202-04:00 INFO  [testcontainers-lifecycle-0] tc.testcontainers/ryuk:0.12.0 [req=?,e2e=?,txn=?] Container testcontainers/ryuk:0.12.0 started in PT0.18488S
2026-09-28T23:14:09.204-04:00 INFO  [testcontainers-lifecycle-0] o.t.utility.RyukResourceReaper [req=?,e2e=?,txn=?] Ryuk started - will monitor and terminate Testcontainers containers on JVM exit
2026-09-28T23:14:09.204-04:00 INFO  [testcontainers-lifecycle-0] org.testcontainers.DockerClientFactory [req=?,e2e=?,txn=?] Checking the system...
2026-09-28T23:14:09.204-04:00 INFO  [testcontainers-lifecycle-0] org.testcontainers.DockerClientFactory [req=?,e2e=?,txn=?] ✔︎ Docker server version should be at least 1.6.0
2026-09-28T23:14:09.205-04:00 INFO  [testcontainers-lifecycle-2] tc.postgres:16-alpine [req=?,e2e=?,txn=?] Creating container for image: postgres:16-alpine
2026-09-28T23:14:09.205-04:00 INFO  [testcontainers-lifecycle-0] tc.redis:7-alpine [req=?,e2e=?,txn=?] Creating container for image: redis:7-alpine
2026-09-28T23:14:09.205-04:00 INFO  [testcontainers-lifecycle-1] tc.rabbitmq:3-management [req=?,e2e=?,txn=?] Creating container for image: rabbitmq:3-management
2026-09-28T23:14:09.237-04:00 INFO  [testcontainers-lifecycle-0] tc.redis:7-alpine [req=?,e2e=?,txn=?] Container redis:7-alpine is starting: 78299858bc5b2939c24cfbd08b2daefaf8f4cd9abbad4bb5357b3b7cd4b7be1b
2026-09-28T23:14:09.242-04:00 INFO  [testcontainers-lifecycle-1] tc.rabbitmq:3-management [req=?,e2e=?,txn=?] Container rabbitmq:3-management is starting: 4895218b78d2e2bbcbe44038af9eaa0c968592c89fc776ec46ec8c377dd07988
2026-09-28T23:14:09.243-04:00 INFO  [testcontainers-lifecycle-2] tc.postgres:16-alpine [req=?,e2e=?,txn=?] Container postgres:16-alpine is starting: 8180d446c185b19d82011e0c26639629fc5d3a84cc603c4f29af5f68894b82a1
2026-09-28T23:14:09.423-04:00 INFO  [testcontainers-lifecycle-0] tc.redis:7-alpine [req=?,e2e=?,txn=?] Container redis:7-alpine started in PT0.218581S
2026-09-28T23:14:09.886-04:00 INFO  [testcontainers-lifecycle-2] tc.postgres:16-alpine [req=?,e2e=?,txn=?] Container postgres:16-alpine started in PT0.681589S
2026-09-28T23:14:09.887-04:00 INFO  [testcontainers-lifecycle-2] tc.postgres:16-alpine [req=?,e2e=?,txn=?] Container is started (JDBC URL: jdbc:postgresql://localhost:64402/openfednow?loggerLevel=OFF)
2026-09-28T23:14:12.569-04:00 INFO  [testcontainers-lifecycle-1] tc.rabbitmq:3-management [req=?,e2e=?,txn=?] Container rabbitmq:3-management started in PT3.364002S
2026-09-28T23:14:12.583-04:00 INFO  [main] i.o.s.audit.AdminAuditIntegrationTest [req=?,e2e=?,txn=?] Starting AdminAuditIntegrationTest using Java 17.0.20.1 with PID 73107 (started by danielmori in /Users/danielmori/Developer/open-fednow-reliability)
2026-09-28T23:14:12.583-04:00 DEBUG [main] i.o.s.audit.AdminAuditIntegrationTest [req=?,e2e=?,txn=?] Running with Spring Boot v3.5.16, Spring v6.2.19
2026-09-28T23:14:12.583-04:00 INFO  [main] i.o.s.audit.AdminAuditIntegrationTest [req=?,e2e=?,txn=?] No active profile set, falling back to 1 default profile: "default"
2026-09-28T23:14:12.999-04:00 INFO  [main] o.s.d.r.c.RepositoryConfigurationDelegate [req=?,e2e=?,txn=?] Multiple Spring Data modules found, entering strict repository configuration mode
2026-09-28T23:14:13.000-04:00 INFO  [main] o.s.d.r.c.RepositoryConfigurationDelegate [req=?,e2e=?,txn=?] Bootstrapping Spring Data JPA repositories in DEFAULT mode.
2026-09-28T23:14:13.015-04:00 INFO  [main] o.s.d.r.c.RepositoryConfigurationDelegate [req=?,e2e=?,txn=?] Finished Spring Data repository scanning in 11 ms. Found 0 JPA repository interfaces.
2026-09-28T23:14:13.021-04:00 INFO  [main] o.s.d.r.c.RepositoryConfigurationDelegate [req=?,e2e=?,txn=?] Multiple Spring Data modules found, entering strict repository configuration mode
2026-09-28T23:14:13.021-04:00 INFO  [main] o.s.d.r.c.RepositoryConfigurationDelegate [req=?,e2e=?,txn=?] Bootstrapping Spring Data Redis repositories in DEFAULT mode.
2026-09-28T23:14:13.027-04:00 INFO  [main] o.s.d.r.c.RepositoryConfigurationDelegate [req=?,e2e=?,txn=?] Finished Spring Data repository scanning in 3 ms. Found 0 Redis repository interfaces.
2026-09-28T23:14:13.466-04:00 INFO  [main] o.s.b.w.embedded.tomcat.TomcatWebServer [req=?,e2e=?,txn=?] Tomcat initialized with port 0 (http)
2026-09-28T23:14:13.471-04:00 INFO  [main] o.apache.coyote.http11.Http11NioProtocol [req=?,e2e=?,txn=?] Initializing ProtocolHandler ["http-nio-auto-1"]
2026-09-28T23:14:13.471-04:00 INFO  [main] o.apache.catalina.core.StandardService [req=?,e2e=?,txn=?] Starting service [Tomcat]
2026-09-28T23:14:13.471-04:00 INFO  [main] org.apache.catalina.core.StandardEngine [req=?,e2e=?,txn=?] Starting Servlet engine: [Apache Tomcat/10.1.59]
2026-09-28T23:14:13.494-04:00 INFO  [main] o.a.c.c.C.[Tomcat].[localhost].[/] [req=?,e2e=?,txn=?] Initializing Spring embedded WebApplicationContext
2026-09-28T23:14:13.494-04:00 INFO  [main] o.s.b.w.s.c.ServletWebServerApplicationContext [req=?,e2e=?,txn=?] Root WebApplicationContext: initialization completed in 905 ms
2026-09-28T23:14:13.752-04:00 INFO  [main] org.flywaydb.core.FlywayExecutor [req=?,e2e=?,txn=?] Database: jdbc:postgresql://localhost:64402/openfednow?loggerLevel=OFF (PostgreSQL 16.15)
2026-09-28T23:14:13.769-04:00 INFO  [main] o.f.c.i.s.JdbcTableSchemaHistory [req=?,e2e=?,txn=?] Schema history table "public"."flyway_schema_history" does not exist yet
2026-09-28T23:14:13.771-04:00 INFO  [main] o.f.core.internal.command.DbValidate [req=?,e2e=?,txn=?] Successfully validated 10 migrations (execution time 00:00.007s)
2026-09-28T23:14:13.779-04:00 INFO  [main] o.f.c.i.s.JdbcTableSchemaHistory [req=?,e2e=?,txn=?] Creating Schema History table "public"."flyway_schema_history" ...
2026-09-28T23:14:13.808-04:00 INFO  [main] o.f.core.internal.command.DbMigrate [req=?,e2e=?,txn=?] Current version of schema "public": << Empty Schema >>
2026-09-28T23:14:13.814-04:00 INFO  [main] o.f.core.internal.command.DbMigrate [req=?,e2e=?,txn=?] Migrating schema "public" to version "1 - create shadow ledger transaction log"
2026-09-28T23:14:13.830-04:00 INFO  [main] o.f.core.internal.command.DbMigrate [req=?,e2e=?,txn=?] Migrating schema "public" to version "2 - create saga state"
2026-09-28T23:14:13.838-04:00 INFO  [main] o.f.core.internal.command.DbMigrate [req=?,e2e=?,txn=?] Migrating schema "public" to version "3 - create idempotency keys"
2026-09-28T23:14:13.844-04:00 INFO  [main] o.f.core.internal.command.DbMigrate [req=?,e2e=?,txn=?] Migrating schema "public" to version "4 - create reconciliation run"
2026-09-28T23:14:13.851-04:00 INFO  [main] o.f.core.internal.command.DbMigrate [req=?,e2e=?,txn=?] Migrating schema "public" to version "5 - add source rail to saga state"
2026-09-28T23:14:13.857-04:00 INFO  [main] o.f.core.internal.command.DbMigrate [req=?,e2e=?,txn=?] Migrating schema "public" to version "6 - create admin audit log"
2026-09-28T23:14:13.863-04:00 INFO  [main] o.f.core.internal.command.DbMigrate [req=?,e2e=?,txn=?] Migrating schema "public" to version "7 - add request id correlation"
2026-09-28T23:14:13.868-04:00 INFO  [main] o.f.core.internal.command.DbMigrate [req=?,e2e=?,txn=?] Migrating schema "public" to version "8 - outbound submission uncertainty"
2026-09-28T23:14:13.873-04:00 INFO  [main] o.f.core.internal.command.DbMigrate [req=?,e2e=?,txn=?] Migrating schema "public" to version "9 - create reliable payment reference"
2026-09-28T23:14:13.884-04:00 INFO  [main] o.f.core.internal.command.DbMigrate [req=?,e2e=?,txn=?] Migrating schema "public" to version "10 - synthetic async core ack"
2026-09-28T23:14:13.891-04:00 INFO  [main] o.f.core.internal.command.DbMigrate [req=?,e2e=?,txn=?] Successfully applied 10 migrations to schema "public", now at version v10 (execution time 00:00.034s)
2026-09-28T23:14:13.927-04:00 DEBUG [main] io.openfednow.gateway.CorrelationFilter [req=?,e2e=?,txn=?] Filter 'correlationFilter' configured for use
2026-09-28T23:14:13.927-04:00 DEBUG [main] i.o.gateway.ratelimit.RateLimitFilter [req=?,e2e=?,txn=?] Filter 'rateLimitFilter' configured for use
2026-09-28T23:14:13.927-04:00 DEBUG [main] i.o.g.s.JwsInboundVerificationFilter [req=?,e2e=?,txn=?] Filter 'jwsInboundVerificationFilter' configured for use
2026-09-28T23:14:13.927-04:00 DEBUG [main] i.o.s.audit.AdminAccessAuditFilter [req=?,e2e=?,txn=?] Filter 'adminAccessAuditFilter' configured for use
2026-09-28T23:14:14.090-04:00 INFO  [main] o.s.o.j.p.SpringPersistenceUnitInfo [req=?,e2e=?,txn=?] No LoadTimeWeaver setup: ignoring JPA class transformer
2026-09-28T23:14:14.284-04:00 INFO  [main] o.s.o.j.LocalContainerEntityManagerFactoryBean [req=?,e2e=?,txn=?] Initialized JPA EntityManagerFactory for persistence unit 'default'
2026-09-28T23:14:14.612-04:00 INFO  [main] i.o.reliability.ReliabilityRailConfig [req=?,e2e=?,txn=?] Synthetic reliability rail configured=false
2026-09-28T23:14:14.692-04:00 WARN  [main] o.s.b.a.o.j.JpaBaseConfiguration$JpaWebConfiguration [req=?,e2e=?,txn=?] spring.jpa.open-in-view is enabled by default. Therefore, database queries may be performed during view rendering. Explicitly configure spring.jpa.open-in-view to disable this warning
2026-09-28T23:14:14.857-04:00 INFO  [main] o.s.b.a.e.web.EndpointLinksResolver [req=?,e2e=?,txn=?] Exposing 3 endpoints beneath base path '/actuator'
2026-09-28T23:14:14.882-04:00 INFO  [main] o.s.s.c.a.a.c.InitializeUserDetailsBeanManagerConfigurer$InitializeUserDetailsManagerConfigurer [req=?,e2e=?,txn=?] Global AuthenticationManager configured with UserDetailsService bean with name userDetailsService
2026-09-28T23:14:15.395-04:00 INFO  [main] o.apache.coyote.http11.Http11NioProtocol [req=?,e2e=?,txn=?] Starting ProtocolHandler ["http-nio-auto-1"]
2026-09-28T23:14:15.400-04:00 INFO  [main] o.s.b.w.embedded.tomcat.TomcatWebServer [req=?,e2e=?,txn=?] Tomcat started on port 64419 (http) with context path '/'
2026-09-28T23:14:15.413-04:00 INFO  [main] i.o.s.audit.AdminAuditIntegrationTest [req=?,e2e=?,txn=?] Started AdminAuditIntegrationTest in 6.942 seconds (process running for 7.423)
2026-09-28T23:14:15.415-04:00 DEBUG [scheduling-1] i.o.shadowledger.AvailabilityBridge [req=?,e2e=?,txn=?] Core availability poll: mode=ONLINE
2026-09-28T23:14:15.431-04:00 WARN  [main] o.s.core.events.SpringDocAppInitializer [req=?,e2e=?,txn=?] SpringDoc /v3/api-docs endpoint is enabled by default. To disable it in production, set the property 'springdoc.api-docs.enabled=false'
2026-09-28T23:14:15.431-04:00 WARN  [main] o.s.core.events.SpringDocAppInitializer [req=?,e2e=?,txn=?] SpringDoc /swagger-ui.html endpoint is enabled by default. To disable it in production, set the property 'springdoc.swagger-ui.enabled=false'
2026-09-28T23:14:15.437-04:00 INFO  [main] i.o.processing.saga.SagaRecoveryService [req=?,e2e=?,txn=?] Saga recovery: no in-flight sagas found at startup
2026-09-28T23:14:15.438-04:00 INFO  [main] i.o.shadowledger.BalanceSeedService [req=?,e2e=?,txn=?] Shadow Ledger startup seed: no accounts configured (openfednow.shadow-ledger.seed-accounts is empty)
2026-09-28T23:14:15.711-04:00 INFO  [http-nio-auto-1-exec-1] o.a.c.c.C.[Tomcat].[localhost].[/] [req=?,e2e=?,txn=?] Initializing Spring DispatcherServlet 'dispatcherServlet'
2026-09-28T23:14:15.711-04:00 INFO  [http-nio-auto-1-exec-1] o.s.web.servlet.DispatcherServlet [req=?,e2e=?,txn=?] Initializing Servlet 'dispatcherServlet'
2026-09-28T23:14:15.711-04:00 INFO  [http-nio-auto-1-exec-1] o.s.web.servlet.DispatcherServlet [req=?,e2e=?,txn=?] Completed initialization in 0 ms
2026-09-28T23:14:15.911-04:00 INFO  [http-nio-auto-1-exec-1] i.o.s.audit.AdminAccessAuditFilter [req=91fdce3d-6ea0-4735-8eeb-efabd0a60118,e2e=?,txn=?] admin-access principal=admin method=GET path=/admin/sagas status=200 result=GRANTED
2026-09-28T23:14:15.942-04:00 INFO  [http-nio-auto-1-exec-2] i.o.s.audit.AdminAccessAuditFilter [req=2c5bb36f-046d-4fc3-a632-67599c8dfd94,e2e=?,txn=?] admin-access principal=anonymous method=POST path=/admin/reconcile status=401 result=DENIED
2026-09-28T23:14:16.013-04:00 INFO  [http-nio-auto-1-exec-3] i.o.s.audit.AdminAccessAuditFilter [req=4dc4291e-1a76-450c-a496-1fb4ede7379c,e2e=?,txn=?] admin-access principal=alice method=POST path=/admin/reconcile status=401 result=DENIED
2026-09-28T23:14:16.026-04:00 INFO  [main] o.s.b.w.embedded.tomcat.GracefulShutdown [req=?,e2e=?,txn=?] Commencing graceful shutdown. Waiting for active requests to complete
2026-09-28T23:14:16.027-04:00 INFO  [tomcat-shutdown] o.apache.coyote.http11.Http11NioProtocol [req=?,e2e=?,txn=?] Pausing ProtocolHandler ["http-nio-auto-1-64419"]
2026-09-28T23:14:16.031-04:00 INFO  [tomcat-shutdown] o.s.b.w.embedded.tomcat.GracefulShutdown [req=?,e2e=?,txn=?] Graceful shutdown complete
2026-09-28T23:14:16.031-04:00 INFO  [main] o.apache.coyote.http11.Http11NioProtocol [req=?,e2e=?,txn=?] Stopping ProtocolHandler ["http-nio-auto-1"]
2026-09-28T23:14:16.040-04:00 INFO  [main] o.s.o.j.LocalContainerEntityManagerFactoryBean [req=?,e2e=?,txn=?] Closing JPA EntityManagerFactory for persistence unit 'default'
[INFO] Tests run: 4, Failures: 0, Errors: 0, Skipped: 0, Time elapsed: 7.715 s -- in io.openfednow.security.audit.AdminAuditIntegrationTest
[INFO] Running io.openfednow.security.AdminEndpointSecurityTest
2026-09-28T23:14:16.047-04:00 INFO  [main] o.s.t.c.s.AnnotationConfigContextLoaderUtils [req=?,e2e=?,txn=?] Could not detect default configuration classes for test class [io.openfednow.security.AdminEndpointSecurityTest]: AdminEndpointSecurityTest does not declare any static, non-private, non-final, nested classes annotated with @Configuration.
2026-09-28T23:14:16.052-04:00 INFO  [main] o.s.b.t.c.SpringBootTestContextBootstrapper [req=?,e2e=?,txn=?] Found @SpringBootConfiguration io.openfednow.OpenFedNowApplication for test class io.openfednow.security.AdminEndpointSecurityTest

  .   ____          _            __ _ _
 /\\ / ___'_ __ _ _(_)_ __  __ _ \ \ \ \
( ( )\___ | '_ | '_| | '_ \/ _` | \ \ \ \
 \\/  ___)| |_)| | | | | || (_| |  ) ) ) )
  '  |____| .__|_| |_|_| |_\__, | / / / /
 =========|_|==============|___/=/_/_/_/

 :: Spring Boot ::               (v3.5.16)

2026-09-28T23:14:16.065-04:00 INFO  [main] i.o.security.AdminEndpointSecurityTest [req=?,e2e=?,txn=?] Starting AdminEndpointSecurityTest using Java 17.0.20.1 with PID 73107 (started by danielmori in /Users/danielmori/Developer/open-fednow-reliability)
2026-09-28T23:14:16.065-04:00 DEBUG [main] i.o.security.AdminEndpointSecurityTest [req=?,e2e=?,txn=?] Running with Spring Boot v3.5.16, Spring v6.2.19
2026-09-28T23:14:16.065-04:00 INFO  [main] i.o.security.AdminEndpointSecurityTest [req=?,e2e=?,txn=?] No active profile set, falling back to 1 default profile: "default"
2026-09-28T23:14:16.164-04:00 INFO  [main] o.s.d.r.c.RepositoryConfigurationDelegate [req=?,e2e=?,txn=?] Multiple Spring Data modules found, entering strict repository configuration mode
2026-09-28T23:14:16.164-04:00 INFO  [main] o.s.d.r.c.RepositoryConfigurationDelegate [req=?,e2e=?,txn=?] Bootstrapping Spring Data JPA repositories in DEFAULT mode.
2026-09-28T23:14:16.169-04:00 INFO  [main] o.s.d.r.c.RepositoryConfigurationDelegate [req=?,e2e=?,txn=?] Finished Spring Data repository scanning in 3 ms. Found 0 JPA repository interfaces.
2026-09-28T23:14:16.170-04:00 INFO  [main] o.s.d.r.c.RepositoryConfigurationDelegate [req=?,e2e=?,txn=?] Multiple Spring Data modules found, entering strict repository configuration mode
2026-09-28T23:14:16.170-04:00 INFO  [main] o.s.d.r.c.RepositoryConfigurationDelegate [req=?,e2e=?,txn=?] Bootstrapping Spring Data Redis repositories in DEFAULT mode.
2026-09-28T23:14:16.172-04:00 INFO  [main] o.s.d.r.c.RepositoryConfigurationDelegate [req=?,e2e=?,txn=?] Finished Spring Data repository scanning in 2 ms. Found 0 Redis repository interfaces.
2026-09-28T23:14:16.217-04:00 INFO  [main] o.s.b.w.embedded.tomcat.TomcatWebServer [req=?,e2e=?,txn=?] Tomcat initialized with port 0 (http)
2026-09-28T23:14:16.218-04:00 INFO  [main] o.apache.coyote.http11.Http11NioProtocol [req=?,e2e=?,txn=?] Initializing ProtocolHandler ["http-nio-auto-2"]
2026-09-28T23:14:16.218-04:00 INFO  [main] o.apache.catalina.core.StandardService [req=?,e2e=?,txn=?] Starting service [Tomcat]
2026-09-28T23:14:16.218-04:00 INFO  [main] org.apache.catalina.core.StandardEngine [req=?,e2e=?,txn=?] Starting Servlet engine: [Apache Tomcat/10.1.59]
2026-09-28T23:14:16.225-04:00 INFO  [main] o.a.c.c.C.[Tomcat].[localhost].[/] [req=?,e2e=?,txn=?] Initializing Spring embedded WebApplicationContext
2026-09-28T23:14:16.225-04:00 INFO  [main] o.s.b.w.s.c.ServletWebServerApplicationContext [req=?,e2e=?,txn=?] Root WebApplicationContext: initialization completed in 159 ms
2026-09-28T23:14:16.289-04:00 INFO  [main] org.flywaydb.core.FlywayExecutor [req=?,e2e=?,txn=?] Database: jdbc:postgresql://localhost:64402/openfednow?loggerLevel=OFF (PostgreSQL 16.15)
2026-09-28T23:14:16.299-04:00 INFO  [main] o.f.core.internal.command.DbValidate [req=?,e2e=?,txn=?] Successfully validated 10 migrations (execution time 00:00.004s)
2026-09-28T23:14:16.312-04:00 INFO  [main] o.f.core.internal.command.DbMigrate [req=?,e2e=?,txn=?] Current version of schema "public": 10
2026-09-28T23:14:16.312-04:00 INFO  [main] o.f.core.internal.command.DbMigrate [req=?,e2e=?,txn=?] Schema "public" is up to date. No migration necessary.
2026-09-28T23:14:16.323-04:00 DEBUG [main] io.openfednow.gateway.CorrelationFilter [req=?,e2e=?,txn=?] Filter 'correlationFilter' configured for use
2026-09-28T23:14:16.323-04:00 DEBUG [main] i.o.gateway.ratelimit.RateLimitFilter [req=?,e2e=?,txn=?] Filter 'rateLimitFilter' configured for use
2026-09-28T23:14:16.323-04:00 DEBUG [main] i.o.g.s.JwsInboundVerificationFilter [req=?,e2e=?,txn=?] Filter 'jwsInboundVerificationFilter' configured for use
2026-09-28T23:14:16.323-04:00 DEBUG [main] i.o.s.audit.AdminAccessAuditFilter [req=?,e2e=?,txn=?] Filter 'adminAccessAuditFilter' configured for use
2026-09-28T23:14:16.341-04:00 INFO  [main] o.s.o.j.p.SpringPersistenceUnitInfo [req=?,e2e=?,txn=?] No LoadTimeWeaver setup: ignoring JPA class transformer
2026-09-28T23:14:16.350-04:00 INFO  [main] o.s.o.j.LocalContainerEntityManagerFactoryBean [req=?,e2e=?,txn=?] Initialized JPA EntityManagerFactory for persistence unit 'default'
2026-09-28T23:14:16.417-04:00 INFO  [main] i.o.reliability.ReliabilityRailConfig [req=?,e2e=?,txn=?] Synthetic reliability rail configured=false
2026-09-28T23:14:16.441-04:00 WARN  [main] o.s.b.a.o.j.JpaBaseConfiguration$JpaWebConfiguration [req=?,e2e=?,txn=?] spring.jpa.open-in-view is enabled by default. Therefore, database queries may be performed during view rendering. Explicitly configure spring.jpa.open-in-view to disable this warning
2026-09-28T23:14:16.498-04:00 INFO  [main] o.s.b.a.e.web.EndpointLinksResolver [req=?,e2e=?,txn=?] Exposing 3 endpoints beneath base path '/actuator'
2026-09-28T23:14:16.507-04:00 INFO  [main] o.s.s.c.a.a.c.InitializeUserDetailsBeanManagerConfigurer$InitializeUserDetailsManagerConfigurer [req=?,e2e=?,txn=?] Global AuthenticationManager configured with UserDetailsService bean with name userDetailsService
2026-09-28T23:14:16.710-04:00 INFO  [main] o.apache.coyote.http11.Http11NioProtocol [req=?,e2e=?,txn=?] Starting ProtocolHandler ["http-nio-auto-2"]
2026-09-28T23:14:16.711-04:00 INFO  [main] o.s.b.w.embedded.tomcat.TomcatWebServer [req=?,e2e=?,txn=?] Tomcat started on port 64433 (http) with context path '/'
2026-09-28T23:14:16.714-04:00 DEBUG [scheduling-1] i.o.shadowledger.AvailabilityBridge [req=?,e2e=?,txn=?] Core availability poll: mode=ONLINE
2026-09-28T23:14:16.715-04:00 INFO  [main] i.o.security.AdminEndpointSecurityTest [req=?,e2e=?,txn=?] Started AdminEndpointSecurityTest in 0.662 seconds (process running for 8.724)
2026-09-28T23:14:16.715-04:00 WARN  [main] o.s.core.events.SpringDocAppInitializer [req=?,e2e=?,txn=?] SpringDoc /v3/api-docs endpoint is enabled by default. To disable it in production, set the property 'springdoc.api-docs.enabled=false'
2026-09-28T23:14:16.715-04:00 WARN  [main] o.s.core.events.SpringDocAppInitializer [req=?,e2e=?,txn=?] SpringDoc /swagger-ui.html endpoint is enabled by default. To disable it in production, set the property 'springdoc.swagger-ui.enabled=false'
2026-09-28T23:14:16.717-04:00 INFO  [main] i.o.processing.saga.SagaRecoveryService [req=?,e2e=?,txn=?] Saga recovery: no in-flight sagas found at startup
2026-09-28T23:14:16.717-04:00 INFO  [main] i.o.shadowledger.BalanceSeedService [req=?,e2e=?,txn=?] Shadow Ledger startup seed: no accounts configured (openfednow.shadow-ledger.seed-accounts is empty)
2026-09-28T23:14:16.721-04:00 INFO  [http-nio-auto-2-exec-1] o.a.c.c.C.[Tomcat].[localhost].[/] [req=?,e2e=?,txn=?] Initializing Spring DispatcherServlet 'dispatcherServlet'
2026-09-28T23:14:16.722-04:00 INFO  [http-nio-auto-2-exec-1] o.s.web.servlet.DispatcherServlet [req=?,e2e=?,txn=?] Initializing Servlet 'dispatcherServlet'
2026-09-28T23:14:16.722-04:00 INFO  [http-nio-auto-2-exec-1] o.s.web.servlet.DispatcherServlet [req=?,e2e=?,txn=?] Completed initialization in 0 ms
2026-09-28T23:14:16.733-04:00 INFO  [http-nio-auto-2-exec-2] o.s.a.r.c.CachingConnectionFactory [req=d3f233d8-5b43-4009-beeb-e8d0bb5e5759,e2e=?,txn=?] Attempting to connect to: [localhost:64405]
2026-09-28T23:14:16.747-04:00 INFO  [http-nio-auto-2-exec-2] o.s.a.r.c.CachingConnectionFactory [req=d3f233d8-5b43-4009-beeb-e8d0bb5e5759,e2e=?,txn=?] Created new connection: rabbitConnectionFactory#32f7d983:0/SimpleConnection@3671937b [delegate=amqp://guest@127.0.0.1:64405/, localPort=64436]
2026-09-28T23:14:17.033-04:00 INFO  [http-nio-auto-2-exec-3] i.o.s.audit.AdminAccessAuditFilter [req=88796b01-bf31-4869-88e3-4ab91ea036fb,e2e=?,txn=?] admin-access principal=admin method=POST path=/admin/reconcile status=401 result=DENIED
2026-09-28T23:14:17.041-04:00 INFO  [http-nio-auto-2-exec-4] i.o.s.audit.AdminAccessAuditFilter [req=a0c2dfed-1e0f-4574-a28c-6dc4a4947b42,e2e=?,txn=?] admin-access principal=anonymous method=POST path=/admin/reconcile status=401 result=DENIED
2026-09-28T23:14:17.158-04:00 INFO  [http-nio-auto-2-exec-6] i.o.shadowledger.ReconciliationService [req=fc0bcd72-37ab-4bd0-8bb9-93002b79e75e,e2e=?,txn=?] Reconciliation cycle starting
2026-09-28T23:14:17.163-04:00 INFO  [http-nio-auto-2-exec-6] i.o.shadowledger.ReconciliationService [req=fc0bcd72-37ab-4bd0-8bb9-93002b79e75e,e2e=?,txn=?] Reconciliation processed 0 account(s) across 500-row batches
2026-09-28T23:14:17.164-04:00 INFO  [http-nio-auto-2-exec-6] i.o.shadowledger.ReconciliationService [req=fc0bcd72-37ab-4bd0-8bb9-93002b79e75e,e2e=?,txn=?] Reconciliation cycle complete replayed=0 discrepancies=0 success=true
2026-09-28T23:14:17.166-04:00 INFO  [http-nio-auto-2-exec-6] i.o.s.audit.AdminAccessAuditFilter [req=fc0bcd72-37ab-4bd0-8bb9-93002b79e75e,e2e=?,txn=?] admin-access principal=admin method=POST path=/admin/reconcile status=200 result=GRANTED
2026-09-28T23:14:17.223-04:00 INFO  [http-nio-auto-2-exec-7] i.o.s.audit.AdminAccessAuditFilter [req=9069951b-d502-41a2-9214-c74ba85c3ad6,e2e=?,txn=?] admin-access principal=unknown method=POST path=/admin/reconcile status=401 result=DENIED
2026-09-28T23:14:17.226-04:00 INFO  [main] o.s.b.w.embedded.tomcat.GracefulShutdown [req=?,e2e=?,txn=?] Commencing graceful shutdown. Waiting for active requests to complete
2026-09-28T23:14:17.226-04:00 INFO  [tomcat-shutdown] o.apache.coyote.http11.Http11NioProtocol [req=?,e2e=?,txn=?] Pausing ProtocolHandler ["http-nio-auto-2-64433"]
2026-09-28T23:14:17.228-04:00 INFO  [tomcat-shutdown] o.s.b.w.embedded.tomcat.GracefulShutdown [req=?,e2e=?,txn=?] Graceful shutdown complete
2026-09-28T23:14:17.228-04:00 INFO  [main] o.apache.coyote.http11.Http11NioProtocol [req=?,e2e=?,txn=?] Stopping ProtocolHandler ["http-nio-auto-2"]
2026-09-28T23:14:17.237-04:00 INFO  [main] o.s.o.j.LocalContainerEntityManagerFactoryBean [req=?,e2e=?,txn=?] Closing JPA EntityManagerFactory for persistence unit 'default'
[INFO] Tests run: 7, Failures: 0, Errors: 0, Skipped: 0, Time elapsed: 1.193 s -- in io.openfednow.security.AdminEndpointSecurityTest
[INFO] Running io.openfednow.security.SecurityHeadersTest
2026-09-28T23:14:17.240-04:00 INFO  [main] o.s.t.c.s.AnnotationConfigContextLoaderUtils [req=?,e2e=?,txn=?] Could not detect default configuration classes for test class [io.openfednow.security.SecurityHeadersTest]: SecurityHeadersTest does not declare any static, non-private, non-final, nested classes annotated with @Configuration.
2026-09-28T23:14:17.243-04:00 INFO  [main] o.s.b.t.c.SpringBootTestContextBootstrapper [req=?,e2e=?,txn=?] Found @SpringBootConfiguration io.openfednow.OpenFedNowApplication for test class io.openfednow.security.SecurityHeadersTest

  .   ____          _            __ _ _
 /\\ / ___'_ __ _ _(_)_ __  __ _ \ \ \ \
( ( )\___ | '_ | '_| | '_ \/ _` | \ \ \ \
 \\/  ___)| |_)| | | | | || (_| |  ) ) ) )
  '  |____| .__|_| |_|_| |_\__, | / / / /
 =========|_|==============|___/=/_/_/_/

 :: Spring Boot ::               (v3.5.16)

2026-09-28T23:14:17.255-04:00 INFO  [main] i.o.security.SecurityHeadersTest [req=?,e2e=?,txn=?] Starting SecurityHeadersTest using Java 17.0.20.1 with PID 73107 (started by danielmori in /Users/danielmori/Developer/open-fednow-reliability)
2026-09-28T23:14:17.255-04:00 DEBUG [main] i.o.security.SecurityHeadersTest [req=?,e2e=?,txn=?] Running with Spring Boot v3.5.16, Spring v6.2.19
2026-09-28T23:14:17.255-04:00 INFO  [main] i.o.security.SecurityHeadersTest [req=?,e2e=?,txn=?] No active profile set, falling back to 1 default profile: "default"
2026-09-28T23:14:17.343-04:00 INFO  [main] o.s.d.r.c.RepositoryConfigurationDelegate [req=?,e2e=?,txn=?] Multiple Spring Data modules found, entering strict repository configuration mode
2026-09-28T23:14:17.343-04:00 INFO  [main] o.s.d.r.c.RepositoryConfigurationDelegate [req=?,e2e=?,txn=?] Bootstrapping Spring Data JPA repositories in DEFAULT mode.
2026-09-28T23:14:17.347-04:00 INFO  [main] o.s.d.r.c.RepositoryConfigurationDelegate [req=?,e2e=?,txn=?] Finished Spring Data repository scanning in 3 ms. Found 0 JPA repository interfaces.
2026-09-28T23:14:17.348-04:00 INFO  [main] o.s.d.r.c.RepositoryConfigurationDelegate [req=?,e2e=?,txn=?] Multiple Spring Data modules found, entering strict repository configuration mode
2026-09-28T23:14:17.348-04:00 INFO  [main] o.s.d.r.c.RepositoryConfigurationDelegate [req=?,e2e=?,txn=?] Bootstrapping Spring Data Redis repositories in DEFAULT mode.
2026-09-28T23:14:17.350-04:00 INFO  [main] o.s.d.r.c.RepositoryConfigurationDelegate [req=?,e2e=?,txn=?] Finished Spring Data repository scanning in 2 ms. Found 0 Redis repository interfaces.
2026-09-28T23:14:17.399-04:00 INFO  [main] o.s.b.w.embedded.tomcat.TomcatWebServer [req=?,e2e=?,txn=?] Tomcat initialized with port 0 (http)
2026-09-28T23:14:17.399-04:00 INFO  [main] o.apache.coyote.http11.Http11NioProtocol [req=?,e2e=?,txn=?] Initializing ProtocolHandler ["http-nio-auto-3"]
2026-09-28T23:14:17.399-04:00 INFO  [main] o.apache.catalina.core.StandardService [req=?,e2e=?,txn=?] Starting service [Tomcat]
2026-09-28T23:14:17.399-04:00 INFO  [main] org.apache.catalina.core.StandardEngine [req=?,e2e=?,txn=?] Starting Servlet engine: [Apache Tomcat/10.1.59]
2026-09-28T23:14:17.406-04:00 INFO  [main] o.a.c.c.C.[Tomcat].[localhost].[/] [req=?,e2e=?,txn=?] Initializing Spring embedded WebApplicationContext
2026-09-28T23:14:17.406-04:00 INFO  [main] o.s.b.w.s.c.ServletWebServerApplicationContext [req=?,e2e=?,txn=?] Root WebApplicationContext: initialization completed in 151 ms
2026-09-28T23:14:17.458-04:00 INFO  [main] org.flywaydb.core.FlywayExecutor [req=?,e2e=?,txn=?] Database: jdbc:postgresql://localhost:64402/openfednow?loggerLevel=OFF (PostgreSQL 16.15)
2026-09-28T23:14:17.467-04:00 INFO  [main] o.f.core.internal.command.DbValidate [req=?,e2e=?,txn=?] Successfully validated 10 migrations (execution time 00:00.004s)
2026-09-28T23:14:17.479-04:00 INFO  [main] o.f.core.internal.command.DbMigrate [req=?,e2e=?,txn=?] Current version of schema "public": 10
2026-09-28T23:14:17.479-04:00 INFO  [main] o.f.core.internal.command.DbMigrate [req=?,e2e=?,txn=?] Schema "public" is up to date. No migration necessary.
2026-09-28T23:14:17.489-04:00 DEBUG [main] io.openfednow.gateway.CorrelationFilter [req=?,e2e=?,txn=?] Filter 'correlationFilter' configured for use
2026-09-28T23:14:17.489-04:00 DEBUG [main] i.o.gateway.ratelimit.RateLimitFilter [req=?,e2e=?,txn=?] Filter 'rateLimitFilter' configured for use
2026-09-28T23:14:17.489-04:00 DEBUG [main] i.o.g.s.JwsInboundVerificationFilter [req=?,e2e=?,txn=?] Filter 'jwsInboundVerificationFilter' configured for use
2026-09-28T23:14:17.489-04:00 DEBUG [main] i.o.s.audit.AdminAccessAuditFilter [req=?,e2e=?,txn=?] Filter 'adminAccessAuditFilter' configured for use
2026-09-28T23:14:17.504-04:00 INFO  [main] o.s.o.j.p.SpringPersistenceUnitInfo [req=?,e2e=?,txn=?] No LoadTimeWeaver setup: ignoring JPA class transformer
2026-09-28T23:14:17.513-04:00 INFO  [main] o.s.o.j.LocalContainerEntityManagerFactoryBean [req=?,e2e=?,txn=?] Initialized JPA EntityManagerFactory for persistence unit 'default'
2026-09-28T23:14:17.577-04:00 INFO  [main] i.o.reliability.ReliabilityRailConfig [req=?,e2e=?,txn=?] Synthetic reliability rail configured=false
2026-09-28T23:14:17.605-04:00 WARN  [main] o.s.b.a.o.j.JpaBaseConfiguration$JpaWebConfiguration [req=?,e2e=?,txn=?] spring.jpa.open-in-view is enabled by default. Therefore, database queries may be performed during view rendering. Explicitly configure spring.jpa.open-in-view to disable this warning
2026-09-28T23:14:17.656-04:00 INFO  [main] o.s.b.a.e.web.EndpointLinksResolver [req=?,e2e=?,txn=?] Exposing 3 endpoints beneath base path '/actuator'
2026-09-28T23:14:17.664-04:00 INFO  [main] o.s.s.c.a.a.c.InitializeUserDetailsBeanManagerConfigurer$InitializeUserDetailsManagerConfigurer [req=?,e2e=?,txn=?] Global AuthenticationManager configured with UserDetailsService bean with name userDetailsService
2026-09-28T23:14:17.850-04:00 DEBUG [main] io.openfednow.gateway.CorrelationFilter [req=?,e2e=?,txn=?] Filter 'correlationFilter' configured for use
2026-09-28T23:14:17.850-04:00 DEBUG [main] i.o.s.audit.AdminAccessAuditFilter [req=?,e2e=?,txn=?] Filter 'adminAccessAuditFilter' configured for use
2026-09-28T23:14:17.850-04:00 DEBUG [main] i.o.gateway.ratelimit.RateLimitFilter [req=?,e2e=?,txn=?] Filter 'rateLimitFilter' configured for use
2026-09-28T23:14:17.850-04:00 DEBUG [main] i.o.g.s.JwsInboundVerificationFilter [req=?,e2e=?,txn=?] Filter 'jwsInboundVerificationFilter' configured for use
2026-09-28T23:14:17.850-04:00 INFO  [main] o.a.c.c.C.[Tomcat].[localhost].[/] [req=?,e2e=?,txn=?] Initializing Spring TestDispatcherServlet ''
2026-09-28T23:14:17.850-04:00 INFO  [main] o.s.t.web.servlet.TestDispatcherServlet [req=?,e2e=?,txn=?] Initializing Servlet ''
2026-09-28T23:14:17.850-04:00 INFO  [main] o.s.t.web.servlet.TestDispatcherServlet [req=?,e2e=?,txn=?] Completed initialization in 0 ms
2026-09-28T23:14:17.863-04:00 INFO  [main] o.apache.coyote.http11.Http11NioProtocol [req=?,e2e=?,txn=?] Starting ProtocolHandler ["http-nio-auto-3"]
2026-09-28T23:14:17.863-04:00 INFO  [main] o.s.b.w.embedded.tomcat.TomcatWebServer [req=?,e2e=?,txn=?] Tomcat started on port 64451 (http) with context path '/'
2026-09-28T23:14:17.866-04:00 DEBUG [scheduling-1] i.o.shadowledger.AvailabilityBridge [req=?,e2e=?,txn=?] Core availability poll: mode=ONLINE
2026-09-28T23:14:17.866-04:00 INFO  [main] i.o.security.SecurityHeadersTest [req=?,e2e=?,txn=?] Started SecurityHeadersTest in 0.621 seconds (process running for 9.876)
2026-09-28T23:14:17.867-04:00 WARN  [main] o.s.core.events.SpringDocAppInitializer [req=?,e2e=?,txn=?] SpringDoc /v3/api-docs endpoint is enabled by default. To disable it in production, set the property 'springdoc.api-docs.enabled=false'
2026-09-28T23:14:17.867-04:00 WARN  [main] o.s.core.events.SpringDocAppInitializer [req=?,e2e=?,txn=?] SpringDoc /swagger-ui.html endpoint is enabled by default. To disable it in production, set the property 'springdoc.swagger-ui.enabled=false'
2026-09-28T23:14:17.869-04:00 INFO  [main] i.o.processing.saga.SagaRecoveryService [req=?,e2e=?,txn=?] Saga recovery: no in-flight sagas found at startup
2026-09-28T23:14:17.869-04:00 INFO  [main] i.o.shadowledger.BalanceSeedService [req=?,e2e=?,txn=?] Shadow Ledger startup seed: no accounts configured (openfednow.shadow-ledger.seed-accounts is empty)
2026-09-28T23:14:17.873-04:00 INFO  [http-nio-auto-3-exec-1] o.a.c.c.C.[Tomcat].[localhost].[/] [req=?,e2e=?,txn=?] Initializing Spring DispatcherServlet 'dispatcherServlet'
2026-09-28T23:14:17.873-04:00 INFO  [http-nio-auto-3-exec-1] o.s.web.servlet.DispatcherServlet [req=?,e2e=?,txn=?] Initializing Servlet 'dispatcherServlet'
2026-09-28T23:14:17.873-04:00 INFO  [http-nio-auto-3-exec-1] o.s.web.servlet.DispatcherServlet [req=?,e2e=?,txn=?] Completed initialization in 0 ms
2026-09-28T23:14:17.874-04:00 INFO  [http-nio-auto-3-exec-1] o.s.a.r.c.CachingConnectionFactory [req=57903bbe-5298-47c8-9ab2-08ba7e0ba98e,e2e=?,txn=?] Attempting to connect to: [localhost:64405]
2026-09-28T23:14:17.878-04:00 INFO  [http-nio-auto-3-exec-1] o.s.a.r.c.CachingConnectionFactory [req=57903bbe-5298-47c8-9ab2-08ba7e0ba98e,e2e=?,txn=?] Created new connection: rabbitConnectionFactory#6f4da6a:0/SimpleConnection@3205e596 [delegate=amqp://guest@127.0.0.1:64405/, localPort=64453]
2026-09-28T23:14:17.921-04:00 INFO  [main] o.s.b.w.embedded.tomcat.GracefulShutdown [req=?,e2e=?,txn=?] Commencing graceful shutdown. Waiting for active requests to complete
2026-09-28T23:14:17.921-04:00 INFO  [tomcat-shutdown] o.apache.coyote.http11.Http11NioProtocol [req=?,e2e=?,txn=?] Pausing ProtocolHandler ["http-nio-auto-3-64451"]
2026-09-28T23:14:17.923-04:00 INFO  [tomcat-shutdown] o.s.b.w.embedded.tomcat.GracefulShutdown [req=?,e2e=?,txn=?] Graceful shutdown complete
2026-09-28T23:14:17.923-04:00 INFO  [main] o.apache.coyote.http11.Http11NioProtocol [req=?,e2e=?,txn=?] Stopping ProtocolHandler ["http-nio-auto-3"]
2026-09-28T23:14:17.928-04:00 INFO  [main] o.s.o.j.LocalContainerEntityManagerFactoryBean [req=?,e2e=?,txn=?] Closing JPA EntityManagerFactory for persistence unit 'default'
[INFO] Tests run: 6, Failures: 0, Errors: 0, Skipped: 0, Time elapsed: 0.709 s -- in io.openfednow.security.SecurityHeadersTest
[INFO] Running io.openfednow.processing.cancellation.CancellationIntegrationTest
2026-09-28T23:14:17.949-04:00 INFO  [main] o.s.t.c.s.AnnotationConfigContextLoaderUtils [req=?,e2e=?,txn=?] Could not detect default configuration classes for test class [io.openfednow.processing.cancellation.CancellationIntegrationTest]: CancellationIntegrationTest does not declare any static, non-private, non-final, nested classes annotated with @Configuration.
2026-09-28T23:14:17.954-04:00 INFO  [main] o.s.b.t.c.SpringBootTestContextBootstrapper [req=?,e2e=?,txn=?] Found @SpringBootConfiguration io.openfednow.OpenFedNowApplication for test class io.openfednow.processing.cancellation.CancellationIntegrationTest

  .   ____          _            __ _ _
 /\\ / ___'_ __ _ _(_)_ __  __ _ \ \ \ \
( ( )\___ | '_ | '_| | '_ \/ _` | \ \ \ \
 \\/  ___)| |_)| | | | | || (_| |  ) ) ) )
  '  |____| .__|_| |_|_| |_\__, | / / / /
 =========|_|==============|___/=/_/_/_/

 :: Spring Boot ::               (v3.5.16)

2026-09-28T23:14:17.963-04:00 INFO  [main] i.o.p.c.CancellationIntegrationTest [req=?,e2e=?,txn=?] Starting CancellationIntegrationTest using Java 17.0.20.1 with PID 73107 (started by danielmori in /Users/danielmori/Developer/open-fednow-reliability)
2026-09-28T23:14:17.963-04:00 DEBUG [main] i.o.p.c.CancellationIntegrationTest [req=?,e2e=?,txn=?] Running with Spring Boot v3.5.16, Spring v6.2.19
2026-09-28T23:14:17.963-04:00 INFO  [main] i.o.p.c.CancellationIntegrationTest [req=?,e2e=?,txn=?] No active profile set, falling back to 1 default profile: "default"
2026-09-28T23:14:18.029-04:00 INFO  [main] o.s.d.r.c.RepositoryConfigurationDelegate [req=?,e2e=?,txn=?] Multiple Spring Data modules found, entering strict repository configuration mode
2026-09-28T23:14:18.029-04:00 INFO  [main] o.s.d.r.c.RepositoryConfigurationDelegate [req=?,e2e=?,txn=?] Bootstrapping Spring Data JPA repositories in DEFAULT mode.
2026-09-28T23:14:18.032-04:00 INFO  [main] o.s.d.r.c.RepositoryConfigurationDelegate [req=?,e2e=?,txn=?] Finished Spring Data repository scanning in 3 ms. Found 0 JPA repository interfaces.
2026-09-28T23:14:18.033-04:00 INFO  [main] o.s.d.r.c.RepositoryConfigurationDelegate [req=?,e2e=?,txn=?] Multiple Spring Data modules found, entering strict repository configuration mode
2026-09-28T23:14:18.033-04:00 INFO  [main] o.s.d.r.c.RepositoryConfigurationDelegate [req=?,e2e=?,txn=?] Bootstrapping Spring Data Redis repositories in DEFAULT mode.
2026-09-28T23:14:18.035-04:00 INFO  [main] o.s.d.r.c.RepositoryConfigurationDelegate [req=?,e2e=?,txn=?] Finished Spring Data repository scanning in 2 ms. Found 0 Redis repository interfaces.
2026-09-28T23:14:18.081-04:00 INFO  [main] org.flywaydb.core.FlywayExecutor [req=?,e2e=?,txn=?] Database: jdbc:postgresql://localhost:64402/openfednow?loggerLevel=OFF (PostgreSQL 16.15)
2026-09-28T23:14:18.091-04:00 INFO  [main] o.f.core.internal.command.DbValidate [req=?,e2e=?,txn=?] Successfully validated 10 migrations (execution time 00:00.004s)
2026-09-28T23:14:18.102-04:00 INFO  [main] o.f.core.internal.command.DbMigrate [req=?,e2e=?,txn=?] Current version of schema "public": 10
2026-09-28T23:14:18.103-04:00 INFO  [main] o.f.core.internal.command.DbMigrate [req=?,e2e=?,txn=?] Schema "public" is up to date. No migration necessary.
2026-09-28T23:14:18.117-04:00 INFO  [main] o.s.o.j.p.SpringPersistenceUnitInfo [req=?,e2e=?,txn=?] No LoadTimeWeaver setup: ignoring JPA class transformer
2026-09-28T23:14:18.125-04:00 INFO  [main] o.s.o.j.LocalContainerEntityManagerFactoryBean [req=?,e2e=?,txn=?] Initialized JPA EntityManagerFactory for persistence unit 'default'
2026-09-28T23:14:18.197-04:00 INFO  [main] i.o.reliability.ReliabilityRailConfig [req=?,e2e=?,txn=?] Synthetic reliability rail configured=false
2026-09-28T23:14:18.216-04:00 INFO  [main] o.s.s.c.a.a.c.InitializeUserDetailsBeanManagerConfigurer$InitializeUserDetailsManagerConfigurer [req=?,e2e=?,txn=?] Global AuthenticationManager configured with UserDetailsService bean with name userDetailsService
2026-09-28T23:14:18.369-04:00 INFO  [main] i.o.p.c.CancellationIntegrationTest [req=?,e2e=?,txn=?] Started CancellationIntegrationTest in 0.414 seconds (process running for 10.379)
2026-09-28T23:14:18.369-04:00 DEBUG [scheduling-1] i.o.shadowledger.AvailabilityBridge [req=?,e2e=?,txn=?] Core availability poll: mode=ONLINE
2026-09-28T23:14:18.371-04:00 INFO  [main] i.o.processing.saga.SagaRecoveryService [req=?,e2e=?,txn=?] Saga recovery: no in-flight sagas found at startup
2026-09-28T23:14:18.372-04:00 INFO  [main] i.o.shadowledger.BalanceSeedService [req=?,e2e=?,txn=?] Shadow Ledger startup seed: no accounts configured (openfednow.shadow-ledger.seed-accounts is empty)
2026-09-28T23:14:18.384-04:00 INFO  [main] i.o.processing.saga.SagaOrchestrator [req=?,e2e=?,txn=?] Saga initiated sagaId=SAGA-b0cfddad-b7c1-4442-ac4e-da30ee3cb087 transactionId=TXN-INIT e2e=E2E-INIT sourceRail=FEDNOW requestId=null
2026-09-28T23:14:18.384-04:00 INFO  [main] i.o.p.cancellation.CancellationService [req=?,e2e=?,txn=?] Cancellation request received caseId=CASE-TXN-INIT originalTransactionId=TXN-INIT reason=CUST
2026-09-28T23:14:18.385-04:00 INFO  [main] i.o.p.cancellation.CancellationService [req=?,e2e=?,txn=?] Cancellation lookup matched sagaId=SAGA-b0cfddad-b7c1-4442-ac4e-da30ee3cb087 state=INITIATED
2026-09-28T23:14:18.385-04:00 INFO  [main] i.o.p.cancellation.CancellationService [req=?,e2e=?,txn=?] Cancelling sagaId=SAGA-b0cfddad-b7c1-4442-ac4e-da30ee3cb087 reason=CUST
2026-09-28T23:14:18.387-04:00 INFO  [main] i.o.processing.saga.SagaOrchestrator [req=?,e2e=?,txn=?] Inbound saga cancellation starting sagaId=SAGA-b0cfddad-b7c1-4442-ac4e-da30ee3cb087 fromState=INITIATED reason=CUST
2026-09-28T23:14:18.388-04:00 INFO  [main] i.o.processing.saga.SagaOrchestrator [req=?,e2e=?,txn=?] Inbound saga cancellation complete sagaId=SAGA-b0cfddad-b7c1-4442-ac4e-da30ee3cb087
2026-09-28T23:14:18.395-04:00 INFO  [main] i.o.processing.saga.SagaOrchestrator [req=?,e2e=?,txn=?] Saga initiated sagaId=SAGA-9fd44613-3a99-4370-b9dd-597c705ab51c transactionId=TXN-FRAUD e2e=E2E-FRAUD sourceRail=FEDNOW requestId=null
2026-09-28T23:14:18.397-04:00 INFO  [main] io.openfednow.shadowledger.ShadowLedger [req=?,e2e=?,txn=?] Shadow Ledger credit applied account=ACC-FRAUD amount=100.00 balanceAfter=200.00
2026-09-28T23:14:18.397-04:00 DEBUG [main] i.o.processing.saga.SagaOrchestrator [req=?,e2e=?,txn=?] Saga advanced sagaId=SAGA-9fd44613-3a99-4370-b9dd-597c705ab51c state=FUNDS_RESERVED
2026-09-28T23:14:18.397-04:00 INFO  [main] i.o.p.cancellation.CancellationService [req=?,e2e=?,txn=?] Cancellation request received caseId=CASE-TXN-FRAUD originalTransactionId=TXN-FRAUD reason=FRAD
2026-09-28T23:14:18.397-04:00 INFO  [main] i.o.p.cancellation.CancellationService [req=?,e2e=?,txn=?] Cancellation lookup matched sagaId=SAGA-9fd44613-3a99-4370-b9dd-597c705ab51c state=FUNDS_RESERVED
2026-09-28T23:14:18.398-04:00 INFO  [main] i.o.p.cancellation.CancellationService [req=?,e2e=?,txn=?] Cancelling sagaId=SAGA-9fd44613-3a99-4370-b9dd-597c705ab51c reason=FRAD
2026-09-28T23:14:18.398-04:00 INFO  [main] i.o.processing.saga.SagaOrchestrator [req=?,e2e=?,txn=?] Inbound saga cancellation starting sagaId=SAGA-9fd44613-3a99-4370-b9dd-597c705ab51c fromState=FUNDS_RESERVED reason=FRAD
2026-09-28T23:14:18.400-04:00 INFO  [main] io.openfednow.shadowledger.ShadowLedger [req=?,e2e=?,txn=?] Shadow Ledger credit reversal applied account=ACC-FRAUD amount=100.00 balanceAfter=100.00
2026-09-28T23:14:18.400-04:00 INFO  [main] i.o.processing.saga.SagaOrchestrator [req=?,e2e=?,txn=?] Shadow Ledger credit reversed sagaId=SAGA-9fd44613-3a99-4370-b9dd-597c705ab51c transactionId=TXN-FRAUD
2026-09-28T23:14:18.401-04:00 INFO  [main] i.o.processing.saga.SagaOrchestrator [req=?,e2e=?,txn=?] Inbound saga cancellation complete sagaId=SAGA-9fd44613-3a99-4370-b9dd-597c705ab51c
2026-09-28T23:14:18.406-04:00 INFO  [main] i.o.processing.saga.SagaOrchestrator [req=?,e2e=?,txn=?] Saga initiated sagaId=SAGA-4cf9033f-0a6f-4327-8bc6-31e67a1203de transactionId=TXN-CNCL e2e=E2E-CNCL sourceRail=FEDNOW requestId=null
2026-09-28T23:14:18.407-04:00 INFO  [main] io.openfednow.shadowledger.ShadowLedger [req=?,e2e=?,txn=?] Shadow Ledger credit applied account=ACC-CNCL amount=250.00 balanceAfter=350.00
2026-09-28T23:14:18.407-04:00 DEBUG [main] i.o.processing.saga.SagaOrchestrator [req=?,e2e=?,txn=?] Saga advanced sagaId=SAGA-4cf9033f-0a6f-4327-8bc6-31e67a1203de state=FUNDS_RESERVED
2026-09-28T23:14:18.408-04:00 INFO  [main] i.o.p.cancellation.CancellationService [req=?,e2e=?,txn=?] Cancellation request received caseId=CASE-TXN-CNCL originalTransactionId=TXN-CNCL reason=DUPL
2026-09-28T23:14:18.408-04:00 INFO  [main] i.o.p.cancellation.CancellationService [req=?,e2e=?,txn=?] Cancellation lookup matched sagaId=SAGA-4cf9033f-0a6f-4327-8bc6-31e67a1203de state=FUNDS_RESERVED
2026-09-28T23:14:18.408-04:00 INFO  [main] i.o.p.cancellation.CancellationService [req=?,e2e=?,txn=?] Cancelling sagaId=SAGA-4cf9033f-0a6f-4327-8bc6-31e67a1203de reason=DUPL
2026-09-28T23:14:18.409-04:00 INFO  [main] i.o.processing.saga.SagaOrchestrator [req=?,e2e=?,txn=?] Inbound saga cancellation starting sagaId=SAGA-4cf9033f-0a6f-4327-8bc6-31e67a1203de fromState=FUNDS_RESERVED reason=DUPL
2026-09-28T23:14:18.410-04:00 INFO  [main] io.openfednow.shadowledger.ShadowLedger [req=?,e2e=?,txn=?] Shadow Ledger credit reversal applied account=ACC-CNCL amount=250.00 balanceAfter=100.00
2026-09-28T23:14:18.410-04:00 INFO  [main] i.o.processing.saga.SagaOrchestrator [req=?,e2e=?,txn=?] Shadow Ledger credit reversed sagaId=SAGA-4cf9033f-0a6f-4327-8bc6-31e67a1203de transactionId=TXN-CNCL
2026-09-28T23:14:18.411-04:00 INFO  [main] i.o.processing.saga.SagaOrchestrator [req=?,e2e=?,txn=?] Inbound saga cancellation complete sagaId=SAGA-4cf9033f-0a6f-4327-8bc6-31e67a1203de
2026-09-28T23:14:18.415-04:00 INFO  [main] i.o.p.cancellation.CancellationService [req=?,e2e=?,txn=?] Cancellation request received caseId=CASE-TXN-DOES-NOT-EXIST originalTransactionId=TXN-DOES-NOT-EXIST reason=DUPL
2026-09-28T23:14:18.415-04:00 WARN  [main] i.o.p.cancellation.CancellationService [req=?,e2e=?,txn=?] Cancellation rejected — no saga found for transactionId=TXN-DOES-NOT-EXIST
2026-09-28T23:14:18.418-04:00 INFO  [main] i.o.processing.saga.SagaOrchestrator [req=?,e2e=?,txn=?] Saga initiated sagaId=SAGA-ec597baf-354f-4142-8053-e97e5dad30e5 transactionId=TXN-AUDIT e2e=E2E-AUDIT sourceRail=FEDNOW requestId=null
2026-09-28T23:14:18.419-04:00 INFO  [main] io.openfednow.shadowledger.ShadowLedger [req=?,e2e=?,txn=?] Shadow Ledger credit applied account=ACC-AUDIT amount=75.00 balanceAfter=175.00
2026-09-28T23:14:18.419-04:00 DEBUG [main] i.o.processing.saga.SagaOrchestrator [req=?,e2e=?,txn=?] Saga advanced sagaId=SAGA-ec597baf-354f-4142-8053-e97e5dad30e5 state=FUNDS_RESERVED
2026-09-28T23:14:18.419-04:00 INFO  [main] i.o.p.cancellation.CancellationService [req=?,e2e=?,txn=?] Cancellation request received caseId=CASE-TXN-AUDIT originalTransactionId=TXN-AUDIT reason=DUPL
2026-09-28T23:14:18.420-04:00 INFO  [main] i.o.p.cancellation.CancellationService [req=?,e2e=?,txn=?] Cancellation lookup matched sagaId=SAGA-ec597baf-354f-4142-8053-e97e5dad30e5 state=FUNDS_RESERVED
2026-09-28T23:14:18.420-04:00 INFO  [main] i.o.p.cancellation.CancellationService [req=?,e2e=?,txn=?] Cancelling sagaId=SAGA-ec597baf-354f-4142-8053-e97e5dad30e5 reason=DUPL
2026-09-28T23:14:18.420-04:00 INFO  [main] i.o.processing.saga.SagaOrchestrator [req=?,e2e=?,txn=?] Inbound saga cancellation starting sagaId=SAGA-ec597baf-354f-4142-8053-e97e5dad30e5 fromState=FUNDS_RESERVED reason=DUPL
2026-09-28T23:14:18.421-04:00 INFO  [main] io.openfednow.shadowledger.ShadowLedger [req=?,e2e=?,txn=?] Shadow Ledger credit reversal applied account=ACC-AUDIT amount=75.00 balanceAfter=100.00
2026-09-28T23:14:18.421-04:00 INFO  [main] i.o.processing.saga.SagaOrchestrator [req=?,e2e=?,txn=?] Shadow Ledger credit reversed sagaId=SAGA-ec597baf-354f-4142-8053-e97e5dad30e5 transactionId=TXN-AUDIT
2026-09-28T23:14:18.422-04:00 INFO  [main] i.o.processing.saga.SagaOrchestrator [req=?,e2e=?,txn=?] Inbound saga cancellation complete sagaId=SAGA-ec597baf-354f-4142-8053-e97e5dad30e5
2026-09-28T23:14:18.425-04:00 INFO  [main] i.o.processing.saga.SagaOrchestrator [req=?,e2e=?,txn=?] Saga initiated sagaId=SAGA-e1e1889f-a361-4710-bd13-dcd332eb4c35 transactionId=TXN-DONE e2e=E2E-DONE sourceRail=FEDNOW requestId=null
2026-09-28T23:14:18.426-04:00 DEBUG [main] i.o.processing.saga.SagaOrchestrator [req=?,e2e=?,txn=?] Saga advanced sagaId=SAGA-e1e1889f-a361-4710-bd13-dcd332eb4c35 state=FUNDS_RESERVED
2026-09-28T23:14:18.426-04:00 DEBUG [main] i.o.processing.saga.SagaOrchestrator [req=?,e2e=?,txn=?] Saga advanced sagaId=SAGA-e1e1889f-a361-4710-bd13-dcd332eb4c35 state=CORE_SUBMITTED
2026-09-28T23:14:18.426-04:00 DEBUG [main] i.o.processing.saga.SagaOrchestrator [req=?,e2e=?,txn=?] Saga advanced sagaId=SAGA-e1e1889f-a361-4710-bd13-dcd332eb4c35 state=FEDNOW_CONFIRMED
2026-09-28T23:14:18.427-04:00 DEBUG [main] i.o.processing.saga.SagaOrchestrator [req=?,e2e=?,txn=?] Saga advanced sagaId=SAGA-e1e1889f-a361-4710-bd13-dcd332eb4c35 state=COMPLETED
2026-09-28T23:14:18.427-04:00 INFO  [main] i.o.p.cancellation.CancellationService [req=?,e2e=?,txn=?] Cancellation request received caseId=CASE-TXN-DONE originalTransactionId=TXN-DONE reason=DUPL
2026-09-28T23:14:18.427-04:00 INFO  [main] i.o.p.cancellation.CancellationService [req=?,e2e=?,txn=?] Cancellation lookup matched sagaId=SAGA-e1e1889f-a361-4710-bd13-dcd332eb4c35 state=COMPLETED
2026-09-28T23:14:18.427-04:00 WARN  [main] i.o.p.cancellation.CancellationService [req=?,e2e=?,txn=?] Cancellation rejected — settlement already confirmed in state COMPLETED; originator must use pacs.004
2026-09-28T23:14:18.430-04:00 INFO  [main] i.o.processing.saga.SagaOrchestrator [req=?,e2e=?,txn=?] Saga initiated sagaId=SAGA-51865279-f87c-4698-8a76-ad14fa230137 transactionId=TXN-CORE e2e=E2E-CORE sourceRail=FEDNOW requestId=null
2026-09-28T23:14:18.430-04:00 DEBUG [main] i.o.processing.saga.SagaOrchestrator [req=?,e2e=?,txn=?] Saga advanced sagaId=SAGA-51865279-f87c-4698-8a76-ad14fa230137 state=FUNDS_RESERVED
2026-09-28T23:14:18.430-04:00 DEBUG [main] i.o.processing.saga.SagaOrchestrator [req=?,e2e=?,txn=?] Saga advanced sagaId=SAGA-51865279-f87c-4698-8a76-ad14fa230137 state=CORE_SUBMITTED
2026-09-28T23:14:18.430-04:00 INFO  [main] i.o.p.cancellation.CancellationService [req=?,e2e=?,txn=?] Cancellation request received caseId=CASE-TXN-CORE originalTransactionId=TXN-CORE reason=DUPL
2026-09-28T23:14:18.431-04:00 INFO  [main] i.o.p.cancellation.CancellationService [req=?,e2e=?,txn=?] Cancellation lookup matched sagaId=SAGA-51865279-f87c-4698-8a76-ad14fa230137 state=CORE_SUBMITTED
2026-09-28T23:14:18.431-04:00 WARN  [main] i.o.p.cancellation.CancellationService [req=?,e2e=?,txn=?] Cancellation pending — saga in state CORE_SUBMITTED; follow-up resolution required
2026-09-28T23:14:18.435-04:00 INFO  [main] o.s.o.j.LocalContainerEntityManagerFactoryBean [req=?,e2e=?,txn=?] Closing JPA EntityManagerFactory for persistence unit 'default'
[INFO] Tests run: 7, Failures: 0, Errors: 0, Skipped: 0, Time elapsed: 0.496 s -- in io.openfednow.processing.cancellation.CancellationIntegrationTest
[INFO] Running io.openfednow.processing.fraud.DefaultFraudScreeningIntegrationTest
2026-09-28T23:14:18.447-04:00 INFO  [main] o.s.t.c.s.AnnotationConfigContextLoaderUtils [req=?,e2e=?,txn=?] Could not detect default configuration classes for test class [io.openfednow.processing.fraud.DefaultFraudScreeningIntegrationTest]: DefaultFraudScreeningIntegrationTest does not declare any static, non-private, non-final, nested classes annotated with @Configuration.
2026-09-28T23:14:18.451-04:00 INFO  [main] o.s.b.t.c.SpringBootTestContextBootstrapper [req=?,e2e=?,txn=?] Found @SpringBootConfiguration io.openfednow.OpenFedNowApplication for test class io.openfednow.processing.fraud.DefaultFraudScreeningIntegrationTest

  .   ____          _            __ _ _
 /\\ / ___'_ __ _ _(_)_ __  __ _ \ \ \ \
( ( )\___ | '_ | '_| | '_ \/ _` | \ \ \ \
 \\/  ___)| |_)| | | | | || (_| |  ) ) ) )
  '  |____| .__|_| |_|_| |_\__, | / / / /
 =========|_|==============|___/=/_/_/_/

 :: Spring Boot ::               (v3.5.16)

2026-09-28T23:14:18.460-04:00 INFO  [main] i.o.p.f.DefaultFraudScreeningIntegrationTest [req=?,e2e=?,txn=?] Starting DefaultFraudScreeningIntegrationTest using Java 17.0.20.1 with PID 73107 (started by danielmori in /Users/danielmori/Developer/open-fednow-reliability)
2026-09-28T23:14:18.460-04:00 DEBUG [main] i.o.p.f.DefaultFraudScreeningIntegrationTest [req=?,e2e=?,txn=?] Running with Spring Boot v3.5.16, Spring v6.2.19
2026-09-28T23:14:18.460-04:00 INFO  [main] i.o.p.f.DefaultFraudScreeningIntegrationTest [req=?,e2e=?,txn=?] No active profile set, falling back to 1 default profile: "default"
2026-09-28T23:14:18.523-04:00 INFO  [main] o.s.d.r.c.RepositoryConfigurationDelegate [req=?,e2e=?,txn=?] Multiple Spring Data modules found, entering strict repository configuration mode
2026-09-28T23:14:18.523-04:00 INFO  [main] o.s.d.r.c.RepositoryConfigurationDelegate [req=?,e2e=?,txn=?] Bootstrapping Spring Data JPA repositories in DEFAULT mode.
2026-09-28T23:14:18.526-04:00 INFO  [main] o.s.d.r.c.RepositoryConfigurationDelegate [req=?,e2e=?,txn=?] Finished Spring Data repository scanning in 3 ms. Found 0 JPA repository interfaces.
2026-09-28T23:14:18.527-04:00 INFO  [main] o.s.d.r.c.RepositoryConfigurationDelegate [req=?,e2e=?,txn=?] Multiple Spring Data modules found, entering strict repository configuration mode
2026-09-28T23:14:18.527-04:00 INFO  [main] o.s.d.r.c.RepositoryConfigurationDelegate [req=?,e2e=?,txn=?] Bootstrapping Spring Data Redis repositories in DEFAULT mode.
2026-09-28T23:14:18.529-04:00 INFO  [main] o.s.d.r.c.RepositoryConfigurationDelegate [req=?,e2e=?,txn=?] Finished Spring Data repository scanning in 1 ms. Found 0 Redis repository interfaces.
2026-09-28T23:14:18.574-04:00 INFO  [main] org.flywaydb.core.FlywayExecutor [req=?,e2e=?,txn=?] Database: jdbc:postgresql://localhost:64402/openfednow?loggerLevel=OFF (PostgreSQL 16.15)
2026-09-28T23:14:18.582-04:00 INFO  [main] o.f.core.internal.command.DbValidate [req=?,e2e=?,txn=?] Successfully validated 10 migrations (execution time 00:00.004s)
2026-09-28T23:14:18.593-04:00 INFO  [main] o.f.core.internal.command.DbMigrate [req=?,e2e=?,txn=?] Current version of schema "public": 10
2026-09-28T23:14:18.594-04:00 INFO  [main] o.f.core.internal.command.DbMigrate [req=?,e2e=?,txn=?] Schema "public" is up to date. No migration necessary.
2026-09-28T23:14:18.609-04:00 INFO  [main] o.s.o.j.p.SpringPersistenceUnitInfo [req=?,e2e=?,txn=?] No LoadTimeWeaver setup: ignoring JPA class transformer
2026-09-28T23:14:18.617-04:00 INFO  [main] o.s.o.j.LocalContainerEntityManagerFactoryBean [req=?,e2e=?,txn=?] Initialized JPA EntityManagerFactory for persistence unit 'default'
2026-09-28T23:14:18.706-04:00 INFO  [main] i.o.reliability.ReliabilityRailConfig [req=?,e2e=?,txn=?] Synthetic reliability rail configured=false
2026-09-28T23:14:18.726-04:00 INFO  [main] o.s.s.c.a.a.c.InitializeUserDetailsBeanManagerConfigurer$InitializeUserDetailsManagerConfigurer [req=?,e2e=?,txn=?] Global AuthenticationManager configured with UserDetailsService bean with name userDetailsService
2026-09-28T23:14:18.885-04:00 INFO  [main] i.o.p.f.DefaultFraudScreeningIntegrationTest [req=?,e2e=?,txn=?] Started DefaultFraudScreeningIntegrationTest in 0.433 seconds (process running for 10.894)
2026-09-28T23:14:18.885-04:00 DEBUG [scheduling-1] i.o.shadowledger.AvailabilityBridge [req=?,e2e=?,txn=?] Core availability poll: mode=ONLINE
2026-09-28T23:14:18.886-04:00 WARN  [main] i.o.processing.saga.SagaRecoveryService [req=?,e2e=?,txn=?] Saga recovery: found 1 in-flight saga(s) — completing or compensating each
2026-09-28T23:14:18.887-04:00 INFO  [main] i.o.processing.saga.SagaRecoveryService [req=?,e2e=?,txn=?] Recovering sagaId=SAGA-51865279-f87c-4698-8a76-ad14fa230137 fromState=CORE_SUBMITTED sourceRail=FEDNOW
2026-09-28T23:14:18.888-04:00 INFO  [main] i.o.processing.saga.SagaOrchestrator [req=?,e2e=?,txn=?] Saga compensation starting sagaId=SAGA-51865279-f87c-4698-8a76-ad14fa230137 fromState=CORE_SUBMITTED reason=NARR
2026-09-28T23:14:18.889-04:00 WARN  [main] io.openfednow.shadowledger.ShadowLedger [req=?,e2e=?,txn=?] Shadow Ledger: no DEBIT found for reversal transactionId=TXN-CORE
2026-09-28T23:14:18.889-04:00 INFO  [main] i.o.processing.saga.SagaOrchestrator [req=?,e2e=?,txn=?] Shadow Ledger debit reversed sagaId=SAGA-51865279-f87c-4698-8a76-ad14fa230137 transactionId=TXN-CORE
2026-09-28T23:14:18.889-04:00 INFO  [main] i.o.processing.saga.SagaOrchestrator [req=?,e2e=?,txn=?] Saga compensation complete sagaId=SAGA-51865279-f87c-4698-8a76-ad14fa230137
2026-09-28T23:14:18.889-04:00 INFO  [main] i.o.processing.saga.SagaRecoveryService [req=?,e2e=?,txn=?] Saga recovery complete: 1 of 1 saga(s) processed
2026-09-28T23:14:18.890-04:00 INFO  [main] i.o.shadowledger.BalanceSeedService [req=?,e2e=?,txn=?] Shadow Ledger startup seed: no accounts configured (openfednow.shadow-ledger.seed-accounts is empty)
2026-09-28T23:14:18.895-04:00 INFO  [main] i.o.p.fraud.DefaultFraudScreeningService [req=?,e2e=?,txn=?] Fraud pre-screening active maxAmount=1000000 velocity=2/1s denylistSize=0
2026-09-28T23:14:18.910-04:00 DEBUG [main] i.o.p.fraud.DefaultFraudScreeningService [req=?,e2e=?,txn=?] Fraud screening passed e2e=E2E-TXN-1 amount=100.00
2026-09-28T23:14:18.911-04:00 DEBUG [main] i.o.p.fraud.DefaultFraudScreeningService [req=?,e2e=?,txn=?] Fraud screening passed e2e=E2E-TXN-2 amount=100.00
2026-09-28T23:14:18.911-04:00 WARN  [main] i.o.p.fraud.DefaultFraudScreeningService [req=?,e2e=?,txn=?] Fraud screening BLOCKED e2e=E2E-TXN-3 txn=TXN-3 reason=debtor velocity 3 exceeds 2 per 1s window
2026-09-28T23:14:20.422-04:00 DEBUG [main] i.o.p.fraud.DefaultFraudScreeningService [req=?,e2e=?,txn=?] Fraud screening passed e2e=E2E-TXN-4 amount=100.00
2026-09-28T23:14:20.431-04:00 INFO  [main] i.o.p.fraud.DefaultFraudScreeningService [req=?,e2e=?,txn=?] Fraud pre-screening active maxAmount=1000000 velocity=3/60s denylistSize=0
2026-09-28T23:14:20.432-04:00 DEBUG [main] i.o.p.fraud.DefaultFraudScreeningService [req=?,e2e=?,txn=?] Fraud screening passed e2e=E2E-TXN-0 amount=100.00
2026-09-28T23:14:20.434-04:00 DEBUG [main] i.o.p.fraud.DefaultFraudScreeningService [req=?,e2e=?,txn=?] Fraud screening passed e2e=E2E-TXN-1 amount=100.00
2026-09-28T23:14:20.435-04:00 DEBUG [main] i.o.p.fraud.DefaultFraudScreeningService [req=?,e2e=?,txn=?] Fraud screening passed e2e=E2E-TXN-2 amount=100.00
2026-09-28T23:14:20.436-04:00 WARN  [main] i.o.p.fraud.DefaultFraudScreeningService [req=?,e2e=?,txn=?] Fraud screening BLOCKED e2e=E2E-TXN-4 txn=TXN-4 reason=debtor velocity 4 exceeds 3 per 60s window
2026-09-28T23:14:20.442-04:00 INFO  [main] i.o.p.fraud.DefaultFraudScreeningService [req=?,e2e=?,txn=?] Fraud pre-screening active maxAmount=1000000 velocity=5/60s denylistSize=0
2026-09-28T23:14:20.443-04:00 DEBUG [main] i.o.p.fraud.DefaultFraudScreeningService [req=?,e2e=?,txn=?] Fraud screening passed e2e=E2E-TXN-TTL amount=100.00
2026-09-28T23:14:20.450-04:00 INFO  [main] i.o.p.fraud.DefaultFraudScreeningService [req=?,e2e=?,txn=?] Fraud pre-screening active maxAmount=1000000 velocity=1/60s denylistSize=0
2026-09-28T23:14:20.451-04:00 DEBUG [main] i.o.p.fraud.DefaultFraudScreeningService [req=?,e2e=?,txn=?] Fraud screening passed e2e=E2E-TXN-A1 amount=100.00
2026-09-28T23:14:20.451-04:00 WARN  [main] i.o.p.fraud.DefaultFraudScreeningService [req=?,e2e=?,txn=?] Fraud screening BLOCKED e2e=E2E-TXN-A2 txn=TXN-A2 reason=debtor velocity 2 exceeds 1 per 60s window
2026-09-28T23:14:20.452-04:00 DEBUG [main] i.o.p.fraud.DefaultFraudScreeningService [req=?,e2e=?,txn=?] Fraud screening passed e2e=E2E-TXN-B1 amount=100.00
2026-09-28T23:14:20.458-04:00 INFO  [main] o.s.o.j.LocalContainerEntityManagerFactoryBean [req=?,e2e=?,txn=?] Closing JPA EntityManagerFactory for persistence unit 'default'
[INFO] Tests run: 4, Failures: 0, Errors: 0, Skipped: 0, Time elapsed: 2.013 s -- in io.openfednow.processing.fraud.DefaultFraudScreeningIntegrationTest
[INFO] Running io.openfednow.processing.fraud.FraudRoutingIntegrationTest
2026-09-28T23:14:20.465-04:00 INFO  [main] o.s.b.t.c.SpringBootTestContextBootstrapper [req=?,e2e=?,txn=?] Found @SpringBootConfiguration io.openfednow.OpenFedNowApplication for test class io.openfednow.processing.fraud.FraudRoutingIntegrationTest

  .   ____          _            __ _ _
 /\\ / ___'_ __ _ _(_)_ __  __ _ \ \ \ \
( ( )\___ | '_ | '_| | '_ \/ _` | \ \ \ \
 \\/  ___)| |_)| | | | | || (_| |  ) ) ) )
  '  |____| .__|_| |_|_| |_\__, | / / / /
 =========|_|==============|___/=/_/_/_/

 :: Spring Boot ::               (v3.5.16)

2026-09-28T23:14:20.476-04:00 INFO  [main] i.o.p.fraud.FraudRoutingIntegrationTest [req=?,e2e=?,txn=?] Starting FraudRoutingIntegrationTest using Java 17.0.20.1 with PID 73107 (started by danielmori in /Users/danielmori/Developer/open-fednow-reliability)
2026-09-28T23:14:20.476-04:00 DEBUG [main] i.o.p.fraud.FraudRoutingIntegrationTest [req=?,e2e=?,txn=?] Running with Spring Boot v3.5.16, Spring v6.2.19
2026-09-28T23:14:20.476-04:00 INFO  [main] i.o.p.fraud.FraudRoutingIntegrationTest [req=?,e2e=?,txn=?] No active profile set, falling back to 1 default profile: "default"
2026-09-28T23:14:20.541-04:00 INFO  [main] o.s.d.r.c.RepositoryConfigurationDelegate [req=?,e2e=?,txn=?] Multiple Spring Data modules found, entering strict repository configuration mode
2026-09-28T23:14:20.541-04:00 INFO  [main] o.s.d.r.c.RepositoryConfigurationDelegate [req=?,e2e=?,txn=?] Bootstrapping Spring Data JPA repositories in DEFAULT mode.
2026-09-28T23:14:20.545-04:00 INFO  [main] o.s.d.r.c.RepositoryConfigurationDelegate [req=?,e2e=?,txn=?] Finished Spring Data repository scanning in 3 ms. Found 0 JPA repository interfaces.
2026-09-28T23:14:20.545-04:00 INFO  [main] o.s.d.r.c.RepositoryConfigurationDelegate [req=?,e2e=?,txn=?] Multiple Spring Data modules found, entering strict repository configuration mode
2026-09-28T23:14:20.545-04:00 INFO  [main] o.s.d.r.c.RepositoryConfigurationDelegate [req=?,e2e=?,txn=?] Bootstrapping Spring Data Redis repositories in DEFAULT mode.
2026-09-28T23:14:20.547-04:00 INFO  [main] o.s.d.r.c.RepositoryConfigurationDelegate [req=?,e2e=?,txn=?] Finished Spring Data repository scanning in 1 ms. Found 0 Redis repository interfaces.
2026-09-28T23:14:20.593-04:00 INFO  [main] org.flywaydb.core.FlywayExecutor [req=?,e2e=?,txn=?] Database: jdbc:postgresql://localhost:64402/openfednow?loggerLevel=OFF (PostgreSQL 16.15)
2026-09-28T23:14:20.599-04:00 INFO  [main] o.f.core.internal.command.DbValidate [req=?,e2e=?,txn=?] Successfully validated 10 migrations (execution time 00:00.002s)
2026-09-28T23:14:20.609-04:00 INFO  [main] o.f.core.internal.command.DbMigrate [req=?,e2e=?,txn=?] Current version of schema "public": 10
2026-09-28T23:14:20.609-04:00 INFO  [main] o.f.core.internal.command.DbMigrate [req=?,e2e=?,txn=?] Schema "public" is up to date. No migration necessary.
2026-09-28T23:14:20.622-04:00 INFO  [main] o.s.o.j.p.SpringPersistenceUnitInfo [req=?,e2e=?,txn=?] No LoadTimeWeaver setup: ignoring JPA class transformer
2026-09-28T23:14:20.630-04:00 INFO  [main] o.s.o.j.LocalContainerEntityManagerFactoryBean [req=?,e2e=?,txn=?] Initialized JPA EntityManagerFactory for persistence unit 'default'
2026-09-28T23:14:20.708-04:00 INFO  [main] i.o.reliability.ReliabilityRailConfig [req=?,e2e=?,txn=?] Synthetic reliability rail configured=false
2026-09-28T23:14:20.724-04:00 INFO  [main] o.s.s.c.a.a.c.InitializeUserDetailsBeanManagerConfigurer$InitializeUserDetailsManagerConfigurer [req=?,e2e=?,txn=?] Global AuthenticationManager configured with UserDetailsService bean with name userDetailsService
2026-09-28T23:14:20.871-04:00 INFO  [main] i.o.p.fraud.FraudRoutingIntegrationTest [req=?,e2e=?,txn=?] Started FraudRoutingIntegrationTest in 0.405 seconds (process running for 12.88)
2026-09-28T23:14:20.871-04:00 DEBUG [scheduling-1] i.o.shadowledger.AvailabilityBridge [req=?,e2e=?,txn=?] Core availability poll: mode=ONLINE
2026-09-28T23:14:20.874-04:00 INFO  [main] i.o.processing.saga.SagaRecoveryService [req=?,e2e=?,txn=?] Saga recovery: no in-flight sagas found at startup
2026-09-28T23:14:20.874-04:00 INFO  [main] i.o.shadowledger.BalanceSeedService [req=?,e2e=?,txn=?] Shadow Ledger startup seed: no accounts configured (openfednow.shadow-ledger.seed-accounts is empty)
2026-09-28T23:14:20.881-04:00 INFO  [main] io.openfednow.gateway.MessageRouter [req=?,e2e=E2E-INB-PASS,txn=TXN-INB-PASS] Inbound credit transfer received amount=100.00 currency=USD sourceRail=FEDNOW
2026-09-28T23:14:20.883-04:00 INFO  [main] i.o.processing.saga.SagaOrchestrator [req=?,e2e=E2E-INB-PASS,txn=TXN-INB-PASS] Saga initiated sagaId=SAGA-887e7c22-edf3-4af2-83a7-95e325552840 transactionId=TXN-INB-PASS e2e=E2E-INB-PASS sourceRail=FEDNOW requestId=null
2026-09-28T23:14:20.885-04:00 INFO  [main] io.openfednow.shadowledger.ShadowLedger [req=?,e2e=E2E-INB-PASS,txn=TXN-INB-PASS] Shadow Ledger credit applied account=ACC-CREDITOR amount=100.00 balanceAfter=100.00
2026-09-28T23:14:20.885-04:00 DEBUG [main] i.o.processing.saga.SagaOrchestrator [req=?,e2e=E2E-INB-PASS,txn=TXN-INB-PASS] Saga advanced sagaId=SAGA-887e7c22-edf3-4af2-83a7-95e325552840 state=FUNDS_RESERVED
2026-09-28T23:14:20.885-04:00 DEBUG [main] i.o.processing.saga.SagaOrchestrator [req=?,e2e=E2E-INB-PASS,txn=TXN-INB-PASS] Saga advanced sagaId=SAGA-887e7c22-edf3-4af2-83a7-95e325552840 state=CORE_SUBMITTED
2026-09-28T23:14:20.886-04:00 DEBUG [main] i.o.processing.saga.SagaOrchestrator [req=?,e2e=E2E-INB-PASS,txn=TXN-INB-PASS] Saga advanced sagaId=SAGA-887e7c22-edf3-4af2-83a7-95e325552840 state=FEDNOW_CONFIRMED
2026-09-28T23:14:20.886-04:00 DEBUG [main] i.o.processing.saga.SagaOrchestrator [req=?,e2e=E2E-INB-PASS,txn=TXN-INB-PASS] Saga advanced sagaId=SAGA-887e7c22-edf3-4af2-83a7-95e325552840 state=COMPLETED
2026-09-28T23:14:20.886-04:00 INFO  [main] io.openfednow.gateway.MessageRouter [req=?,e2e=E2E-INB-PASS,txn=TXN-INB-PASS] Inbound credit transfer status=ACSC rejectCode=null
2026-09-28T23:14:20.889-04:00 DEBUG [main] i.o.p.idempotency.IdempotencyService [req=?,e2e=E2E-INB-PASS,txn=TXN-INB-PASS] Idempotency outcome recorded e2e=E2E-INB-PASS status=ACSC
2026-09-28T23:14:20.893-04:00 INFO  [main] io.openfednow.gateway.MessageRouter [req=?,e2e=E2E-INB-REVIEW,txn=TXN-INB-REVIEW] Inbound credit transfer received amount=100.00 currency=USD sourceRail=FEDNOW
2026-09-28T23:14:20.895-04:00 INFO  [main] i.o.processing.saga.SagaOrchestrator [req=?,e2e=E2E-INB-REVIEW,txn=TXN-INB-REVIEW] Saga initiated sagaId=SAGA-49459ebe-8962-42d3-947a-200f0effa36e transactionId=TXN-INB-REVIEW e2e=E2E-INB-REVIEW sourceRail=FEDNOW requestId=null
2026-09-28T23:14:20.896-04:00 INFO  [main] io.openfednow.shadowledger.ShadowLedger [req=?,e2e=E2E-INB-REVIEW,txn=TXN-INB-REVIEW] Shadow Ledger credit applied account=ACC-CREDITOR amount=100.00 balanceAfter=100.00
2026-09-28T23:14:20.896-04:00 DEBUG [main] i.o.processing.saga.SagaOrchestrator [req=?,e2e=E2E-INB-REVIEW,txn=TXN-INB-REVIEW] Saga advanced sagaId=SAGA-49459ebe-8962-42d3-947a-200f0effa36e state=FUNDS_RESERVED
2026-09-28T23:14:20.896-04:00 DEBUG [main] i.o.processing.saga.SagaOrchestrator [req=?,e2e=E2E-INB-REVIEW,txn=TXN-INB-REVIEW] Saga advanced sagaId=SAGA-49459ebe-8962-42d3-947a-200f0effa36e state=CORE_SUBMITTED
2026-09-28T23:14:20.897-04:00 DEBUG [main] i.o.processing.saga.SagaOrchestrator [req=?,e2e=E2E-INB-REVIEW,txn=TXN-INB-REVIEW] Saga advanced sagaId=SAGA-49459ebe-8962-42d3-947a-200f0effa36e state=FEDNOW_CONFIRMED
2026-09-28T23:14:20.897-04:00 DEBUG [main] i.o.processing.saga.SagaOrchestrator [req=?,e2e=E2E-INB-REVIEW,txn=TXN-INB-REVIEW] Saga advanced sagaId=SAGA-49459ebe-8962-42d3-947a-200f0effa36e state=COMPLETED
2026-09-28T23:14:20.897-04:00 INFO  [main] io.openfednow.gateway.MessageRouter [req=?,e2e=E2E-INB-REVIEW,txn=TXN-INB-REVIEW] Inbound credit transfer status=ACSC rejectCode=null
2026-09-28T23:14:20.898-04:00 DEBUG [main] i.o.p.idempotency.IdempotencyService [req=?,e2e=E2E-INB-REVIEW,txn=TXN-INB-REVIEW] Idempotency outcome recorded e2e=E2E-INB-REVIEW status=ACSC
2026-09-28T23:14:20.902-04:00 INFO  [main] io.openfednow.gateway.MessageRouter [req=?,e2e=E2E-INB-BLOCK,txn=TXN-INB-BLOCK] Inbound credit transfer received amount=100.00 currency=USD sourceRail=FEDNOW
2026-09-28T23:14:20.903-04:00 DEBUG [main] i.o.p.idempotency.IdempotencyService [req=?,e2e=E2E-INB-BLOCK,txn=TXN-INB-BLOCK] Idempotency outcome recorded e2e=E2E-INB-BLOCK status=RJCT
2026-09-28T23:14:20.907-04:00 INFO  [main] io.openfednow.gateway.MessageRouter [req=?,e2e=E2E-OUT-BLOCK,txn=TXN-OUT-BLOCK] Outbound credit transfer received amount=100.00 currency=USD
2026-09-28T23:14:20.909-04:00 DEBUG [main] i.o.p.idempotency.IdempotencyService [req=?,e2e=E2E-OUT-BLOCK,txn=TXN-OUT-BLOCK] Idempotency outcome recorded e2e=E2E-OUT-BLOCK status=RJCT
2026-09-28T23:14:20.913-04:00 INFO  [main] o.s.o.j.LocalContainerEntityManagerFactoryBean [req=?,e2e=E2E-OUT-BLOCK,txn=TXN-OUT-BLOCK] Closing JPA EntityManagerFactory for persistence unit 'default'
[INFO] Tests run: 4, Failures: 0, Errors: 0, Skipped: 0, Time elapsed: 0.465 s -- in io.openfednow.processing.fraud.FraudRoutingIntegrationTest
[INFO] Running io.openfednow.processing.fraud.FraudTimeoutIntegrationTest
2026-09-28T23:14:20.928-04:00 INFO  [main] o.s.b.t.c.SpringBootTestContextBootstrapper [req=?,e2e=E2E-OUT-BLOCK,txn=TXN-OUT-BLOCK] Found @SpringBootConfiguration io.openfednow.OpenFedNowApplication for test class io.openfednow.processing.fraud.FraudTimeoutIntegrationTest

  .   ____          _            __ _ _
 /\\ / ___'_ __ _ _(_)_ __  __ _ \ \ \ \
( ( )\___ | '_ | '_| | '_ \/ _` | \ \ \ \
 \\/  ___)| |_)| | | | | || (_| |  ) ) ) )
  '  |____| .__|_| |_|_| |_\__, | / / / /
 =========|_|==============|___/=/_/_/_/

 :: Spring Boot ::               (v3.5.16)

2026-09-28T23:14:20.936-04:00 INFO  [main] i.o.p.fraud.FraudTimeoutIntegrationTest [req=?,e2e=E2E-OUT-BLOCK,txn=TXN-OUT-BLOCK] Starting FraudTimeoutIntegrationTest using Java 17.0.20.1 with PID 73107 (started by danielmori in /Users/danielmori/Developer/open-fednow-reliability)
2026-09-28T23:14:20.936-04:00 DEBUG [main] i.o.p.fraud.FraudTimeoutIntegrationTest [req=?,e2e=E2E-OUT-BLOCK,txn=TXN-OUT-BLOCK] Running with Spring Boot v3.5.16, Spring v6.2.19
2026-09-28T23:14:20.936-04:00 INFO  [main] i.o.p.fraud.FraudTimeoutIntegrationTest [req=?,e2e=E2E-OUT-BLOCK,txn=TXN-OUT-BLOCK] No active profile set, falling back to 1 default profile: "default"
2026-09-28T23:14:20.993-04:00 INFO  [main] o.s.d.r.c.RepositoryConfigurationDelegate [req=?,e2e=E2E-OUT-BLOCK,txn=TXN-OUT-BLOCK] Multiple Spring Data modules found, entering strict repository configuration mode
2026-09-28T23:14:20.993-04:00 INFO  [main] o.s.d.r.c.RepositoryConfigurationDelegate [req=?,e2e=E2E-OUT-BLOCK,txn=TXN-OUT-BLOCK] Bootstrapping Spring Data JPA repositories in DEFAULT mode.
2026-09-28T23:14:20.997-04:00 INFO  [main] o.s.d.r.c.RepositoryConfigurationDelegate [req=?,e2e=E2E-OUT-BLOCK,txn=TXN-OUT-BLOCK] Finished Spring Data repository scanning in 3 ms. Found 0 JPA repository interfaces.
2026-09-28T23:14:20.997-04:00 INFO  [main] o.s.d.r.c.RepositoryConfigurationDelegate [req=?,e2e=E2E-OUT-BLOCK,txn=TXN-OUT-BLOCK] Multiple Spring Data modules found, entering strict repository configuration mode
2026-09-28T23:14:20.997-04:00 INFO  [main] o.s.d.r.c.RepositoryConfigurationDelegate [req=?,e2e=E2E-OUT-BLOCK,txn=TXN-OUT-BLOCK] Bootstrapping Spring Data Redis repositories in DEFAULT mode.
2026-09-28T23:14:20.999-04:00 INFO  [main] o.s.d.r.c.RepositoryConfigurationDelegate [req=?,e2e=E2E-OUT-BLOCK,txn=TXN-OUT-BLOCK] Finished Spring Data repository scanning in 1 ms. Found 0 Redis repository interfaces.
2026-09-28T23:14:21.039-04:00 INFO  [main] org.flywaydb.core.FlywayExecutor [req=?,e2e=E2E-OUT-BLOCK,txn=TXN-OUT-BLOCK] Database: jdbc:postgresql://localhost:64402/openfednow?loggerLevel=OFF (PostgreSQL 16.15)
2026-09-28T23:14:21.045-04:00 INFO  [main] o.f.core.internal.command.DbValidate [req=?,e2e=E2E-OUT-BLOCK,txn=TXN-OUT-BLOCK] Successfully validated 10 migrations (execution time 00:00.002s)
2026-09-28T23:14:21.055-04:00 INFO  [main] o.f.core.internal.command.DbMigrate [req=?,e2e=E2E-OUT-BLOCK,txn=TXN-OUT-BLOCK] Current version of schema "public": 10
2026-09-28T23:14:21.055-04:00 INFO  [main] o.f.core.internal.command.DbMigrate [req=?,e2e=E2E-OUT-BLOCK,txn=TXN-OUT-BLOCK] Schema "public" is up to date. No migration necessary.
2026-09-28T23:14:21.067-04:00 INFO  [main] o.s.o.j.p.SpringPersistenceUnitInfo [req=?,e2e=E2E-OUT-BLOCK,txn=TXN-OUT-BLOCK] No LoadTimeWeaver setup: ignoring JPA class transformer
2026-09-28T23:14:21.074-04:00 INFO  [main] o.s.o.j.LocalContainerEntityManagerFactoryBean [req=?,e2e=E2E-OUT-BLOCK,txn=TXN-OUT-BLOCK] Initialized JPA EntityManagerFactory for persistence unit 'default'
2026-09-28T23:14:21.144-04:00 INFO  [main] i.o.reliability.ReliabilityRailConfig [req=?,e2e=E2E-OUT-BLOCK,txn=TXN-OUT-BLOCK] Synthetic reliability rail configured=false
2026-09-28T23:14:21.161-04:00 INFO  [main] o.s.s.c.a.a.c.InitializeUserDetailsBeanManagerConfigurer$InitializeUserDetailsManagerConfigurer [req=?,e2e=E2E-OUT-BLOCK,txn=TXN-OUT-BLOCK] Global AuthenticationManager configured with UserDetailsService bean with name userDetailsService
2026-09-28T23:14:21.302-04:00 DEBUG [scheduling-1] i.o.shadowledger.AvailabilityBridge [req=?,e2e=?,txn=?] Core availability poll: mode=ONLINE
2026-09-28T23:14:21.302-04:00 INFO  [main] i.o.p.fraud.FraudTimeoutIntegrationTest [req=?,e2e=E2E-OUT-BLOCK,txn=TXN-OUT-BLOCK] Started FraudTimeoutIntegrationTest in 0.373 seconds (process running for 13.312)
2026-09-28T23:14:21.305-04:00 INFO  [main] i.o.processing.saga.SagaRecoveryService [req=?,e2e=E2E-OUT-BLOCK,txn=TXN-OUT-BLOCK] Saga recovery: no in-flight sagas found at startup
2026-09-28T23:14:21.305-04:00 INFO  [main] i.o.shadowledger.BalanceSeedService [req=?,e2e=E2E-OUT-BLOCK,txn=TXN-OUT-BLOCK] Shadow Ledger startup seed: no accounts configured (openfednow.shadow-ledger.seed-accounts is empty)
2026-09-28T23:14:21.312-04:00 INFO  [main] io.openfednow.gateway.MessageRouter [req=?,e2e=E2E-TIMEOUT,txn=TXN-TIMEOUT] Inbound credit transfer received amount=50.00 currency=USD sourceRail=FEDNOW
2026-09-28T23:14:21.414-04:00 WARN  [main] io.openfednow.gateway.MessageRouter [req=?,e2e=E2E-TIMEOUT,txn=TXN-TIMEOUT] Screening unavailable e2e=E2E-TIMEOUT cause=timeout failOpen=false
2026-09-28T23:14:21.416-04:00 DEBUG [main] i.o.p.idempotency.IdempotencyService [req=?,e2e=E2E-TIMEOUT,txn=TXN-TIMEOUT] Idempotency outcome recorded e2e=E2E-TIMEOUT status=RJCT
2026-09-28T23:14:21.421-04:00 INFO  [main] io.openfednow.gateway.MessageRouter [req=?,e2e=E2E-FAST,txn=TXN-FAST] Inbound credit transfer received amount=50.00 currency=USD sourceRail=FEDNOW
2026-09-28T23:14:21.423-04:00 INFO  [main] i.o.processing.saga.SagaOrchestrator [req=?,e2e=E2E-FAST,txn=TXN-FAST] Saga initiated sagaId=SAGA-8f01b00a-460d-47f5-bea8-a369b989d756 transactionId=TXN-FAST e2e=E2E-FAST sourceRail=FEDNOW requestId=null
2026-09-28T23:14:21.424-04:00 INFO  [main] io.openfednow.shadowledger.ShadowLedger [req=?,e2e=E2E-FAST,txn=TXN-FAST] Shadow Ledger credit applied account=ACC-CREDITOR amount=50.00 balanceAfter=50.00
2026-09-28T23:14:21.425-04:00 DEBUG [main] i.o.processing.saga.SagaOrchestrator [req=?,e2e=E2E-FAST,txn=TXN-FAST] Saga advanced sagaId=SAGA-8f01b00a-460d-47f5-bea8-a369b989d756 state=FUNDS_RESERVED
2026-09-28T23:14:21.425-04:00 DEBUG [main] i.o.processing.saga.SagaOrchestrator [req=?,e2e=E2E-FAST,txn=TXN-FAST] Saga advanced sagaId=SAGA-8f01b00a-460d-47f5-bea8-a369b989d756 state=CORE_SUBMITTED
2026-09-28T23:14:21.425-04:00 DEBUG [main] i.o.processing.saga.SagaOrchestrator [req=?,e2e=E2E-FAST,txn=TXN-FAST] Saga advanced sagaId=SAGA-8f01b00a-460d-47f5-bea8-a369b989d756 state=FEDNOW_CONFIRMED
2026-09-28T23:14:21.426-04:00 DEBUG [main] i.o.processing.saga.SagaOrchestrator [req=?,e2e=E2E-FAST,txn=TXN-FAST] Saga advanced sagaId=SAGA-8f01b00a-460d-47f5-bea8-a369b989d756 state=COMPLETED
2026-09-28T23:14:21.426-04:00 INFO  [main] io.openfednow.gateway.MessageRouter [req=?,e2e=E2E-FAST,txn=TXN-FAST] Inbound credit transfer status=ACSC rejectCode=null
2026-09-28T23:14:21.427-04:00 DEBUG [main] i.o.p.idempotency.IdempotencyService [req=?,e2e=E2E-FAST,txn=TXN-FAST] Idempotency outcome recorded e2e=E2E-FAST status=ACSC
2026-09-28T23:14:21.431-04:00 INFO  [main] io.openfednow.gateway.MessageRouter [req=?,e2e=E2E-THROW,txn=TXN-THROW] Inbound credit transfer received amount=50.00 currency=USD sourceRail=FEDNOW
2026-09-28T23:14:21.432-04:00 WARN  [main] io.openfednow.gateway.MessageRouter [req=?,e2e=E2E-THROW,txn=TXN-THROW] Screening unavailable e2e=E2E-THROW cause=service error failOpen=false
2026-09-28T23:14:21.433-04:00 DEBUG [main] i.o.p.idempotency.IdempotencyService [req=?,e2e=E2E-THROW,txn=TXN-THROW] Idempotency outcome recorded e2e=E2E-THROW status=RJCT
2026-09-28T23:14:21.439-04:00 INFO  [main] o.s.o.j.LocalContainerEntityManagerFactoryBean [req=?,e2e=E2E-THROW,txn=TXN-THROW] Closing JPA EntityManagerFactory for persistence unit 'default'
[INFO] Tests run: 3, Failures: 0, Errors: 0, Skipped: 0, Time elapsed: 0.514 s -- in io.openfednow.processing.fraud.FraudTimeoutIntegrationTest
[INFO] Running io.openfednow.processing.idempotency.IdempotencyCleanupServiceIntegrationTest
2026-09-28T23:14:21.441-04:00 INFO  [main] o.s.t.c.s.AnnotationConfigContextLoaderUtils [req=?,e2e=E2E-THROW,txn=TXN-THROW] Could not detect default configuration classes for test class [io.openfednow.processing.idempotency.IdempotencyCleanupServiceIntegrationTest]: IdempotencyCleanupServiceIntegrationTest does not declare any static, non-private, non-final, nested classes annotated with @Configuration.
2026-09-28T23:14:21.446-04:00 INFO  [main] o.s.b.t.c.SpringBootTestContextBootstrapper [req=?,e2e=E2E-THROW,txn=TXN-THROW] Found @SpringBootConfiguration io.openfednow.OpenFedNowApplication for test class io.openfednow.processing.idempotency.IdempotencyCleanupServiceIntegrationTest

  .   ____          _            __ _ _
 /\\ / ___'_ __ _ _(_)_ __  __ _ \ \ \ \
( ( )\___ | '_ | '_| | '_ \/ _` | \ \ \ \
 \\/  ___)| |_)| | | | | || (_| |  ) ) ) )
  '  |____| .__|_| |_|_| |_\__, | / / / /
 =========|_|==============|___/=/_/_/_/

 :: Spring Boot ::               (v3.5.16)

2026-09-28T23:14:21.454-04:00 INFO  [main] i.o.p.i.IdempotencyCleanupServiceIntegrationTest [req=?,e2e=E2E-THROW,txn=TXN-THROW] Starting IdempotencyCleanupServiceIntegrationTest using Java 17.0.20.1 with PID 73107 (started by danielmori in /Users/danielmori/Developer/open-fednow-reliability)
2026-09-28T23:14:21.454-04:00 DEBUG [main] i.o.p.i.IdempotencyCleanupServiceIntegrationTest [req=?,e2e=E2E-THROW,txn=TXN-THROW] Running with Spring Boot v3.5.16, Spring v6.2.19
2026-09-28T23:14:21.454-04:00 INFO  [main] i.o.p.i.IdempotencyCleanupServiceIntegrationTest [req=?,e2e=E2E-THROW,txn=TXN-THROW] No active profile set, falling back to 1 default profile: "default"
2026-09-28T23:14:21.512-04:00 INFO  [main] o.s.d.r.c.RepositoryConfigurationDelegate [req=?,e2e=E2E-THROW,txn=TXN-THROW] Multiple Spring Data modules found, entering strict repository configuration mode
2026-09-28T23:14:21.512-04:00 INFO  [main] o.s.d.r.c.RepositoryConfigurationDelegate [req=?,e2e=E2E-THROW,txn=TXN-THROW] Bootstrapping Spring Data JPA repositories in DEFAULT mode.
2026-09-28T23:14:21.516-04:00 INFO  [main] o.s.d.r.c.RepositoryConfigurationDelegate [req=?,e2e=E2E-THROW,txn=TXN-THROW] Finished Spring Data repository scanning in 2 ms. Found 0 JPA repository interfaces.
2026-09-28T23:14:21.516-04:00 INFO  [main] o.s.d.r.c.RepositoryConfigurationDelegate [req=?,e2e=E2E-THROW,txn=TXN-THROW] Multiple Spring Data modules found, entering strict repository configuration mode
2026-09-28T23:14:21.516-04:00 INFO  [main] o.s.d.r.c.RepositoryConfigurationDelegate [req=?,e2e=E2E-THROW,txn=TXN-THROW] Bootstrapping Spring Data Redis repositories in DEFAULT mode.
2026-09-28T23:14:21.518-04:00 INFO  [main] o.s.d.r.c.RepositoryConfigurationDelegate [req=?,e2e=E2E-THROW,txn=TXN-THROW] Finished Spring Data repository scanning in 1 ms. Found 0 Redis repository interfaces.
2026-09-28T23:14:21.559-04:00 INFO  [main] org.flywaydb.core.FlywayExecutor [req=?,e2e=E2E-THROW,txn=TXN-THROW] Database: jdbc:postgresql://localhost:64402/openfednow?loggerLevel=OFF (PostgreSQL 16.15)
2026-09-28T23:14:21.566-04:00 INFO  [main] o.f.core.internal.command.DbValidate [req=?,e2e=E2E-THROW,txn=TXN-THROW] Successfully validated 10 migrations (execution time 00:00.002s)
2026-09-28T23:14:21.575-04:00 INFO  [main] o.f.core.internal.command.DbMigrate [req=?,e2e=E2E-THROW,txn=TXN-THROW] Current version of schema "public": 10
2026-09-28T23:14:21.576-04:00 INFO  [main] o.f.core.internal.command.DbMigrate [req=?,e2e=E2E-THROW,txn=TXN-THROW] Schema "public" is up to date. No migration necessary.
2026-09-28T23:14:21.588-04:00 INFO  [main] o.s.o.j.p.SpringPersistenceUnitInfo [req=?,e2e=E2E-THROW,txn=TXN-THROW] No LoadTimeWeaver setup: ignoring JPA class transformer
2026-09-28T23:14:21.594-04:00 INFO  [main] o.s.o.j.LocalContainerEntityManagerFactoryBean [req=?,e2e=E2E-THROW,txn=TXN-THROW] Initialized JPA EntityManagerFactory for persistence unit 'default'
2026-09-28T23:14:21.659-04:00 INFO  [main] i.o.reliability.ReliabilityRailConfig [req=?,e2e=E2E-THROW,txn=TXN-THROW] Synthetic reliability rail configured=false
2026-09-28T23:14:21.675-04:00 INFO  [main] o.s.s.c.a.a.c.InitializeUserDetailsBeanManagerConfigurer$InitializeUserDetailsManagerConfigurer [req=?,e2e=E2E-THROW,txn=TXN-THROW] Global AuthenticationManager configured with UserDetailsService bean with name userDetailsService
2026-09-28T23:14:21.825-04:00 INFO  [main] i.o.p.i.IdempotencyCleanupServiceIntegrationTest [req=?,e2e=E2E-THROW,txn=TXN-THROW] Started IdempotencyCleanupServiceIntegrationTest in 0.378 seconds (process running for 13.834)
2026-09-28T23:14:21.825-04:00 DEBUG [scheduling-1] i.o.shadowledger.AvailabilityBridge [req=?,e2e=?,txn=?] Core availability poll: mode=ONLINE
2026-09-28T23:14:21.827-04:00 INFO  [main] i.o.processing.saga.SagaRecoveryService [req=?,e2e=E2E-THROW,txn=TXN-THROW] Saga recovery: no in-flight sagas found at startup
2026-09-28T23:14:21.827-04:00 INFO  [main] i.o.shadowledger.BalanceSeedService [req=?,e2e=E2E-THROW,txn=TXN-THROW] Shadow Ledger startup seed: no accounts configured (openfednow.shadow-ledger.seed-accounts is empty)
2026-09-28T23:14:21.836-04:00 DEBUG [main] i.o.p.idempotency.IdempotencyService [req=?,e2e=E2E-THROW,txn=TXN-THROW] Idempotency outcome recorded e2e=E2E-MIX-NEW status=ACSC
2026-09-28T23:14:21.836-04:00 INFO  [main] i.o.p.i.IdempotencyCleanupService [req=?,e2e=E2E-THROW,txn=TXN-THROW] Idempotency cleanup: deleted 1 expired row(s)
2026-09-28T23:14:21.840-04:00 INFO  [main] i.o.p.i.IdempotencyCleanupService [req=?,e2e=E2E-THROW,txn=TXN-THROW] Idempotency cleanup: deleted 1 expired row(s)
2026-09-28T23:14:21.843-04:00 INFO  [main] i.o.p.i.IdempotencyCleanupService [req=?,e2e=E2E-THROW,txn=TXN-THROW] Idempotency cleanup: deleted 1 expired row(s)
2026-09-28T23:14:21.845-04:00 DEBUG [main] i.o.p.idempotency.IdempotencyService [req=?,e2e=E2E-THROW,txn=TXN-THROW] Idempotency outcome recorded e2e=E2E-RESUBMIT status=ACSC
2026-09-28T23:14:21.848-04:00 DEBUG [main] i.o.p.i.IdempotencyCleanupService [req=?,e2e=E2E-THROW,txn=TXN-THROW] Idempotency cleanup: no expired rows
2026-09-28T23:14:21.851-04:00 DEBUG [main] i.o.p.idempotency.IdempotencyService [req=?,e2e=E2E-THROW,txn=TXN-THROW] Idempotency outcome recorded e2e=E2E-LIVE status=ACSC
2026-09-28T23:14:21.851-04:00 DEBUG [main] i.o.p.i.IdempotencyCleanupService [req=?,e2e=E2E-THROW,txn=TXN-THROW] Idempotency cleanup: no expired rows
2026-09-28T23:14:21.854-04:00 INFO  [main] o.s.o.j.LocalContainerEntityManagerFactoryBean [req=?,e2e=E2E-THROW,txn=TXN-THROW] Closing JPA EntityManagerFactory for persistence unit 'default'
[INFO] Tests run: 5, Failures: 0, Errors: 0, Skipped: 0, Time elapsed: 0.449 s -- in io.openfednow.processing.idempotency.IdempotencyCleanupServiceIntegrationTest
[INFO] Running io.openfednow.processing.idempotency.IdempotencyServiceIntegrationTest
2026-09-28T23:14:21.890-04:00 INFO  [main] o.s.t.c.s.AnnotationConfigContextLoaderUtils [req=?,e2e=E2E-THROW,txn=TXN-THROW] Could not detect default configuration classes for test class [io.openfednow.processing.idempotency.IdempotencyServiceIntegrationTest]: IdempotencyServiceIntegrationTest does not declare any static, non-private, non-final, nested classes annotated with @Configuration.
2026-09-28T23:14:21.891-04:00 INFO  [main] o.s.b.t.c.SpringBootTestContextBootstrapper [req=?,e2e=E2E-THROW,txn=TXN-THROW] Found @SpringBootConfiguration io.openfednow.OpenFedNowApplication for test class io.openfednow.processing.idempotency.IdempotencyServiceIntegrationTest

  .   ____          _            __ _ _
 /\\ / ___'_ __ _ _(_)_ __  __ _ \ \ \ \
( ( )\___ | '_ | '_| | '_ \/ _` | \ \ \ \
 \\/  ___)| |_)| | | | | || (_| |  ) ) ) )
  '  |____| .__|_| |_|_| |_\__, | / / / /
 =========|_|==============|___/=/_/_/_/

 :: Spring Boot ::               (v3.5.16)

2026-09-28T23:14:21.899-04:00 INFO  [main] i.o.p.i.IdempotencyServiceIntegrationTest [req=?,e2e=E2E-THROW,txn=TXN-THROW] Starting IdempotencyServiceIntegrationTest using Java 17.0.20.1 with PID 73107 (started by danielmori in /Users/danielmori/Developer/open-fednow-reliability)
2026-09-28T23:14:21.899-04:00 DEBUG [main] i.o.p.i.IdempotencyServiceIntegrationTest [req=?,e2e=E2E-THROW,txn=TXN-THROW] Running with Spring Boot v3.5.16, Spring v6.2.19
2026-09-28T23:14:21.899-04:00 INFO  [main] i.o.p.i.IdempotencyServiceIntegrationTest [req=?,e2e=E2E-THROW,txn=TXN-THROW] No active profile set, falling back to 1 default profile: "default"
2026-09-28T23:14:21.959-04:00 INFO  [main] o.s.d.r.c.RepositoryConfigurationDelegate [req=?,e2e=E2E-THROW,txn=TXN-THROW] Multiple Spring Data modules found, entering strict repository configuration mode
2026-09-28T23:14:21.959-04:00 INFO  [main] o.s.d.r.c.RepositoryConfigurationDelegate [req=?,e2e=E2E-THROW,txn=TXN-THROW] Bootstrapping Spring Data JPA repositories in DEFAULT mode.
2026-09-28T23:14:21.962-04:00 INFO  [main] o.s.d.r.c.RepositoryConfigurationDelegate [req=?,e2e=E2E-THROW,txn=TXN-THROW] Finished Spring Data repository scanning in 2 ms. Found 0 JPA repository interfaces.
2026-09-28T23:14:21.963-04:00 INFO  [main] o.s.d.r.c.RepositoryConfigurationDelegate [req=?,e2e=E2E-THROW,txn=TXN-THROW] Multiple Spring Data modules found, entering strict repository configuration mode
2026-09-28T23:14:21.963-04:00 INFO  [main] o.s.d.r.c.RepositoryConfigurationDelegate [req=?,e2e=E2E-THROW,txn=TXN-THROW] Bootstrapping Spring Data Redis repositories in DEFAULT mode.
2026-09-28T23:14:21.965-04:00 INFO  [main] o.s.d.r.c.RepositoryConfigurationDelegate [req=?,e2e=E2E-THROW,txn=TXN-THROW] Finished Spring Data repository scanning in 1 ms. Found 0 Redis repository interfaces.
2026-09-28T23:14:22.007-04:00 INFO  [main] org.flywaydb.core.FlywayExecutor [req=?,e2e=E2E-THROW,txn=TXN-THROW] Database: jdbc:postgresql://localhost:64402/openfednow?loggerLevel=OFF (PostgreSQL 16.15)
2026-09-28T23:14:22.015-04:00 INFO  [main] o.f.core.internal.command.DbValidate [req=?,e2e=E2E-THROW,txn=TXN-THROW] Successfully validated 10 migrations (execution time 00:00.002s)
2026-09-28T23:14:22.025-04:00 INFO  [main] o.f.core.internal.command.DbMigrate [req=?,e2e=E2E-THROW,txn=TXN-THROW] Current version of schema "public": 10
2026-09-28T23:14:22.025-04:00 INFO  [main] o.f.core.internal.command.DbMigrate [req=?,e2e=E2E-THROW,txn=TXN-THROW] Schema "public" is up to date. No migration necessary.
2026-09-28T23:14:22.038-04:00 INFO  [main] o.s.o.j.p.SpringPersistenceUnitInfo [req=?,e2e=E2E-THROW,txn=TXN-THROW] No LoadTimeWeaver setup: ignoring JPA class transformer
2026-09-28T23:14:22.044-04:00 INFO  [main] o.s.o.j.LocalContainerEntityManagerFactoryBean [req=?,e2e=E2E-THROW,txn=TXN-THROW] Initialized JPA EntityManagerFactory for persistence unit 'default'
2026-09-28T23:14:22.112-04:00 INFO  [main] i.o.reliability.ReliabilityRailConfig [req=?,e2e=E2E-THROW,txn=TXN-THROW] Synthetic reliability rail configured=false
2026-09-28T23:14:22.126-04:00 INFO  [main] o.s.s.c.a.a.c.InitializeUserDetailsBeanManagerConfigurer$InitializeUserDetailsManagerConfigurer [req=?,e2e=E2E-THROW,txn=TXN-THROW] Global AuthenticationManager configured with UserDetailsService bean with name userDetailsService
2026-09-28T23:14:22.275-04:00 INFO  [main] i.o.p.i.IdempotencyServiceIntegrationTest [req=?,e2e=E2E-THROW,txn=TXN-THROW] Started IdempotencyServiceIntegrationTest in 0.383 seconds (process running for 14.284)
2026-09-28T23:14:22.275-04:00 DEBUG [scheduling-1] i.o.shadowledger.AvailabilityBridge [req=?,e2e=?,txn=?] Core availability poll: mode=ONLINE
2026-09-28T23:14:22.277-04:00 INFO  [main] i.o.processing.saga.SagaRecoveryService [req=?,e2e=E2E-THROW,txn=TXN-THROW] Saga recovery: no in-flight sagas found at startup
2026-09-28T23:14:22.277-04:00 INFO  [main] i.o.shadowledger.BalanceSeedService [req=?,e2e=E2E-THROW,txn=TXN-THROW] Shadow Ledger startup seed: no accounts configured (openfednow.shadow-ledger.seed-accounts is empty)
2026-09-28T23:14:22.285-04:00 DEBUG [main] i.o.p.idempotency.IdempotencyService [req=?,e2e=E2E-THROW,txn=TXN-THROW] Idempotency outcome recorded e2e=E2E-001 status=ACSC
2026-09-28T23:14:22.286-04:00 DEBUG [main] i.o.p.idempotency.IdempotencyService [req=?,e2e=E2E-THROW,txn=TXN-THROW] Idempotency cache hit e2e=E2E-001
2026-09-28T23:14:22.291-04:00 DEBUG [main] i.o.p.idempotency.IdempotencyService [req=?,e2e=E2E-THROW,txn=TXN-THROW] Idempotency outcome recorded e2e=E2E-003 status=ACSP
2026-09-28T23:14:22.292-04:00 DEBUG [main] i.o.p.idempotency.IdempotencyService [req=?,e2e=E2E-THROW,txn=TXN-THROW] Idempotency cache hit e2e=E2E-003
2026-09-28T23:14:22.295-04:00 DEBUG [main] i.o.p.idempotency.IdempotencyService [req=?,e2e=E2E-THROW,txn=TXN-THROW] Idempotency outcome recorded e2e=E2E-DB status=ACSC
2026-09-28T23:14:22.304-04:00 DEBUG [main] i.o.p.idempotency.IdempotencyService [req=?,e2e=E2E-THROW,txn=TXN-THROW] Idempotency outcome recorded e2e=E2E-TTL status=ACSC
2026-09-28T23:14:22.308-04:00 DEBUG [main] i.o.p.idempotency.IdempotencyService [req=?,e2e=E2E-THROW,txn=TXN-THROW] Idempotency outcome recorded e2e=E2E-FALLBACK status=ACSC
2026-09-28T23:14:22.309-04:00 DEBUG [main] i.o.p.idempotency.IdempotencyService [req=?,e2e=E2E-THROW,txn=TXN-THROW] Idempotency DB hit e2e=E2E-FALLBACK
2026-09-28T23:14:22.315-04:00 DEBUG [pool-36-thread-1] i.o.p.idempotency.IdempotencyService [req=?,e2e=?,txn=?] Idempotency outcome recorded e2e=E2E-CONCURRENT status=ACSC
2026-09-28T23:14:22.315-04:00 DEBUG [pool-36-thread-6] i.o.p.idempotency.IdempotencyService [req=?,e2e=?,txn=?] Idempotency outcome recorded e2e=E2E-CONCURRENT status=ACSC
2026-09-28T23:14:22.315-04:00 DEBUG [pool-36-thread-2] i.o.p.idempotency.IdempotencyService [req=?,e2e=?,txn=?] Idempotency outcome recorded e2e=E2E-CONCURRENT status=ACSC
2026-09-28T23:14:22.315-04:00 DEBUG [pool-36-thread-5] i.o.p.idempotency.IdempotencyService [req=?,e2e=?,txn=?] Idempotency outcome recorded e2e=E2E-CONCURRENT status=ACSC
2026-09-28T23:14:22.315-04:00 DEBUG [pool-36-thread-3] i.o.p.idempotency.IdempotencyService [req=?,e2e=?,txn=?] Idempotency outcome recorded e2e=E2E-CONCURRENT status=ACSC
2026-09-28T23:14:22.315-04:00 DEBUG [pool-36-thread-4] i.o.p.idempotency.IdempotencyService [req=?,e2e=?,txn=?] Idempotency outcome recorded e2e=E2E-CONCURRENT status=ACSC
2026-09-28T23:14:22.315-04:00 DEBUG [pool-36-thread-8] i.o.p.idempotency.IdempotencyService [req=?,e2e=?,txn=?] Idempotency outcome recorded e2e=E2E-CONCURRENT status=ACSC
2026-09-28T23:14:22.315-04:00 DEBUG [pool-36-thread-9] i.o.p.idempotency.IdempotencyService [req=?,e2e=?,txn=?] Idempotency outcome recorded e2e=E2E-CONCURRENT status=ACSC
2026-09-28T23:14:22.315-04:00 DEBUG [pool-36-thread-7] i.o.p.idempotency.IdempotencyService [req=?,e2e=?,txn=?] Idempotency outcome recorded e2e=E2E-CONCURRENT status=ACSC
2026-09-28T23:14:22.315-04:00 DEBUG [pool-36-thread-10] i.o.p.idempotency.IdempotencyService [req=?,e2e=?,txn=?] Idempotency outcome recorded e2e=E2E-CONCURRENT status=ACSC
2026-09-28T23:14:22.318-04:00 DEBUG [main] i.o.p.idempotency.IdempotencyService [req=?,e2e=E2E-THROW,txn=TXN-THROW] Idempotency outcome recorded e2e=E2E-DB-TTL status=ACSC
2026-09-28T23:14:22.322-04:00 DEBUG [main] i.o.p.idempotency.IdempotencyService [req=?,e2e=E2E-THROW,txn=TXN-THROW] Idempotency outcome recorded e2e=E2E-FALLBACK-RJCT status=RJCT
2026-09-28T23:14:22.323-04:00 DEBUG [main] i.o.p.idempotency.IdempotencyService [req=?,e2e=E2E-THROW,txn=TXN-THROW] Idempotency DB hit e2e=E2E-FALLBACK-RJCT
2026-09-28T23:14:22.325-04:00 DEBUG [main] i.o.p.idempotency.IdempotencyService [req=?,e2e=E2E-THROW,txn=TXN-THROW] Idempotency outcome recorded e2e=E2E-DUPE-DB status=ACSC
2026-09-28T23:14:22.326-04:00 DEBUG [main] i.o.p.idempotency.IdempotencyService [req=?,e2e=E2E-THROW,txn=TXN-THROW] Idempotency outcome recorded e2e=E2E-DUPE-DB status=ACSC
2026-09-28T23:14:22.329-04:00 DEBUG [main] i.o.p.idempotency.IdempotencyService [req=?,e2e=E2E-THROW,txn=TXN-THROW] Idempotency outcome recorded e2e=E2E-002 status=RJCT
2026-09-28T23:14:22.329-04:00 DEBUG [main] i.o.p.idempotency.IdempotencyService [req=?,e2e=E2E-THROW,txn=TXN-THROW] Idempotency cache hit e2e=E2E-002
2026-09-28T23:14:22.332-04:00 INFO  [main] o.s.o.j.LocalContainerEntityManagerFactoryBean [req=?,e2e=E2E-THROW,txn=TXN-THROW] Closing JPA EntityManagerFactory for persistence unit 'default'
[INFO] Tests run: 12, Failures: 0, Errors: 0, Skipped: 0, Time elapsed: 0.460 s -- in io.openfednow.processing.idempotency.IdempotencyServiceIntegrationTest
[INFO] Running io.openfednow.processing.saga.SagaRecoveryServiceIntegrationTest
2026-09-28T23:14:22.350-04:00 INFO  [main] o.s.t.c.s.AnnotationConfigContextLoaderUtils [req=?,e2e=E2E-THROW,txn=TXN-THROW] Could not detect default configuration classes for test class [io.openfednow.processing.saga.SagaRecoveryServiceIntegrationTest]: SagaRecoveryServiceIntegrationTest does not declare any static, non-private, non-final, nested classes annotated with @Configuration.
2026-09-28T23:14:22.355-04:00 INFO  [main] o.s.b.t.c.SpringBootTestContextBootstrapper [req=?,e2e=E2E-THROW,txn=TXN-THROW] Found @SpringBootConfiguration io.openfednow.OpenFedNowApplication for test class io.openfednow.processing.saga.SagaRecoveryServiceIntegrationTest

  .   ____          _            __ _ _
 /\\ / ___'_ __ _ _(_)_ __  __ _ \ \ \ \
( ( )\___ | '_ | '_| | '_ \/ _` | \ \ \ \
 \\/  ___)| |_)| | | | | || (_| |  ) ) ) )
  '  |____| .__|_| |_|_| |_\__, | / / / /
 =========|_|==============|___/=/_/_/_/

 :: Spring Boot ::               (v3.5.16)

2026-09-28T23:14:22.361-04:00 INFO  [main] i.o.p.s.SagaRecoveryServiceIntegrationTest [req=?,e2e=E2E-THROW,txn=TXN-THROW] Starting SagaRecoveryServiceIntegrationTest using Java 17.0.20.1 with PID 73107 (started by danielmori in /Users/danielmori/Developer/open-fednow-reliability)
2026-09-28T23:14:22.361-04:00 DEBUG [main] i.o.p.s.SagaRecoveryServiceIntegrationTest [req=?,e2e=E2E-THROW,txn=TXN-THROW] Running with Spring Boot v3.5.16, Spring v6.2.19
2026-09-28T23:14:22.361-04:00 INFO  [main] i.o.p.s.SagaRecoveryServiceIntegrationTest [req=?,e2e=E2E-THROW,txn=TXN-THROW] No active profile set, falling back to 1 default profile: "default"
2026-09-28T23:14:22.413-04:00 INFO  [main] o.s.d.r.c.RepositoryConfigurationDelegate [req=?,e2e=E2E-THROW,txn=TXN-THROW] Multiple Spring Data modules found, entering strict repository configuration mode
2026-09-28T23:14:22.413-04:00 INFO  [main] o.s.d.r.c.RepositoryConfigurationDelegate [req=?,e2e=E2E-THROW,txn=TXN-THROW] Bootstrapping Spring Data JPA repositories in DEFAULT mode.
2026-09-28T23:14:22.416-04:00 INFO  [main] o.s.d.r.c.RepositoryConfigurationDelegate [req=?,e2e=E2E-THROW,txn=TXN-THROW] Finished Spring Data repository scanning in 2 ms. Found 0 JPA repository interfaces.
2026-09-28T23:14:22.416-04:00 INFO  [main] o.s.d.r.c.RepositoryConfigurationDelegate [req=?,e2e=E2E-THROW,txn=TXN-THROW] Multiple Spring Data modules found, entering strict repository configuration mode
2026-09-28T23:14:22.416-04:00 INFO  [main] o.s.d.r.c.RepositoryConfigurationDelegate [req=?,e2e=E2E-THROW,txn=TXN-THROW] Bootstrapping Spring Data Redis repositories in DEFAULT mode.
2026-09-28T23:14:22.418-04:00 INFO  [main] o.s.d.r.c.RepositoryConfigurationDelegate [req=?,e2e=E2E-THROW,txn=TXN-THROW] Finished Spring Data repository scanning in 1 ms. Found 0 Redis repository interfaces.
2026-09-28T23:14:22.458-04:00 INFO  [main] org.flywaydb.core.FlywayExecutor [req=?,e2e=E2E-THROW,txn=TXN-THROW] Database: jdbc:postgresql://localhost:64402/openfednow?loggerLevel=OFF (PostgreSQL 16.15)
2026-09-28T23:14:22.463-04:00 INFO  [main] o.f.core.internal.command.DbValidate [req=?,e2e=E2E-THROW,txn=TXN-THROW] Successfully validated 10 migrations (execution time 00:00.002s)
2026-09-28T23:14:22.473-04:00 INFO  [main] o.f.core.internal.command.DbMigrate [req=?,e2e=E2E-THROW,txn=TXN-THROW] Current version of schema "public": 10
2026-09-28T23:14:22.474-04:00 INFO  [main] o.f.core.internal.command.DbMigrate [req=?,e2e=E2E-THROW,txn=TXN-THROW] Schema "public" is up to date. No migration necessary.
2026-09-28T23:14:22.487-04:00 INFO  [main] o.s.o.j.p.SpringPersistenceUnitInfo [req=?,e2e=E2E-THROW,txn=TXN-THROW] No LoadTimeWeaver setup: ignoring JPA class transformer
2026-09-28T23:14:22.493-04:00 INFO  [main] o.s.o.j.LocalContainerEntityManagerFactoryBean [req=?,e2e=E2E-THROW,txn=TXN-THROW] Initialized JPA EntityManagerFactory for persistence unit 'default'
2026-09-28T23:14:22.564-04:00 INFO  [main] i.o.reliability.ReliabilityRailConfig [req=?,e2e=E2E-THROW,txn=TXN-THROW] Synthetic reliability rail configured=false
2026-09-28T23:14:22.582-04:00 INFO  [main] o.s.s.c.a.a.c.InitializeUserDetailsBeanManagerConfigurer$InitializeUserDetailsManagerConfigurer [req=?,e2e=E2E-THROW,txn=TXN-THROW] Global AuthenticationManager configured with UserDetailsService bean with name userDetailsService
2026-09-28T23:14:22.728-04:00 INFO  [main] i.o.p.s.SagaRecoveryServiceIntegrationTest [req=?,e2e=E2E-THROW,txn=TXN-THROW] Started SagaRecoveryServiceIntegrationTest in 0.373 seconds (process running for 14.738)
2026-09-28T23:14:22.728-04:00 DEBUG [scheduling-1] i.o.shadowledger.AvailabilityBridge [req=?,e2e=?,txn=?] Core availability poll: mode=ONLINE
2026-09-28T23:14:22.731-04:00 INFO  [main] i.o.processing.saga.SagaRecoveryService [req=?,e2e=E2E-THROW,txn=TXN-THROW] Saga recovery: no in-flight sagas found at startup
2026-09-28T23:14:22.731-04:00 INFO  [main] i.o.shadowledger.BalanceSeedService [req=?,e2e=E2E-THROW,txn=TXN-THROW] Shadow Ledger startup seed: no accounts configured (openfednow.shadow-ledger.seed-accounts is empty)
2026-09-28T23:14:22.737-04:00 INFO  [main] i.o.processing.saga.SagaOrchestrator [req=?,e2e=E2E-THROW,txn=TXN-THROW] Saga initiated sagaId=SAGA-0e5e0697-42bb-4acf-b71c-ae647f295139 transactionId=TXN-DONE e2e=E2E-DONE sourceRail=FEDNOW requestId=null
2026-09-28T23:14:22.738-04:00 DEBUG [main] i.o.processing.saga.SagaOrchestrator [req=?,e2e=E2E-THROW,txn=TXN-THROW] Saga advanced sagaId=SAGA-0e5e0697-42bb-4acf-b71c-ae647f295139 state=FUNDS_RESERVED
2026-09-28T23:14:22.738-04:00 DEBUG [main] i.o.processing.saga.SagaOrchestrator [req=?,e2e=E2E-THROW,txn=TXN-THROW] Saga advanced sagaId=SAGA-0e5e0697-42bb-4acf-b71c-ae647f295139 state=CORE_SUBMITTED
2026-09-28T23:14:22.739-04:00 DEBUG [main] i.o.processing.saga.SagaOrchestrator [req=?,e2e=E2E-THROW,txn=TXN-THROW] Saga advanced sagaId=SAGA-0e5e0697-42bb-4acf-b71c-ae647f295139 state=FEDNOW_CONFIRMED
2026-09-28T23:14:22.739-04:00 DEBUG [main] i.o.processing.saga.SagaOrchestrator [req=?,e2e=E2E-THROW,txn=TXN-THROW] Saga advanced sagaId=SAGA-0e5e0697-42bb-4acf-b71c-ae647f295139 state=COMPLETED
2026-09-28T23:14:22.739-04:00 INFO  [main] i.o.processing.saga.SagaRecoveryService [req=?,e2e=E2E-THROW,txn=TXN-THROW] Saga recovery: no in-flight sagas found at startup
2026-09-28T23:14:22.742-04:00 INFO  [main] i.o.processing.saga.SagaOrchestrator [req=?,e2e=E2E-THROW,txn=TXN-THROW] Saga initiated sagaId=SAGA-ed1c5004-df2b-497e-9d74-2655a3d24a27 transactionId=TXN-REC-INIT e2e=E2E-REC-INIT sourceRail=FEDNOW requestId=null
2026-09-28T23:14:22.743-04:00 WARN  [main] i.o.processing.saga.SagaRecoveryService [req=?,e2e=E2E-THROW,txn=TXN-THROW] Saga recovery: found 1 in-flight saga(s) — completing or compensating each
2026-09-28T23:14:22.743-04:00 INFO  [main] i.o.processing.saga.SagaRecoveryService [req=?,e2e=E2E-THROW,txn=TXN-THROW] Recovering sagaId=SAGA-ed1c5004-df2b-497e-9d74-2655a3d24a27 fromState=INITIATED sourceRail=FEDNOW
2026-09-28T23:14:22.744-04:00 INFO  [main] i.o.processing.saga.SagaOrchestrator [req=?,e2e=E2E-THROW,txn=TXN-THROW] Saga compensation starting sagaId=SAGA-ed1c5004-df2b-497e-9d74-2655a3d24a27 fromState=INITIATED reason=NARR
2026-09-28T23:14:22.744-04:00 INFO  [main] i.o.processing.saga.SagaOrchestrator [req=?,e2e=E2E-THROW,txn=TXN-THROW] Saga compensation complete sagaId=SAGA-ed1c5004-df2b-497e-9d74-2655a3d24a27
2026-09-28T23:14:22.745-04:00 INFO  [main] i.o.processing.saga.SagaRecoveryService [req=?,e2e=E2E-THROW,txn=TXN-THROW] Saga recovery complete: 1 of 1 saga(s) processed
2026-09-28T23:14:22.748-04:00 INFO  [main] i.o.processing.saga.SagaOrchestrator [req=?,e2e=E2E-THROW,txn=TXN-THROW] Saga initiated sagaId=SAGA-0fb40f9a-886b-4f0d-98b8-2c2131b593ae transactionId=TXN-REC-COMP e2e=E2E-REC-COMP sourceRail=FEDNOW requestId=null
2026-09-28T23:14:22.749-04:00 WARN  [main] i.o.processing.saga.SagaRecoveryService [req=?,e2e=E2E-THROW,txn=TXN-THROW] Saga recovery: found 1 in-flight saga(s) — completing or compensating each
2026-09-28T23:14:22.749-04:00 INFO  [main] i.o.processing.saga.SagaRecoveryService [req=?,e2e=E2E-THROW,txn=TXN-THROW] Recovering sagaId=SAGA-0fb40f9a-886b-4f0d-98b8-2c2131b593ae fromState=COMPENSATING sourceRail=FEDNOW
2026-09-28T23:14:22.749-04:00 DEBUG [main] i.o.processing.saga.SagaOrchestrator [req=?,e2e=E2E-THROW,txn=TXN-THROW] Saga advanced sagaId=SAGA-0fb40f9a-886b-4f0d-98b8-2c2131b593ae state=FAILED
2026-09-28T23:14:22.749-04:00 INFO  [main] i.o.processing.saga.SagaRecoveryService [req=?,e2e=E2E-THROW,txn=TXN-THROW] Saga recovery complete: 1 of 1 saga(s) processed
2026-09-28T23:14:22.753-04:00 INFO  [main] i.o.processing.saga.SagaOrchestrator [req=?,e2e=E2E-THROW,txn=TXN-THROW] Saga initiated sagaId=SAGA-115de46e-0122-4de2-b5e5-2822d8d271b9 transactionId=TXN-REC-CORE e2e=E2E-REC-CORE sourceRail=RTP requestId=null
2026-09-28T23:14:22.758-04:00 INFO  [main] io.openfednow.shadowledger.ShadowLedger [req=?,e2e=E2E-THROW,txn=TXN-THROW] Shadow Ledger debit applied account=ACC-REC-CORE amount=75.00 balanceAfter=125.00
2026-09-28T23:14:22.758-04:00 DEBUG [main] i.o.processing.saga.SagaOrchestrator [req=?,e2e=E2E-THROW,txn=TXN-THROW] Saga advanced sagaId=SAGA-115de46e-0122-4de2-b5e5-2822d8d271b9 state=FUNDS_RESERVED
2026-09-28T23:14:22.759-04:00 DEBUG [main] i.o.processing.saga.SagaOrchestrator [req=?,e2e=E2E-THROW,txn=TXN-THROW] Saga advanced sagaId=SAGA-115de46e-0122-4de2-b5e5-2822d8d271b9 state=CORE_SUBMITTED
2026-09-28T23:14:22.759-04:00 WARN  [main] i.o.processing.saga.SagaRecoveryService [req=?,e2e=E2E-THROW,txn=TXN-THROW] Saga recovery: found 1 in-flight saga(s) — completing or compensating each
2026-09-28T23:14:22.759-04:00 INFO  [main] i.o.processing.saga.SagaRecoveryService [req=?,e2e=E2E-THROW,txn=TXN-THROW] Recovering sagaId=SAGA-115de46e-0122-4de2-b5e5-2822d8d271b9 fromState=CORE_SUBMITTED sourceRail=RTP
2026-09-28T23:14:22.760-04:00 INFO  [main] i.o.processing.saga.SagaOrchestrator [req=?,e2e=E2E-THROW,txn=TXN-THROW] Saga compensation starting sagaId=SAGA-115de46e-0122-4de2-b5e5-2822d8d271b9 fromState=CORE_SUBMITTED reason=NARR
2026-09-28T23:14:22.761-04:00 INFO  [main] io.openfednow.shadowledger.ShadowLedger [req=?,e2e=E2E-THROW,txn=TXN-THROW] Shadow Ledger reversal applied account=ACC-REC-CORE amount=75.00 balanceAfter=200.00
2026-09-28T23:14:22.761-04:00 INFO  [main] i.o.processing.saga.SagaOrchestrator [req=?,e2e=E2E-THROW,txn=TXN-THROW] Shadow Ledger debit reversed sagaId=SAGA-115de46e-0122-4de2-b5e5-2822d8d271b9 transactionId=TXN-REC-CORE
2026-09-28T23:14:22.761-04:00 INFO  [main] i.o.processing.saga.SagaOrchestrator [req=?,e2e=E2E-THROW,txn=TXN-THROW] Saga compensation complete sagaId=SAGA-115de46e-0122-4de2-b5e5-2822d8d271b9
2026-09-28T23:14:22.761-04:00 INFO  [main] i.o.processing.saga.SagaRecoveryService [req=?,e2e=E2E-THROW,txn=TXN-THROW] Saga recovery complete: 1 of 1 saga(s) processed
2026-09-28T23:14:22.765-04:00 INFO  [main] i.o.processing.saga.SagaRecoveryService [req=?,e2e=E2E-THROW,txn=TXN-THROW] Saga recovery: no in-flight sagas found at startup
2026-09-28T23:14:22.767-04:00 INFO  [main] i.o.processing.saga.SagaOrchestrator [req=?,e2e=E2E-THROW,txn=TXN-THROW] Saga initiated sagaId=SAGA-5a5a1ad9-a474-4a4d-8908-a9a0a77a0cda transactionId=TXN-IDEMP e2e=E2E-IDEMP sourceRail=FEDNOW requestId=null
2026-09-28T23:14:22.767-04:00 WARN  [main] i.o.processing.saga.SagaRecoveryService [req=?,e2e=E2E-THROW,txn=TXN-THROW] Saga recovery: found 1 in-flight saga(s) — completing or compensating each
2026-09-28T23:14:22.767-04:00 INFO  [main] i.o.processing.saga.SagaRecoveryService [req=?,e2e=E2E-THROW,txn=TXN-THROW] Recovering sagaId=SAGA-5a5a1ad9-a474-4a4d-8908-a9a0a77a0cda fromState=INITIATED sourceRail=FEDNOW
2026-09-28T23:14:22.768-04:00 INFO  [main] i.o.processing.saga.SagaOrchestrator [req=?,e2e=E2E-THROW,txn=TXN-THROW] Saga compensation starting sagaId=SAGA-5a5a1ad9-a474-4a4d-8908-a9a0a77a0cda fromState=INITIATED reason=NARR
2026-09-28T23:14:22.768-04:00 INFO  [main] i.o.processing.saga.SagaOrchestrator [req=?,e2e=E2E-THROW,txn=TXN-THROW] Saga compensation complete sagaId=SAGA-5a5a1ad9-a474-4a4d-8908-a9a0a77a0cda
2026-09-28T23:14:22.768-04:00 INFO  [main] i.o.processing.saga.SagaRecoveryService [req=?,e2e=E2E-THROW,txn=TXN-THROW] Saga recovery complete: 1 of 1 saga(s) processed
2026-09-28T23:14:22.769-04:00 INFO  [main] i.o.processing.saga.SagaRecoveryService [req=?,e2e=E2E-THROW,txn=TXN-THROW] Saga recovery: no in-flight sagas found at startup
2026-09-28T23:14:22.772-04:00 INFO  [main] i.o.processing.saga.SagaOrchestrator [req=?,e2e=E2E-THROW,txn=TXN-THROW] Saga initiated sagaId=SAGA-58c72bd1-7916-4c71-b49a-68d97baef51c transactionId=TXN-REC-CONF e2e=E2E-REC-CONF sourceRail=FEDNOW requestId=null
2026-09-28T23:14:22.775-04:00 INFO  [main] io.openfednow.shadowledger.ShadowLedger [req=?,e2e=E2E-THROW,txn=TXN-THROW] Shadow Ledger debit applied account=ACC-REC-CONF amount=50.00 balanceAfter=250.00
2026-09-28T23:14:22.775-04:00 DEBUG [main] i.o.processing.saga.SagaOrchestrator [req=?,e2e=E2E-THROW,txn=TXN-THROW] Saga advanced sagaId=SAGA-58c72bd1-7916-4c71-b49a-68d97baef51c state=FUNDS_RESERVED
2026-09-28T23:14:22.775-04:00 DEBUG [main] i.o.processing.saga.SagaOrchestrator [req=?,e2e=E2E-THROW,txn=TXN-THROW] Saga advanced sagaId=SAGA-58c72bd1-7916-4c71-b49a-68d97baef51c state=CORE_SUBMITTED
2026-09-28T23:14:22.775-04:00 DEBUG [main] i.o.processing.saga.SagaOrchestrator [req=?,e2e=E2E-THROW,txn=TXN-THROW] Saga advanced sagaId=SAGA-58c72bd1-7916-4c71-b49a-68d97baef51c state=FEDNOW_CONFIRMED
2026-09-28T23:14:22.776-04:00 WARN  [main] i.o.processing.saga.SagaRecoveryService [req=?,e2e=E2E-THROW,txn=TXN-THROW] Saga recovery: found 1 in-flight saga(s) — completing or compensating each
2026-09-28T23:14:22.776-04:00 INFO  [main] i.o.processing.saga.SagaRecoveryService [req=?,e2e=E2E-THROW,txn=TXN-THROW] Recovering sagaId=SAGA-58c72bd1-7916-4c71-b49a-68d97baef51c fromState=FEDNOW_CONFIRMED sourceRail=FEDNOW
2026-09-28T23:14:22.776-04:00 DEBUG [main] i.o.processing.saga.SagaOrchestrator [req=?,e2e=E2E-THROW,txn=TXN-THROW] Saga advanced sagaId=SAGA-58c72bd1-7916-4c71-b49a-68d97baef51c state=COMPLETED
2026-09-28T23:14:22.776-04:00 INFO  [main] i.o.processing.saga.SagaRecoveryService [req=?,e2e=E2E-THROW,txn=TXN-THROW] Saga recovery complete: 1 of 1 saga(s) processed
2026-09-28T23:14:22.780-04:00 INFO  [main] i.o.processing.saga.SagaOrchestrator [req=?,e2e=E2E-THROW,txn=TXN-THROW] Saga initiated sagaId=SAGA-3fec493d-a542-4e95-9a79-4e38f4297018 transactionId=TXN-REC-UNKNOWN e2e=E2E-REC-UNKNOWN sourceRail=FEDNOW requestId=null
2026-09-28T23:14:22.782-04:00 INFO  [main] io.openfednow.shadowledger.ShadowLedger [req=?,e2e=E2E-THROW,txn=TXN-THROW] Shadow Ledger debit applied account=ACC-REC-UNKNOWN amount=75.00 balanceAfter=125.00
2026-09-28T23:14:22.783-04:00 DEBUG [main] i.o.processing.saga.SagaOrchestrator [req=?,e2e=E2E-THROW,txn=TXN-THROW] Saga advanced sagaId=SAGA-3fec493d-a542-4e95-9a79-4e38f4297018 state=FUNDS_RESERVED
2026-09-28T23:14:22.783-04:00 DEBUG [main] i.o.processing.saga.SagaOrchestrator [req=?,e2e=E2E-THROW,txn=TXN-THROW] Saga advanced sagaId=SAGA-3fec493d-a542-4e95-9a79-4e38f4297018 state=SUBMITTING
2026-09-28T23:14:22.783-04:00 WARN  [main] i.o.processing.saga.SagaRecoveryService [req=?,e2e=E2E-THROW,txn=TXN-THROW] Saga recovery: found 1 in-flight saga(s) — completing or compensating each
2026-09-28T23:14:22.783-04:00 INFO  [main] i.o.processing.saga.SagaRecoveryService [req=?,e2e=E2E-THROW,txn=TXN-THROW] Recovering sagaId=SAGA-3fec493d-a542-4e95-9a79-4e38f4297018 fromState=SUBMITTING sourceRail=FEDNOW
2026-09-28T23:14:22.783-04:00 WARN  [main] i.o.processing.saga.SagaRecoveryService [req=?,e2e=E2E-THROW,txn=TXN-THROW] Submission may have reached rail sagaId=SAGA-3fec493d-a542-4e95-9a79-4e38f4297018 action=QUARANTINE
2026-09-28T23:14:22.784-04:00 DEBUG [main] i.o.processing.saga.SagaOrchestrator [req=?,e2e=E2E-THROW,txn=TXN-THROW] Saga advanced sagaId=SAGA-3fec493d-a542-4e95-9a79-4e38f4297018 state=OUTCOME_UNKNOWN
2026-09-28T23:14:22.784-04:00 INFO  [main] i.o.processing.saga.SagaRecoveryService [req=?,e2e=E2E-THROW,txn=TXN-THROW] Saga recovery complete: 1 of 1 saga(s) processed
2026-09-28T23:14:22.787-04:00 INFO  [main] i.o.processing.saga.SagaRecoveryService [req=?,e2e=E2E-THROW,txn=TXN-THROW] Saga recovery: no in-flight sagas found at startup
2026-09-28T23:14:22.791-04:00 INFO  [main] i.o.processing.saga.SagaOrchestrator [req=?,e2e=E2E-THROW,txn=TXN-THROW] Saga initiated sagaId=SAGA-46e0747e-626f-4acb-9698-d7cdd8cebc4a transactionId=TXN-REC-FUNDS e2e=E2E-REC-FUNDS sourceRail=FEDNOW requestId=null
2026-09-28T23:14:22.794-04:00 INFO  [main] io.openfednow.shadowledger.ShadowLedger [req=?,e2e=E2E-THROW,txn=TXN-THROW] Shadow Ledger debit applied account=ACC-REC-FUNDS amount=100.00 balanceAfter=0.00
2026-09-28T23:14:22.795-04:00 DEBUG [main] i.o.processing.saga.SagaOrchestrator [req=?,e2e=E2E-THROW,txn=TXN-THROW] Saga advanced sagaId=SAGA-46e0747e-626f-4acb-9698-d7cdd8cebc4a state=FUNDS_RESERVED
2026-09-28T23:14:22.795-04:00 WARN  [main] i.o.processing.saga.SagaRecoveryService [req=?,e2e=E2E-THROW,txn=TXN-THROW] Saga recovery: found 1 in-flight saga(s) — completing or compensating each
2026-09-28T23:14:22.795-04:00 INFO  [main] i.o.processing.saga.SagaRecoveryService [req=?,e2e=E2E-THROW,txn=TXN-THROW] Recovering sagaId=SAGA-46e0747e-626f-4acb-9698-d7cdd8cebc4a fromState=FUNDS_RESERVED sourceRail=FEDNOW
2026-09-28T23:14:22.795-04:00 INFO  [main] i.o.processing.saga.SagaOrchestrator [req=?,e2e=E2E-THROW,txn=TXN-THROW] Saga compensation starting sagaId=SAGA-46e0747e-626f-4acb-9698-d7cdd8cebc4a fromState=FUNDS_RESERVED reason=NARR
2026-09-28T23:14:22.797-04:00 INFO  [main] io.openfednow.shadowledger.ShadowLedger [req=?,e2e=E2E-THROW,txn=TXN-THROW] Shadow Ledger reversal applied account=ACC-REC-FUNDS amount=100.00 balanceAfter=100.00
2026-09-28T23:14:22.797-04:00 INFO  [main] i.o.processing.saga.SagaOrchestrator [req=?,e2e=E2E-THROW,txn=TXN-THROW] Shadow Ledger debit reversed sagaId=SAGA-46e0747e-626f-4acb-9698-d7cdd8cebc4a transactionId=TXN-REC-FUNDS
2026-09-28T23:14:22.797-04:00 INFO  [main] i.o.processing.saga.SagaOrchestrator [req=?,e2e=E2E-THROW,txn=TXN-THROW] Saga compensation complete sagaId=SAGA-46e0747e-626f-4acb-9698-d7cdd8cebc4a
2026-09-28T23:14:22.797-04:00 INFO  [main] i.o.processing.saga.SagaRecoveryService [req=?,e2e=E2E-THROW,txn=TXN-THROW] Saga recovery complete: 1 of 1 saga(s) processed
2026-09-28T23:14:22.800-04:00 INFO  [main] i.o.processing.saga.SagaOrchestrator [req=?,e2e=E2E-THROW,txn=TXN-THROW] Saga initiated sagaId=SAGA-66f74fca-9a0b-48a8-833f-03b6b233b040 transactionId=TXN-MIX-INIT e2e=E2E-MIX-INIT sourceRail=FEDNOW requestId=null
2026-09-28T23:14:22.801-04:00 INFO  [main] i.o.processing.saga.SagaOrchestrator [req=?,e2e=E2E-THROW,txn=TXN-THROW] Saga initiated sagaId=SAGA-81110ddb-7472-4a81-808a-c547f92bba7c transactionId=TXN-MIX-CONF e2e=E2E-MIX-CONF sourceRail=FEDNOW requestId=null
2026-09-28T23:14:22.801-04:00 DEBUG [main] i.o.processing.saga.SagaOrchestrator [req=?,e2e=E2E-THROW,txn=TXN-THROW] Saga advanced sagaId=SAGA-81110ddb-7472-4a81-808a-c547f92bba7c state=FUNDS_RESERVED
2026-09-28T23:14:22.801-04:00 DEBUG [main] i.o.processing.saga.SagaOrchestrator [req=?,e2e=E2E-THROW,txn=TXN-THROW] Saga advanced sagaId=SAGA-81110ddb-7472-4a81-808a-c547f92bba7c state=CORE_SUBMITTED
2026-09-28T23:14:22.801-04:00 DEBUG [main] i.o.processing.saga.SagaOrchestrator [req=?,e2e=E2E-THROW,txn=TXN-THROW] Saga advanced sagaId=SAGA-81110ddb-7472-4a81-808a-c547f92bba7c state=FEDNOW_CONFIRMED
2026-09-28T23:14:22.801-04:00 WARN  [main] i.o.processing.saga.SagaRecoveryService [req=?,e2e=E2E-THROW,txn=TXN-THROW] Saga recovery: found 2 in-flight saga(s) — completing or compensating each
2026-09-28T23:14:22.802-04:00 INFO  [main] i.o.processing.saga.SagaRecoveryService [req=?,e2e=E2E-THROW,txn=TXN-THROW] Recovering sagaId=SAGA-66f74fca-9a0b-48a8-833f-03b6b233b040 fromState=INITIATED sourceRail=FEDNOW
2026-09-28T23:14:22.802-04:00 INFO  [main] i.o.processing.saga.SagaOrchestrator [req=?,e2e=E2E-THROW,txn=TXN-THROW] Saga compensation starting sagaId=SAGA-66f74fca-9a0b-48a8-833f-03b6b233b040 fromState=INITIATED reason=NARR
2026-09-28T23:14:22.802-04:00 INFO  [main] i.o.processing.saga.SagaOrchestrator [req=?,e2e=E2E-THROW,txn=TXN-THROW] Saga compensation complete sagaId=SAGA-66f74fca-9a0b-48a8-833f-03b6b233b040
2026-09-28T23:14:22.803-04:00 INFO  [main] i.o.processing.saga.SagaRecoveryService [req=?,e2e=E2E-THROW,txn=TXN-THROW] Recovering sagaId=SAGA-81110ddb-7472-4a81-808a-c547f92bba7c fromState=FEDNOW_CONFIRMED sourceRail=FEDNOW
2026-09-28T23:14:22.803-04:00 DEBUG [main] i.o.processing.saga.SagaOrchestrator [req=?,e2e=E2E-THROW,txn=TXN-THROW] Saga advanced sagaId=SAGA-81110ddb-7472-4a81-808a-c547f92bba7c state=COMPLETED
2026-09-28T23:14:22.803-04:00 INFO  [main] i.o.processing.saga.SagaRecoveryService [req=?,e2e=E2E-THROW,txn=TXN-THROW] Saga recovery complete: 2 of 2 saga(s) processed
2026-09-28T23:14:22.809-04:00 INFO  [main] o.s.o.j.LocalContainerEntityManagerFactoryBean [req=?,e2e=E2E-THROW,txn=TXN-THROW] Closing JPA EntityManagerFactory for persistence unit 'default'
[INFO] Tests run: 10, Failures: 0, Errors: 0, Skipped: 0, Time elapsed: 0.485 s -- in io.openfednow.processing.saga.SagaRecoveryServiceIntegrationTest
[INFO] Running io.openfednow.processing.saga.SagaTimeoutIntegrationTest
2026-09-28T23:14:22.836-04:00 INFO  [main] o.s.t.c.s.AnnotationConfigContextLoaderUtils [req=?,e2e=E2E-THROW,txn=TXN-THROW] Could not detect default configuration classes for test class [io.openfednow.processing.saga.SagaTimeoutIntegrationTest]: SagaTimeoutIntegrationTest does not declare any static, non-private, non-final, nested classes annotated with @Configuration.
2026-09-28T23:14:22.838-04:00 INFO  [main] o.s.b.t.c.SpringBootTestContextBootstrapper [req=?,e2e=E2E-THROW,txn=TXN-THROW] Found @SpringBootConfiguration io.openfednow.OpenFedNowApplication for test class io.openfednow.processing.saga.SagaTimeoutIntegrationTest

  .   ____          _            __ _ _
 /\\ / ___'_ __ _ _(_)_ __  __ _ \ \ \ \
( ( )\___ | '_ | '_| | '_ \/ _` | \ \ \ \
 \\/  ___)| |_)| | | | | || (_| |  ) ) ) )
  '  |____| .__|_| |_|_| |_\__, | / / / /
 =========|_|==============|___/=/_/_/_/

 :: Spring Boot ::               (v3.5.16)

2026-09-28T23:14:22.844-04:00 INFO  [main] i.o.p.saga.SagaTimeoutIntegrationTest [req=?,e2e=E2E-THROW,txn=TXN-THROW] Starting SagaTimeoutIntegrationTest using Java 17.0.20.1 with PID 73107 (started by danielmori in /Users/danielmori/Developer/open-fednow-reliability)
2026-09-28T23:14:22.844-04:00 DEBUG [main] i.o.p.saga.SagaTimeoutIntegrationTest [req=?,e2e=E2E-THROW,txn=TXN-THROW] Running with Spring Boot v3.5.16, Spring v6.2.19
2026-09-28T23:14:22.844-04:00 INFO  [main] i.o.p.saga.SagaTimeoutIntegrationTest [req=?,e2e=E2E-THROW,txn=TXN-THROW] No active profile set, falling back to 1 default profile: "default"
2026-09-28T23:14:22.897-04:00 INFO  [main] o.s.d.r.c.RepositoryConfigurationDelegate [req=?,e2e=E2E-THROW,txn=TXN-THROW] Multiple Spring Data modules found, entering strict repository configuration mode
2026-09-28T23:14:22.897-04:00 INFO  [main] o.s.d.r.c.RepositoryConfigurationDelegate [req=?,e2e=E2E-THROW,txn=TXN-THROW] Bootstrapping Spring Data JPA repositories in DEFAULT mode.
2026-09-28T23:14:22.900-04:00 INFO  [main] o.s.d.r.c.RepositoryConfigurationDelegate [req=?,e2e=E2E-THROW,txn=TXN-THROW] Finished Spring Data repository scanning in 2 ms. Found 0 JPA repository interfaces.
2026-09-28T23:14:22.901-04:00 INFO  [main] o.s.d.r.c.RepositoryConfigurationDelegate [req=?,e2e=E2E-THROW,txn=TXN-THROW] Multiple Spring Data modules found, entering strict repository configuration mode
2026-09-28T23:14:22.901-04:00 INFO  [main] o.s.d.r.c.RepositoryConfigurationDelegate [req=?,e2e=E2E-THROW,txn=TXN-THROW] Bootstrapping Spring Data Redis repositories in DEFAULT mode.
2026-09-28T23:14:22.903-04:00 INFO  [main] o.s.d.r.c.RepositoryConfigurationDelegate [req=?,e2e=E2E-THROW,txn=TXN-THROW] Finished Spring Data repository scanning in 1 ms. Found 0 Redis repository interfaces.
2026-09-28T23:14:22.944-04:00 INFO  [main] org.flywaydb.core.FlywayExecutor [req=?,e2e=E2E-THROW,txn=TXN-THROW] Database: jdbc:postgresql://localhost:64402/openfednow?loggerLevel=OFF (PostgreSQL 16.15)
2026-09-28T23:14:22.949-04:00 INFO  [main] o.f.core.internal.command.DbValidate [req=?,e2e=E2E-THROW,txn=TXN-THROW] Successfully validated 10 migrations (execution time 00:00.002s)
2026-09-28T23:14:22.959-04:00 INFO  [main] o.f.core.internal.command.DbMigrate [req=?,e2e=E2E-THROW,txn=TXN-THROW] Current version of schema "public": 10
2026-09-28T23:14:22.959-04:00 INFO  [main] o.f.core.internal.command.DbMigrate [req=?,e2e=E2E-THROW,txn=TXN-THROW] Schema "public" is up to date. No migration necessary.
2026-09-28T23:14:22.971-04:00 INFO  [main] o.s.o.j.p.SpringPersistenceUnitInfo [req=?,e2e=E2E-THROW,txn=TXN-THROW] No LoadTimeWeaver setup: ignoring JPA class transformer
2026-09-28T23:14:22.977-04:00 INFO  [main] o.s.o.j.LocalContainerEntityManagerFactoryBean [req=?,e2e=E2E-THROW,txn=TXN-THROW] Initialized JPA EntityManagerFactory for persistence unit 'default'
2026-09-28T23:14:23.040-04:00 INFO  [main] i.o.reliability.ReliabilityRailConfig [req=?,e2e=E2E-THROW,txn=TXN-THROW] Synthetic reliability rail configured=false
2026-09-28T23:14:23.054-04:00 INFO  [main] o.s.s.c.a.a.c.InitializeUserDetailsBeanManagerConfigurer$InitializeUserDetailsManagerConfigurer [req=?,e2e=E2E-THROW,txn=TXN-THROW] Global AuthenticationManager configured with UserDetailsService bean with name userDetailsService
2026-09-28T23:14:23.215-04:00 INFO  [main] i.o.p.saga.SagaTimeoutIntegrationTest [req=?,e2e=E2E-THROW,txn=TXN-THROW] Started SagaTimeoutIntegrationTest in 0.377 seconds (process running for 15.225)
2026-09-28T23:14:23.215-04:00 DEBUG [scheduling-1] i.o.shadowledger.AvailabilityBridge [req=?,e2e=?,txn=?] Core availability poll: mode=ONLINE
2026-09-28T23:14:23.217-04:00 INFO  [main] i.o.processing.saga.SagaRecoveryService [req=?,e2e=E2E-THROW,txn=TXN-THROW] Saga recovery: no in-flight sagas found at startup
2026-09-28T23:14:23.217-04:00 INFO  [main] i.o.shadowledger.BalanceSeedService [req=?,e2e=E2E-THROW,txn=TXN-THROW] Shadow Ledger startup seed: no accounts configured (openfednow.shadow-ledger.seed-accounts is empty)
2026-09-28T23:14:23.223-04:00 INFO  [main] i.o.processing.saga.SagaOrchestrator [req=?,e2e=E2E-THROW,txn=TXN-THROW] Saga initiated sagaId=SAGA-31edccc9-5e3b-4e8b-bcfa-c383f2d3bf4b transactionId=TXN-FRESH-S e2e=E2E-FRESH-S sourceRail=FEDNOW requestId=null
2026-09-28T23:14:23.224-04:00 DEBUG [main] i.o.processing.saga.SagaTimeoutMonitor [req=?,e2e=E2E-THROW,txn=TXN-THROW] Saga timeout monitor: no sagas exceeded 30s threshold
2026-09-28T23:14:23.227-04:00 INFO  [main] i.o.processing.saga.SagaOrchestrator [req=?,e2e=E2E-THROW,txn=TXN-THROW] Saga initiated sagaId=SAGA-19da8321-15bd-4e25-8c6a-3f3f4026fc53 transactionId=TXN-TIMEOUT e2e=E2E-TIMEOUT sourceRail=FEDNOW requestId=null
2026-09-28T23:14:23.232-04:00 INFO  [main] io.openfednow.shadowledger.ShadowLedger [req=?,e2e=E2E-THROW,txn=TXN-THROW] Shadow Ledger debit applied account=ACC-TIMEOUT amount=100.00 balanceAfter=0.00
2026-09-28T23:14:23.232-04:00 DEBUG [main] i.o.processing.saga.SagaOrchestrator [req=?,e2e=E2E-THROW,txn=TXN-THROW] Saga advanced sagaId=SAGA-19da8321-15bd-4e25-8c6a-3f3f4026fc53 state=FUNDS_RESERVED
2026-09-28T23:14:23.233-04:00 WARN  [main] i.o.processing.saga.SagaTimeoutMonitor [req=?,e2e=E2E-THROW,txn=TXN-THROW] Saga timeout monitor: 1 saga(s) exceeded 30s threshold — compensating
2026-09-28T23:14:23.233-04:00 WARN  [main] i.o.processing.saga.SagaTimeoutMonitor [req=?,e2e=E2E-THROW,txn=TXN-THROW] Saga timed out sagaId=SAGA-19da8321-15bd-4e25-8c6a-3f3f4026fc53 thresholdSeconds=30 action=COMPENSATE reason=XPIR
2026-09-28T23:14:23.234-04:00 INFO  [main] i.o.processing.saga.SagaOrchestrator [req=?,e2e=E2E-THROW,txn=TXN-THROW] Saga compensation starting sagaId=SAGA-19da8321-15bd-4e25-8c6a-3f3f4026fc53 fromState=FUNDS_RESERVED reason=XPIR
2026-09-28T23:14:23.235-04:00 INFO  [main] io.openfednow.shadowledger.ShadowLedger [req=?,e2e=E2E-THROW,txn=TXN-THROW] Shadow Ledger reversal applied account=ACC-TIMEOUT amount=100.00 balanceAfter=100.00
2026-09-28T23:14:23.235-04:00 INFO  [main] i.o.processing.saga.SagaOrchestrator [req=?,e2e=E2E-THROW,txn=TXN-THROW] Shadow Ledger debit reversed sagaId=SAGA-19da8321-15bd-4e25-8c6a-3f3f4026fc53 transactionId=TXN-TIMEOUT
2026-09-28T23:14:23.236-04:00 INFO  [main] i.o.processing.saga.SagaOrchestrator [req=?,e2e=E2E-THROW,txn=TXN-THROW] Saga compensation complete sagaId=SAGA-19da8321-15bd-4e25-8c6a-3f3f4026fc53
2026-09-28T23:14:23.241-04:00 INFO  [main] i.o.processing.saga.SagaOrchestrator [req=?,e2e=E2E-THROW,txn=TXN-THROW] Saga initiated sagaId=SAGA-77155ece-506b-4f5c-8534-e0a79b60f4a1 transactionId=TXN-DONE e2e=E2E-DONE sourceRail=FEDNOW requestId=null
2026-09-28T23:14:23.242-04:00 DEBUG [main] i.o.processing.saga.SagaOrchestrator [req=?,e2e=E2E-THROW,txn=TXN-THROW] Saga advanced sagaId=SAGA-77155ece-506b-4f5c-8534-e0a79b60f4a1 state=FUNDS_RESERVED
2026-09-28T23:14:23.242-04:00 DEBUG [main] i.o.processing.saga.SagaOrchestrator [req=?,e2e=E2E-THROW,txn=TXN-THROW] Saga advanced sagaId=SAGA-77155ece-506b-4f5c-8534-e0a79b60f4a1 state=CORE_SUBMITTED
2026-09-28T23:14:23.243-04:00 DEBUG [main] i.o.processing.saga.SagaOrchestrator [req=?,e2e=E2E-THROW,txn=TXN-THROW] Saga advanced sagaId=SAGA-77155ece-506b-4f5c-8534-e0a79b60f4a1 state=FEDNOW_CONFIRMED
2026-09-28T23:14:23.243-04:00 DEBUG [main] i.o.processing.saga.SagaOrchestrator [req=?,e2e=E2E-THROW,txn=TXN-THROW] Saga advanced sagaId=SAGA-77155ece-506b-4f5c-8534-e0a79b60f4a1 state=COMPLETED
2026-09-28T23:14:23.243-04:00 INFO  [main] i.o.processing.saga.SagaOrchestrator [req=?,e2e=E2E-THROW,txn=TXN-THROW] Saga initiated sagaId=SAGA-72a3b825-cefc-482f-a6ca-149627870c3b transactionId=TXN-FAILED e2e=E2E-FAILED sourceRail=FEDNOW requestId=null
2026-09-28T23:14:23.244-04:00 INFO  [main] i.o.processing.saga.SagaOrchestrator [req=?,e2e=E2E-THROW,txn=TXN-THROW] Saga compensation starting sagaId=SAGA-72a3b825-cefc-482f-a6ca-149627870c3b fromState=INITIATED reason=AM04
2026-09-28T23:14:23.244-04:00 INFO  [main] i.o.processing.saga.SagaOrchestrator [req=?,e2e=E2E-THROW,txn=TXN-THROW] Saga compensation complete sagaId=SAGA-72a3b825-cefc-482f-a6ca-149627870c3b
2026-09-28T23:14:23.245-04:00 INFO  [main] i.o.processing.saga.SagaOrchestrator [req=?,e2e=E2E-THROW,txn=TXN-THROW] Saga initiated sagaId=SAGA-f57ca710-c03d-48b1-a2e0-c3722f0ddff6 transactionId=TXN-INCOMP e2e=E2E-INCOMP sourceRail=FEDNOW requestId=null
2026-09-28T23:14:23.246-04:00 INFO  [main] i.o.processing.saga.SagaOrchestrator [req=?,e2e=E2E-THROW,txn=TXN-THROW] Saga initiated sagaId=SAGA-04f7092a-1e48-4c28-92fa-e6d2c20cb8ab transactionId=TXN-CONFIRMED e2e=E2E-CONFIRMED sourceRail=FEDNOW requestId=null
2026-09-28T23:14:23.246-04:00 DEBUG [main] i.o.processing.saga.SagaOrchestrator [req=?,e2e=E2E-THROW,txn=TXN-THROW] Saga advanced sagaId=SAGA-04f7092a-1e48-4c28-92fa-e6d2c20cb8ab state=FUNDS_RESERVED
2026-09-28T23:14:23.246-04:00 DEBUG [main] i.o.processing.saga.SagaOrchestrator [req=?,e2e=E2E-THROW,txn=TXN-THROW] Saga advanced sagaId=SAGA-04f7092a-1e48-4c28-92fa-e6d2c20cb8ab state=CORE_SUBMITTED
2026-09-28T23:14:23.247-04:00 DEBUG [main] i.o.processing.saga.SagaOrchestrator [req=?,e2e=E2E-THROW,txn=TXN-THROW] Saga advanced sagaId=SAGA-04f7092a-1e48-4c28-92fa-e6d2c20cb8ab state=FEDNOW_CONFIRMED
2026-09-28T23:14:23.252-04:00 INFO  [main] i.o.processing.saga.SagaOrchestrator [req=?,e2e=E2E-THROW,txn=TXN-THROW] Saga initiated sagaId=SAGA-5e816ae2-3870-4db4-af73-3c7e01425a0f transactionId=TXN-AGED e2e=E2E-AGED sourceRail=FEDNOW requestId=null
2026-09-28T23:14:23.255-04:00 INFO  [main] i.o.processing.saga.SagaOrchestrator [req=?,e2e=E2E-THROW,txn=TXN-THROW] Saga initiated sagaId=SAGA-01cdad81-3c2a-4e3e-9714-bdcc1ace9bab transactionId=TXN-FRESH e2e=E2E-FRESH sourceRail=FEDNOW requestId=null
2026-09-28T23:14:23.259-04:00 INFO  [main] o.s.o.j.LocalContainerEntityManagerFactoryBean [req=?,e2e=E2E-THROW,txn=TXN-THROW] Closing JPA EntityManagerFactory for persistence unit 'default'
[INFO] Tests run: 6, Failures: 0, Errors: 0, Skipped: 0, Time elapsed: 0.466 s -- in io.openfednow.processing.saga.SagaTimeoutIntegrationTest
[INFO] Running io.openfednow.processing.saga.SagaCompensationIntegrationTest
2026-09-28T23:14:23.303-04:00 INFO  [main] o.s.t.c.s.AnnotationConfigContextLoaderUtils [req=?,e2e=E2E-THROW,txn=TXN-THROW] Could not detect default configuration classes for test class [io.openfednow.processing.saga.SagaCompensationIntegrationTest]: SagaCompensationIntegrationTest does not declare any static, non-private, non-final, nested classes annotated with @Configuration.
2026-09-28T23:14:23.304-04:00 INFO  [main] o.s.b.t.c.SpringBootTestContextBootstrapper [req=?,e2e=E2E-THROW,txn=TXN-THROW] Found @SpringBootConfiguration io.openfednow.OpenFedNowApplication for test class io.openfednow.processing.saga.SagaCompensationIntegrationTest

  .   ____          _            __ _ _
 /\\ / ___'_ __ _ _(_)_ __  __ _ \ \ \ \
( ( )\___ | '_ | '_| | '_ \/ _` | \ \ \ \
 \\/  ___)| |_)| | | | | || (_| |  ) ) ) )
  '  |____| .__|_| |_|_| |_\__, | / / / /
 =========|_|==============|___/=/_/_/_/

 :: Spring Boot ::               (v3.5.16)

2026-09-28T23:14:23.310-04:00 INFO  [main] i.o.p.s.SagaCompensationIntegrationTest [req=?,e2e=E2E-THROW,txn=TXN-THROW] Starting SagaCompensationIntegrationTest using Java 17.0.20.1 with PID 73107 (started by danielmori in /Users/danielmori/Developer/open-fednow-reliability)
2026-09-28T23:14:23.310-04:00 DEBUG [main] i.o.p.s.SagaCompensationIntegrationTest [req=?,e2e=E2E-THROW,txn=TXN-THROW] Running with Spring Boot v3.5.16, Spring v6.2.19
2026-09-28T23:14:23.310-04:00 INFO  [main] i.o.p.s.SagaCompensationIntegrationTest [req=?,e2e=E2E-THROW,txn=TXN-THROW] No active profile set, falling back to 1 default profile: "default"
2026-09-28T23:14:23.365-04:00 INFO  [main] o.s.d.r.c.RepositoryConfigurationDelegate [req=?,e2e=E2E-THROW,txn=TXN-THROW] Multiple Spring Data modules found, entering strict repository configuration mode
2026-09-28T23:14:23.366-04:00 INFO  [main] o.s.d.r.c.RepositoryConfigurationDelegate [req=?,e2e=E2E-THROW,txn=TXN-THROW] Bootstrapping Spring Data JPA repositories in DEFAULT mode.
2026-09-28T23:14:23.369-04:00 INFO  [main] o.s.d.r.c.RepositoryConfigurationDelegate [req=?,e2e=E2E-THROW,txn=TXN-THROW] Finished Spring Data repository scanning in 2 ms. Found 0 JPA repository interfaces.
2026-09-28T23:14:23.369-04:00 INFO  [main] o.s.d.r.c.RepositoryConfigurationDelegate [req=?,e2e=E2E-THROW,txn=TXN-THROW] Multiple Spring Data modules found, entering strict repository configuration mode
2026-09-28T23:14:23.369-04:00 INFO  [main] o.s.d.r.c.RepositoryConfigurationDelegate [req=?,e2e=E2E-THROW,txn=TXN-THROW] Bootstrapping Spring Data Redis repositories in DEFAULT mode.
2026-09-28T23:14:23.371-04:00 INFO  [main] o.s.d.r.c.RepositoryConfigurationDelegate [req=?,e2e=E2E-THROW,txn=TXN-THROW] Finished Spring Data repository scanning in 1 ms. Found 0 Redis repository interfaces.
2026-09-28T23:14:23.407-04:00 INFO  [main] org.flywaydb.core.FlywayExecutor [req=?,e2e=E2E-THROW,txn=TXN-THROW] Database: jdbc:postgresql://localhost:64402/openfednow?loggerLevel=OFF (PostgreSQL 16.15)
2026-09-28T23:14:23.414-04:00 INFO  [main] o.f.core.internal.command.DbValidate [req=?,e2e=E2E-THROW,txn=TXN-THROW] Successfully validated 10 migrations (execution time 00:00.002s)
2026-09-28T23:14:23.423-04:00 INFO  [main] o.f.core.internal.command.DbMigrate [req=?,e2e=E2E-THROW,txn=TXN-THROW] Current version of schema "public": 10
2026-09-28T23:14:23.423-04:00 INFO  [main] o.f.core.internal.command.DbMigrate [req=?,e2e=E2E-THROW,txn=TXN-THROW] Schema "public" is up to date. No migration necessary.
2026-09-28T23:14:23.435-04:00 INFO  [main] o.s.o.j.p.SpringPersistenceUnitInfo [req=?,e2e=E2E-THROW,txn=TXN-THROW] No LoadTimeWeaver setup: ignoring JPA class transformer
2026-09-28T23:14:23.441-04:00 INFO  [main] o.s.o.j.LocalContainerEntityManagerFactoryBean [req=?,e2e=E2E-THROW,txn=TXN-THROW] Initialized JPA EntityManagerFactory for persistence unit 'default'
2026-09-28T23:14:23.512-04:00 INFO  [main] i.o.reliability.ReliabilityRailConfig [req=?,e2e=E2E-THROW,txn=TXN-THROW] Synthetic reliability rail configured=false
2026-09-28T23:14:23.527-04:00 INFO  [main] o.s.s.c.a.a.c.InitializeUserDetailsBeanManagerConfigurer$InitializeUserDetailsManagerConfigurer [req=?,e2e=E2E-THROW,txn=TXN-THROW] Global AuthenticationManager configured with UserDetailsService bean with name userDetailsService
2026-09-28T23:14:23.670-04:00 INFO  [main] i.o.p.s.SagaCompensationIntegrationTest [req=?,e2e=E2E-THROW,txn=TXN-THROW] Started SagaCompensationIntegrationTest in 0.365 seconds (process running for 15.68)
2026-09-28T23:14:23.670-04:00 DEBUG [scheduling-1] i.o.shadowledger.AvailabilityBridge [req=?,e2e=?,txn=?] Core availability poll: mode=ONLINE
2026-09-28T23:14:23.672-04:00 WARN  [main] i.o.processing.saga.SagaRecoveryService [req=?,e2e=E2E-THROW,txn=TXN-THROW] Saga recovery: found 1 in-flight saga(s) — completing or compensating each
2026-09-28T23:14:23.673-04:00 INFO  [main] i.o.processing.saga.SagaRecoveryService [req=?,e2e=E2E-THROW,txn=TXN-THROW] Recovering sagaId=SAGA-01cdad81-3c2a-4e3e-9714-bdcc1ace9bab fromState=INITIATED sourceRail=FEDNOW
2026-09-28T23:14:23.673-04:00 INFO  [main] i.o.processing.saga.SagaOrchestrator [req=?,e2e=E2E-THROW,txn=TXN-THROW] Saga compensation starting sagaId=SAGA-01cdad81-3c2a-4e3e-9714-bdcc1ace9bab fromState=INITIATED reason=NARR
2026-09-28T23:14:23.674-04:00 INFO  [main] i.o.processing.saga.SagaOrchestrator [req=?,e2e=E2E-THROW,txn=TXN-THROW] Saga compensation complete sagaId=SAGA-01cdad81-3c2a-4e3e-9714-bdcc1ace9bab
2026-09-28T23:14:23.675-04:00 INFO  [main] i.o.processing.saga.SagaRecoveryService [req=?,e2e=E2E-THROW,txn=TXN-THROW] Saga recovery complete: 1 of 1 saga(s) processed
2026-09-28T23:14:23.675-04:00 INFO  [main] i.o.shadowledger.BalanceSeedService [req=?,e2e=E2E-THROW,txn=TXN-THROW] Shadow Ledger startup seed: no accounts configured (openfednow.shadow-ledger.seed-accounts is empty)
2026-09-28T23:14:23.681-04:00 INFO  [main] i.o.processing.saga.SagaOrchestrator [req=?,e2e=E2E-THROW,txn=TXN-THROW] Saga initiated sagaId=SAGA-4a75077e-74f0-4608-9dbf-e41cfe060975 transactionId=TXN-INIT-001 e2e=E2E-INIT-001 sourceRail=FEDNOW requestId=null
2026-09-28T23:14:23.684-04:00 INFO  [main] i.o.processing.saga.SagaOrchestrator [req=?,e2e=E2E-THROW,txn=TXN-THROW] Saga initiated sagaId=SAGA-15888cfa-2f53-49e8-89fc-b6e482f45ba9 transactionId=TXN-INIT-002 e2e=E2E-INIT-002 sourceRail=FEDNOW requestId=null
2026-09-28T23:14:23.689-04:00 INFO  [main] i.o.processing.saga.SagaOrchestrator [req=?,e2e=E2E-THROW,txn=TXN-THROW] Saga initiated sagaId=SAGA-e2a2b62d-fca8-4d33-9768-547010c51676 transactionId=TXN-COMP-001 e2e=E2E-COMP-001 sourceRail=FEDNOW requestId=null
2026-09-28T23:14:23.694-04:00 INFO  [main] io.openfednow.shadowledger.ShadowLedger [req=?,e2e=E2E-THROW,txn=TXN-THROW] Shadow Ledger debit applied account=ACC-COMP-001 amount=100.00 balanceAfter=0.00
2026-09-28T23:14:23.694-04:00 DEBUG [main] i.o.processing.saga.SagaOrchestrator [req=?,e2e=E2E-THROW,txn=TXN-THROW] Saga advanced sagaId=SAGA-e2a2b62d-fca8-4d33-9768-547010c51676 state=FUNDS_RESERVED
2026-09-28T23:14:23.694-04:00 INFO  [main] i.o.processing.saga.SagaOrchestrator [req=?,e2e=E2E-THROW,txn=TXN-THROW] Saga compensation starting sagaId=SAGA-e2a2b62d-fca8-4d33-9768-547010c51676 fromState=FUNDS_RESERVED reason=AM04
2026-09-28T23:14:23.696-04:00 INFO  [main] io.openfednow.shadowledger.ShadowLedger [req=?,e2e=E2E-THROW,txn=TXN-THROW] Shadow Ledger reversal applied account=ACC-COMP-001 amount=100.00 balanceAfter=100.00
2026-09-28T23:14:23.696-04:00 INFO  [main] i.o.processing.saga.SagaOrchestrator [req=?,e2e=E2E-THROW,txn=TXN-THROW] Shadow Ledger debit reversed sagaId=SAGA-e2a2b62d-fca8-4d33-9768-547010c51676 transactionId=TXN-COMP-001
2026-09-28T23:14:23.696-04:00 INFO  [main] i.o.processing.saga.SagaOrchestrator [req=?,e2e=E2E-THROW,txn=TXN-THROW] Saga compensation complete sagaId=SAGA-e2a2b62d-fca8-4d33-9768-547010c51676
2026-09-28T23:14:23.700-04:00 INFO  [main] i.o.processing.saga.SagaOrchestrator [req=?,e2e=E2E-THROW,txn=TXN-THROW] Saga initiated sagaId=SAGA-433ebea6-e47b-4961-8ca9-244d00afbbd2 transactionId=TXN-COMPLETE-001 e2e=E2E-COMPLETE-001 sourceRail=FEDNOW requestId=null
2026-09-28T23:14:23.700-04:00 DEBUG [main] i.o.processing.saga.SagaOrchestrator [req=?,e2e=E2E-THROW,txn=TXN-THROW] Saga advanced sagaId=SAGA-433ebea6-e47b-4961-8ca9-244d00afbbd2 state=FUNDS_RESERVED
2026-09-28T23:14:23.700-04:00 DEBUG [main] i.o.processing.saga.SagaOrchestrator [req=?,e2e=E2E-THROW,txn=TXN-THROW] Saga advanced sagaId=SAGA-433ebea6-e47b-4961-8ca9-244d00afbbd2 state=CORE_SUBMITTED
2026-09-28T23:14:23.701-04:00 DEBUG [main] i.o.processing.saga.SagaOrchestrator [req=?,e2e=E2E-THROW,txn=TXN-THROW] Saga advanced sagaId=SAGA-433ebea6-e47b-4961-8ca9-244d00afbbd2 state=FEDNOW_CONFIRMED
2026-09-28T23:14:23.701-04:00 DEBUG [main] i.o.processing.saga.SagaOrchestrator [req=?,e2e=E2E-THROW,txn=TXN-THROW] Saga advanced sagaId=SAGA-433ebea6-e47b-4961-8ca9-244d00afbbd2 state=COMPLETED
2026-09-28T23:14:23.703-04:00 INFO  [main] i.o.processing.saga.SagaOrchestrator [req=?,e2e=E2E-THROW,txn=TXN-THROW] Saga initiated sagaId=SAGA-d381e135-d8b0-4907-b660-d5276ac560ac transactionId=TXN-RESUME-001 e2e=E2E-RESUME-001 sourceRail=FEDNOW requestId=null
2026-09-28T23:14:23.704-04:00 DEBUG [main] i.o.processing.saga.SagaOrchestrator [req=?,e2e=E2E-THROW,txn=TXN-THROW] Saga advanced sagaId=SAGA-d381e135-d8b0-4907-b660-d5276ac560ac state=FUNDS_RESERVED
2026-09-28T23:14:23.707-04:00 INFO  [main] i.o.processing.saga.SagaOrchestrator [req=?,e2e=E2E-THROW,txn=TXN-THROW] Saga initiated sagaId=SAGA-76052143-b796-4c29-9a66-1c5568b0fa3b transactionId=TXN-AUDIT-001 e2e=E2E-AUDIT-001 sourceRail=FEDNOW requestId=null
2026-09-28T23:14:23.710-04:00 INFO  [main] io.openfednow.shadowledger.ShadowLedger [req=?,e2e=E2E-THROW,txn=TXN-THROW] Shadow Ledger debit applied account=ACC-AUDIT-001 amount=200.00 balanceAfter=0.00
2026-09-28T23:14:23.710-04:00 DEBUG [main] i.o.processing.saga.SagaOrchestrator [req=?,e2e=E2E-THROW,txn=TXN-THROW] Saga advanced sagaId=SAGA-76052143-b796-4c29-9a66-1c5568b0fa3b state=FUNDS_RESERVED
2026-09-28T23:14:23.711-04:00 INFO  [main] i.o.processing.saga.SagaOrchestrator [req=?,e2e=E2E-THROW,txn=TXN-THROW] Saga compensation starting sagaId=SAGA-76052143-b796-4c29-9a66-1c5568b0fa3b fromState=FUNDS_RESERVED reason=AM04
2026-09-28T23:14:23.712-04:00 INFO  [main] io.openfednow.shadowledger.ShadowLedger [req=?,e2e=E2E-THROW,txn=TXN-THROW] Shadow Ledger reversal applied account=ACC-AUDIT-001 amount=200.00 balanceAfter=200.00
2026-09-28T23:14:23.712-04:00 INFO  [main] i.o.processing.saga.SagaOrchestrator [req=?,e2e=E2E-THROW,txn=TXN-THROW] Shadow Ledger debit reversed sagaId=SAGA-76052143-b796-4c29-9a66-1c5568b0fa3b transactionId=TXN-AUDIT-001
2026-09-28T23:14:23.712-04:00 INFO  [main] i.o.processing.saga.SagaOrchestrator [req=?,e2e=E2E-THROW,txn=TXN-THROW] Saga compensation complete sagaId=SAGA-76052143-b796-4c29-9a66-1c5568b0fa3b
2026-09-28T23:14:23.716-04:00 INFO  [main] i.o.processing.saga.SagaOrchestrator [req=?,e2e=E2E-THROW,txn=TXN-THROW] Saga initiated sagaId=SAGA-f367f725-b009-4475-bd8d-79243db04bb0 transactionId=TXN-COMP-002 e2e=E2E-COMP-002 sourceRail=FEDNOW requestId=null
2026-09-28T23:14:23.719-04:00 INFO  [main] io.openfednow.shadowledger.ShadowLedger [req=?,e2e=E2E-THROW,txn=TXN-THROW] Shadow Ledger debit applied account=ACC-COMP-002 amount=50.00 balanceAfter=0.00
2026-09-28T23:14:23.719-04:00 DEBUG [main] i.o.processing.saga.SagaOrchestrator [req=?,e2e=E2E-THROW,txn=TXN-THROW] Saga advanced sagaId=SAGA-f367f725-b009-4475-bd8d-79243db04bb0 state=FUNDS_RESERVED
2026-09-28T23:14:23.719-04:00 INFO  [main] i.o.processing.saga.SagaOrchestrator [req=?,e2e=E2E-THROW,txn=TXN-THROW] Saga compensation starting sagaId=SAGA-f367f725-b009-4475-bd8d-79243db04bb0 fromState=FUNDS_RESERVED reason=AC04
2026-09-28T23:14:23.720-04:00 INFO  [main] io.openfednow.shadowledger.ShadowLedger [req=?,e2e=E2E-THROW,txn=TXN-THROW] Shadow Ledger reversal applied account=ACC-COMP-002 amount=50.00 balanceAfter=50.00
2026-09-28T23:14:23.720-04:00 INFO  [main] i.o.processing.saga.SagaOrchestrator [req=?,e2e=E2E-THROW,txn=TXN-THROW] Shadow Ledger debit reversed sagaId=SAGA-f367f725-b009-4475-bd8d-79243db04bb0 transactionId=TXN-COMP-002
2026-09-28T23:14:23.721-04:00 INFO  [main] i.o.processing.saga.SagaOrchestrator [req=?,e2e=E2E-THROW,txn=TXN-THROW] Saga compensation complete sagaId=SAGA-f367f725-b009-4475-bd8d-79243db04bb0
2026-09-28T23:14:23.724-04:00 INFO  [main] i.o.processing.saga.SagaOrchestrator [req=?,e2e=E2E-THROW,txn=TXN-THROW] Saga initiated sagaId=SAGA-88c4c07d-6930-4a17-b0fa-bbe819c7379e transactionId=TXN-RAIL-RTP e2e=E2E-RAIL-RTP sourceRail=RTP requestId=null
2026-09-28T23:14:23.726-04:00 INFO  [main] i.o.processing.saga.SagaOrchestrator [req=?,e2e=E2E-THROW,txn=TXN-THROW] Saga initiated sagaId=SAGA-b5e00081-7587-4bea-b585-999116fcc52d transactionId=TXN-GUARD-001 e2e=E2E-GUARD-001 sourceRail=FEDNOW requestId=null
2026-09-28T23:14:23.726-04:00 INFO  [main] i.o.processing.saga.SagaOrchestrator [req=?,e2e=E2E-THROW,txn=TXN-THROW] Saga compensation starting sagaId=SAGA-b5e00081-7587-4bea-b585-999116fcc52d fromState=INITIATED reason=NARR
2026-09-28T23:14:23.727-04:00 INFO  [main] i.o.processing.saga.SagaOrchestrator [req=?,e2e=E2E-THROW,txn=TXN-THROW] Saga compensation complete sagaId=SAGA-b5e00081-7587-4bea-b585-999116fcc52d
2026-09-28T23:14:23.727-04:00 WARN  [main] i.o.processing.saga.SagaOrchestrator [req=?,e2e=E2E-THROW,txn=TXN-THROW] Saga already in terminal/compensating state — skipping sagaId=SAGA-b5e00081-7587-4bea-b585-999116fcc52d state=FAILED
2026-09-28T23:14:23.730-04:00 INFO  [main] i.o.processing.saga.SagaOrchestrator [req=?,e2e=E2E-THROW,txn=TXN-THROW] Saga initiated sagaId=SAGA-b90866a2-d791-4329-8702-c1338357d355 transactionId=TXN-RAIL-FED e2e=E2E-RAIL-FED sourceRail=FEDNOW requestId=null
2026-09-28T23:14:23.732-04:00 INFO  [main] i.o.processing.saga.SagaOrchestrator [req=?,e2e=E2E-THROW,txn=TXN-THROW] Saga initiated sagaId=SAGA-d2b1b6fe-7315-439a-adea-dc1c8e2c1447 transactionId=TXN-Q-LOOKUP e2e=E2E-Q-LOOKUP sourceRail=RTP requestId=null
2026-09-28T23:14:23.734-04:00 INFO  [main] i.o.processing.saga.SagaOrchestrator [req=?,e2e=E2E-THROW,txn=TXN-THROW] Saga initiated sagaId=SAGA-9138d70f-755c-4d04-af0a-804d3a20bc6c transactionId=TXN-Q-INFLIGHT e2e=E2E-Q-INFLIGHT sourceRail=FEDNOW requestId=null
2026-09-28T23:14:23.735-04:00 INFO  [main] i.o.processing.saga.SagaOrchestrator [req=?,e2e=E2E-THROW,txn=TXN-THROW] Saga initiated sagaId=SAGA-ed610855-0d5d-4e58-9b66-8314772ad7cb transactionId=TXN-Q-DONE e2e=E2E-Q-DONE sourceRail=FEDNOW requestId=null
2026-09-28T23:14:23.735-04:00 DEBUG [main] i.o.processing.saga.SagaOrchestrator [req=?,e2e=E2E-THROW,txn=TXN-THROW] Saga advanced sagaId=SAGA-ed610855-0d5d-4e58-9b66-8314772ad7cb state=FUNDS_RESERVED
2026-09-28T23:14:23.735-04:00 DEBUG [main] i.o.processing.saga.SagaOrchestrator [req=?,e2e=E2E-THROW,txn=TXN-THROW] Saga advanced sagaId=SAGA-ed610855-0d5d-4e58-9b66-8314772ad7cb state=CORE_SUBMITTED
2026-09-28T23:14:23.735-04:00 DEBUG [main] i.o.processing.saga.SagaOrchestrator [req=?,e2e=E2E-THROW,txn=TXN-THROW] Saga advanced sagaId=SAGA-ed610855-0d5d-4e58-9b66-8314772ad7cb state=FEDNOW_CONFIRMED
2026-09-28T23:14:23.735-04:00 DEBUG [main] i.o.processing.saga.SagaOrchestrator [req=?,e2e=E2E-THROW,txn=TXN-THROW] Saga advanced sagaId=SAGA-ed610855-0d5d-4e58-9b66-8314772ad7cb state=COMPLETED
2026-09-28T23:14:23.739-04:00 INFO  [main] i.o.processing.saga.SagaOrchestrator [req=?,e2e=E2E-THROW,txn=TXN-THROW] Saga initiated sagaId=SAGA-75472312-ad8a-47b3-9468-f40cb8f48dd9 transactionId=TXN-NOFUND-001 e2e=E2E-NOFUND-001 sourceRail=FEDNOW requestId=null
2026-09-28T23:14:23.739-04:00 INFO  [main] i.o.processing.saga.SagaOrchestrator [req=?,e2e=E2E-THROW,txn=TXN-THROW] Saga compensation starting sagaId=SAGA-75472312-ad8a-47b3-9468-f40cb8f48dd9 fromState=INITIATED reason=NARR
2026-09-28T23:14:23.739-04:00 INFO  [main] i.o.processing.saga.SagaOrchestrator [req=?,e2e=E2E-THROW,txn=TXN-THROW] Saga compensation complete sagaId=SAGA-75472312-ad8a-47b3-9468-f40cb8f48dd9
2026-09-28T23:14:23.742-04:00 INFO  [main] i.o.processing.saga.SagaOrchestrator [req=?,e2e=E2E-THROW,txn=TXN-THROW] Saga initiated sagaId=SAGA-c240bcdb-72c0-43c5-8336-df5e9e43bf54 transactionId=TXN-RAIL-RESUME e2e=E2E-RAIL-RESUME sourceRail=RTP requestId=null
2026-09-28T23:14:23.744-04:00 INFO  [main] i.o.processing.saga.SagaOrchestrator [req=?,e2e=E2E-THROW,txn=TXN-THROW] Saga initiated sagaId=SAGA-427e66f0-c7eb-4d8c-9005-e796cf714af0 transactionId=TXN-NOFUND-002 e2e=E2E-NOFUND-002 sourceRail=FEDNOW requestId=null
2026-09-28T23:14:23.744-04:00 INFO  [main] i.o.processing.saga.SagaOrchestrator [req=?,e2e=E2E-THROW,txn=TXN-THROW] Saga compensation starting sagaId=SAGA-427e66f0-c7eb-4d8c-9005-e796cf714af0 fromState=INITIATED reason=NARR
2026-09-28T23:14:23.745-04:00 INFO  [main] i.o.processing.saga.SagaOrchestrator [req=?,e2e=E2E-THROW,txn=TXN-THROW] Saga compensation complete sagaId=SAGA-427e66f0-c7eb-4d8c-9005-e796cf714af0
2026-09-28T23:14:23.749-04:00 INFO  [main] o.s.o.j.LocalContainerEntityManagerFactoryBean [req=?,e2e=E2E-THROW,txn=TXN-THROW] Closing JPA EntityManagerFactory for persistence unit 'default'
[INFO] Tests run: 16, Failures: 0, Errors: 0, Skipped: 0, Time elapsed: 0.485 s -- in io.openfednow.processing.saga.SagaCompensationIntegrationTest
[INFO] Running io.openfednow.reliability.ReliablePaymentIntegrationTest
2026-09-28T23:14:23.788-04:00 INFO  [main] o.s.t.c.s.AnnotationConfigContextLoaderUtils [req=?,e2e=E2E-THROW,txn=TXN-THROW] Could not detect default configuration classes for test class [io.openfednow.reliability.ReliablePaymentIntegrationTest]: ReliablePaymentIntegrationTest does not declare any static, non-private, non-final, nested classes annotated with @Configuration.
2026-09-28T23:14:23.794-04:00 INFO  [main] o.s.b.t.c.SpringBootTestContextBootstrapper [req=?,e2e=E2E-THROW,txn=TXN-THROW] Found @SpringBootConfiguration io.openfednow.OpenFedNowApplication for test class io.openfednow.reliability.ReliablePaymentIntegrationTest

  .   ____          _            __ _ _
 /\\ / ___'_ __ _ _(_)_ __  __ _ \ \ \ \
( ( )\___ | '_ | '_| | '_ \/ _` | \ \ \ \
 \\/  ___)| |_)| | | | | || (_| |  ) ) ) )
  '  |____| .__|_| |_|_| |_\__, | / / / /
 =========|_|==============|___/=/_/_/_/

 :: Spring Boot ::               (v3.5.16)

2026-09-28T23:14:23.801-04:00 INFO  [main] i.o.r.ReliablePaymentIntegrationTest [req=?,e2e=E2E-THROW,txn=TXN-THROW] Starting ReliablePaymentIntegrationTest using Java 17.0.20.1 with PID 73107 (started by danielmori in /Users/danielmori/Developer/open-fednow-reliability)
2026-09-28T23:14:23.801-04:00 DEBUG [main] i.o.r.ReliablePaymentIntegrationTest [req=?,e2e=E2E-THROW,txn=TXN-THROW] Running with Spring Boot v3.5.16, Spring v6.2.19
2026-09-28T23:14:23.801-04:00 INFO  [main] i.o.r.ReliablePaymentIntegrationTest [req=?,e2e=E2E-THROW,txn=TXN-THROW] No active profile set, falling back to 1 default profile: "default"
2026-09-28T23:14:23.857-04:00 INFO  [main] o.s.d.r.c.RepositoryConfigurationDelegate [req=?,e2e=E2E-THROW,txn=TXN-THROW] Multiple Spring Data modules found, entering strict repository configuration mode
2026-09-28T23:14:23.857-04:00 INFO  [main] o.s.d.r.c.RepositoryConfigurationDelegate [req=?,e2e=E2E-THROW,txn=TXN-THROW] Bootstrapping Spring Data JPA repositories in DEFAULT mode.
2026-09-28T23:14:23.861-04:00 INFO  [main] o.s.d.r.c.RepositoryConfigurationDelegate [req=?,e2e=E2E-THROW,txn=TXN-THROW] Finished Spring Data repository scanning in 2 ms. Found 0 JPA repository interfaces.
2026-09-28T23:14:23.861-04:00 INFO  [main] o.s.d.r.c.RepositoryConfigurationDelegate [req=?,e2e=E2E-THROW,txn=TXN-THROW] Multiple Spring Data modules found, entering strict repository configuration mode
2026-09-28T23:14:23.861-04:00 INFO  [main] o.s.d.r.c.RepositoryConfigurationDelegate [req=?,e2e=E2E-THROW,txn=TXN-THROW] Bootstrapping Spring Data Redis repositories in DEFAULT mode.
2026-09-28T23:14:23.863-04:00 INFO  [main] o.s.d.r.c.RepositoryConfigurationDelegate [req=?,e2e=E2E-THROW,txn=TXN-THROW] Finished Spring Data repository scanning in 1 ms. Found 0 Redis repository interfaces.
2026-09-28T23:14:23.923-04:00 INFO  [main] org.flywaydb.core.FlywayExecutor [req=?,e2e=E2E-THROW,txn=TXN-THROW] Database: jdbc:postgresql://localhost:64402/openfednow?loggerLevel=OFF (PostgreSQL 16.15)
2026-09-28T23:14:23.928-04:00 INFO  [main] o.f.core.internal.command.DbValidate [req=?,e2e=E2E-THROW,txn=TXN-THROW] Successfully validated 10 migrations (execution time 00:00.002s)
2026-09-28T23:14:23.938-04:00 INFO  [main] o.f.core.internal.command.DbMigrate [req=?,e2e=E2E-THROW,txn=TXN-THROW] Current version of schema "public": 10
2026-09-28T23:14:23.938-04:00 INFO  [main] o.f.core.internal.command.DbMigrate [req=?,e2e=E2E-THROW,txn=TXN-THROW] Schema "public" is up to date. No migration necessary.
2026-09-28T23:14:23.950-04:00 INFO  [main] o.s.o.j.p.SpringPersistenceUnitInfo [req=?,e2e=E2E-THROW,txn=TXN-THROW] No LoadTimeWeaver setup: ignoring JPA class transformer
2026-09-28T23:14:23.956-04:00 INFO  [main] o.s.o.j.LocalContainerEntityManagerFactoryBean [req=?,e2e=E2E-THROW,txn=TXN-THROW] Initialized JPA EntityManagerFactory for persistence unit 'default'
2026-09-28T23:14:24.035-04:00 INFO  [main] o.s.s.c.a.a.c.InitializeUserDetailsBeanManagerConfigurer$InitializeUserDetailsManagerConfigurer [req=?,e2e=E2E-THROW,txn=TXN-THROW] Global AuthenticationManager configured with UserDetailsService bean with name userDetailsService
2026-09-28T23:14:24.180-04:00 INFO  [main] i.o.r.ReliablePaymentIntegrationTest [req=?,e2e=E2E-THROW,txn=TXN-THROW] Started ReliablePaymentIntegrationTest in 0.385 seconds (process running for 16.19)
2026-09-28T23:14:24.180-04:00 DEBUG [scheduling-1] i.o.shadowledger.AvailabilityBridge [req=?,e2e=?,txn=?] Core availability poll: mode=ONLINE
2026-09-28T23:14:24.182-04:00 INFO  [main] i.o.processing.saga.SagaRecoveryService [req=?,e2e=E2E-THROW,txn=TXN-THROW] Saga recovery: no in-flight sagas found at startup
2026-09-28T23:14:24.182-04:00 INFO  [main] i.o.shadowledger.BalanceSeedService [req=?,e2e=E2E-THROW,txn=TXN-THROW] Shadow Ledger startup seed: no accounts configured (openfednow.shadow-ledger.seed-accounts is empty)
2026-09-28T23:14:24.328-04:00 INFO  [main] o.s.o.j.LocalContainerEntityManagerFactoryBean [req=?,e2e=E2E-THROW,txn=TXN-THROW] Closing JPA EntityManagerFactory for persistence unit 'default'
[INFO] Tests run: 14, Failures: 0, Errors: 0, Skipped: 0, Time elapsed: 0.586 s -- in io.openfednow.reliability.ReliablePaymentIntegrationTest
[INFO] Running io.openfednow.events.KafkaEventBusIntegrationTest
2026-09-28T23:14:24.377-04:00 INFO  [main] tc.confluentinc/cp-kafka:7.6.0 [req=?,e2e=E2E-THROW,txn=TXN-THROW] Creating container for image: confluentinc/cp-kafka:7.6.0
2026-09-28T23:14:24.414-04:00 INFO  [main] tc.confluentinc/cp-kafka:7.6.0 [req=?,e2e=E2E-THROW,txn=TXN-THROW] Container confluentinc/cp-kafka:7.6.0 is starting: 5c87d66f5298493289eafb56129ff686f9ce606bbb5fcc57016b3f1f370bdb39
2026-09-28T23:14:26.069-04:00 INFO  [main] tc.confluentinc/cp-kafka:7.6.0 [req=?,e2e=E2E-THROW,txn=TXN-THROW] Container confluentinc/cp-kafka:7.6.0 started in PT1.692379S
2026-09-28T23:14:26.070-04:00 INFO  [main] o.s.t.c.s.AnnotationConfigContextLoaderUtils [req=?,e2e=E2E-THROW,txn=TXN-THROW] Could not detect default configuration classes for test class [io.openfednow.events.KafkaEventBusIntegrationTest]: KafkaEventBusIntegrationTest does not declare any static, non-private, non-final, nested classes annotated with @Configuration.
2026-09-28T23:14:26.078-04:00 INFO  [main] o.s.b.t.c.SpringBootTestContextBootstrapper [req=?,e2e=E2E-THROW,txn=TXN-THROW] Found @SpringBootConfiguration io.openfednow.OpenFedNowApplication for test class io.openfednow.events.KafkaEventBusIntegrationTest

  .   ____          _            __ _ _
 /\\ / ___'_ __ _ _(_)_ __  __ _ \ \ \ \
( ( )\___ | '_ | '_| | '_ \/ _` | \ \ \ \
 \\/  ___)| |_)| | | | | || (_| |  ) ) ) )
  '  |____| .__|_| |_|_| |_\__, | / / / /
 =========|_|==============|___/=/_/_/_/

 :: Spring Boot ::               (v3.5.16)

2026-09-28T23:14:26.084-04:00 INFO  [main] i.o.events.KafkaEventBusIntegrationTest [req=?,e2e=E2E-THROW,txn=TXN-THROW] Starting KafkaEventBusIntegrationTest using Java 17.0.20.1 with PID 73107 (started by danielmori in /Users/danielmori/Developer/open-fednow-reliability)
2026-09-28T23:14:26.084-04:00 DEBUG [main] i.o.events.KafkaEventBusIntegrationTest [req=?,e2e=E2E-THROW,txn=TXN-THROW] Running with Spring Boot v3.5.16, Spring v6.2.19
2026-09-28T23:14:26.084-04:00 INFO  [main] i.o.events.KafkaEventBusIntegrationTest [req=?,e2e=E2E-THROW,txn=TXN-THROW] No active profile set, falling back to 1 default profile: "default"
2026-09-28T23:14:26.136-04:00 INFO  [main] o.s.d.r.c.RepositoryConfigurationDelegate [req=?,e2e=E2E-THROW,txn=TXN-THROW] Multiple Spring Data modules found, entering strict repository configuration mode
2026-09-28T23:14:26.136-04:00 INFO  [main] o.s.d.r.c.RepositoryConfigurationDelegate [req=?,e2e=E2E-THROW,txn=TXN-THROW] Bootstrapping Spring Data JPA repositories in DEFAULT mode.
2026-09-28T23:14:26.140-04:00 INFO  [main] o.s.d.r.c.RepositoryConfigurationDelegate [req=?,e2e=E2E-THROW,txn=TXN-THROW] Finished Spring Data repository scanning in 2 ms. Found 0 JPA repository interfaces.
2026-09-28T23:14:26.140-04:00 INFO  [main] o.s.d.r.c.RepositoryConfigurationDelegate [req=?,e2e=E2E-THROW,txn=TXN-THROW] Multiple Spring Data modules found, entering strict repository configuration mode
2026-09-28T23:14:26.140-04:00 INFO  [main] o.s.d.r.c.RepositoryConfigurationDelegate [req=?,e2e=E2E-THROW,txn=TXN-THROW] Bootstrapping Spring Data Redis repositories in DEFAULT mode.
2026-09-28T23:14:26.142-04:00 INFO  [main] o.s.d.r.c.RepositoryConfigurationDelegate [req=?,e2e=E2E-THROW,txn=TXN-THROW] Finished Spring Data repository scanning in 1 ms. Found 0 Redis repository interfaces.
2026-09-28T23:14:26.187-04:00 INFO  [main] org.flywaydb.core.FlywayExecutor [req=?,e2e=E2E-THROW,txn=TXN-THROW] Database: jdbc:postgresql://localhost:64402/openfednow?loggerLevel=OFF (PostgreSQL 16.15)
2026-09-28T23:14:26.193-04:00 INFO  [main] o.f.core.internal.command.DbValidate [req=?,e2e=E2E-THROW,txn=TXN-THROW] Successfully validated 10 migrations (execution time 00:00.002s)
2026-09-28T23:14:26.202-04:00 INFO  [main] o.f.core.internal.command.DbMigrate [req=?,e2e=E2E-THROW,txn=TXN-THROW] Current version of schema "public": 10
2026-09-28T23:14:26.203-04:00 INFO  [main] o.f.core.internal.command.DbMigrate [req=?,e2e=E2E-THROW,txn=TXN-THROW] Schema "public" is up to date. No migration necessary.
2026-09-28T23:14:26.215-04:00 INFO  [main] o.s.o.j.p.SpringPersistenceUnitInfo [req=?,e2e=E2E-THROW,txn=TXN-THROW] No LoadTimeWeaver setup: ignoring JPA class transformer
2026-09-28T23:14:26.220-04:00 INFO  [main] o.s.o.j.LocalContainerEntityManagerFactoryBean [req=?,e2e=E2E-THROW,txn=TXN-THROW] Initialized JPA EntityManagerFactory for persistence unit 'default'
2026-09-28T23:14:26.297-04:00 INFO  [main] i.o.reliability.ReliabilityRailConfig [req=?,e2e=E2E-THROW,txn=TXN-THROW] Synthetic reliability rail configured=false
2026-09-28T23:14:26.313-04:00 INFO  [main] o.s.s.c.a.a.c.InitializeUserDetailsBeanManagerConfigurer$InitializeUserDetailsManagerConfigurer [req=?,e2e=E2E-THROW,txn=TXN-THROW] Global AuthenticationManager configured with UserDetailsService bean with name userDetailsService
2026-09-28T23:14:26.445-04:00 INFO  [main] o.a.k.clients.admin.AdminClientConfig [req=?,e2e=E2E-THROW,txn=TXN-THROW] AdminClientConfig values: 
	auto.include.jmx.reporter = true
	bootstrap.controllers = []
	bootstrap.servers = [PLAINTEXT://localhost:64557]
	client.dns.lookup = use_all_dns_ips
	client.id = openfednow-admin-0
	connections.max.idle.ms = 300000
	default.api.timeout.ms = 60000
	enable.metrics.push = true
	metadata.max.age.ms = 300000
	metadata.recovery.strategy = none
	metric.reporters = []
	metrics.num.samples = 2
	metrics.recording.level = INFO
	metrics.sample.window.ms = 30000
	receive.buffer.bytes = 65536
	reconnect.backoff.max.ms = 1000
	reconnect.backoff.ms = 50
	request.timeout.ms = 30000
	retries = 2147483647
	retry.backoff.max.ms = 1000
	retry.backoff.ms = 100
	sasl.client.callback.handler.class = null
	sasl.jaas.config = null
	sasl.kerberos.kinit.cmd = /usr/bin/kinit
	sasl.kerberos.min.time.before.relogin = 60000
	sasl.kerberos.service.name = null
	sasl.kerberos.ticket.renew.jitter = 0.05
	sasl.kerberos.ticket.renew.window.factor = 0.8
	sasl.login.callback.handler.class = null
	sasl.login.class = null
	sasl.login.connect.timeout.ms = null
	sasl.login.read.timeout.ms = null
	sasl.login.refresh.buffer.seconds = 300
	sasl.login.refresh.min.period.seconds = 60
	sasl.login.refresh.window.factor = 0.8
	sasl.login.refresh.window.jitter = 0.05
	sasl.login.retry.backoff.max.ms = 10000
	sasl.login.retry.backoff.ms = 100
	sasl.mechanism = GSSAPI
	sasl.oauthbearer.clock.skew.seconds = 30
	sasl.oauthbearer.expected.audience = null
	sasl.oauthbearer.expected.issuer = null
	sasl.oauthbearer.header.urlencode = false
	sasl.oauthbearer.jwks.endpoint.refresh.ms = 3600000
	sasl.oauthbearer.jwks.endpoint.retry.backoff.max.ms = 10000
	sasl.oauthbearer.jwks.endpoint.retry.backoff.ms = 100
	sasl.oauthbearer.jwks.endpoint.url = null
	sasl.oauthbearer.scope.claim.name = scope
	sasl.oauthbearer.sub.claim.name = sub
	sasl.oauthbearer.token.endpoint.url = null
	security.protocol = PLAINTEXT
	security.providers = null
	send.buffer.bytes = 131072
	socket.connection.setup.timeout.max.ms = 30000
	socket.connection.setup.timeout.ms = 10000
	ssl.cipher.suites = null
	ssl.enabled.protocols = [TLSv1.2, TLSv1.3]
	ssl.endpoint.identification.algorithm = https
	ssl.engine.factory.class = null
	ssl.key.password = null
	ssl.keymanager.algorithm = SunX509
	ssl.keystore.certificate.chain = null
	ssl.keystore.key = null
	ssl.keystore.location = null
	ssl.keystore.password = null
	ssl.keystore.type = JKS
	ssl.protocol = TLSv1.3
	ssl.provider = null
	ssl.secure.random.implementation = null
	ssl.trustmanager.algorithm = PKIX
	ssl.truststore.certificates = null
	ssl.truststore.location = null
	ssl.truststore.password = null
	ssl.truststore.type = JKS

2026-09-28T23:14:26.463-04:00 INFO  [main] o.a.kafka.common.utils.AppInfoParser [req=?,e2e=E2E-THROW,txn=TXN-THROW] Kafka version: 3.9.2
2026-09-28T23:14:26.463-04:00 INFO  [main] o.a.kafka.common.utils.AppInfoParser [req=?,e2e=E2E-THROW,txn=TXN-THROW] Kafka commitId: 5e9866f43ab8e7e4
2026-09-28T23:14:26.463-04:00 INFO  [main] o.a.kafka.common.utils.AppInfoParser [req=?,e2e=E2E-THROW,txn=TXN-THROW] Kafka startTimeMs: 1790651666462
2026-09-28T23:14:26.654-04:00 INFO  [kafka-admin-client-thread | openfednow-admin-0] o.a.kafka.common.utils.AppInfoParser [req=?,e2e=?,txn=?] App info kafka.admin.client for openfednow-admin-0 unregistered
2026-09-28T23:14:26.655-04:00 INFO  [kafka-admin-client-thread | openfednow-admin-0] org.apache.kafka.common.metrics.Metrics [req=?,e2e=?,txn=?] Metrics scheduler closed
2026-09-28T23:14:26.655-04:00 INFO  [kafka-admin-client-thread | openfednow-admin-0] org.apache.kafka.common.metrics.Metrics [req=?,e2e=?,txn=?] Closing reporter org.apache.kafka.common.metrics.JmxReporter
2026-09-28T23:14:26.655-04:00 INFO  [kafka-admin-client-thread | openfednow-admin-0] org.apache.kafka.common.metrics.Metrics [req=?,e2e=?,txn=?] Metrics reporters closed
2026-09-28T23:14:26.657-04:00 INFO  [main] i.o.events.KafkaEventBusIntegrationTest [req=?,e2e=E2E-THROW,txn=TXN-THROW] Started KafkaEventBusIntegrationTest in 0.578 seconds (process running for 18.667)
2026-09-28T23:14:26.658-04:00 DEBUG [scheduling-1] i.o.shadowledger.AvailabilityBridge [req=?,e2e=?,txn=?] Core availability poll: mode=ONLINE
2026-09-28T23:14:26.659-04:00 INFO  [main] i.o.processing.saga.SagaRecoveryService [req=?,e2e=E2E-THROW,txn=TXN-THROW] Saga recovery: no in-flight sagas found at startup
2026-09-28T23:14:26.659-04:00 INFO  [main] i.o.shadowledger.BalanceSeedService [req=?,e2e=E2E-THROW,txn=TXN-THROW] Shadow Ledger startup seed: no accounts configured (openfednow.shadow-ledger.seed-accounts is empty)
2026-09-28T23:14:26.667-04:00 INFO  [main] o.a.k.clients.consumer.ConsumerConfig [req=?,e2e=E2E-THROW,txn=TXN-THROW] ConsumerConfig values: 
	allow.auto.create.topics = true
	auto.commit.interval.ms = 5000
	auto.include.jmx.reporter = true
	auto.offset.reset = earliest
	bootstrap.servers = [PLAINTEXT://localhost:64557]
	check.crcs = true
	client.dns.lookup = use_all_dns_ips
	client.id = consumer-test-kafka-event-bus-1790651666664-1
	client.rack = 
	connections.max.idle.ms = 540000
	default.api.timeout.ms = 60000
	enable.auto.commit = true
	enable.metrics.push = true
	exclude.internal.topics = true
	fetch.max.bytes = 52428800
	fetch.max.wait.ms = 500
	fetch.min.bytes = 1
	group.id = test-kafka-event-bus-1790651666664
	group.instance.id = null
	group.protocol = classic
	group.remote.assignor = null
	heartbeat.interval.ms = 3000
	interceptor.classes = []
	internal.leave.group.on.close = true
	internal.throw.on.fetch.stable.offset.unsupported = false
	isolation.level = read_uncommitted
	key.deserializer = class org.apache.kafka.common.serialization.StringDeserializer
	max.partition.fetch.bytes = 1048576
	max.poll.interval.ms = 300000
	max.poll.records = 500
	metadata.max.age.ms = 300000
	metadata.recovery.strategy = none
	metric.reporters = []
	metrics.num.samples = 2
	metrics.recording.level = INFO
	metrics.sample.window.ms = 30000
	partition.assignment.strategy = [class org.apache.kafka.clients.consumer.RangeAssignor, class org.apache.kafka.clients.consumer.CooperativeStickyAssignor]
	receive.buffer.bytes = 65536
	reconnect.backoff.max.ms = 1000
	reconnect.backoff.ms = 50
	request.timeout.ms = 30000
	retry.backoff.max.ms = 1000
	retry.backoff.ms = 100
	sasl.client.callback.handler.class = null
	sasl.jaas.config = null
	sasl.kerberos.kinit.cmd = /usr/bin/kinit
	sasl.kerberos.min.time.before.relogin = 60000
	sasl.kerberos.service.name = null
	sasl.kerberos.ticket.renew.jitter = 0.05
	sasl.kerberos.ticket.renew.window.factor = 0.8
	sasl.login.callback.handler.class = null
	sasl.login.class = null
	sasl.login.connect.timeout.ms = null
	sasl.login.read.timeout.ms = null
	sasl.login.refresh.buffer.seconds = 300
	sasl.login.refresh.min.period.seconds = 60
	sasl.login.refresh.window.factor = 0.8
	sasl.login.refresh.window.jitter = 0.05
	sasl.login.retry.backoff.max.ms = 10000
	sasl.login.retry.backoff.ms = 100
	sasl.mechanism = GSSAPI
	sasl.oauthbearer.clock.skew.seconds = 30
	sasl.oauthbearer.expected.audience = null
	sasl.oauthbearer.expected.issuer = null
	sasl.oauthbearer.header.urlencode = false
	sasl.oauthbearer.jwks.endpoint.refresh.ms = 3600000
	sasl.oauthbearer.jwks.endpoint.retry.backoff.max.ms = 10000
	sasl.oauthbearer.jwks.endpoint.retry.backoff.ms = 100
	sasl.oauthbearer.jwks.endpoint.url = null
	sasl.oauthbearer.scope.claim.name = scope
	sasl.oauthbearer.sub.claim.name = sub
	sasl.oauthbearer.token.endpoint.url = null
	security.protocol = PLAINTEXT
	security.providers = null
	send.buffer.bytes = 131072
	session.timeout.ms = 45000
	socket.connection.setup.timeout.max.ms = 30000
	socket.connection.setup.timeout.ms = 10000
	ssl.cipher.suites = null
	ssl.enabled.protocols = [TLSv1.2, TLSv1.3]
	ssl.endpoint.identification.algorithm = https
	ssl.engine.factory.class = null
	ssl.key.password = null
	ssl.keymanager.algorithm = SunX509
	ssl.keystore.certificate.chain = null
	ssl.keystore.key = null
	ssl.keystore.location = null
	ssl.keystore.password = null
	ssl.keystore.type = JKS
	ssl.protocol = TLSv1.3
	ssl.provider = null
	ssl.secure.random.implementation = null
	ssl.trustmanager.algorithm = PKIX
	ssl.truststore.certificates = null
	ssl.truststore.location = null
	ssl.truststore.password = null
	ssl.truststore.type = JKS
	value.deserializer = class org.apache.kafka.common.serialization.StringDeserializer

2026-09-28T23:14:26.677-04:00 INFO  [main] o.a.k.c.t.i.KafkaMetricsCollector [req=?,e2e=E2E-THROW,txn=TXN-THROW] initializing Kafka metrics collector
2026-09-28T23:14:26.690-04:00 INFO  [main] o.a.kafka.common.utils.AppInfoParser [req=?,e2e=E2E-THROW,txn=TXN-THROW] Kafka version: 3.9.2
2026-09-28T23:14:26.690-04:00 INFO  [main] o.a.kafka.common.utils.AppInfoParser [req=?,e2e=E2E-THROW,txn=TXN-THROW] Kafka commitId: 5e9866f43ab8e7e4
2026-09-28T23:14:26.690-04:00 INFO  [main] o.a.kafka.common.utils.AppInfoParser [req=?,e2e=E2E-THROW,txn=TXN-THROW] Kafka startTimeMs: 1790651666690
2026-09-28T23:14:26.690-04:00 INFO  [main] o.a.k.c.c.internals.ClassicKafkaConsumer [req=?,e2e=E2E-THROW,txn=TXN-THROW] [Consumer clientId=consumer-test-kafka-event-bus-1790651666664-1, groupId=test-kafka-event-bus-1790651666664] Subscribed to topic(s): openfednow.payment.events
2026-09-28T23:14:26.690-04:00 INFO  [main] io.openfednow.gateway.MessageRouter [req=?,e2e=E2E-KFK-OUT-NSF-001,txn=TXN-KFK-OUT-NSF-001] Outbound credit transfer received amount=9999.00 currency=USD
2026-09-28T23:14:26.692-04:00 INFO  [main] io.openfednow.gateway.MessageRouter [req=?,e2e=E2E-KFK-OUT-NSF-001,txn=TXN-KFK-OUT-NSF-001] Outbound payment rejected: insufficient funds account=****************-001 available=1000.00 requested=9999.00
2026-09-28T23:14:26.693-04:00 DEBUG [main] i.o.p.idempotency.IdempotencyService [req=?,e2e=E2E-KFK-OUT-NSF-001,txn=TXN-KFK-OUT-NSF-001] Idempotency outcome recorded e2e=E2E-KFK-OUT-NSF-001 status=RJCT
2026-09-28T23:14:26.697-04:00 INFO  [main] o.a.k.clients.producer.ProducerConfig [req=?,e2e=E2E-KFK-OUT-NSF-001,txn=TXN-KFK-OUT-NSF-001] ProducerConfig values: 
	acks = -1
	auto.include.jmx.reporter = true
	batch.size = 16384
	bootstrap.servers = [PLAINTEXT://localhost:64557]
	buffer.memory = 33554432
	client.dns.lookup = use_all_dns_ips
	client.id = openfednow-producer-1
	compression.gzip.level = -1
	compression.lz4.level = 9
	compression.type = none
	compression.zstd.level = 3
	connections.max.idle.ms = 540000
	delivery.timeout.ms = 120000
	enable.idempotence = true
	enable.metrics.push = true
	interceptor.classes = []
	key.serializer = class org.apache.kafka.common.serialization.StringSerializer
	linger.ms = 0
	max.block.ms = 60000
	max.in.flight.requests.per.connection = 5
	max.request.size = 1048576
	metadata.max.age.ms = 300000
	metadata.max.idle.ms = 300000
	metadata.recovery.strategy = none
	metric.reporters = []
	metrics.num.samples = 2
	metrics.recording.level = INFO
	metrics.sample.window.ms = 30000
	partitioner.adaptive.partitioning.enable = true
	partitioner.availability.timeout.ms = 0
	partitioner.class = null
	partitioner.ignore.keys = false
	receive.buffer.bytes = 32768
	reconnect.backoff.max.ms = 1000
	reconnect.backoff.ms = 50
	request.timeout.ms = 30000
	retries = 3
	retry.backoff.max.ms = 1000
	retry.backoff.ms = 100
	sasl.client.callback.handler.class = null
	sasl.jaas.config = null
	sasl.kerberos.kinit.cmd = /usr/bin/kinit
	sasl.kerberos.min.time.before.relogin = 60000
	sasl.kerberos.service.name = null
	sasl.kerberos.ticket.renew.jitter = 0.05
	sasl.kerberos.ticket.renew.window.factor = 0.8
	sasl.login.callback.handler.class = null
	sasl.login.class = null
	sasl.login.connect.timeout.ms = null
	sasl.login.read.timeout.ms = null
	sasl.login.refresh.buffer.seconds = 300
	sasl.login.refresh.min.period.seconds = 60
	sasl.login.refresh.window.factor = 0.8
	sasl.login.refresh.window.jitter = 0.05
	sasl.login.retry.backoff.max.ms = 10000
	sasl.login.retry.backoff.ms = 100
	sasl.mechanism = GSSAPI
	sasl.oauthbearer.clock.skew.seconds = 30
	sasl.oauthbearer.expected.audience = null
	sasl.oauthbearer.expected.issuer = null
	sasl.oauthbearer.header.urlencode = false
	sasl.oauthbearer.jwks.endpoint.refresh.ms = 3600000
	sasl.oauthbearer.jwks.endpoint.retry.backoff.max.ms = 10000
	sasl.oauthbearer.jwks.endpoint.retry.backoff.ms = 100
	sasl.oauthbearer.jwks.endpoint.url = null
	sasl.oauthbearer.scope.claim.name = scope
	sasl.oauthbearer.sub.claim.name = sub
	sasl.oauthbearer.token.endpoint.url = null
	security.protocol = PLAINTEXT
	security.providers = null
	send.buffer.bytes = 131072
	socket.connection.setup.timeout.max.ms = 30000
	socket.connection.setup.timeout.ms = 10000
	ssl.cipher.suites = null
	ssl.enabled.protocols = [TLSv1.2, TLSv1.3]
	ssl.endpoint.identification.algorithm = https
	ssl.engine.factory.class = null
	ssl.key.password = null
	ssl.keymanager.algorithm = SunX509
	ssl.keystore.certificate.chain = null
	ssl.keystore.key = null
	ssl.keystore.location = null
	ssl.keystore.password = null
	ssl.keystore.type = JKS
	ssl.protocol = TLSv1.3
	ssl.provider = null
	ssl.secure.random.implementation = null
	ssl.trustmanager.algorithm = PKIX
	ssl.truststore.certificates = null
	ssl.truststore.location = null
	ssl.truststore.password = null
	ssl.truststore.type = JKS
	transaction.timeout.ms = 60000
	transactional.id = null
	value.serializer = class org.apache.kafka.common.serialization.StringSerializer

2026-09-28T23:14:26.697-04:00 INFO  [main] o.a.k.c.t.i.KafkaMetricsCollector [req=?,e2e=E2E-KFK-OUT-NSF-001,txn=TXN-KFK-OUT-NSF-001] initializing Kafka metrics collector
2026-09-28T23:14:26.700-04:00 INFO  [main] o.a.kafka.clients.producer.KafkaProducer [req=?,e2e=E2E-KFK-OUT-NSF-001,txn=TXN-KFK-OUT-NSF-001] [Producer clientId=openfednow-producer-1] Instantiated an idempotent producer.
2026-09-28T23:14:26.703-04:00 INFO  [main] o.a.kafka.common.utils.AppInfoParser [req=?,e2e=E2E-KFK-OUT-NSF-001,txn=TXN-KFK-OUT-NSF-001] Kafka version: 3.9.2
2026-09-28T23:14:26.703-04:00 INFO  [main] o.a.kafka.common.utils.AppInfoParser [req=?,e2e=E2E-KFK-OUT-NSF-001,txn=TXN-KFK-OUT-NSF-001] Kafka commitId: 5e9866f43ab8e7e4
2026-09-28T23:14:26.703-04:00 INFO  [main] o.a.kafka.common.utils.AppInfoParser [req=?,e2e=E2E-KFK-OUT-NSF-001,txn=TXN-KFK-OUT-NSF-001] Kafka startTimeMs: 1790651666703
2026-09-28T23:14:26.710-04:00 INFO  [kafka-producer-network-thread | openfednow-producer-1] org.apache.kafka.clients.Metadata [req=?,e2e=?,txn=?] [Producer clientId=openfednow-producer-1] Cluster ID: e2z-oEAtRRmhz6cZT9lhPg
2026-09-28T23:14:26.719-04:00 INFO  [main] org.apache.kafka.clients.Metadata [req=?,e2e=E2E-KFK-OUT-NSF-001,txn=TXN-KFK-OUT-NSF-001] [Consumer clientId=consumer-test-kafka-event-bus-1790651666664-1, groupId=test-kafka-event-bus-1790651666664] Cluster ID: e2z-oEAtRRmhz6cZT9lhPg
2026-09-28T23:14:26.825-04:00 INFO  [kafka-producer-network-thread | openfednow-producer-1] o.a.k.c.p.internals.TransactionManager [req=?,e2e=?,txn=?] [Producer clientId=openfednow-producer-1] ProducerId set to 0 with epoch 0
2026-09-28T23:14:26.834-04:00 INFO  [main] o.a.k.c.c.internals.ConsumerCoordinator [req=?,e2e=E2E-KFK-OUT-NSF-001,txn=TXN-KFK-OUT-NSF-001] [Consumer clientId=consumer-test-kafka-event-bus-1790651666664-1, groupId=test-kafka-event-bus-1790651666664] Discovered group coordinator localhost:64557 (id: 2147483646 rack: null)
2026-09-28T23:14:26.836-04:00 INFO  [main] o.a.k.c.c.internals.ConsumerCoordinator [req=?,e2e=E2E-KFK-OUT-NSF-001,txn=TXN-KFK-OUT-NSF-001] [Consumer clientId=consumer-test-kafka-event-bus-1790651666664-1, groupId=test-kafka-event-bus-1790651666664] (Re-)joining group
2026-09-28T23:14:26.847-04:00 INFO  [main] o.a.k.c.c.internals.ConsumerCoordinator [req=?,e2e=E2E-KFK-OUT-NSF-001,txn=TXN-KFK-OUT-NSF-001] [Consumer clientId=consumer-test-kafka-event-bus-1790651666664-1, groupId=test-kafka-event-bus-1790651666664] Request joining group due to: need to re-join with the given member-id: consumer-test-kafka-event-bus-1790651666664-1-d678b682-a3ef-4e66-8a0b-d8b024bd9d6c
2026-09-28T23:14:26.847-04:00 INFO  [main] o.a.k.c.c.internals.ConsumerCoordinator [req=?,e2e=E2E-KFK-OUT-NSF-001,txn=TXN-KFK-OUT-NSF-001] [Consumer clientId=consumer-test-kafka-event-bus-1790651666664-1, groupId=test-kafka-event-bus-1790651666664] (Re-)joining group
2026-09-28T23:14:26.850-04:00 DEBUG [kafka-producer-network-thread | openfednow-producer-1] i.o.events.KafkaPaymentEventPublisher [req=?,e2e=?,txn=?] PaymentEvent published type=OUTBOUND_PAYMENT_REJECTED txn=TXN-KFK-OUT-NSF-001 schemaVersion=1.0 partition=2 offset=0
2026-09-28T23:14:26.855-04:00 INFO  [main] o.a.k.c.c.internals.ConsumerCoordinator [req=?,e2e=E2E-KFK-OUT-NSF-001,txn=TXN-KFK-OUT-NSF-001] [Consumer clientId=consumer-test-kafka-event-bus-1790651666664-1, groupId=test-kafka-event-bus-1790651666664] Successfully joined group with generation Generation{generationId=1, memberId='consumer-test-kafka-event-bus-1790651666664-1-d678b682-a3ef-4e66-8a0b-d8b024bd9d6c', protocol='range'}
2026-09-28T23:14:26.857-04:00 INFO  [main] o.a.k.c.c.internals.ConsumerCoordinator [req=?,e2e=E2E-KFK-OUT-NSF-001,txn=TXN-KFK-OUT-NSF-001] [Consumer clientId=consumer-test-kafka-event-bus-1790651666664-1, groupId=test-kafka-event-bus-1790651666664] Finished assignment for group at generation 1: {consumer-test-kafka-event-bus-1790651666664-1-d678b682-a3ef-4e66-8a0b-d8b024bd9d6c=Assignment(partitions=[openfednow.payment.events-0, openfednow.payment.events-1, openfednow.payment.events-2])}
2026-09-28T23:14:26.864-04:00 INFO  [main] o.a.k.c.c.internals.ConsumerCoordinator [req=?,e2e=E2E-KFK-OUT-NSF-001,txn=TXN-KFK-OUT-NSF-001] [Consumer clientId=consumer-test-kafka-event-bus-1790651666664-1, groupId=test-kafka-event-bus-1790651666664] Successfully synced group in generation Generation{generationId=1, memberId='consumer-test-kafka-event-bus-1790651666664-1-d678b682-a3ef-4e66-8a0b-d8b024bd9d6c', protocol='range'}
2026-09-28T23:14:26.864-04:00 INFO  [main] o.a.k.c.c.internals.ConsumerCoordinator [req=?,e2e=E2E-KFK-OUT-NSF-001,txn=TXN-KFK-OUT-NSF-001] [Consumer clientId=consumer-test-kafka-event-bus-1790651666664-1, groupId=test-kafka-event-bus-1790651666664] Notifying assignor about the new Assignment(partitions=[openfednow.payment.events-0, openfednow.payment.events-1, openfednow.payment.events-2])
2026-09-28T23:14:26.865-04:00 INFO  [main] o.a.k.c.c.i.ConsumerRebalanceListenerInvoker [req=?,e2e=E2E-KFK-OUT-NSF-001,txn=TXN-KFK-OUT-NSF-001] [Consumer clientId=consumer-test-kafka-event-bus-1790651666664-1, groupId=test-kafka-event-bus-1790651666664] Adding newly assigned partitions: openfednow.payment.events-0, openfednow.payment.events-1, openfednow.payment.events-2
2026-09-28T23:14:26.870-04:00 INFO  [main] o.a.k.c.c.internals.ConsumerCoordinator [req=?,e2e=E2E-KFK-OUT-NSF-001,txn=TXN-KFK-OUT-NSF-001] [Consumer clientId=consumer-test-kafka-event-bus-1790651666664-1, groupId=test-kafka-event-bus-1790651666664] Found no committed offset for partition openfednow.payment.events-0
2026-09-28T23:14:26.870-04:00 INFO  [main] o.a.k.c.c.internals.ConsumerCoordinator [req=?,e2e=E2E-KFK-OUT-NSF-001,txn=TXN-KFK-OUT-NSF-001] [Consumer clientId=consumer-test-kafka-event-bus-1790651666664-1, groupId=test-kafka-event-bus-1790651666664] Found no committed offset for partition openfednow.payment.events-1
2026-09-28T23:14:26.870-04:00 INFO  [main] o.a.k.c.c.internals.ConsumerCoordinator [req=?,e2e=E2E-KFK-OUT-NSF-001,txn=TXN-KFK-OUT-NSF-001] [Consumer clientId=consumer-test-kafka-event-bus-1790651666664-1, groupId=test-kafka-event-bus-1790651666664] Found no committed offset for partition openfednow.payment.events-2
2026-09-28T23:14:26.875-04:00 INFO  [main] o.a.k.c.c.internals.SubscriptionState [req=?,e2e=E2E-KFK-OUT-NSF-001,txn=TXN-KFK-OUT-NSF-001] [Consumer clientId=consumer-test-kafka-event-bus-1790651666664-1, groupId=test-kafka-event-bus-1790651666664] Resetting offset for partition openfednow.payment.events-0 to position FetchPosition{offset=0, offsetEpoch=Optional.empty, currentLeader=LeaderAndEpoch{leader=Optional[localhost:64557 (id: 1 rack: null)], epoch=0}}.
2026-09-28T23:14:26.875-04:00 INFO  [main] o.a.k.c.c.internals.SubscriptionState [req=?,e2e=E2E-KFK-OUT-NSF-001,txn=TXN-KFK-OUT-NSF-001] [Consumer clientId=consumer-test-kafka-event-bus-1790651666664-1, groupId=test-kafka-event-bus-1790651666664] Resetting offset for partition openfednow.payment.events-1 to position FetchPosition{offset=0, offsetEpoch=Optional.empty, currentLeader=LeaderAndEpoch{leader=Optional[localhost:64557 (id: 1 rack: null)], epoch=0}}.
2026-09-28T23:14:26.875-04:00 INFO  [main] o.a.k.c.c.internals.SubscriptionState [req=?,e2e=E2E-KFK-OUT-NSF-001,txn=TXN-KFK-OUT-NSF-001] [Consumer clientId=consumer-test-kafka-event-bus-1790651666664-1, groupId=test-kafka-event-bus-1790651666664] Resetting offset for partition openfednow.payment.events-2 to position FetchPosition{offset=0, offsetEpoch=Optional.empty, currentLeader=LeaderAndEpoch{leader=Optional[localhost:64557 (id: 1 rack: null)], epoch=0}}.
2026-09-28T23:14:26.894-04:00 INFO  [main] o.a.k.c.c.i.ConsumerRebalanceListenerInvoker [req=?,e2e=E2E-KFK-OUT-NSF-001,txn=TXN-KFK-OUT-NSF-001] [Consumer clientId=consumer-test-kafka-event-bus-1790651666664-1, groupId=test-kafka-event-bus-1790651666664] Revoke previously assigned partitions openfednow.payment.events-0, openfednow.payment.events-1, openfednow.payment.events-2
2026-09-28T23:14:26.895-04:00 INFO  [main] o.a.k.c.c.internals.ConsumerCoordinator [req=?,e2e=E2E-KFK-OUT-NSF-001,txn=TXN-KFK-OUT-NSF-001] [Consumer clientId=consumer-test-kafka-event-bus-1790651666664-1, groupId=test-kafka-event-bus-1790651666664] Member consumer-test-kafka-event-bus-1790651666664-1-d678b682-a3ef-4e66-8a0b-d8b024bd9d6c sending LeaveGroup request to coordinator localhost:64557 (id: 2147483646 rack: null) due to the consumer is being closed
2026-09-28T23:14:26.895-04:00 INFO  [main] o.a.k.c.c.internals.ConsumerCoordinator [req=?,e2e=E2E-KFK-OUT-NSF-001,txn=TXN-KFK-OUT-NSF-001] [Consumer clientId=consumer-test-kafka-event-bus-1790651666664-1, groupId=test-kafka-event-bus-1790651666664] Resetting generation and member id due to: consumer pro-actively leaving the group
2026-09-28T23:14:26.895-04:00 INFO  [main] o.a.k.c.c.internals.ConsumerCoordinator [req=?,e2e=E2E-KFK-OUT-NSF-001,txn=TXN-KFK-OUT-NSF-001] [Consumer clientId=consumer-test-kafka-event-bus-1790651666664-1, groupId=test-kafka-event-bus-1790651666664] Request joining group due to: consumer pro-actively leaving the group
2026-09-28T23:14:27.407-04:00 INFO  [main] org.apache.kafka.common.metrics.Metrics [req=?,e2e=E2E-KFK-OUT-NSF-001,txn=TXN-KFK-OUT-NSF-001] Metrics scheduler closed
2026-09-28T23:14:27.407-04:00 INFO  [main] org.apache.kafka.common.metrics.Metrics [req=?,e2e=E2E-KFK-OUT-NSF-001,txn=TXN-KFK-OUT-NSF-001] Closing reporter org.apache.kafka.common.metrics.JmxReporter
2026-09-28T23:14:27.407-04:00 INFO  [main] org.apache.kafka.common.metrics.Metrics [req=?,e2e=E2E-KFK-OUT-NSF-001,txn=TXN-KFK-OUT-NSF-001] Closing reporter org.apache.kafka.common.telemetry.internals.ClientTelemetryReporter
2026-09-28T23:14:27.407-04:00 INFO  [main] org.apache.kafka.common.metrics.Metrics [req=?,e2e=E2E-KFK-OUT-NSF-001,txn=TXN-KFK-OUT-NSF-001] Metrics reporters closed
2026-09-28T23:14:27.410-04:00 INFO  [main] o.a.kafka.common.utils.AppInfoParser [req=?,e2e=E2E-KFK-OUT-NSF-001,txn=TXN-KFK-OUT-NSF-001] App info kafka.consumer for consumer-test-kafka-event-bus-1790651666664-1 unregistered
2026-09-28T23:14:27.422-04:00 INFO  [main] o.a.k.clients.consumer.ConsumerConfig [req=?,e2e=E2E-KFK-OUT-NSF-001,txn=TXN-KFK-OUT-NSF-001] ConsumerConfig values: 
	allow.auto.create.topics = true
	auto.commit.interval.ms = 5000
	auto.include.jmx.reporter = true
	auto.offset.reset = earliest
	bootstrap.servers = [PLAINTEXT://localhost:64557]
	check.crcs = true
	client.dns.lookup = use_all_dns_ips
	client.id = consumer-test-kafka-event-bus-1790651667422-2
	client.rack = 
	connections.max.idle.ms = 540000
	default.api.timeout.ms = 60000
	enable.auto.commit = true
	enable.metrics.push = true
	exclude.internal.topics = true
	fetch.max.bytes = 52428800
	fetch.max.wait.ms = 500
	fetch.min.bytes = 1
	group.id = test-kafka-event-bus-1790651667422
	group.instance.id = null
	group.protocol = classic
	group.remote.assignor = null
	heartbeat.interval.ms = 3000
	interceptor.classes = []
	internal.leave.group.on.close = true
	internal.throw.on.fetch.stable.offset.unsupported = false
	isolation.level = read_uncommitted
	key.deserializer = class org.apache.kafka.common.serialization.StringDeserializer
	max.partition.fetch.bytes = 1048576
	max.poll.interval.ms = 300000
	max.poll.records = 500
	metadata.max.age.ms = 300000
	metadata.recovery.strategy = none
	metric.reporters = []
	metrics.num.samples = 2
	metrics.recording.level = INFO
	metrics.sample.window.ms = 30000
	partition.assignment.strategy = [class org.apache.kafka.clients.consumer.RangeAssignor, class org.apache.kafka.clients.consumer.CooperativeStickyAssignor]
	receive.buffer.bytes = 65536
	reconnect.backoff.max.ms = 1000
	reconnect.backoff.ms = 50
	request.timeout.ms = 30000
	retry.backoff.max.ms = 1000
	retry.backoff.ms = 100
	sasl.client.callback.handler.class = null
	sasl.jaas.config = null
	sasl.kerberos.kinit.cmd = /usr/bin/kinit
	sasl.kerberos.min.time.before.relogin = 60000
	sasl.kerberos.service.name = null
	sasl.kerberos.ticket.renew.jitter = 0.05
	sasl.kerberos.ticket.renew.window.factor = 0.8
	sasl.login.callback.handler.class = null
	sasl.login.class = null
	sasl.login.connect.timeout.ms = null
	sasl.login.read.timeout.ms = null
	sasl.login.refresh.buffer.seconds = 300
	sasl.login.refresh.min.period.seconds = 60
	sasl.login.refresh.window.factor = 0.8
	sasl.login.refresh.window.jitter = 0.05
	sasl.login.retry.backoff.max.ms = 10000
	sasl.login.retry.backoff.ms = 100
	sasl.mechanism = GSSAPI
	sasl.oauthbearer.clock.skew.seconds = 30
	sasl.oauthbearer.expected.audience = null
	sasl.oauthbearer.expected.issuer = null
	sasl.oauthbearer.header.urlencode = false
	sasl.oauthbearer.jwks.endpoint.refresh.ms = 3600000
	sasl.oauthbearer.jwks.endpoint.retry.backoff.max.ms = 10000
	sasl.oauthbearer.jwks.endpoint.retry.backoff.ms = 100
	sasl.oauthbearer.jwks.endpoint.url = null
	sasl.oauthbearer.scope.claim.name = scope
	sasl.oauthbearer.sub.claim.name = sub
	sasl.oauthbearer.token.endpoint.url = null
	security.protocol = PLAINTEXT
	security.providers = null
	send.buffer.bytes = 131072
	session.timeout.ms = 45000
	socket.connection.setup.timeout.max.ms = 30000
	socket.connection.setup.timeout.ms = 10000
	ssl.cipher.suites = null
	ssl.enabled.protocols = [TLSv1.2, TLSv1.3]
	ssl.endpoint.identification.algorithm = https
	ssl.engine.factory.class = null
	ssl.key.password = null
	ssl.keymanager.algorithm = SunX509
	ssl.keystore.certificate.chain = null
	ssl.keystore.key = null
	ssl.keystore.location = null
	ssl.keystore.password = null
	ssl.keystore.type = JKS
	ssl.protocol = TLSv1.3
	ssl.provider = null
	ssl.secure.random.implementation = null
	ssl.trustmanager.algorithm = PKIX
	ssl.truststore.certificates = null
	ssl.truststore.location = null
	ssl.truststore.password = null
	ssl.truststore.type = JKS
	value.deserializer = class org.apache.kafka.common.serialization.StringDeserializer

2026-09-28T23:14:27.422-04:00 INFO  [main] o.a.k.c.t.i.KafkaMetricsCollector [req=?,e2e=E2E-KFK-OUT-NSF-001,txn=TXN-KFK-OUT-NSF-001] initializing Kafka metrics collector
2026-09-28T23:14:27.424-04:00 INFO  [main] o.a.kafka.common.utils.AppInfoParser [req=?,e2e=E2E-KFK-OUT-NSF-001,txn=TXN-KFK-OUT-NSF-001] Kafka version: 3.9.2
2026-09-28T23:14:27.424-04:00 INFO  [main] o.a.kafka.common.utils.AppInfoParser [req=?,e2e=E2E-KFK-OUT-NSF-001,txn=TXN-KFK-OUT-NSF-001] Kafka commitId: 5e9866f43ab8e7e4
2026-09-28T23:14:27.424-04:00 INFO  [main] o.a.kafka.common.utils.AppInfoParser [req=?,e2e=E2E-KFK-OUT-NSF-001,txn=TXN-KFK-OUT-NSF-001] Kafka startTimeMs: 1790651667424
2026-09-28T23:14:27.424-04:00 INFO  [main] o.a.k.c.c.internals.ClassicKafkaConsumer [req=?,e2e=E2E-KFK-OUT-NSF-001,txn=TXN-KFK-OUT-NSF-001] [Consumer clientId=consumer-test-kafka-event-bus-1790651667422-2, groupId=test-kafka-event-bus-1790651667422] Subscribed to topic(s): openfednow.payment.events
2026-09-28T23:14:27.425-04:00 INFO  [main] io.openfednow.gateway.MessageRouter [req=?,e2e=E2E-KFK-TYPE-001,txn=TXN-KFK-TYPE-001] Inbound credit transfer received amount=50.00 currency=USD sourceRail=FEDNOW
2026-09-28T23:14:27.426-04:00 INFO  [main] i.o.processing.saga.SagaOrchestrator [req=?,e2e=E2E-KFK-TYPE-001,txn=TXN-KFK-TYPE-001] Saga initiated sagaId=SAGA-78d19190-d6dc-49ec-b90e-e4a254f3a805 transactionId=TXN-KFK-TYPE-001 e2e=E2E-KFK-TYPE-001 sourceRail=FEDNOW requestId=null
2026-09-28T23:14:27.428-04:00 INFO  [main] io.openfednow.shadowledger.ShadowLedger [req=?,e2e=E2E-KFK-TYPE-001,txn=TXN-KFK-TYPE-001] Shadow Ledger credit applied account=ACC-CREDITOR-001 amount=50.00 balanceAfter=50.00
2026-09-28T23:14:27.428-04:00 DEBUG [main] i.o.processing.saga.SagaOrchestrator [req=?,e2e=E2E-KFK-TYPE-001,txn=TXN-KFK-TYPE-001] Saga advanced sagaId=SAGA-78d19190-d6dc-49ec-b90e-e4a254f3a805 state=FUNDS_RESERVED
2026-09-28T23:14:27.429-04:00 DEBUG [main] i.o.processing.saga.SagaOrchestrator [req=?,e2e=E2E-KFK-TYPE-001,txn=TXN-KFK-TYPE-001] Saga advanced sagaId=SAGA-78d19190-d6dc-49ec-b90e-e4a254f3a805 state=CORE_SUBMITTED
2026-09-28T23:14:27.429-04:00 DEBUG [main] i.o.processing.saga.SagaOrchestrator [req=?,e2e=E2E-KFK-TYPE-001,txn=TXN-KFK-TYPE-001] Saga advanced sagaId=SAGA-78d19190-d6dc-49ec-b90e-e4a254f3a805 state=FEDNOW_CONFIRMED
2026-09-28T23:14:27.429-04:00 DEBUG [main] i.o.processing.saga.SagaOrchestrator [req=?,e2e=E2E-KFK-TYPE-001,txn=TXN-KFK-TYPE-001] Saga advanced sagaId=SAGA-78d19190-d6dc-49ec-b90e-e4a254f3a805 state=COMPLETED
2026-09-28T23:14:27.430-04:00 INFO  [main] io.openfednow.gateway.MessageRouter [req=?,e2e=E2E-KFK-TYPE-001,txn=TXN-KFK-TYPE-001] Inbound credit transfer status=ACSC rejectCode=null
2026-09-28T23:14:27.430-04:00 DEBUG [main] i.o.p.idempotency.IdempotencyService [req=?,e2e=E2E-KFK-TYPE-001,txn=TXN-KFK-TYPE-001] Idempotency outcome recorded e2e=E2E-KFK-TYPE-001 status=ACSC
2026-09-28T23:14:27.433-04:00 DEBUG [kafka-producer-network-thread | openfednow-producer-1] i.o.events.KafkaPaymentEventPublisher [req=?,e2e=?,txn=?] PaymentEvent published type=INBOUND_CREDIT_APPLIED txn=TXN-KFK-TYPE-001 schemaVersion=1.0 partition=1 offset=0
2026-09-28T23:14:27.435-04:00 INFO  [main] org.apache.kafka.clients.Metadata [req=?,e2e=E2E-KFK-TYPE-001,txn=TXN-KFK-TYPE-001] [Consumer clientId=consumer-test-kafka-event-bus-1790651667422-2, groupId=test-kafka-event-bus-1790651667422] Cluster ID: e2z-oEAtRRmhz6cZT9lhPg
2026-09-28T23:14:27.436-04:00 INFO  [main] o.a.k.c.c.internals.ConsumerCoordinator [req=?,e2e=E2E-KFK-TYPE-001,txn=TXN-KFK-TYPE-001] [Consumer clientId=consumer-test-kafka-event-bus-1790651667422-2, groupId=test-kafka-event-bus-1790651667422] Discovered group coordinator localhost:64557 (id: 2147483646 rack: null)
2026-09-28T23:14:27.436-04:00 INFO  [main] o.a.k.c.c.internals.ConsumerCoordinator [req=?,e2e=E2E-KFK-TYPE-001,txn=TXN-KFK-TYPE-001] [Consumer clientId=consumer-test-kafka-event-bus-1790651667422-2, groupId=test-kafka-event-bus-1790651667422] (Re-)joining group
2026-09-28T23:14:27.439-04:00 INFO  [main] o.a.k.c.c.internals.ConsumerCoordinator [req=?,e2e=E2E-KFK-TYPE-001,txn=TXN-KFK-TYPE-001] [Consumer clientId=consumer-test-kafka-event-bus-1790651667422-2, groupId=test-kafka-event-bus-1790651667422] Request joining group due to: need to re-join with the given member-id: consumer-test-kafka-event-bus-1790651667422-2-a1d8734f-4b52-4b64-931d-686ad1826c2b
2026-09-28T23:14:27.440-04:00 INFO  [main] o.a.k.c.c.internals.ConsumerCoordinator [req=?,e2e=E2E-KFK-TYPE-001,txn=TXN-KFK-TYPE-001] [Consumer clientId=consumer-test-kafka-event-bus-1790651667422-2, groupId=test-kafka-event-bus-1790651667422] (Re-)joining group
2026-09-28T23:14:27.442-04:00 INFO  [main] o.a.k.c.c.internals.ConsumerCoordinator [req=?,e2e=E2E-KFK-TYPE-001,txn=TXN-KFK-TYPE-001] [Consumer clientId=consumer-test-kafka-event-bus-1790651667422-2, groupId=test-kafka-event-bus-1790651667422] Successfully joined group with generation Generation{generationId=1, memberId='consumer-test-kafka-event-bus-1790651667422-2-a1d8734f-4b52-4b64-931d-686ad1826c2b', protocol='range'}
2026-09-28T23:14:27.442-04:00 INFO  [main] o.a.k.c.c.internals.ConsumerCoordinator [req=?,e2e=E2E-KFK-TYPE-001,txn=TXN-KFK-TYPE-001] [Consumer clientId=consumer-test-kafka-event-bus-1790651667422-2, groupId=test-kafka-event-bus-1790651667422] Finished assignment for group at generation 1: {consumer-test-kafka-event-bus-1790651667422-2-a1d8734f-4b52-4b64-931d-686ad1826c2b=Assignment(partitions=[openfednow.payment.events-0, openfednow.payment.events-1, openfednow.payment.events-2])}
2026-09-28T23:14:27.445-04:00 INFO  [main] o.a.k.c.c.internals.ConsumerCoordinator [req=?,e2e=E2E-KFK-TYPE-001,txn=TXN-KFK-TYPE-001] [Consumer clientId=consumer-test-kafka-event-bus-1790651667422-2, groupId=test-kafka-event-bus-1790651667422] Successfully synced group in generation Generation{generationId=1, memberId='consumer-test-kafka-event-bus-1790651667422-2-a1d8734f-4b52-4b64-931d-686ad1826c2b', protocol='range'}
2026-09-28T23:14:27.445-04:00 INFO  [main] o.a.k.c.c.internals.ConsumerCoordinator [req=?,e2e=E2E-KFK-TYPE-001,txn=TXN-KFK-TYPE-001] [Consumer clientId=consumer-test-kafka-event-bus-1790651667422-2, groupId=test-kafka-event-bus-1790651667422] Notifying assignor about the new Assignment(partitions=[openfednow.payment.events-0, openfednow.payment.events-1, openfednow.payment.events-2])
2026-09-28T23:14:27.445-04:00 INFO  [main] o.a.k.c.c.i.ConsumerRebalanceListenerInvoker [req=?,e2e=E2E-KFK-TYPE-001,txn=TXN-KFK-TYPE-001] [Consumer clientId=consumer-test-kafka-event-bus-1790651667422-2, groupId=test-kafka-event-bus-1790651667422] Adding newly assigned partitions: openfednow.payment.events-0, openfednow.payment.events-1, openfednow.payment.events-2
2026-09-28T23:14:27.446-04:00 INFO  [main] o.a.k.c.c.internals.ConsumerCoordinator [req=?,e2e=E2E-KFK-TYPE-001,txn=TXN-KFK-TYPE-001] [Consumer clientId=consumer-test-kafka-event-bus-1790651667422-2, groupId=test-kafka-event-bus-1790651667422] Found no committed offset for partition openfednow.payment.events-0
2026-09-28T23:14:27.446-04:00 INFO  [main] o.a.k.c.c.internals.ConsumerCoordinator [req=?,e2e=E2E-KFK-TYPE-001,txn=TXN-KFK-TYPE-001] [Consumer clientId=consumer-test-kafka-event-bus-1790651667422-2, groupId=test-kafka-event-bus-1790651667422] Found no committed offset for partition openfednow.payment.events-1
2026-09-28T23:14:27.446-04:00 INFO  [main] o.a.k.c.c.internals.ConsumerCoordinator [req=?,e2e=E2E-KFK-TYPE-001,txn=TXN-KFK-TYPE-001] [Consumer clientId=consumer-test-kafka-event-bus-1790651667422-2, groupId=test-kafka-event-bus-1790651667422] Found no committed offset for partition openfednow.payment.events-2
2026-09-28T23:14:27.449-04:00 INFO  [main] o.a.k.c.c.internals.SubscriptionState [req=?,e2e=E2E-KFK-TYPE-001,txn=TXN-KFK-TYPE-001] [Consumer clientId=consumer-test-kafka-event-bus-1790651667422-2, groupId=test-kafka-event-bus-1790651667422] Resetting offset for partition openfednow.payment.events-0 to position FetchPosition{offset=0, offsetEpoch=Optional.empty, currentLeader=LeaderAndEpoch{leader=Optional[localhost:64557 (id: 1 rack: null)], epoch=0}}.
2026-09-28T23:14:27.449-04:00 INFO  [main] o.a.k.c.c.internals.SubscriptionState [req=?,e2e=E2E-KFK-TYPE-001,txn=TXN-KFK-TYPE-001] [Consumer clientId=consumer-test-kafka-event-bus-1790651667422-2, groupId=test-kafka-event-bus-1790651667422] Resetting offset for partition openfednow.payment.events-1 to position FetchPosition{offset=0, offsetEpoch=Optional.empty, currentLeader=LeaderAndEpoch{leader=Optional[localhost:64557 (id: 1 rack: null)], epoch=0}}.
2026-09-28T23:14:27.449-04:00 INFO  [main] o.a.k.c.c.internals.SubscriptionState [req=?,e2e=E2E-KFK-TYPE-001,txn=TXN-KFK-TYPE-001] [Consumer clientId=consumer-test-kafka-event-bus-1790651667422-2, groupId=test-kafka-event-bus-1790651667422] Resetting offset for partition openfednow.payment.events-2 to position FetchPosition{offset=0, offsetEpoch=Optional.empty, currentLeader=LeaderAndEpoch{leader=Optional[localhost:64557 (id: 1 rack: null)], epoch=0}}.
2026-09-28T23:14:27.454-04:00 INFO  [main] o.a.k.c.c.i.ConsumerRebalanceListenerInvoker [req=?,e2e=E2E-KFK-TYPE-001,txn=TXN-KFK-TYPE-001] [Consumer clientId=consumer-test-kafka-event-bus-1790651667422-2, groupId=test-kafka-event-bus-1790651667422] Revoke previously assigned partitions openfednow.payment.events-0, openfednow.payment.events-1, openfednow.payment.events-2
2026-09-28T23:14:27.454-04:00 INFO  [main] o.a.k.c.c.internals.ConsumerCoordinator [req=?,e2e=E2E-KFK-TYPE-001,txn=TXN-KFK-TYPE-001] [Consumer clientId=consumer-test-kafka-event-bus-1790651667422-2, groupId=test-kafka-event-bus-1790651667422] Member consumer-test-kafka-event-bus-1790651667422-2-a1d8734f-4b52-4b64-931d-686ad1826c2b sending LeaveGroup request to coordinator localhost:64557 (id: 2147483646 rack: null) due to the consumer is being closed
2026-09-28T23:14:27.454-04:00 INFO  [main] o.a.k.c.c.internals.ConsumerCoordinator [req=?,e2e=E2E-KFK-TYPE-001,txn=TXN-KFK-TYPE-001] [Consumer clientId=consumer-test-kafka-event-bus-1790651667422-2, groupId=test-kafka-event-bus-1790651667422] Resetting generation and member id due to: consumer pro-actively leaving the group
2026-09-28T23:14:27.454-04:00 INFO  [main] o.a.k.c.c.internals.ConsumerCoordinator [req=?,e2e=E2E-KFK-TYPE-001,txn=TXN-KFK-TYPE-001] [Consumer clientId=consumer-test-kafka-event-bus-1790651667422-2, groupId=test-kafka-event-bus-1790651667422] Request joining group due to: consumer pro-actively leaving the group
2026-09-28T23:14:27.959-04:00 INFO  [main] org.apache.kafka.common.metrics.Metrics [req=?,e2e=E2E-KFK-TYPE-001,txn=TXN-KFK-TYPE-001] Metrics scheduler closed
2026-09-28T23:14:27.959-04:00 INFO  [main] org.apache.kafka.common.metrics.Metrics [req=?,e2e=E2E-KFK-TYPE-001,txn=TXN-KFK-TYPE-001] Closing reporter org.apache.kafka.common.metrics.JmxReporter
2026-09-28T23:14:27.959-04:00 INFO  [main] org.apache.kafka.common.metrics.Metrics [req=?,e2e=E2E-KFK-TYPE-001,txn=TXN-KFK-TYPE-001] Closing reporter org.apache.kafka.common.telemetry.internals.ClientTelemetryReporter
2026-09-28T23:14:27.959-04:00 INFO  [main] org.apache.kafka.common.metrics.Metrics [req=?,e2e=E2E-KFK-TYPE-001,txn=TXN-KFK-TYPE-001] Metrics reporters closed
2026-09-28T23:14:27.960-04:00 INFO  [main] o.a.kafka.common.utils.AppInfoParser [req=?,e2e=E2E-KFK-TYPE-001,txn=TXN-KFK-TYPE-001] App info kafka.consumer for consumer-test-kafka-event-bus-1790651667422-2 unregistered
2026-09-28T23:14:27.965-04:00 INFO  [main] o.a.k.clients.consumer.ConsumerConfig [req=?,e2e=E2E-KFK-TYPE-001,txn=TXN-KFK-TYPE-001] ConsumerConfig values: 
	allow.auto.create.topics = true
	auto.commit.interval.ms = 5000
	auto.include.jmx.reporter = true
	auto.offset.reset = earliest
	bootstrap.servers = [PLAINTEXT://localhost:64557]
	check.crcs = true
	client.dns.lookup = use_all_dns_ips
	client.id = consumer-test-kafka-event-bus-1790651667965-3
	client.rack = 
	connections.max.idle.ms = 540000
	default.api.timeout.ms = 60000
	enable.auto.commit = true
	enable.metrics.push = true
	exclude.internal.topics = true
	fetch.max.bytes = 52428800
	fetch.max.wait.ms = 500
	fetch.min.bytes = 1
	group.id = test-kafka-event-bus-1790651667965
	group.instance.id = null
	group.protocol = classic
	group.remote.assignor = null
	heartbeat.interval.ms = 3000
	interceptor.classes = []
	internal.leave.group.on.close = true
	internal.throw.on.fetch.stable.offset.unsupported = false
	isolation.level = read_uncommitted
	key.deserializer = class org.apache.kafka.common.serialization.StringDeserializer
	max.partition.fetch.bytes = 1048576
	max.poll.interval.ms = 300000
	max.poll.records = 500
	metadata.max.age.ms = 300000
	metadata.recovery.strategy = none
	metric.reporters = []
	metrics.num.samples = 2
	metrics.recording.level = INFO
	metrics.sample.window.ms = 30000
	partition.assignment.strategy = [class org.apache.kafka.clients.consumer.RangeAssignor, class org.apache.kafka.clients.consumer.CooperativeStickyAssignor]
	receive.buffer.bytes = 65536
	reconnect.backoff.max.ms = 1000
	reconnect.backoff.ms = 50
	request.timeout.ms = 30000
	retry.backoff.max.ms = 1000
	retry.backoff.ms = 100
	sasl.client.callback.handler.class = null
	sasl.jaas.config = null
	sasl.kerberos.kinit.cmd = /usr/bin/kinit
	sasl.kerberos.min.time.before.relogin = 60000
	sasl.kerberos.service.name = null
	sasl.kerberos.ticket.renew.jitter = 0.05
	sasl.kerberos.ticket.renew.window.factor = 0.8
	sasl.login.callback.handler.class = null
	sasl.login.class = null
	sasl.login.connect.timeout.ms = null
	sasl.login.read.timeout.ms = null
	sasl.login.refresh.buffer.seconds = 300
	sasl.login.refresh.min.period.seconds = 60
	sasl.login.refresh.window.factor = 0.8
	sasl.login.refresh.window.jitter = 0.05
	sasl.login.retry.backoff.max.ms = 10000
	sasl.login.retry.backoff.ms = 100
	sasl.mechanism = GSSAPI
	sasl.oauthbearer.clock.skew.seconds = 30
	sasl.oauthbearer.expected.audience = null
	sasl.oauthbearer.expected.issuer = null
	sasl.oauthbearer.header.urlencode = false
	sasl.oauthbearer.jwks.endpoint.refresh.ms = 3600000
	sasl.oauthbearer.jwks.endpoint.retry.backoff.max.ms = 10000
	sasl.oauthbearer.jwks.endpoint.retry.backoff.ms = 100
	sasl.oauthbearer.jwks.endpoint.url = null
	sasl.oauthbearer.scope.claim.name = scope
	sasl.oauthbearer.sub.claim.name = sub
	sasl.oauthbearer.token.endpoint.url = null
	security.protocol = PLAINTEXT
	security.providers = null
	send.buffer.bytes = 131072
	session.timeout.ms = 45000
	socket.connection.setup.timeout.max.ms = 30000
	socket.connection.setup.timeout.ms = 10000
	ssl.cipher.suites = null
	ssl.enabled.protocols = [TLSv1.2, TLSv1.3]
	ssl.endpoint.identification.algorithm = https
	ssl.engine.factory.class = null
	ssl.key.password = null
	ssl.keymanager.algorithm = SunX509
	ssl.keystore.certificate.chain = null
	ssl.keystore.key = null
	ssl.keystore.location = null
	ssl.keystore.password = null
	ssl.keystore.type = JKS
	ssl.protocol = TLSv1.3
	ssl.provider = null
	ssl.secure.random.implementation = null
	ssl.trustmanager.algorithm = PKIX
	ssl.truststore.certificates = null
	ssl.truststore.location = null
	ssl.truststore.password = null
	ssl.truststore.type = JKS
	value.deserializer = class org.apache.kafka.common.serialization.StringDeserializer

2026-09-28T23:14:27.966-04:00 INFO  [main] o.a.k.c.t.i.KafkaMetricsCollector [req=?,e2e=E2E-KFK-TYPE-001,txn=TXN-KFK-TYPE-001] initializing Kafka metrics collector
2026-09-28T23:14:27.966-04:00 INFO  [main] o.a.kafka.common.utils.AppInfoParser [req=?,e2e=E2E-KFK-TYPE-001,txn=TXN-KFK-TYPE-001] Kafka version: 3.9.2
2026-09-28T23:14:27.966-04:00 INFO  [main] o.a.kafka.common.utils.AppInfoParser [req=?,e2e=E2E-KFK-TYPE-001,txn=TXN-KFK-TYPE-001] Kafka commitId: 5e9866f43ab8e7e4
2026-09-28T23:14:27.966-04:00 INFO  [main] o.a.kafka.common.utils.AppInfoParser [req=?,e2e=E2E-KFK-TYPE-001,txn=TXN-KFK-TYPE-001] Kafka startTimeMs: 1790651667966
2026-09-28T23:14:27.966-04:00 INFO  [main] o.a.k.c.c.internals.ClassicKafkaConsumer [req=?,e2e=E2E-KFK-TYPE-001,txn=TXN-KFK-TYPE-001] [Consumer clientId=consumer-test-kafka-event-bus-1790651667965-3, groupId=test-kafka-event-bus-1790651667965] Subscribed to topic(s): openfednow.payment.events
2026-09-28T23:14:27.967-04:00 INFO  [main] io.openfednow.gateway.MessageRouter [req=?,e2e=E2E-KFK-OUT-001,txn=TXN-KFK-OUT-001] Outbound credit transfer received amount=150.00 currency=USD
2026-09-28T23:14:27.969-04:00 INFO  [main] i.o.processing.saga.SagaOrchestrator [req=?,e2e=E2E-KFK-OUT-001,txn=TXN-KFK-OUT-001] Saga initiated sagaId=SAGA-fb824f51-9afb-43bb-bb64-940142fc6a3b transactionId=TXN-KFK-OUT-001 e2e=E2E-KFK-OUT-001 sourceRail=FEDNOW requestId=null
2026-09-28T23:14:27.972-04:00 INFO  [main] io.openfednow.shadowledger.ShadowLedger [req=?,e2e=E2E-KFK-OUT-001,txn=TXN-KFK-OUT-001] Shadow Ledger debit applied account=ACC-DEBTOR-KAFKA-001 amount=150.00 balanceAfter=850.00
2026-09-28T23:14:27.973-04:00 DEBUG [main] i.o.processing.saga.SagaOrchestrator [req=?,e2e=E2E-KFK-OUT-001,txn=TXN-KFK-OUT-001] Saga advanced sagaId=SAGA-fb824f51-9afb-43bb-bb64-940142fc6a3b state=FUNDS_RESERVED
2026-09-28T23:14:27.973-04:00 DEBUG [main] i.o.processing.saga.SagaOrchestrator [req=?,e2e=E2E-KFK-OUT-001,txn=TXN-KFK-OUT-001] Saga advanced sagaId=SAGA-fb824f51-9afb-43bb-bb64-940142fc6a3b state=SUBMITTING
2026-09-28T23:14:27.974-04:00 DEBUG [main] i.o.processing.saga.SagaOrchestrator [req=?,e2e=E2E-KFK-OUT-001,txn=TXN-KFK-OUT-001] Saga advanced sagaId=SAGA-fb824f51-9afb-43bb-bb64-940142fc6a3b state=FEDNOW_CONFIRMED
2026-09-28T23:14:27.974-04:00 DEBUG [main] i.o.processing.saga.SagaOrchestrator [req=?,e2e=E2E-KFK-OUT-001,txn=TXN-KFK-OUT-001] Saga advanced sagaId=SAGA-fb824f51-9afb-43bb-bb64-940142fc6a3b state=COMPLETED
2026-09-28T23:14:27.974-04:00 INFO  [main] io.openfednow.gateway.MessageRouter [req=?,e2e=E2E-KFK-OUT-001,txn=TXN-KFK-OUT-001] Outbound credit transfer status=ACSC rejectCode=null
2026-09-28T23:14:27.975-04:00 DEBUG [main] i.o.p.idempotency.IdempotencyService [req=?,e2e=E2E-KFK-OUT-001,txn=TXN-KFK-OUT-001] Idempotency outcome recorded e2e=E2E-KFK-OUT-001 status=ACSC
2026-09-28T23:14:27.977-04:00 DEBUG [kafka-producer-network-thread | openfednow-producer-1] i.o.events.KafkaPaymentEventPublisher [req=?,e2e=?,txn=?] PaymentEvent published type=OUTBOUND_PAYMENT_COMPLETED txn=TXN-KFK-OUT-001 schemaVersion=1.0 partition=1 offset=1
2026-09-28T23:14:27.978-04:00 INFO  [main] org.apache.kafka.clients.Metadata [req=?,e2e=E2E-KFK-OUT-001,txn=TXN-KFK-OUT-001] [Consumer clientId=consumer-test-kafka-event-bus-1790651667965-3, groupId=test-kafka-event-bus-1790651667965] Cluster ID: e2z-oEAtRRmhz6cZT9lhPg
2026-09-28T23:14:27.979-04:00 INFO  [main] o.a.k.c.c.internals.ConsumerCoordinator [req=?,e2e=E2E-KFK-OUT-001,txn=TXN-KFK-OUT-001] [Consumer clientId=consumer-test-kafka-event-bus-1790651667965-3, groupId=test-kafka-event-bus-1790651667965] Discovered group coordinator localhost:64557 (id: 2147483646 rack: null)
2026-09-28T23:14:27.979-04:00 INFO  [main] o.a.k.c.c.internals.ConsumerCoordinator [req=?,e2e=E2E-KFK-OUT-001,txn=TXN-KFK-OUT-001] [Consumer clientId=consumer-test-kafka-event-bus-1790651667965-3, groupId=test-kafka-event-bus-1790651667965] (Re-)joining group
2026-09-28T23:14:27.983-04:00 INFO  [main] o.a.k.c.c.internals.ConsumerCoordinator [req=?,e2e=E2E-KFK-OUT-001,txn=TXN-KFK-OUT-001] [Consumer clientId=consumer-test-kafka-event-bus-1790651667965-3, groupId=test-kafka-event-bus-1790651667965] Request joining group due to: need to re-join with the given member-id: consumer-test-kafka-event-bus-1790651667965-3-fedbc11d-d5e4-4209-b6e4-ac3aea87421f
2026-09-28T23:14:27.983-04:00 INFO  [main] o.a.k.c.c.internals.ConsumerCoordinator [req=?,e2e=E2E-KFK-OUT-001,txn=TXN-KFK-OUT-001] [Consumer clientId=consumer-test-kafka-event-bus-1790651667965-3, groupId=test-kafka-event-bus-1790651667965] (Re-)joining group
2026-09-28T23:14:27.985-04:00 INFO  [main] o.a.k.c.c.internals.ConsumerCoordinator [req=?,e2e=E2E-KFK-OUT-001,txn=TXN-KFK-OUT-001] [Consumer clientId=consumer-test-kafka-event-bus-1790651667965-3, groupId=test-kafka-event-bus-1790651667965] Successfully joined group with generation Generation{generationId=1, memberId='consumer-test-kafka-event-bus-1790651667965-3-fedbc11d-d5e4-4209-b6e4-ac3aea87421f', protocol='range'}
2026-09-28T23:14:27.985-04:00 INFO  [main] o.a.k.c.c.internals.ConsumerCoordinator [req=?,e2e=E2E-KFK-OUT-001,txn=TXN-KFK-OUT-001] [Consumer clientId=consumer-test-kafka-event-bus-1790651667965-3, groupId=test-kafka-event-bus-1790651667965] Finished assignment for group at generation 1: {consumer-test-kafka-event-bus-1790651667965-3-fedbc11d-d5e4-4209-b6e4-ac3aea87421f=Assignment(partitions=[openfednow.payment.events-0, openfednow.payment.events-1, openfednow.payment.events-2])}
2026-09-28T23:14:27.987-04:00 INFO  [main] o.a.k.c.c.internals.ConsumerCoordinator [req=?,e2e=E2E-KFK-OUT-001,txn=TXN-KFK-OUT-001] [Consumer clientId=consumer-test-kafka-event-bus-1790651667965-3, groupId=test-kafka-event-bus-1790651667965] Successfully synced group in generation Generation{generationId=1, memberId='consumer-test-kafka-event-bus-1790651667965-3-fedbc11d-d5e4-4209-b6e4-ac3aea87421f', protocol='range'}
2026-09-28T23:14:27.987-04:00 INFO  [main] o.a.k.c.c.internals.ConsumerCoordinator [req=?,e2e=E2E-KFK-OUT-001,txn=TXN-KFK-OUT-001] [Consumer clientId=consumer-test-kafka-event-bus-1790651667965-3, groupId=test-kafka-event-bus-1790651667965] Notifying assignor about the new Assignment(partitions=[openfednow.payment.events-0, openfednow.payment.events-1, openfednow.payment.events-2])
2026-09-28T23:14:27.987-04:00 INFO  [main] o.a.k.c.c.i.ConsumerRebalanceListenerInvoker [req=?,e2e=E2E-KFK-OUT-001,txn=TXN-KFK-OUT-001] [Consumer clientId=consumer-test-kafka-event-bus-1790651667965-3, groupId=test-kafka-event-bus-1790651667965] Adding newly assigned partitions: openfednow.payment.events-0, openfednow.payment.events-1, openfednow.payment.events-2
2026-09-28T23:14:27.988-04:00 INFO  [main] o.a.k.c.c.internals.ConsumerCoordinator [req=?,e2e=E2E-KFK-OUT-001,txn=TXN-KFK-OUT-001] [Consumer clientId=consumer-test-kafka-event-bus-1790651667965-3, groupId=test-kafka-event-bus-1790651667965] Found no committed offset for partition openfednow.payment.events-0
2026-09-28T23:14:27.988-04:00 INFO  [main] o.a.k.c.c.internals.ConsumerCoordinator [req=?,e2e=E2E-KFK-OUT-001,txn=TXN-KFK-OUT-001] [Consumer clientId=consumer-test-kafka-event-bus-1790651667965-3, groupId=test-kafka-event-bus-1790651667965] Found no committed offset for partition openfednow.payment.events-1
2026-09-28T23:14:27.988-04:00 INFO  [main] o.a.k.c.c.internals.ConsumerCoordinator [req=?,e2e=E2E-KFK-OUT-001,txn=TXN-KFK-OUT-001] [Consumer clientId=consumer-test-kafka-event-bus-1790651667965-3, groupId=test-kafka-event-bus-1790651667965] Found no committed offset for partition openfednow.payment.events-2
2026-09-28T23:14:27.991-04:00 INFO  [main] o.a.k.c.c.internals.SubscriptionState [req=?,e2e=E2E-KFK-OUT-001,txn=TXN-KFK-OUT-001] [Consumer clientId=consumer-test-kafka-event-bus-1790651667965-3, groupId=test-kafka-event-bus-1790651667965] Resetting offset for partition openfednow.payment.events-0 to position FetchPosition{offset=0, offsetEpoch=Optional.empty, currentLeader=LeaderAndEpoch{leader=Optional[localhost:64557 (id: 1 rack: null)], epoch=0}}.
2026-09-28T23:14:27.991-04:00 INFO  [main] o.a.k.c.c.internals.SubscriptionState [req=?,e2e=E2E-KFK-OUT-001,txn=TXN-KFK-OUT-001] [Consumer clientId=consumer-test-kafka-event-bus-1790651667965-3, groupId=test-kafka-event-bus-1790651667965] Resetting offset for partition openfednow.payment.events-1 to position FetchPosition{offset=0, offsetEpoch=Optional.empty, currentLeader=LeaderAndEpoch{leader=Optional[localhost:64557 (id: 1 rack: null)], epoch=0}}.
2026-09-28T23:14:27.991-04:00 INFO  [main] o.a.k.c.c.internals.SubscriptionState [req=?,e2e=E2E-KFK-OUT-001,txn=TXN-KFK-OUT-001] [Consumer clientId=consumer-test-kafka-event-bus-1790651667965-3, groupId=test-kafka-event-bus-1790651667965] Resetting offset for partition openfednow.payment.events-2 to position FetchPosition{offset=0, offsetEpoch=Optional.empty, currentLeader=LeaderAndEpoch{leader=Optional[localhost:64557 (id: 1 rack: null)], epoch=0}}.
2026-09-28T23:14:27.996-04:00 INFO  [main] o.a.k.c.c.i.ConsumerRebalanceListenerInvoker [req=?,e2e=E2E-KFK-OUT-001,txn=TXN-KFK-OUT-001] [Consumer clientId=consumer-test-kafka-event-bus-1790651667965-3, groupId=test-kafka-event-bus-1790651667965] Revoke previously assigned partitions openfednow.payment.events-0, openfednow.payment.events-1, openfednow.payment.events-2
2026-09-28T23:14:27.996-04:00 INFO  [main] o.a.k.c.c.internals.ConsumerCoordinator [req=?,e2e=E2E-KFK-OUT-001,txn=TXN-KFK-OUT-001] [Consumer clientId=consumer-test-kafka-event-bus-1790651667965-3, groupId=test-kafka-event-bus-1790651667965] Member consumer-test-kafka-event-bus-1790651667965-3-fedbc11d-d5e4-4209-b6e4-ac3aea87421f sending LeaveGroup request to coordinator localhost:64557 (id: 2147483646 rack: null) due to the consumer is being closed
2026-09-28T23:14:27.996-04:00 INFO  [main] o.a.k.c.c.internals.ConsumerCoordinator [req=?,e2e=E2E-KFK-OUT-001,txn=TXN-KFK-OUT-001] [Consumer clientId=consumer-test-kafka-event-bus-1790651667965-3, groupId=test-kafka-event-bus-1790651667965] Resetting generation and member id due to: consumer pro-actively leaving the group
2026-09-28T23:14:27.996-04:00 INFO  [main] o.a.k.c.c.internals.ConsumerCoordinator [req=?,e2e=E2E-KFK-OUT-001,txn=TXN-KFK-OUT-001] [Consumer clientId=consumer-test-kafka-event-bus-1790651667965-3, groupId=test-kafka-event-bus-1790651667965] Request joining group due to: consumer pro-actively leaving the group
2026-09-28T23:14:28.507-04:00 INFO  [main] org.apache.kafka.common.metrics.Metrics [req=?,e2e=E2E-KFK-OUT-001,txn=TXN-KFK-OUT-001] Metrics scheduler closed
2026-09-28T23:14:28.508-04:00 INFO  [main] org.apache.kafka.common.metrics.Metrics [req=?,e2e=E2E-KFK-OUT-001,txn=TXN-KFK-OUT-001] Closing reporter org.apache.kafka.common.metrics.JmxReporter
2026-09-28T23:14:28.508-04:00 INFO  [main] org.apache.kafka.common.metrics.Metrics [req=?,e2e=E2E-KFK-OUT-001,txn=TXN-KFK-OUT-001] Closing reporter org.apache.kafka.common.telemetry.internals.ClientTelemetryReporter
2026-09-28T23:14:28.508-04:00 INFO  [main] org.apache.kafka.common.metrics.Metrics [req=?,e2e=E2E-KFK-OUT-001,txn=TXN-KFK-OUT-001] Metrics reporters closed
2026-09-28T23:14:28.510-04:00 INFO  [main] o.a.kafka.common.utils.AppInfoParser [req=?,e2e=E2E-KFK-OUT-001,txn=TXN-KFK-OUT-001] App info kafka.consumer for consumer-test-kafka-event-bus-1790651667965-3 unregistered
2026-09-28T23:14:28.522-04:00 INFO  [main] o.a.k.clients.consumer.ConsumerConfig [req=?,e2e=E2E-KFK-OUT-001,txn=TXN-KFK-OUT-001] ConsumerConfig values: 
	allow.auto.create.topics = true
	auto.commit.interval.ms = 5000
	auto.include.jmx.reporter = true
	auto.offset.reset = earliest
	bootstrap.servers = [PLAINTEXT://localhost:64557]
	check.crcs = true
	client.dns.lookup = use_all_dns_ips
	client.id = consumer-test-kafka-event-bus-1790651668521-4
	client.rack = 
	connections.max.idle.ms = 540000
	default.api.timeout.ms = 60000
	enable.auto.commit = true
	enable.metrics.push = true
	exclude.internal.topics = true
	fetch.max.bytes = 52428800
	fetch.max.wait.ms = 500
	fetch.min.bytes = 1
	group.id = test-kafka-event-bus-1790651668521
	group.instance.id = null
	group.protocol = classic
	group.remote.assignor = null
	heartbeat.interval.ms = 3000
	interceptor.classes = []
	internal.leave.group.on.close = true
	internal.throw.on.fetch.stable.offset.unsupported = false
	isolation.level = read_uncommitted
	key.deserializer = class org.apache.kafka.common.serialization.StringDeserializer
	max.partition.fetch.bytes = 1048576
	max.poll.interval.ms = 300000
	max.poll.records = 500
	metadata.max.age.ms = 300000
	metadata.recovery.strategy = none
	metric.reporters = []
	metrics.num.samples = 2
	metrics.recording.level = INFO
	metrics.sample.window.ms = 30000
	partition.assignment.strategy = [class org.apache.kafka.clients.consumer.RangeAssignor, class org.apache.kafka.clients.consumer.CooperativeStickyAssignor]
	receive.buffer.bytes = 65536
	reconnect.backoff.max.ms = 1000
	reconnect.backoff.ms = 50
	request.timeout.ms = 30000
	retry.backoff.max.ms = 1000
	retry.backoff.ms = 100
	sasl.client.callback.handler.class = null
	sasl.jaas.config = null
	sasl.kerberos.kinit.cmd = /usr/bin/kinit
	sasl.kerberos.min.time.before.relogin = 60000
	sasl.kerberos.service.name = null
	sasl.kerberos.ticket.renew.jitter = 0.05
	sasl.kerberos.ticket.renew.window.factor = 0.8
	sasl.login.callback.handler.class = null
	sasl.login.class = null
	sasl.login.connect.timeout.ms = null
	sasl.login.read.timeout.ms = null
	sasl.login.refresh.buffer.seconds = 300
	sasl.login.refresh.min.period.seconds = 60
	sasl.login.refresh.window.factor = 0.8
	sasl.login.refresh.window.jitter = 0.05
	sasl.login.retry.backoff.max.ms = 10000
	sasl.login.retry.backoff.ms = 100
	sasl.mechanism = GSSAPI
	sasl.oauthbearer.clock.skew.seconds = 30
	sasl.oauthbearer.expected.audience = null
	sasl.oauthbearer.expected.issuer = null
	sasl.oauthbearer.header.urlencode = false
	sasl.oauthbearer.jwks.endpoint.refresh.ms = 3600000
	sasl.oauthbearer.jwks.endpoint.retry.backoff.max.ms = 10000
	sasl.oauthbearer.jwks.endpoint.retry.backoff.ms = 100
	sasl.oauthbearer.jwks.endpoint.url = null
	sasl.oauthbearer.scope.claim.name = scope
	sasl.oauthbearer.sub.claim.name = sub
	sasl.oauthbearer.token.endpoint.url = null
	security.protocol = PLAINTEXT
	security.providers = null
	send.buffer.bytes = 131072
	session.timeout.ms = 45000
	socket.connection.setup.timeout.max.ms = 30000
	socket.connection.setup.timeout.ms = 10000
	ssl.cipher.suites = null
	ssl.enabled.protocols = [TLSv1.2, TLSv1.3]
	ssl.endpoint.identification.algorithm = https
	ssl.engine.factory.class = null
	ssl.key.password = null
	ssl.keymanager.algorithm = SunX509
	ssl.keystore.certificate.chain = null
	ssl.keystore.key = null
	ssl.keystore.location = null
	ssl.keystore.password = null
	ssl.keystore.type = JKS
	ssl.protocol = TLSv1.3
	ssl.provider = null
	ssl.secure.random.implementation = null
	ssl.trustmanager.algorithm = PKIX
	ssl.truststore.certificates = null
	ssl.truststore.location = null
	ssl.truststore.password = null
	ssl.truststore.type = JKS
	value.deserializer = class org.apache.kafka.common.serialization.StringDeserializer

2026-09-28T23:14:28.522-04:00 INFO  [main] o.a.k.c.t.i.KafkaMetricsCollector [req=?,e2e=E2E-KFK-OUT-001,txn=TXN-KFK-OUT-001] initializing Kafka metrics collector
2026-09-28T23:14:28.524-04:00 INFO  [main] o.a.kafka.common.utils.AppInfoParser [req=?,e2e=E2E-KFK-OUT-001,txn=TXN-KFK-OUT-001] Kafka version: 3.9.2
2026-09-28T23:14:28.524-04:00 INFO  [main] o.a.kafka.common.utils.AppInfoParser [req=?,e2e=E2E-KFK-OUT-001,txn=TXN-KFK-OUT-001] Kafka commitId: 5e9866f43ab8e7e4
2026-09-28T23:14:28.524-04:00 INFO  [main] o.a.kafka.common.utils.AppInfoParser [req=?,e2e=E2E-KFK-OUT-001,txn=TXN-KFK-OUT-001] Kafka startTimeMs: 1790651668524
2026-09-28T23:14:28.524-04:00 INFO  [main] o.a.k.c.c.internals.ClassicKafkaConsumer [req=?,e2e=E2E-KFK-OUT-001,txn=TXN-KFK-OUT-001] [Consumer clientId=consumer-test-kafka-event-bus-1790651668521-4, groupId=test-kafka-event-bus-1790651668521] Subscribed to topic(s): openfednow.payment.events
2026-09-28T23:14:28.524-04:00 INFO  [main] io.openfednow.gateway.MessageRouter [req=?,e2e=E2E-KFK-PFLD-001,txn=TXN-KFK-PFLD-001] Inbound credit transfer received amount=100.00 currency=USD sourceRail=FEDNOW
2026-09-28T23:14:28.526-04:00 INFO  [main] i.o.processing.saga.SagaOrchestrator [req=?,e2e=E2E-KFK-PFLD-001,txn=TXN-KFK-PFLD-001] Saga initiated sagaId=SAGA-41936a28-117a-4225-953b-8da1a9e27763 transactionId=TXN-KFK-PFLD-001 e2e=E2E-KFK-PFLD-001 sourceRail=FEDNOW requestId=null
2026-09-28T23:14:28.527-04:00 INFO  [main] io.openfednow.shadowledger.ShadowLedger [req=?,e2e=E2E-KFK-PFLD-001,txn=TXN-KFK-PFLD-001] Shadow Ledger credit applied account=ACC-CREDITOR-001 amount=100.00 balanceAfter=100.00
2026-09-28T23:14:28.528-04:00 DEBUG [main] i.o.processing.saga.SagaOrchestrator [req=?,e2e=E2E-KFK-PFLD-001,txn=TXN-KFK-PFLD-001] Saga advanced sagaId=SAGA-41936a28-117a-4225-953b-8da1a9e27763 state=FUNDS_RESERVED
2026-09-28T23:14:28.528-04:00 DEBUG [main] i.o.processing.saga.SagaOrchestrator [req=?,e2e=E2E-KFK-PFLD-001,txn=TXN-KFK-PFLD-001] Saga advanced sagaId=SAGA-41936a28-117a-4225-953b-8da1a9e27763 state=CORE_SUBMITTED
2026-09-28T23:14:28.528-04:00 DEBUG [main] i.o.processing.saga.SagaOrchestrator [req=?,e2e=E2E-KFK-PFLD-001,txn=TXN-KFK-PFLD-001] Saga advanced sagaId=SAGA-41936a28-117a-4225-953b-8da1a9e27763 state=FEDNOW_CONFIRMED
2026-09-28T23:14:28.529-04:00 DEBUG [main] i.o.processing.saga.SagaOrchestrator [req=?,e2e=E2E-KFK-PFLD-001,txn=TXN-KFK-PFLD-001] Saga advanced sagaId=SAGA-41936a28-117a-4225-953b-8da1a9e27763 state=COMPLETED
2026-09-28T23:14:28.529-04:00 INFO  [main] io.openfednow.gateway.MessageRouter [req=?,e2e=E2E-KFK-PFLD-001,txn=TXN-KFK-PFLD-001] Inbound credit transfer status=ACSC rejectCode=null
2026-09-28T23:14:28.530-04:00 DEBUG [main] i.o.p.idempotency.IdempotencyService [req=?,e2e=E2E-KFK-PFLD-001,txn=TXN-KFK-PFLD-001] Idempotency outcome recorded e2e=E2E-KFK-PFLD-001 status=ACSC
2026-09-28T23:14:28.532-04:00 DEBUG [kafka-producer-network-thread | openfednow-producer-1] i.o.events.KafkaPaymentEventPublisher [req=?,e2e=?,txn=?] PaymentEvent published type=INBOUND_CREDIT_APPLIED txn=TXN-KFK-PFLD-001 schemaVersion=1.0 partition=2 offset=1
2026-09-28T23:14:28.534-04:00 INFO  [main] org.apache.kafka.clients.Metadata [req=?,e2e=E2E-KFK-PFLD-001,txn=TXN-KFK-PFLD-001] [Consumer clientId=consumer-test-kafka-event-bus-1790651668521-4, groupId=test-kafka-event-bus-1790651668521] Cluster ID: e2z-oEAtRRmhz6cZT9lhPg
2026-09-28T23:14:28.535-04:00 INFO  [main] o.a.k.c.c.internals.ConsumerCoordinator [req=?,e2e=E2E-KFK-PFLD-001,txn=TXN-KFK-PFLD-001] [Consumer clientId=consumer-test-kafka-event-bus-1790651668521-4, groupId=test-kafka-event-bus-1790651668521] Discovered group coordinator localhost:64557 (id: 2147483646 rack: null)
2026-09-28T23:14:28.535-04:00 INFO  [main] o.a.k.c.c.internals.ConsumerCoordinator [req=?,e2e=E2E-KFK-PFLD-001,txn=TXN-KFK-PFLD-001] [Consumer clientId=consumer-test-kafka-event-bus-1790651668521-4, groupId=test-kafka-event-bus-1790651668521] (Re-)joining group
2026-09-28T23:14:28.538-04:00 INFO  [main] o.a.k.c.c.internals.ConsumerCoordinator [req=?,e2e=E2E-KFK-PFLD-001,txn=TXN-KFK-PFLD-001] [Consumer clientId=consumer-test-kafka-event-bus-1790651668521-4, groupId=test-kafka-event-bus-1790651668521] Request joining group due to: need to re-join with the given member-id: consumer-test-kafka-event-bus-1790651668521-4-27a8f96a-b8c6-4e24-aa86-2fcfd07e6897
2026-09-28T23:14:28.538-04:00 INFO  [main] o.a.k.c.c.internals.ConsumerCoordinator [req=?,e2e=E2E-KFK-PFLD-001,txn=TXN-KFK-PFLD-001] [Consumer clientId=consumer-test-kafka-event-bus-1790651668521-4, groupId=test-kafka-event-bus-1790651668521] (Re-)joining group
2026-09-28T23:14:28.541-04:00 INFO  [main] o.a.k.c.c.internals.ConsumerCoordinator [req=?,e2e=E2E-KFK-PFLD-001,txn=TXN-KFK-PFLD-001] [Consumer clientId=consumer-test-kafka-event-bus-1790651668521-4, groupId=test-kafka-event-bus-1790651668521] Successfully joined group with generation Generation{generationId=1, memberId='consumer-test-kafka-event-bus-1790651668521-4-27a8f96a-b8c6-4e24-aa86-2fcfd07e6897', protocol='range'}
2026-09-28T23:14:28.541-04:00 INFO  [main] o.a.k.c.c.internals.ConsumerCoordinator [req=?,e2e=E2E-KFK-PFLD-001,txn=TXN-KFK-PFLD-001] [Consumer clientId=consumer-test-kafka-event-bus-1790651668521-4, groupId=test-kafka-event-bus-1790651668521] Finished assignment for group at generation 1: {consumer-test-kafka-event-bus-1790651668521-4-27a8f96a-b8c6-4e24-aa86-2fcfd07e6897=Assignment(partitions=[openfednow.payment.events-0, openfednow.payment.events-1, openfednow.payment.events-2])}
2026-09-28T23:14:28.543-04:00 INFO  [main] o.a.k.c.c.internals.ConsumerCoordinator [req=?,e2e=E2E-KFK-PFLD-001,txn=TXN-KFK-PFLD-001] [Consumer clientId=consumer-test-kafka-event-bus-1790651668521-4, groupId=test-kafka-event-bus-1790651668521] Successfully synced group in generation Generation{generationId=1, memberId='consumer-test-kafka-event-bus-1790651668521-4-27a8f96a-b8c6-4e24-aa86-2fcfd07e6897', protocol='range'}
2026-09-28T23:14:28.543-04:00 INFO  [main] o.a.k.c.c.internals.ConsumerCoordinator [req=?,e2e=E2E-KFK-PFLD-001,txn=TXN-KFK-PFLD-001] [Consumer clientId=consumer-test-kafka-event-bus-1790651668521-4, groupId=test-kafka-event-bus-1790651668521] Notifying assignor about the new Assignment(partitions=[openfednow.payment.events-0, openfednow.payment.events-1, openfednow.payment.events-2])
2026-09-28T23:14:28.543-04:00 INFO  [main] o.a.k.c.c.i.ConsumerRebalanceListenerInvoker [req=?,e2e=E2E-KFK-PFLD-001,txn=TXN-KFK-PFLD-001] [Consumer clientId=consumer-test-kafka-event-bus-1790651668521-4, groupId=test-kafka-event-bus-1790651668521] Adding newly assigned partitions: openfednow.payment.events-0, openfednow.payment.events-1, openfednow.payment.events-2
2026-09-28T23:14:28.544-04:00 INFO  [main] o.a.k.c.c.internals.ConsumerCoordinator [req=?,e2e=E2E-KFK-PFLD-001,txn=TXN-KFK-PFLD-001] [Consumer clientId=consumer-test-kafka-event-bus-1790651668521-4, groupId=test-kafka-event-bus-1790651668521] Found no committed offset for partition openfednow.payment.events-0
2026-09-28T23:14:28.544-04:00 INFO  [main] o.a.k.c.c.internals.ConsumerCoordinator [req=?,e2e=E2E-KFK-PFLD-001,txn=TXN-KFK-PFLD-001] [Consumer clientId=consumer-test-kafka-event-bus-1790651668521-4, groupId=test-kafka-event-bus-1790651668521] Found no committed offset for partition openfednow.payment.events-1
2026-09-28T23:14:28.544-04:00 INFO  [main] o.a.k.c.c.internals.ConsumerCoordinator [req=?,e2e=E2E-KFK-PFLD-001,txn=TXN-KFK-PFLD-001] [Consumer clientId=consumer-test-kafka-event-bus-1790651668521-4, groupId=test-kafka-event-bus-1790651668521] Found no committed offset for partition openfednow.payment.events-2
2026-09-28T23:14:28.547-04:00 INFO  [main] o.a.k.c.c.internals.SubscriptionState [req=?,e2e=E2E-KFK-PFLD-001,txn=TXN-KFK-PFLD-001] [Consumer clientId=consumer-test-kafka-event-bus-1790651668521-4, groupId=test-kafka-event-bus-1790651668521] Resetting offset for partition openfednow.payment.events-0 to position FetchPosition{offset=0, offsetEpoch=Optional.empty, currentLeader=LeaderAndEpoch{leader=Optional[localhost:64557 (id: 1 rack: null)], epoch=0}}.
2026-09-28T23:14:28.547-04:00 INFO  [main] o.a.k.c.c.internals.SubscriptionState [req=?,e2e=E2E-KFK-PFLD-001,txn=TXN-KFK-PFLD-001] [Consumer clientId=consumer-test-kafka-event-bus-1790651668521-4, groupId=test-kafka-event-bus-1790651668521] Resetting offset for partition openfednow.payment.events-1 to position FetchPosition{offset=0, offsetEpoch=Optional.empty, currentLeader=LeaderAndEpoch{leader=Optional[localhost:64557 (id: 1 rack: null)], epoch=0}}.
2026-09-28T23:14:28.547-04:00 INFO  [main] o.a.k.c.c.internals.SubscriptionState [req=?,e2e=E2E-KFK-PFLD-001,txn=TXN-KFK-PFLD-001] [Consumer clientId=consumer-test-kafka-event-bus-1790651668521-4, groupId=test-kafka-event-bus-1790651668521] Resetting offset for partition openfednow.payment.events-2 to position FetchPosition{offset=0, offsetEpoch=Optional.empty, currentLeader=LeaderAndEpoch{leader=Optional[localhost:64557 (id: 1 rack: null)], epoch=0}}.
2026-09-28T23:14:28.552-04:00 INFO  [main] o.a.k.c.c.i.ConsumerRebalanceListenerInvoker [req=?,e2e=E2E-KFK-PFLD-001,txn=TXN-KFK-PFLD-001] [Consumer clientId=consumer-test-kafka-event-bus-1790651668521-4, groupId=test-kafka-event-bus-1790651668521] Revoke previously assigned partitions openfednow.payment.events-0, openfednow.payment.events-1, openfednow.payment.events-2
2026-09-28T23:14:28.552-04:00 INFO  [main] o.a.k.c.c.internals.ConsumerCoordinator [req=?,e2e=E2E-KFK-PFLD-001,txn=TXN-KFK-PFLD-001] [Consumer clientId=consumer-test-kafka-event-bus-1790651668521-4, groupId=test-kafka-event-bus-1790651668521] Member consumer-test-kafka-event-bus-1790651668521-4-27a8f96a-b8c6-4e24-aa86-2fcfd07e6897 sending LeaveGroup request to coordinator localhost:64557 (id: 2147483646 rack: null) due to the consumer is being closed
2026-09-28T23:14:28.552-04:00 INFO  [main] o.a.k.c.c.internals.ConsumerCoordinator [req=?,e2e=E2E-KFK-PFLD-001,txn=TXN-KFK-PFLD-001] [Consumer clientId=consumer-test-kafka-event-bus-1790651668521-4, groupId=test-kafka-event-bus-1790651668521] Resetting generation and member id due to: consumer pro-actively leaving the group
2026-09-28T23:14:28.552-04:00 INFO  [main] o.a.k.c.c.internals.ConsumerCoordinator [req=?,e2e=E2E-KFK-PFLD-001,txn=TXN-KFK-PFLD-001] [Consumer clientId=consumer-test-kafka-event-bus-1790651668521-4, groupId=test-kafka-event-bus-1790651668521] Request joining group due to: consumer pro-actively leaving the group
2026-09-28T23:14:29.052-04:00 INFO  [main] org.apache.kafka.common.metrics.Metrics [req=?,e2e=E2E-KFK-PFLD-001,txn=TXN-KFK-PFLD-001] Metrics scheduler closed
2026-09-28T23:14:29.052-04:00 INFO  [main] org.apache.kafka.common.metrics.Metrics [req=?,e2e=E2E-KFK-PFLD-001,txn=TXN-KFK-PFLD-001] Closing reporter org.apache.kafka.common.metrics.JmxReporter
2026-09-28T23:14:29.052-04:00 INFO  [main] org.apache.kafka.common.metrics.Metrics [req=?,e2e=E2E-KFK-PFLD-001,txn=TXN-KFK-PFLD-001] Closing reporter org.apache.kafka.common.telemetry.internals.ClientTelemetryReporter
2026-09-28T23:14:29.052-04:00 INFO  [main] org.apache.kafka.common.metrics.Metrics [req=?,e2e=E2E-KFK-PFLD-001,txn=TXN-KFK-PFLD-001] Metrics reporters closed
2026-09-28T23:14:29.053-04:00 INFO  [main] o.a.kafka.common.utils.AppInfoParser [req=?,e2e=E2E-KFK-PFLD-001,txn=TXN-KFK-PFLD-001] App info kafka.consumer for consumer-test-kafka-event-bus-1790651668521-4 unregistered
2026-09-28T23:14:29.060-04:00 INFO  [main] o.a.k.clients.consumer.ConsumerConfig [req=?,e2e=E2E-KFK-PFLD-001,txn=TXN-KFK-PFLD-001] ConsumerConfig values: 
	allow.auto.create.topics = true
	auto.commit.interval.ms = 5000
	auto.include.jmx.reporter = true
	auto.offset.reset = earliest
	bootstrap.servers = [PLAINTEXT://localhost:64557]
	check.crcs = true
	client.dns.lookup = use_all_dns_ips
	client.id = consumer-test-kafka-event-bus-1790651669059-5
	client.rack = 
	connections.max.idle.ms = 540000
	default.api.timeout.ms = 60000
	enable.auto.commit = true
	enable.metrics.push = true
	exclude.internal.topics = true
	fetch.max.bytes = 52428800
	fetch.max.wait.ms = 500
	fetch.min.bytes = 1
	group.id = test-kafka-event-bus-1790651669059
	group.instance.id = null
	group.protocol = classic
	group.remote.assignor = null
	heartbeat.interval.ms = 3000
	interceptor.classes = []
	internal.leave.group.on.close = true
	internal.throw.on.fetch.stable.offset.unsupported = false
	isolation.level = read_uncommitted
	key.deserializer = class org.apache.kafka.common.serialization.StringDeserializer
	max.partition.fetch.bytes = 1048576
	max.poll.interval.ms = 300000
	max.poll.records = 500
	metadata.max.age.ms = 300000
	metadata.recovery.strategy = none
	metric.reporters = []
	metrics.num.samples = 2
	metrics.recording.level = INFO
	metrics.sample.window.ms = 30000
	partition.assignment.strategy = [class org.apache.kafka.clients.consumer.RangeAssignor, class org.apache.kafka.clients.consumer.CooperativeStickyAssignor]
	receive.buffer.bytes = 65536
	reconnect.backoff.max.ms = 1000
	reconnect.backoff.ms = 50
	request.timeout.ms = 30000
	retry.backoff.max.ms = 1000
	retry.backoff.ms = 100
	sasl.client.callback.handler.class = null
	sasl.jaas.config = null
	sasl.kerberos.kinit.cmd = /usr/bin/kinit
	sasl.kerberos.min.time.before.relogin = 60000
	sasl.kerberos.service.name = null
	sasl.kerberos.ticket.renew.jitter = 0.05
	sasl.kerberos.ticket.renew.window.factor = 0.8
	sasl.login.callback.handler.class = null
	sasl.login.class = null
	sasl.login.connect.timeout.ms = null
	sasl.login.read.timeout.ms = null
	sasl.login.refresh.buffer.seconds = 300
	sasl.login.refresh.min.period.seconds = 60
	sasl.login.refresh.window.factor = 0.8
	sasl.login.refresh.window.jitter = 0.05
	sasl.login.retry.backoff.max.ms = 10000
	sasl.login.retry.backoff.ms = 100
	sasl.mechanism = GSSAPI
	sasl.oauthbearer.clock.skew.seconds = 30
	sasl.oauthbearer.expected.audience = null
	sasl.oauthbearer.expected.issuer = null
	sasl.oauthbearer.header.urlencode = false
	sasl.oauthbearer.jwks.endpoint.refresh.ms = 3600000
	sasl.oauthbearer.jwks.endpoint.retry.backoff.max.ms = 10000
	sasl.oauthbearer.jwks.endpoint.retry.backoff.ms = 100
	sasl.oauthbearer.jwks.endpoint.url = null
	sasl.oauthbearer.scope.claim.name = scope
	sasl.oauthbearer.sub.claim.name = sub
	sasl.oauthbearer.token.endpoint.url = null
	security.protocol = PLAINTEXT
	security.providers = null
	send.buffer.bytes = 131072
	session.timeout.ms = 45000
	socket.connection.setup.timeout.max.ms = 30000
	socket.connection.setup.timeout.ms = 10000
	ssl.cipher.suites = null
	ssl.enabled.protocols = [TLSv1.2, TLSv1.3]
	ssl.endpoint.identification.algorithm = https
	ssl.engine.factory.class = null
	ssl.key.password = null
	ssl.keymanager.algorithm = SunX509
	ssl.keystore.certificate.chain = null
	ssl.keystore.key = null
	ssl.keystore.location = null
	ssl.keystore.password = null
	ssl.keystore.type = JKS
	ssl.protocol = TLSv1.3
	ssl.provider = null
	ssl.secure.random.implementation = null
	ssl.trustmanager.algorithm = PKIX
	ssl.truststore.certificates = null
	ssl.truststore.location = null
	ssl.truststore.password = null
	ssl.truststore.type = JKS
	value.deserializer = class org.apache.kafka.common.serialization.StringDeserializer

2026-09-28T23:14:29.060-04:00 INFO  [main] o.a.k.c.t.i.KafkaMetricsCollector [req=?,e2e=E2E-KFK-PFLD-001,txn=TXN-KFK-PFLD-001] initializing Kafka metrics collector
2026-09-28T23:14:29.061-04:00 INFO  [main] o.a.kafka.common.utils.AppInfoParser [req=?,e2e=E2E-KFK-PFLD-001,txn=TXN-KFK-PFLD-001] Kafka version: 3.9.2
2026-09-28T23:14:29.061-04:00 INFO  [main] o.a.kafka.common.utils.AppInfoParser [req=?,e2e=E2E-KFK-PFLD-001,txn=TXN-KFK-PFLD-001] Kafka commitId: 5e9866f43ab8e7e4
2026-09-28T23:14:29.061-04:00 INFO  [main] o.a.kafka.common.utils.AppInfoParser [req=?,e2e=E2E-KFK-PFLD-001,txn=TXN-KFK-PFLD-001] Kafka startTimeMs: 1790651669061
2026-09-28T23:14:29.061-04:00 INFO  [main] o.a.k.c.c.internals.ClassicKafkaConsumer [req=?,e2e=E2E-KFK-PFLD-001,txn=TXN-KFK-PFLD-001] [Consumer clientId=consumer-test-kafka-event-bus-1790651669059-5, groupId=test-kafka-event-bus-1790651669059] Subscribed to topic(s): openfednow.payment.events
2026-09-28T23:14:29.061-04:00 INFO  [main] io.openfednow.gateway.MessageRouter [req=?,e2e=E2E-KFK-IN-001,txn=TXN-KFK-IN-001] Inbound credit transfer received amount=250.00 currency=USD sourceRail=FEDNOW
2026-09-28T23:14:29.062-04:00 INFO  [main] i.o.processing.saga.SagaOrchestrator [req=?,e2e=E2E-KFK-IN-001,txn=TXN-KFK-IN-001] Saga initiated sagaId=SAGA-3caaecf7-5673-41c4-8c9f-8914ed04e499 transactionId=TXN-KFK-IN-001 e2e=E2E-KFK-IN-001 sourceRail=FEDNOW requestId=null
2026-09-28T23:14:29.063-04:00 INFO  [main] io.openfednow.shadowledger.ShadowLedger [req=?,e2e=E2E-KFK-IN-001,txn=TXN-KFK-IN-001] Shadow Ledger credit applied account=ACC-CREDITOR-001 amount=250.00 balanceAfter=250.00
2026-09-28T23:14:29.063-04:00 DEBUG [main] i.o.processing.saga.SagaOrchestrator [req=?,e2e=E2E-KFK-IN-001,txn=TXN-KFK-IN-001] Saga advanced sagaId=SAGA-3caaecf7-5673-41c4-8c9f-8914ed04e499 state=FUNDS_RESERVED
2026-09-28T23:14:29.063-04:00 DEBUG [main] i.o.processing.saga.SagaOrchestrator [req=?,e2e=E2E-KFK-IN-001,txn=TXN-KFK-IN-001] Saga advanced sagaId=SAGA-3caaecf7-5673-41c4-8c9f-8914ed04e499 state=CORE_SUBMITTED
2026-09-28T23:14:29.064-04:00 DEBUG [main] i.o.processing.saga.SagaOrchestrator [req=?,e2e=E2E-KFK-IN-001,txn=TXN-KFK-IN-001] Saga advanced sagaId=SAGA-3caaecf7-5673-41c4-8c9f-8914ed04e499 state=FEDNOW_CONFIRMED
2026-09-28T23:14:29.064-04:00 DEBUG [main] i.o.processing.saga.SagaOrchestrator [req=?,e2e=E2E-KFK-IN-001,txn=TXN-KFK-IN-001] Saga advanced sagaId=SAGA-3caaecf7-5673-41c4-8c9f-8914ed04e499 state=COMPLETED
2026-09-28T23:14:29.064-04:00 INFO  [main] io.openfednow.gateway.MessageRouter [req=?,e2e=E2E-KFK-IN-001,txn=TXN-KFK-IN-001] Inbound credit transfer status=ACSC rejectCode=null
2026-09-28T23:14:29.065-04:00 DEBUG [main] i.o.p.idempotency.IdempotencyService [req=?,e2e=E2E-KFK-IN-001,txn=TXN-KFK-IN-001] Idempotency outcome recorded e2e=E2E-KFK-IN-001 status=ACSC
2026-09-28T23:14:29.066-04:00 DEBUG [kafka-producer-network-thread | openfednow-producer-1] i.o.events.KafkaPaymentEventPublisher [req=?,e2e=?,txn=?] PaymentEvent published type=INBOUND_CREDIT_APPLIED txn=TXN-KFK-IN-001 schemaVersion=1.0 partition=1 offset=2
2026-09-28T23:14:29.067-04:00 INFO  [main] org.apache.kafka.clients.Metadata [req=?,e2e=E2E-KFK-IN-001,txn=TXN-KFK-IN-001] [Consumer clientId=consumer-test-kafka-event-bus-1790651669059-5, groupId=test-kafka-event-bus-1790651669059] Cluster ID: e2z-oEAtRRmhz6cZT9lhPg
2026-09-28T23:14:29.067-04:00 INFO  [main] o.a.k.c.c.internals.ConsumerCoordinator [req=?,e2e=E2E-KFK-IN-001,txn=TXN-KFK-IN-001] [Consumer clientId=consumer-test-kafka-event-bus-1790651669059-5, groupId=test-kafka-event-bus-1790651669059] Discovered group coordinator localhost:64557 (id: 2147483646 rack: null)
2026-09-28T23:14:29.068-04:00 INFO  [main] o.a.k.c.c.internals.ConsumerCoordinator [req=?,e2e=E2E-KFK-IN-001,txn=TXN-KFK-IN-001] [Consumer clientId=consumer-test-kafka-event-bus-1790651669059-5, groupId=test-kafka-event-bus-1790651669059] (Re-)joining group
2026-09-28T23:14:29.069-04:00 INFO  [main] o.a.k.c.c.internals.ConsumerCoordinator [req=?,e2e=E2E-KFK-IN-001,txn=TXN-KFK-IN-001] [Consumer clientId=consumer-test-kafka-event-bus-1790651669059-5, groupId=test-kafka-event-bus-1790651669059] Request joining group due to: need to re-join with the given member-id: consumer-test-kafka-event-bus-1790651669059-5-e1be6b8d-1e80-404f-8a29-0533fc83a084
2026-09-28T23:14:29.069-04:00 INFO  [main] o.a.k.c.c.internals.ConsumerCoordinator [req=?,e2e=E2E-KFK-IN-001,txn=TXN-KFK-IN-001] [Consumer clientId=consumer-test-kafka-event-bus-1790651669059-5, groupId=test-kafka-event-bus-1790651669059] (Re-)joining group
2026-09-28T23:14:29.071-04:00 INFO  [main] o.a.k.c.c.internals.ConsumerCoordinator [req=?,e2e=E2E-KFK-IN-001,txn=TXN-KFK-IN-001] [Consumer clientId=consumer-test-kafka-event-bus-1790651669059-5, groupId=test-kafka-event-bus-1790651669059] Successfully joined group with generation Generation{generationId=1, memberId='consumer-test-kafka-event-bus-1790651669059-5-e1be6b8d-1e80-404f-8a29-0533fc83a084', protocol='range'}
2026-09-28T23:14:29.071-04:00 INFO  [main] o.a.k.c.c.internals.ConsumerCoordinator [req=?,e2e=E2E-KFK-IN-001,txn=TXN-KFK-IN-001] [Consumer clientId=consumer-test-kafka-event-bus-1790651669059-5, groupId=test-kafka-event-bus-1790651669059] Finished assignment for group at generation 1: {consumer-test-kafka-event-bus-1790651669059-5-e1be6b8d-1e80-404f-8a29-0533fc83a084=Assignment(partitions=[openfednow.payment.events-0, openfednow.payment.events-1, openfednow.payment.events-2])}
2026-09-28T23:14:29.073-04:00 INFO  [main] o.a.k.c.c.internals.ConsumerCoordinator [req=?,e2e=E2E-KFK-IN-001,txn=TXN-KFK-IN-001] [Consumer clientId=consumer-test-kafka-event-bus-1790651669059-5, groupId=test-kafka-event-bus-1790651669059] Successfully synced group in generation Generation{generationId=1, memberId='consumer-test-kafka-event-bus-1790651669059-5-e1be6b8d-1e80-404f-8a29-0533fc83a084', protocol='range'}
2026-09-28T23:14:29.073-04:00 INFO  [main] o.a.k.c.c.internals.ConsumerCoordinator [req=?,e2e=E2E-KFK-IN-001,txn=TXN-KFK-IN-001] [Consumer clientId=consumer-test-kafka-event-bus-1790651669059-5, groupId=test-kafka-event-bus-1790651669059] Notifying assignor about the new Assignment(partitions=[openfednow.payment.events-0, openfednow.payment.events-1, openfednow.payment.events-2])
2026-09-28T23:14:29.073-04:00 INFO  [main] o.a.k.c.c.i.ConsumerRebalanceListenerInvoker [req=?,e2e=E2E-KFK-IN-001,txn=TXN-KFK-IN-001] [Consumer clientId=consumer-test-kafka-event-bus-1790651669059-5, groupId=test-kafka-event-bus-1790651669059] Adding newly assigned partitions: openfednow.payment.events-0, openfednow.payment.events-1, openfednow.payment.events-2
2026-09-28T23:14:29.073-04:00 INFO  [main] o.a.k.c.c.internals.ConsumerCoordinator [req=?,e2e=E2E-KFK-IN-001,txn=TXN-KFK-IN-001] [Consumer clientId=consumer-test-kafka-event-bus-1790651669059-5, groupId=test-kafka-event-bus-1790651669059] Found no committed offset for partition openfednow.payment.events-0
2026-09-28T23:14:29.073-04:00 INFO  [main] o.a.k.c.c.internals.ConsumerCoordinator [req=?,e2e=E2E-KFK-IN-001,txn=TXN-KFK-IN-001] [Consumer clientId=consumer-test-kafka-event-bus-1790651669059-5, groupId=test-kafka-event-bus-1790651669059] Found no committed offset for partition openfednow.payment.events-1
2026-09-28T23:14:29.073-04:00 INFO  [main] o.a.k.c.c.internals.ConsumerCoordinator [req=?,e2e=E2E-KFK-IN-001,txn=TXN-KFK-IN-001] [Consumer clientId=consumer-test-kafka-event-bus-1790651669059-5, groupId=test-kafka-event-bus-1790651669059] Found no committed offset for partition openfednow.payment.events-2
2026-09-28T23:14:29.076-04:00 INFO  [main] o.a.k.c.c.internals.SubscriptionState [req=?,e2e=E2E-KFK-IN-001,txn=TXN-KFK-IN-001] [Consumer clientId=consumer-test-kafka-event-bus-1790651669059-5, groupId=test-kafka-event-bus-1790651669059] Resetting offset for partition openfednow.payment.events-0 to position FetchPosition{offset=0, offsetEpoch=Optional.empty, currentLeader=LeaderAndEpoch{leader=Optional[localhost:64557 (id: 1 rack: null)], epoch=0}}.
2026-09-28T23:14:29.076-04:00 INFO  [main] o.a.k.c.c.internals.SubscriptionState [req=?,e2e=E2E-KFK-IN-001,txn=TXN-KFK-IN-001] [Consumer clientId=consumer-test-kafka-event-bus-1790651669059-5, groupId=test-kafka-event-bus-1790651669059] Resetting offset for partition openfednow.payment.events-1 to position FetchPosition{offset=0, offsetEpoch=Optional.empty, currentLeader=LeaderAndEpoch{leader=Optional[localhost:64557 (id: 1 rack: null)], epoch=0}}.
2026-09-28T23:14:29.076-04:00 INFO  [main] o.a.k.c.c.internals.SubscriptionState [req=?,e2e=E2E-KFK-IN-001,txn=TXN-KFK-IN-001] [Consumer clientId=consumer-test-kafka-event-bus-1790651669059-5, groupId=test-kafka-event-bus-1790651669059] Resetting offset for partition openfednow.payment.events-2 to position FetchPosition{offset=0, offsetEpoch=Optional.empty, currentLeader=LeaderAndEpoch{leader=Optional[localhost:64557 (id: 1 rack: null)], epoch=0}}.
2026-09-28T23:14:29.080-04:00 INFO  [main] o.a.k.c.c.i.ConsumerRebalanceListenerInvoker [req=?,e2e=E2E-KFK-IN-001,txn=TXN-KFK-IN-001] [Consumer clientId=consumer-test-kafka-event-bus-1790651669059-5, groupId=test-kafka-event-bus-1790651669059] Revoke previously assigned partitions openfednow.payment.events-0, openfednow.payment.events-1, openfednow.payment.events-2
2026-09-28T23:14:29.080-04:00 INFO  [main] o.a.k.c.c.internals.ConsumerCoordinator [req=?,e2e=E2E-KFK-IN-001,txn=TXN-KFK-IN-001] [Consumer clientId=consumer-test-kafka-event-bus-1790651669059-5, groupId=test-kafka-event-bus-1790651669059] Member consumer-test-kafka-event-bus-1790651669059-5-e1be6b8d-1e80-404f-8a29-0533fc83a084 sending LeaveGroup request to coordinator localhost:64557 (id: 2147483646 rack: null) due to the consumer is being closed
2026-09-28T23:14:29.080-04:00 INFO  [main] o.a.k.c.c.internals.ConsumerCoordinator [req=?,e2e=E2E-KFK-IN-001,txn=TXN-KFK-IN-001] [Consumer clientId=consumer-test-kafka-event-bus-1790651669059-5, groupId=test-kafka-event-bus-1790651669059] Resetting generation and member id due to: consumer pro-actively leaving the group
2026-09-28T23:14:29.080-04:00 INFO  [main] o.a.k.c.c.internals.ConsumerCoordinator [req=?,e2e=E2E-KFK-IN-001,txn=TXN-KFK-IN-001] [Consumer clientId=consumer-test-kafka-event-bus-1790651669059-5, groupId=test-kafka-event-bus-1790651669059] Request joining group due to: consumer pro-actively leaving the group
2026-09-28T23:14:29.585-04:00 INFO  [main] org.apache.kafka.common.metrics.Metrics [req=?,e2e=E2E-KFK-IN-001,txn=TXN-KFK-IN-001] Metrics scheduler closed
2026-09-28T23:14:29.585-04:00 INFO  [main] org.apache.kafka.common.metrics.Metrics [req=?,e2e=E2E-KFK-IN-001,txn=TXN-KFK-IN-001] Closing reporter org.apache.kafka.common.metrics.JmxReporter
2026-09-28T23:14:29.585-04:00 INFO  [main] org.apache.kafka.common.metrics.Metrics [req=?,e2e=E2E-KFK-IN-001,txn=TXN-KFK-IN-001] Closing reporter org.apache.kafka.common.telemetry.internals.ClientTelemetryReporter
2026-09-28T23:14:29.585-04:00 INFO  [main] org.apache.kafka.common.metrics.Metrics [req=?,e2e=E2E-KFK-IN-001,txn=TXN-KFK-IN-001] Metrics reporters closed
2026-09-28T23:14:29.587-04:00 INFO  [main] o.a.kafka.common.utils.AppInfoParser [req=?,e2e=E2E-KFK-IN-001,txn=TXN-KFK-IN-001] App info kafka.consumer for consumer-test-kafka-event-bus-1790651669059-5 unregistered
2026-09-28T23:14:29.598-04:00 INFO  [main] o.a.k.clients.consumer.ConsumerConfig [req=?,e2e=E2E-KFK-IN-001,txn=TXN-KFK-IN-001] ConsumerConfig values: 
	allow.auto.create.topics = true
	auto.commit.interval.ms = 5000
	auto.include.jmx.reporter = true
	auto.offset.reset = earliest
	bootstrap.servers = [PLAINTEXT://localhost:64557]
	check.crcs = true
	client.dns.lookup = use_all_dns_ips
	client.id = consumer-test-kafka-event-bus-1790651669597-6
	client.rack = 
	connections.max.idle.ms = 540000
	default.api.timeout.ms = 60000
	enable.auto.commit = true
	enable.metrics.push = true
	exclude.internal.topics = true
	fetch.max.bytes = 52428800
	fetch.max.wait.ms = 500
	fetch.min.bytes = 1
	group.id = test-kafka-event-bus-1790651669597
	group.instance.id = null
	group.protocol = classic
	group.remote.assignor = null
	heartbeat.interval.ms = 3000
	interceptor.classes = []
	internal.leave.group.on.close = true
	internal.throw.on.fetch.stable.offset.unsupported = false
	isolation.level = read_uncommitted
	key.deserializer = class org.apache.kafka.common.serialization.StringDeserializer
	max.partition.fetch.bytes = 1048576
	max.poll.interval.ms = 300000
	max.poll.records = 500
	metadata.max.age.ms = 300000
	metadata.recovery.strategy = none
	metric.reporters = []
	metrics.num.samples = 2
	metrics.recording.level = INFO
	metrics.sample.window.ms = 30000
	partition.assignment.strategy = [class org.apache.kafka.clients.consumer.RangeAssignor, class org.apache.kafka.clients.consumer.CooperativeStickyAssignor]
	receive.buffer.bytes = 65536
	reconnect.backoff.max.ms = 1000
	reconnect.backoff.ms = 50
	request.timeout.ms = 30000
	retry.backoff.max.ms = 1000
	retry.backoff.ms = 100
	sasl.client.callback.handler.class = null
	sasl.jaas.config = null
	sasl.kerberos.kinit.cmd = /usr/bin/kinit
	sasl.kerberos.min.time.before.relogin = 60000
	sasl.kerberos.service.name = null
	sasl.kerberos.ticket.renew.jitter = 0.05
	sasl.kerberos.ticket.renew.window.factor = 0.8
	sasl.login.callback.handler.class = null
	sasl.login.class = null
	sasl.login.connect.timeout.ms = null
	sasl.login.read.timeout.ms = null
	sasl.login.refresh.buffer.seconds = 300
	sasl.login.refresh.min.period.seconds = 60
	sasl.login.refresh.window.factor = 0.8
	sasl.login.refresh.window.jitter = 0.05
	sasl.login.retry.backoff.max.ms = 10000
	sasl.login.retry.backoff.ms = 100
	sasl.mechanism = GSSAPI
	sasl.oauthbearer.clock.skew.seconds = 30
	sasl.oauthbearer.expected.audience = null
	sasl.oauthbearer.expected.issuer = null
	sasl.oauthbearer.header.urlencode = false
	sasl.oauthbearer.jwks.endpoint.refresh.ms = 3600000
	sasl.oauthbearer.jwks.endpoint.retry.backoff.max.ms = 10000
	sasl.oauthbearer.jwks.endpoint.retry.backoff.ms = 100
	sasl.oauthbearer.jwks.endpoint.url = null
	sasl.oauthbearer.scope.claim.name = scope
	sasl.oauthbearer.sub.claim.name = sub
	sasl.oauthbearer.token.endpoint.url = null
	security.protocol = PLAINTEXT
	security.providers = null
	send.buffer.bytes = 131072
	session.timeout.ms = 45000
	socket.connection.setup.timeout.max.ms = 30000
	socket.connection.setup.timeout.ms = 10000
	ssl.cipher.suites = null
	ssl.enabled.protocols = [TLSv1.2, TLSv1.3]
	ssl.endpoint.identification.algorithm = https
	ssl.engine.factory.class = null
	ssl.key.password = null
	ssl.keymanager.algorithm = SunX509
	ssl.keystore.certificate.chain = null
	ssl.keystore.key = null
	ssl.keystore.location = null
	ssl.keystore.password = null
	ssl.keystore.type = JKS
	ssl.protocol = TLSv1.3
	ssl.provider = null
	ssl.secure.random.implementation = null
	ssl.trustmanager.algorithm = PKIX
	ssl.truststore.certificates = null
	ssl.truststore.location = null
	ssl.truststore.password = null
	ssl.truststore.type = JKS
	value.deserializer = class org.apache.kafka.common.serialization.StringDeserializer

2026-09-28T23:14:29.598-04:00 INFO  [main] o.a.k.c.t.i.KafkaMetricsCollector [req=?,e2e=E2E-KFK-IN-001,txn=TXN-KFK-IN-001] initializing Kafka metrics collector
2026-09-28T23:14:29.599-04:00 INFO  [main] o.a.kafka.common.utils.AppInfoParser [req=?,e2e=E2E-KFK-IN-001,txn=TXN-KFK-IN-001] Kafka version: 3.9.2
2026-09-28T23:14:29.599-04:00 INFO  [main] o.a.kafka.common.utils.AppInfoParser [req=?,e2e=E2E-KFK-IN-001,txn=TXN-KFK-IN-001] Kafka commitId: 5e9866f43ab8e7e4
2026-09-28T23:14:29.599-04:00 INFO  [main] o.a.kafka.common.utils.AppInfoParser [req=?,e2e=E2E-KFK-IN-001,txn=TXN-KFK-IN-001] Kafka startTimeMs: 1790651669599
2026-09-28T23:14:29.600-04:00 INFO  [main] o.a.k.c.c.internals.ClassicKafkaConsumer [req=?,e2e=E2E-KFK-IN-001,txn=TXN-KFK-IN-001] [Consumer clientId=consumer-test-kafka-event-bus-1790651669597-6, groupId=test-kafka-event-bus-1790651669597] Subscribed to topic(s): openfednow.payment.events
2026-09-28T23:14:29.600-04:00 INFO  [main] io.openfednow.gateway.MessageRouter [req=?,e2e=E2E-KFK-IN-002-RJCT,txn=TXN-KFK-IN-002] Inbound credit transfer received amount=100.00 currency=USD sourceRail=FEDNOW
2026-09-28T23:14:29.602-04:00 INFO  [main] i.o.processing.saga.SagaOrchestrator [req=?,e2e=E2E-KFK-IN-002-RJCT,txn=TXN-KFK-IN-002] Saga initiated sagaId=SAGA-1c6e925d-3fcf-454e-ba4f-c2aedbe6d9f6 transactionId=TXN-KFK-IN-002 e2e=E2E-KFK-IN-002-RJCT sourceRail=FEDNOW requestId=null
2026-09-28T23:14:29.603-04:00 INFO  [main] i.o.processing.saga.SagaOrchestrator [req=?,e2e=E2E-KFK-IN-002-RJCT,txn=TXN-KFK-IN-002] Saga compensation starting sagaId=SAGA-1c6e925d-3fcf-454e-ba4f-c2aedbe6d9f6 fromState=INITIATED reason=AM04
2026-09-28T23:14:29.605-04:00 INFO  [main] i.o.processing.saga.SagaOrchestrator [req=?,e2e=E2E-KFK-IN-002-RJCT,txn=TXN-KFK-IN-002] Saga compensation complete sagaId=SAGA-1c6e925d-3fcf-454e-ba4f-c2aedbe6d9f6
2026-09-28T23:14:29.606-04:00 INFO  [main] io.openfednow.gateway.MessageRouter [req=?,e2e=E2E-KFK-IN-002-RJCT,txn=TXN-KFK-IN-002] Inbound credit transfer status=RJCT rejectCode=AM04
2026-09-28T23:14:29.607-04:00 DEBUG [main] i.o.p.idempotency.IdempotencyService [req=?,e2e=E2E-KFK-IN-002-RJCT,txn=TXN-KFK-IN-002] Idempotency outcome recorded e2e=E2E-KFK-IN-002-RJCT status=RJCT
2026-09-28T23:14:29.610-04:00 DEBUG [kafka-producer-network-thread | openfednow-producer-1] i.o.events.KafkaPaymentEventPublisher [req=?,e2e=?,txn=?] PaymentEvent published type=INBOUND_PAYMENT_REJECTED txn=TXN-KFK-IN-002 schemaVersion=1.0 partition=2 offset=2
2026-09-28T23:14:29.613-04:00 INFO  [main] org.apache.kafka.clients.Metadata [req=?,e2e=E2E-KFK-IN-002-RJCT,txn=TXN-KFK-IN-002] [Consumer clientId=consumer-test-kafka-event-bus-1790651669597-6, groupId=test-kafka-event-bus-1790651669597] Cluster ID: e2z-oEAtRRmhz6cZT9lhPg
2026-09-28T23:14:29.613-04:00 INFO  [main] o.a.k.c.c.internals.ConsumerCoordinator [req=?,e2e=E2E-KFK-IN-002-RJCT,txn=TXN-KFK-IN-002] [Consumer clientId=consumer-test-kafka-event-bus-1790651669597-6, groupId=test-kafka-event-bus-1790651669597] Discovered group coordinator localhost:64557 (id: 2147483646 rack: null)
2026-09-28T23:14:29.615-04:00 INFO  [main] o.a.k.c.c.internals.ConsumerCoordinator [req=?,e2e=E2E-KFK-IN-002-RJCT,txn=TXN-KFK-IN-002] [Consumer clientId=consumer-test-kafka-event-bus-1790651669597-6, groupId=test-kafka-event-bus-1790651669597] (Re-)joining group
2026-09-28T23:14:29.618-04:00 INFO  [main] o.a.k.c.c.internals.ConsumerCoordinator [req=?,e2e=E2E-KFK-IN-002-RJCT,txn=TXN-KFK-IN-002] [Consumer clientId=consumer-test-kafka-event-bus-1790651669597-6, groupId=test-kafka-event-bus-1790651669597] Request joining group due to: need to re-join with the given member-id: consumer-test-kafka-event-bus-1790651669597-6-67b9920e-a8de-4ed8-8479-1298419f76f8
2026-09-28T23:14:29.618-04:00 INFO  [main] o.a.k.c.c.internals.ConsumerCoordinator [req=?,e2e=E2E-KFK-IN-002-RJCT,txn=TXN-KFK-IN-002] [Consumer clientId=consumer-test-kafka-event-bus-1790651669597-6, groupId=test-kafka-event-bus-1790651669597] (Re-)joining group
2026-09-28T23:14:29.622-04:00 INFO  [main] o.a.k.c.c.internals.ConsumerCoordinator [req=?,e2e=E2E-KFK-IN-002-RJCT,txn=TXN-KFK-IN-002] [Consumer clientId=consumer-test-kafka-event-bus-1790651669597-6, groupId=test-kafka-event-bus-1790651669597] Successfully joined group with generation Generation{generationId=1, memberId='consumer-test-kafka-event-bus-1790651669597-6-67b9920e-a8de-4ed8-8479-1298419f76f8', protocol='range'}
2026-09-28T23:14:29.622-04:00 INFO  [main] o.a.k.c.c.internals.ConsumerCoordinator [req=?,e2e=E2E-KFK-IN-002-RJCT,txn=TXN-KFK-IN-002] [Consumer clientId=consumer-test-kafka-event-bus-1790651669597-6, groupId=test-kafka-event-bus-1790651669597] Finished assignment for group at generation 1: {consumer-test-kafka-event-bus-1790651669597-6-67b9920e-a8de-4ed8-8479-1298419f76f8=Assignment(partitions=[openfednow.payment.events-0, openfednow.payment.events-1, openfednow.payment.events-2])}
2026-09-28T23:14:29.625-04:00 INFO  [main] o.a.k.c.c.internals.ConsumerCoordinator [req=?,e2e=E2E-KFK-IN-002-RJCT,txn=TXN-KFK-IN-002] [Consumer clientId=consumer-test-kafka-event-bus-1790651669597-6, groupId=test-kafka-event-bus-1790651669597] Successfully synced group in generation Generation{generationId=1, memberId='consumer-test-kafka-event-bus-1790651669597-6-67b9920e-a8de-4ed8-8479-1298419f76f8', protocol='range'}
2026-09-28T23:14:29.625-04:00 INFO  [main] o.a.k.c.c.internals.ConsumerCoordinator [req=?,e2e=E2E-KFK-IN-002-RJCT,txn=TXN-KFK-IN-002] [Consumer clientId=consumer-test-kafka-event-bus-1790651669597-6, groupId=test-kafka-event-bus-1790651669597] Notifying assignor about the new Assignment(partitions=[openfednow.payment.events-0, openfednow.payment.events-1, openfednow.payment.events-2])
2026-09-28T23:14:29.625-04:00 INFO  [main] o.a.k.c.c.i.ConsumerRebalanceListenerInvoker [req=?,e2e=E2E-KFK-IN-002-RJCT,txn=TXN-KFK-IN-002] [Consumer clientId=consumer-test-kafka-event-bus-1790651669597-6, groupId=test-kafka-event-bus-1790651669597] Adding newly assigned partitions: openfednow.payment.events-0, openfednow.payment.events-1, openfednow.payment.events-2
2026-09-28T23:14:29.626-04:00 INFO  [main] o.a.k.c.c.internals.ConsumerCoordinator [req=?,e2e=E2E-KFK-IN-002-RJCT,txn=TXN-KFK-IN-002] [Consumer clientId=consumer-test-kafka-event-bus-1790651669597-6, groupId=test-kafka-event-bus-1790651669597] Found no committed offset for partition openfednow.payment.events-0
2026-09-28T23:14:29.626-04:00 INFO  [main] o.a.k.c.c.internals.ConsumerCoordinator [req=?,e2e=E2E-KFK-IN-002-RJCT,txn=TXN-KFK-IN-002] [Consumer clientId=consumer-test-kafka-event-bus-1790651669597-6, groupId=test-kafka-event-bus-1790651669597] Found no committed offset for partition openfednow.payment.events-1
2026-09-28T23:14:29.626-04:00 INFO  [main] o.a.k.c.c.internals.ConsumerCoordinator [req=?,e2e=E2E-KFK-IN-002-RJCT,txn=TXN-KFK-IN-002] [Consumer clientId=consumer-test-kafka-event-bus-1790651669597-6, groupId=test-kafka-event-bus-1790651669597] Found no committed offset for partition openfednow.payment.events-2
2026-09-28T23:14:29.631-04:00 INFO  [main] o.a.k.c.c.internals.SubscriptionState [req=?,e2e=E2E-KFK-IN-002-RJCT,txn=TXN-KFK-IN-002] [Consumer clientId=consumer-test-kafka-event-bus-1790651669597-6, groupId=test-kafka-event-bus-1790651669597] Resetting offset for partition openfednow.payment.events-0 to position FetchPosition{offset=0, offsetEpoch=Optional.empty, currentLeader=LeaderAndEpoch{leader=Optional[localhost:64557 (id: 1 rack: null)], epoch=0}}.
2026-09-28T23:14:29.631-04:00 INFO  [main] o.a.k.c.c.internals.SubscriptionState [req=?,e2e=E2E-KFK-IN-002-RJCT,txn=TXN-KFK-IN-002] [Consumer clientId=consumer-test-kafka-event-bus-1790651669597-6, groupId=test-kafka-event-bus-1790651669597] Resetting offset for partition openfednow.payment.events-1 to position FetchPosition{offset=0, offsetEpoch=Optional.empty, currentLeader=LeaderAndEpoch{leader=Optional[localhost:64557 (id: 1 rack: null)], epoch=0}}.
2026-09-28T23:14:29.631-04:00 INFO  [main] o.a.k.c.c.internals.SubscriptionState [req=?,e2e=E2E-KFK-IN-002-RJCT,txn=TXN-KFK-IN-002] [Consumer clientId=consumer-test-kafka-event-bus-1790651669597-6, groupId=test-kafka-event-bus-1790651669597] Resetting offset for partition openfednow.payment.events-2 to position FetchPosition{offset=0, offsetEpoch=Optional.empty, currentLeader=LeaderAndEpoch{leader=Optional[localhost:64557 (id: 1 rack: null)], epoch=0}}.
2026-09-28T23:14:29.638-04:00 INFO  [main] o.a.k.c.c.i.ConsumerRebalanceListenerInvoker [req=?,e2e=E2E-KFK-IN-002-RJCT,txn=TXN-KFK-IN-002] [Consumer clientId=consumer-test-kafka-event-bus-1790651669597-6, groupId=test-kafka-event-bus-1790651669597] Revoke previously assigned partitions openfednow.payment.events-0, openfednow.payment.events-1, openfednow.payment.events-2
2026-09-28T23:14:29.638-04:00 INFO  [main] o.a.k.c.c.internals.ConsumerCoordinator [req=?,e2e=E2E-KFK-IN-002-RJCT,txn=TXN-KFK-IN-002] [Consumer clientId=consumer-test-kafka-event-bus-1790651669597-6, groupId=test-kafka-event-bus-1790651669597] Member consumer-test-kafka-event-bus-1790651669597-6-67b9920e-a8de-4ed8-8479-1298419f76f8 sending LeaveGroup request to coordinator localhost:64557 (id: 2147483646 rack: null) due to the consumer is being closed
2026-09-28T23:14:29.638-04:00 INFO  [main] o.a.k.c.c.internals.ConsumerCoordinator [req=?,e2e=E2E-KFK-IN-002-RJCT,txn=TXN-KFK-IN-002] [Consumer clientId=consumer-test-kafka-event-bus-1790651669597-6, groupId=test-kafka-event-bus-1790651669597] Resetting generation and member id due to: consumer pro-actively leaving the group
2026-09-28T23:14:29.638-04:00 INFO  [main] o.a.k.c.c.internals.ConsumerCoordinator [req=?,e2e=E2E-KFK-IN-002-RJCT,txn=TXN-KFK-IN-002] [Consumer clientId=consumer-test-kafka-event-bus-1790651669597-6, groupId=test-kafka-event-bus-1790651669597] Request joining group due to: consumer pro-actively leaving the group
2026-09-28T23:14:30.141-04:00 INFO  [main] org.apache.kafka.common.metrics.Metrics [req=?,e2e=E2E-KFK-IN-002-RJCT,txn=TXN-KFK-IN-002] Metrics scheduler closed
2026-09-28T23:14:30.141-04:00 INFO  [main] org.apache.kafka.common.metrics.Metrics [req=?,e2e=E2E-KFK-IN-002-RJCT,txn=TXN-KFK-IN-002] Closing reporter org.apache.kafka.common.metrics.JmxReporter
2026-09-28T23:14:30.141-04:00 INFO  [main] org.apache.kafka.common.metrics.Metrics [req=?,e2e=E2E-KFK-IN-002-RJCT,txn=TXN-KFK-IN-002] Closing reporter org.apache.kafka.common.telemetry.internals.ClientTelemetryReporter
2026-09-28T23:14:30.141-04:00 INFO  [main] org.apache.kafka.common.metrics.Metrics [req=?,e2e=E2E-KFK-IN-002-RJCT,txn=TXN-KFK-IN-002] Metrics reporters closed
2026-09-28T23:14:30.142-04:00 INFO  [main] o.a.kafka.common.utils.AppInfoParser [req=?,e2e=E2E-KFK-IN-002-RJCT,txn=TXN-KFK-IN-002] App info kafka.consumer for consumer-test-kafka-event-bus-1790651669597-6 unregistered
2026-09-28T23:14:30.153-04:00 INFO  [main] o.a.k.clients.consumer.ConsumerConfig [req=?,e2e=E2E-KFK-IN-002-RJCT,txn=TXN-KFK-IN-002] ConsumerConfig values: 
	allow.auto.create.topics = true
	auto.commit.interval.ms = 5000
	auto.include.jmx.reporter = true
	auto.offset.reset = earliest
	bootstrap.servers = [PLAINTEXT://localhost:64557]
	check.crcs = true
	client.dns.lookup = use_all_dns_ips
	client.id = consumer-test-kafka-event-bus-1790651670153-7
	client.rack = 
	connections.max.idle.ms = 540000
	default.api.timeout.ms = 60000
	enable.auto.commit = true
	enable.metrics.push = true
	exclude.internal.topics = true
	fetch.max.bytes = 52428800
	fetch.max.wait.ms = 500
	fetch.min.bytes = 1
	group.id = test-kafka-event-bus-1790651670153
	group.instance.id = null
	group.protocol = classic
	group.remote.assignor = null
	heartbeat.interval.ms = 3000
	interceptor.classes = []
	internal.leave.group.on.close = true
	internal.throw.on.fetch.stable.offset.unsupported = false
	isolation.level = read_uncommitted
	key.deserializer = class org.apache.kafka.common.serialization.StringDeserializer
	max.partition.fetch.bytes = 1048576
	max.poll.interval.ms = 300000
	max.poll.records = 500
	metadata.max.age.ms = 300000
	metadata.recovery.strategy = none
	metric.reporters = []
	metrics.num.samples = 2
	metrics.recording.level = INFO
	metrics.sample.window.ms = 30000
	partition.assignment.strategy = [class org.apache.kafka.clients.consumer.RangeAssignor, class org.apache.kafka.clients.consumer.CooperativeStickyAssignor]
	receive.buffer.bytes = 65536
	reconnect.backoff.max.ms = 1000
	reconnect.backoff.ms = 50
	request.timeout.ms = 30000
	retry.backoff.max.ms = 1000
	retry.backoff.ms = 100
	sasl.client.callback.handler.class = null
	sasl.jaas.config = null
	sasl.kerberos.kinit.cmd = /usr/bin/kinit
	sasl.kerberos.min.time.before.relogin = 60000
	sasl.kerberos.service.name = null
	sasl.kerberos.ticket.renew.jitter = 0.05
	sasl.kerberos.ticket.renew.window.factor = 0.8
	sasl.login.callback.handler.class = null
	sasl.login.class = null
	sasl.login.connect.timeout.ms = null
	sasl.login.read.timeout.ms = null
	sasl.login.refresh.buffer.seconds = 300
	sasl.login.refresh.min.period.seconds = 60
	sasl.login.refresh.window.factor = 0.8
	sasl.login.refresh.window.jitter = 0.05
	sasl.login.retry.backoff.max.ms = 10000
	sasl.login.retry.backoff.ms = 100
	sasl.mechanism = GSSAPI
	sasl.oauthbearer.clock.skew.seconds = 30
	sasl.oauthbearer.expected.audience = null
	sasl.oauthbearer.expected.issuer = null
	sasl.oauthbearer.header.urlencode = false
	sasl.oauthbearer.jwks.endpoint.refresh.ms = 3600000
	sasl.oauthbearer.jwks.endpoint.retry.backoff.max.ms = 10000
	sasl.oauthbearer.jwks.endpoint.retry.backoff.ms = 100
	sasl.oauthbearer.jwks.endpoint.url = null
	sasl.oauthbearer.scope.claim.name = scope
	sasl.oauthbearer.sub.claim.name = sub
	sasl.oauthbearer.token.endpoint.url = null
	security.protocol = PLAINTEXT
	security.providers = null
	send.buffer.bytes = 131072
	session.timeout.ms = 45000
	socket.connection.setup.timeout.max.ms = 30000
	socket.connection.setup.timeout.ms = 10000
	ssl.cipher.suites = null
	ssl.enabled.protocols = [TLSv1.2, TLSv1.3]
	ssl.endpoint.identification.algorithm = https
	ssl.engine.factory.class = null
	ssl.key.password = null
	ssl.keymanager.algorithm = SunX509
	ssl.keystore.certificate.chain = null
	ssl.keystore.key = null
	ssl.keystore.location = null
	ssl.keystore.password = null
	ssl.keystore.type = JKS
	ssl.protocol = TLSv1.3
	ssl.provider = null
	ssl.secure.random.implementation = null
	ssl.trustmanager.algorithm = PKIX
	ssl.truststore.certificates = null
	ssl.truststore.location = null
	ssl.truststore.password = null
	ssl.truststore.type = JKS
	value.deserializer = class org.apache.kafka.common.serialization.StringDeserializer

2026-09-28T23:14:30.154-04:00 INFO  [main] o.a.k.c.t.i.KafkaMetricsCollector [req=?,e2e=E2E-KFK-IN-002-RJCT,txn=TXN-KFK-IN-002] initializing Kafka metrics collector
2026-09-28T23:14:30.155-04:00 INFO  [main] o.a.kafka.common.utils.AppInfoParser [req=?,e2e=E2E-KFK-IN-002-RJCT,txn=TXN-KFK-IN-002] Kafka version: 3.9.2
2026-09-28T23:14:30.155-04:00 INFO  [main] o.a.kafka.common.utils.AppInfoParser [req=?,e2e=E2E-KFK-IN-002-RJCT,txn=TXN-KFK-IN-002] Kafka commitId: 5e9866f43ab8e7e4
2026-09-28T23:14:30.155-04:00 INFO  [main] o.a.kafka.common.utils.AppInfoParser [req=?,e2e=E2E-KFK-IN-002-RJCT,txn=TXN-KFK-IN-002] Kafka startTimeMs: 1790651670155
2026-09-28T23:14:30.155-04:00 INFO  [main] o.a.k.c.c.internals.ClassicKafkaConsumer [req=?,e2e=E2E-KFK-IN-002-RJCT,txn=TXN-KFK-IN-002] [Consumer clientId=consumer-test-kafka-event-bus-1790651670153-7, groupId=test-kafka-event-bus-1790651670153] Subscribed to topic(s): openfednow.payment.events
2026-09-28T23:14:30.155-04:00 INFO  [main] io.openfednow.gateway.MessageRouter [req=?,e2e=E2E-KFK-KEY-001,txn=TXN-KFK-KEY-001] Inbound credit transfer received amount=50.00 currency=USD sourceRail=FEDNOW
2026-09-28T23:14:30.157-04:00 INFO  [main] i.o.processing.saga.SagaOrchestrator [req=?,e2e=E2E-KFK-KEY-001,txn=TXN-KFK-KEY-001] Saga initiated sagaId=SAGA-3be54f83-a06c-49f3-924e-5837231042b6 transactionId=TXN-KFK-KEY-001 e2e=E2E-KFK-KEY-001 sourceRail=FEDNOW requestId=null
2026-09-28T23:14:30.159-04:00 INFO  [main] io.openfednow.shadowledger.ShadowLedger [req=?,e2e=E2E-KFK-KEY-001,txn=TXN-KFK-KEY-001] Shadow Ledger credit applied account=ACC-CREDITOR-001 amount=50.00 balanceAfter=50.00
2026-09-28T23:14:30.159-04:00 DEBUG [main] i.o.processing.saga.SagaOrchestrator [req=?,e2e=E2E-KFK-KEY-001,txn=TXN-KFK-KEY-001] Saga advanced sagaId=SAGA-3be54f83-a06c-49f3-924e-5837231042b6 state=FUNDS_RESERVED
2026-09-28T23:14:30.160-04:00 DEBUG [main] i.o.processing.saga.SagaOrchestrator [req=?,e2e=E2E-KFK-KEY-001,txn=TXN-KFK-KEY-001] Saga advanced sagaId=SAGA-3be54f83-a06c-49f3-924e-5837231042b6 state=CORE_SUBMITTED
2026-09-28T23:14:30.160-04:00 DEBUG [main] i.o.processing.saga.SagaOrchestrator [req=?,e2e=E2E-KFK-KEY-001,txn=TXN-KFK-KEY-001] Saga advanced sagaId=SAGA-3be54f83-a06c-49f3-924e-5837231042b6 state=FEDNOW_CONFIRMED
2026-09-28T23:14:30.160-04:00 DEBUG [main] i.o.processing.saga.SagaOrchestrator [req=?,e2e=E2E-KFK-KEY-001,txn=TXN-KFK-KEY-001] Saga advanced sagaId=SAGA-3be54f83-a06c-49f3-924e-5837231042b6 state=COMPLETED
2026-09-28T23:14:30.161-04:00 INFO  [main] io.openfednow.gateway.MessageRouter [req=?,e2e=E2E-KFK-KEY-001,txn=TXN-KFK-KEY-001] Inbound credit transfer status=ACSC rejectCode=null
2026-09-28T23:14:30.162-04:00 DEBUG [main] i.o.p.idempotency.IdempotencyService [req=?,e2e=E2E-KFK-KEY-001,txn=TXN-KFK-KEY-001] Idempotency outcome recorded e2e=E2E-KFK-KEY-001 status=ACSC
2026-09-28T23:14:30.164-04:00 DEBUG [kafka-producer-network-thread | openfednow-producer-1] i.o.events.KafkaPaymentEventPublisher [req=?,e2e=?,txn=?] PaymentEvent published type=INBOUND_CREDIT_APPLIED txn=TXN-KFK-KEY-001 schemaVersion=1.0 partition=2 offset=3
2026-09-28T23:14:30.167-04:00 INFO  [main] org.apache.kafka.clients.Metadata [req=?,e2e=E2E-KFK-KEY-001,txn=TXN-KFK-KEY-001] [Consumer clientId=consumer-test-kafka-event-bus-1790651670153-7, groupId=test-kafka-event-bus-1790651670153] Cluster ID: e2z-oEAtRRmhz6cZT9lhPg
2026-09-28T23:14:30.167-04:00 INFO  [main] o.a.k.c.c.internals.ConsumerCoordinator [req=?,e2e=E2E-KFK-KEY-001,txn=TXN-KFK-KEY-001] [Consumer clientId=consumer-test-kafka-event-bus-1790651670153-7, groupId=test-kafka-event-bus-1790651670153] Discovered group coordinator localhost:64557 (id: 2147483646 rack: null)
2026-09-28T23:14:30.168-04:00 INFO  [main] o.a.k.c.c.internals.ConsumerCoordinator [req=?,e2e=E2E-KFK-KEY-001,txn=TXN-KFK-KEY-001] [Consumer clientId=consumer-test-kafka-event-bus-1790651670153-7, groupId=test-kafka-event-bus-1790651670153] (Re-)joining group
2026-09-28T23:14:30.172-04:00 INFO  [main] o.a.k.c.c.internals.ConsumerCoordinator [req=?,e2e=E2E-KFK-KEY-001,txn=TXN-KFK-KEY-001] [Consumer clientId=consumer-test-kafka-event-bus-1790651670153-7, groupId=test-kafka-event-bus-1790651670153] Request joining group due to: need to re-join with the given member-id: consumer-test-kafka-event-bus-1790651670153-7-a5791c7e-9873-4ecd-a071-f087ece74851
2026-09-28T23:14:30.172-04:00 INFO  [main] o.a.k.c.c.internals.ConsumerCoordinator [req=?,e2e=E2E-KFK-KEY-001,txn=TXN-KFK-KEY-001] [Consumer clientId=consumer-test-kafka-event-bus-1790651670153-7, groupId=test-kafka-event-bus-1790651670153] (Re-)joining group
2026-09-28T23:14:30.175-04:00 INFO  [main] o.a.k.c.c.internals.ConsumerCoordinator [req=?,e2e=E2E-KFK-KEY-001,txn=TXN-KFK-KEY-001] [Consumer clientId=consumer-test-kafka-event-bus-1790651670153-7, groupId=test-kafka-event-bus-1790651670153] Successfully joined group with generation Generation{generationId=1, memberId='consumer-test-kafka-event-bus-1790651670153-7-a5791c7e-9873-4ecd-a071-f087ece74851', protocol='range'}
2026-09-28T23:14:30.176-04:00 INFO  [main] o.a.k.c.c.internals.ConsumerCoordinator [req=?,e2e=E2E-KFK-KEY-001,txn=TXN-KFK-KEY-001] [Consumer clientId=consumer-test-kafka-event-bus-1790651670153-7, groupId=test-kafka-event-bus-1790651670153] Finished assignment for group at generation 1: {consumer-test-kafka-event-bus-1790651670153-7-a5791c7e-9873-4ecd-a071-f087ece74851=Assignment(partitions=[openfednow.payment.events-0, openfednow.payment.events-1, openfednow.payment.events-2])}
2026-09-28T23:14:30.178-04:00 INFO  [main] o.a.k.c.c.internals.ConsumerCoordinator [req=?,e2e=E2E-KFK-KEY-001,txn=TXN-KFK-KEY-001] [Consumer clientId=consumer-test-kafka-event-bus-1790651670153-7, groupId=test-kafka-event-bus-1790651670153] Successfully synced group in generation Generation{generationId=1, memberId='consumer-test-kafka-event-bus-1790651670153-7-a5791c7e-9873-4ecd-a071-f087ece74851', protocol='range'}
2026-09-28T23:14:30.179-04:00 INFO  [main] o.a.k.c.c.internals.ConsumerCoordinator [req=?,e2e=E2E-KFK-KEY-001,txn=TXN-KFK-KEY-001] [Consumer clientId=consumer-test-kafka-event-bus-1790651670153-7, groupId=test-kafka-event-bus-1790651670153] Notifying assignor about the new Assignment(partitions=[openfednow.payment.events-0, openfednow.payment.events-1, openfednow.payment.events-2])
2026-09-28T23:14:30.179-04:00 INFO  [main] o.a.k.c.c.i.ConsumerRebalanceListenerInvoker [req=?,e2e=E2E-KFK-KEY-001,txn=TXN-KFK-KEY-001] [Consumer clientId=consumer-test-kafka-event-bus-1790651670153-7, groupId=test-kafka-event-bus-1790651670153] Adding newly assigned partitions: openfednow.payment.events-0, openfednow.payment.events-1, openfednow.payment.events-2
2026-09-28T23:14:30.180-04:00 INFO  [main] o.a.k.c.c.internals.ConsumerCoordinator [req=?,e2e=E2E-KFK-KEY-001,txn=TXN-KFK-KEY-001] [Consumer clientId=consumer-test-kafka-event-bus-1790651670153-7, groupId=test-kafka-event-bus-1790651670153] Found no committed offset for partition openfednow.payment.events-0
2026-09-28T23:14:30.180-04:00 INFO  [main] o.a.k.c.c.internals.ConsumerCoordinator [req=?,e2e=E2E-KFK-KEY-001,txn=TXN-KFK-KEY-001] [Consumer clientId=consumer-test-kafka-event-bus-1790651670153-7, groupId=test-kafka-event-bus-1790651670153] Found no committed offset for partition openfednow.payment.events-1
2026-09-28T23:14:30.180-04:00 INFO  [main] o.a.k.c.c.internals.ConsumerCoordinator [req=?,e2e=E2E-KFK-KEY-001,txn=TXN-KFK-KEY-001] [Consumer clientId=consumer-test-kafka-event-bus-1790651670153-7, groupId=test-kafka-event-bus-1790651670153] Found no committed offset for partition openfednow.payment.events-2
2026-09-28T23:14:30.184-04:00 INFO  [main] o.a.k.c.c.internals.SubscriptionState [req=?,e2e=E2E-KFK-KEY-001,txn=TXN-KFK-KEY-001] [Consumer clientId=consumer-test-kafka-event-bus-1790651670153-7, groupId=test-kafka-event-bus-1790651670153] Resetting offset for partition openfednow.payment.events-0 to position FetchPosition{offset=0, offsetEpoch=Optional.empty, currentLeader=LeaderAndEpoch{leader=Optional[localhost:64557 (id: 1 rack: null)], epoch=0}}.
2026-09-28T23:14:30.184-04:00 INFO  [main] o.a.k.c.c.internals.SubscriptionState [req=?,e2e=E2E-KFK-KEY-001,txn=TXN-KFK-KEY-001] [Consumer clientId=consumer-test-kafka-event-bus-1790651670153-7, groupId=test-kafka-event-bus-1790651670153] Resetting offset for partition openfednow.payment.events-1 to position FetchPosition{offset=0, offsetEpoch=Optional.empty, currentLeader=LeaderAndEpoch{leader=Optional[localhost:64557 (id: 1 rack: null)], epoch=0}}.
2026-09-28T23:14:30.184-04:00 INFO  [main] o.a.k.c.c.internals.SubscriptionState [req=?,e2e=E2E-KFK-KEY-001,txn=TXN-KFK-KEY-001] [Consumer clientId=consumer-test-kafka-event-bus-1790651670153-7, groupId=test-kafka-event-bus-1790651670153] Resetting offset for partition openfednow.payment.events-2 to position FetchPosition{offset=0, offsetEpoch=Optional.empty, currentLeader=LeaderAndEpoch{leader=Optional[localhost:64557 (id: 1 rack: null)], epoch=0}}.
2026-09-28T23:14:30.189-04:00 INFO  [main] o.a.k.c.c.i.ConsumerRebalanceListenerInvoker [req=?,e2e=E2E-KFK-KEY-001,txn=TXN-KFK-KEY-001] [Consumer clientId=consumer-test-kafka-event-bus-1790651670153-7, groupId=test-kafka-event-bus-1790651670153] Revoke previously assigned partitions openfednow.payment.events-0, openfednow.payment.events-1, openfednow.payment.events-2
2026-09-28T23:14:30.189-04:00 INFO  [main] o.a.k.c.c.internals.ConsumerCoordinator [req=?,e2e=E2E-KFK-KEY-001,txn=TXN-KFK-KEY-001] [Consumer clientId=consumer-test-kafka-event-bus-1790651670153-7, groupId=test-kafka-event-bus-1790651670153] Member consumer-test-kafka-event-bus-1790651670153-7-a5791c7e-9873-4ecd-a071-f087ece74851 sending LeaveGroup request to coordinator localhost:64557 (id: 2147483646 rack: null) due to the consumer is being closed
2026-09-28T23:14:30.190-04:00 INFO  [main] o.a.k.c.c.internals.ConsumerCoordinator [req=?,e2e=E2E-KFK-KEY-001,txn=TXN-KFK-KEY-001] [Consumer clientId=consumer-test-kafka-event-bus-1790651670153-7, groupId=test-kafka-event-bus-1790651670153] Resetting generation and member id due to: consumer pro-actively leaving the group
2026-09-28T23:14:30.190-04:00 INFO  [main] o.a.k.c.c.internals.ConsumerCoordinator [req=?,e2e=E2E-KFK-KEY-001,txn=TXN-KFK-KEY-001] [Consumer clientId=consumer-test-kafka-event-bus-1790651670153-7, groupId=test-kafka-event-bus-1790651670153] Request joining group due to: consumer pro-actively leaving the group
2026-09-28T23:14:30.694-04:00 INFO  [main] org.apache.kafka.common.metrics.Metrics [req=?,e2e=E2E-KFK-KEY-001,txn=TXN-KFK-KEY-001] Metrics scheduler closed
2026-09-28T23:14:30.694-04:00 INFO  [main] org.apache.kafka.common.metrics.Metrics [req=?,e2e=E2E-KFK-KEY-001,txn=TXN-KFK-KEY-001] Closing reporter org.apache.kafka.common.metrics.JmxReporter
2026-09-28T23:14:30.694-04:00 INFO  [main] org.apache.kafka.common.metrics.Metrics [req=?,e2e=E2E-KFK-KEY-001,txn=TXN-KFK-KEY-001] Closing reporter org.apache.kafka.common.telemetry.internals.ClientTelemetryReporter
2026-09-28T23:14:30.694-04:00 INFO  [main] org.apache.kafka.common.metrics.Metrics [req=?,e2e=E2E-KFK-KEY-001,txn=TXN-KFK-KEY-001] Metrics reporters closed
2026-09-28T23:14:30.696-04:00 INFO  [main] o.a.kafka.common.utils.AppInfoParser [req=?,e2e=E2E-KFK-KEY-001,txn=TXN-KFK-KEY-001] App info kafka.consumer for consumer-test-kafka-event-bus-1790651670153-7 unregistered
2026-09-28T23:14:30.704-04:00 INFO  [main] o.a.k.clients.consumer.ConsumerConfig [req=?,e2e=E2E-KFK-KEY-001,txn=TXN-KFK-KEY-001] ConsumerConfig values: 
	allow.auto.create.topics = true
	auto.commit.interval.ms = 5000
	auto.include.jmx.reporter = true
	auto.offset.reset = earliest
	bootstrap.servers = [PLAINTEXT://localhost:64557]
	check.crcs = true
	client.dns.lookup = use_all_dns_ips
	client.id = consumer-test-kafka-event-bus-1790651670704-8
	client.rack = 
	connections.max.idle.ms = 540000
	default.api.timeout.ms = 60000
	enable.auto.commit = true
	enable.metrics.push = true
	exclude.internal.topics = true
	fetch.max.bytes = 52428800
	fetch.max.wait.ms = 500
	fetch.min.bytes = 1
	group.id = test-kafka-event-bus-1790651670704
	group.instance.id = null
	group.protocol = classic
	group.remote.assignor = null
	heartbeat.interval.ms = 3000
	interceptor.classes = []
	internal.leave.group.on.close = true
	internal.throw.on.fetch.stable.offset.unsupported = false
	isolation.level = read_uncommitted
	key.deserializer = class org.apache.kafka.common.serialization.StringDeserializer
	max.partition.fetch.bytes = 1048576
	max.poll.interval.ms = 300000
	max.poll.records = 500
	metadata.max.age.ms = 300000
	metadata.recovery.strategy = none
	metric.reporters = []
	metrics.num.samples = 2
	metrics.recording.level = INFO
	metrics.sample.window.ms = 30000
	partition.assignment.strategy = [class org.apache.kafka.clients.consumer.RangeAssignor, class org.apache.kafka.clients.consumer.CooperativeStickyAssignor]
	receive.buffer.bytes = 65536
	reconnect.backoff.max.ms = 1000
	reconnect.backoff.ms = 50
	request.timeout.ms = 30000
	retry.backoff.max.ms = 1000
	retry.backoff.ms = 100
	sasl.client.callback.handler.class = null
	sasl.jaas.config = null
	sasl.kerberos.kinit.cmd = /usr/bin/kinit
	sasl.kerberos.min.time.before.relogin = 60000
	sasl.kerberos.service.name = null
	sasl.kerberos.ticket.renew.jitter = 0.05
	sasl.kerberos.ticket.renew.window.factor = 0.8
	sasl.login.callback.handler.class = null
	sasl.login.class = null
	sasl.login.connect.timeout.ms = null
	sasl.login.read.timeout.ms = null
	sasl.login.refresh.buffer.seconds = 300
	sasl.login.refresh.min.period.seconds = 60
	sasl.login.refresh.window.factor = 0.8
	sasl.login.refresh.window.jitter = 0.05
	sasl.login.retry.backoff.max.ms = 10000
	sasl.login.retry.backoff.ms = 100
	sasl.mechanism = GSSAPI
	sasl.oauthbearer.clock.skew.seconds = 30
	sasl.oauthbearer.expected.audience = null
	sasl.oauthbearer.expected.issuer = null
	sasl.oauthbearer.header.urlencode = false
	sasl.oauthbearer.jwks.endpoint.refresh.ms = 3600000
	sasl.oauthbearer.jwks.endpoint.retry.backoff.max.ms = 10000
	sasl.oauthbearer.jwks.endpoint.retry.backoff.ms = 100
	sasl.oauthbearer.jwks.endpoint.url = null
	sasl.oauthbearer.scope.claim.name = scope
	sasl.oauthbearer.sub.claim.name = sub
	sasl.oauthbearer.token.endpoint.url = null
	security.protocol = PLAINTEXT
	security.providers = null
	send.buffer.bytes = 131072
	session.timeout.ms = 45000
	socket.connection.setup.timeout.max.ms = 30000
	socket.connection.setup.timeout.ms = 10000
	ssl.cipher.suites = null
	ssl.enabled.protocols = [TLSv1.2, TLSv1.3]
	ssl.endpoint.identification.algorithm = https
	ssl.engine.factory.class = null
	ssl.key.password = null
	ssl.keymanager.algorithm = SunX509
	ssl.keystore.certificate.chain = null
	ssl.keystore.key = null
	ssl.keystore.location = null
	ssl.keystore.password = null
	ssl.keystore.type = JKS
	ssl.protocol = TLSv1.3
	ssl.provider = null
	ssl.secure.random.implementation = null
	ssl.trustmanager.algorithm = PKIX
	ssl.truststore.certificates = null
	ssl.truststore.location = null
	ssl.truststore.password = null
	ssl.truststore.type = JKS
	value.deserializer = class org.apache.kafka.common.serialization.StringDeserializer

2026-09-28T23:14:30.705-04:00 INFO  [main] o.a.k.c.t.i.KafkaMetricsCollector [req=?,e2e=E2E-KFK-KEY-001,txn=TXN-KFK-KEY-001] initializing Kafka metrics collector
2026-09-28T23:14:30.706-04:00 INFO  [main] o.a.kafka.common.utils.AppInfoParser [req=?,e2e=E2E-KFK-KEY-001,txn=TXN-KFK-KEY-001] Kafka version: 3.9.2
2026-09-28T23:14:30.707-04:00 INFO  [main] o.a.kafka.common.utils.AppInfoParser [req=?,e2e=E2E-KFK-KEY-001,txn=TXN-KFK-KEY-001] Kafka commitId: 5e9866f43ab8e7e4
2026-09-28T23:14:30.707-04:00 INFO  [main] o.a.kafka.common.utils.AppInfoParser [req=?,e2e=E2E-KFK-KEY-001,txn=TXN-KFK-KEY-001] Kafka startTimeMs: 1790651670706
2026-09-28T23:14:30.707-04:00 INFO  [main] o.a.k.c.c.internals.ClassicKafkaConsumer [req=?,e2e=E2E-KFK-KEY-001,txn=TXN-KFK-KEY-001] [Consumer clientId=consumer-test-kafka-event-bus-1790651670704-8, groupId=test-kafka-event-bus-1790651670704] Subscribed to topic(s): openfednow.payment.events
2026-09-28T23:14:30.707-04:00 INFO  [main] io.openfednow.gateway.MessageRouter [req=?,e2e=E2E-KFK-VER-001,txn=TXN-KFK-VER-001] Inbound credit transfer received amount=75.00 currency=USD sourceRail=FEDNOW
2026-09-28T23:14:30.709-04:00 INFO  [main] i.o.processing.saga.SagaOrchestrator [req=?,e2e=E2E-KFK-VER-001,txn=TXN-KFK-VER-001] Saga initiated sagaId=SAGA-e4bef506-9ec4-427c-94f4-24c4790d2c69 transactionId=TXN-KFK-VER-001 e2e=E2E-KFK-VER-001 sourceRail=FEDNOW requestId=null
2026-09-28T23:14:30.710-04:00 INFO  [main] io.openfednow.shadowledger.ShadowLedger [req=?,e2e=E2E-KFK-VER-001,txn=TXN-KFK-VER-001] Shadow Ledger credit applied account=ACC-CREDITOR-001 amount=75.00 balanceAfter=75.00
2026-09-28T23:14:30.711-04:00 DEBUG [main] i.o.processing.saga.SagaOrchestrator [req=?,e2e=E2E-KFK-VER-001,txn=TXN-KFK-VER-001] Saga advanced sagaId=SAGA-e4bef506-9ec4-427c-94f4-24c4790d2c69 state=FUNDS_RESERVED
2026-09-28T23:14:30.711-04:00 DEBUG [main] i.o.processing.saga.SagaOrchestrator [req=?,e2e=E2E-KFK-VER-001,txn=TXN-KFK-VER-001] Saga advanced sagaId=SAGA-e4bef506-9ec4-427c-94f4-24c4790d2c69 state=CORE_SUBMITTED
2026-09-28T23:14:30.712-04:00 DEBUG [main] i.o.processing.saga.SagaOrchestrator [req=?,e2e=E2E-KFK-VER-001,txn=TXN-KFK-VER-001] Saga advanced sagaId=SAGA-e4bef506-9ec4-427c-94f4-24c4790d2c69 state=FEDNOW_CONFIRMED
2026-09-28T23:14:30.712-04:00 DEBUG [main] i.o.processing.saga.SagaOrchestrator [req=?,e2e=E2E-KFK-VER-001,txn=TXN-KFK-VER-001] Saga advanced sagaId=SAGA-e4bef506-9ec4-427c-94f4-24c4790d2c69 state=COMPLETED
2026-09-28T23:14:30.713-04:00 INFO  [main] io.openfednow.gateway.MessageRouter [req=?,e2e=E2E-KFK-VER-001,txn=TXN-KFK-VER-001] Inbound credit transfer status=ACSC rejectCode=null
2026-09-28T23:14:30.714-04:00 DEBUG [main] i.o.p.idempotency.IdempotencyService [req=?,e2e=E2E-KFK-VER-001,txn=TXN-KFK-VER-001] Idempotency outcome recorded e2e=E2E-KFK-VER-001 status=ACSC
2026-09-28T23:14:30.716-04:00 DEBUG [kafka-producer-network-thread | openfednow-producer-1] i.o.events.KafkaPaymentEventPublisher [req=?,e2e=?,txn=?] PaymentEvent published type=INBOUND_CREDIT_APPLIED txn=TXN-KFK-VER-001 schemaVersion=1.0 partition=0 offset=0
2026-09-28T23:14:30.719-04:00 INFO  [main] org.apache.kafka.clients.Metadata [req=?,e2e=E2E-KFK-VER-001,txn=TXN-KFK-VER-001] [Consumer clientId=consumer-test-kafka-event-bus-1790651670704-8, groupId=test-kafka-event-bus-1790651670704] Cluster ID: e2z-oEAtRRmhz6cZT9lhPg
2026-09-28T23:14:30.719-04:00 INFO  [main] o.a.k.c.c.internals.ConsumerCoordinator [req=?,e2e=E2E-KFK-VER-001,txn=TXN-KFK-VER-001] [Consumer clientId=consumer-test-kafka-event-bus-1790651670704-8, groupId=test-kafka-event-bus-1790651670704] Discovered group coordinator localhost:64557 (id: 2147483646 rack: null)
2026-09-28T23:14:30.720-04:00 INFO  [main] o.a.k.c.c.internals.ConsumerCoordinator [req=?,e2e=E2E-KFK-VER-001,txn=TXN-KFK-VER-001] [Consumer clientId=consumer-test-kafka-event-bus-1790651670704-8, groupId=test-kafka-event-bus-1790651670704] (Re-)joining group
2026-09-28T23:14:30.723-04:00 INFO  [main] o.a.k.c.c.internals.ConsumerCoordinator [req=?,e2e=E2E-KFK-VER-001,txn=TXN-KFK-VER-001] [Consumer clientId=consumer-test-kafka-event-bus-1790651670704-8, groupId=test-kafka-event-bus-1790651670704] Request joining group due to: need to re-join with the given member-id: consumer-test-kafka-event-bus-1790651670704-8-6a340ba1-58c8-457c-b45f-fa2f328b33f5
2026-09-28T23:14:30.723-04:00 INFO  [main] o.a.k.c.c.internals.ConsumerCoordinator [req=?,e2e=E2E-KFK-VER-001,txn=TXN-KFK-VER-001] [Consumer clientId=consumer-test-kafka-event-bus-1790651670704-8, groupId=test-kafka-event-bus-1790651670704] (Re-)joining group
2026-09-28T23:14:30.726-04:00 INFO  [main] o.a.k.c.c.internals.ConsumerCoordinator [req=?,e2e=E2E-KFK-VER-001,txn=TXN-KFK-VER-001] [Consumer clientId=consumer-test-kafka-event-bus-1790651670704-8, groupId=test-kafka-event-bus-1790651670704] Successfully joined group with generation Generation{generationId=1, memberId='consumer-test-kafka-event-bus-1790651670704-8-6a340ba1-58c8-457c-b45f-fa2f328b33f5', protocol='range'}
2026-09-28T23:14:30.726-04:00 INFO  [main] o.a.k.c.c.internals.ConsumerCoordinator [req=?,e2e=E2E-KFK-VER-001,txn=TXN-KFK-VER-001] [Consumer clientId=consumer-test-kafka-event-bus-1790651670704-8, groupId=test-kafka-event-bus-1790651670704] Finished assignment for group at generation 1: {consumer-test-kafka-event-bus-1790651670704-8-6a340ba1-58c8-457c-b45f-fa2f328b33f5=Assignment(partitions=[openfednow.payment.events-0, openfednow.payment.events-1, openfednow.payment.events-2])}
2026-09-28T23:14:30.729-04:00 INFO  [main] o.a.k.c.c.internals.ConsumerCoordinator [req=?,e2e=E2E-KFK-VER-001,txn=TXN-KFK-VER-001] [Consumer clientId=consumer-test-kafka-event-bus-1790651670704-8, groupId=test-kafka-event-bus-1790651670704] Successfully synced group in generation Generation{generationId=1, memberId='consumer-test-kafka-event-bus-1790651670704-8-6a340ba1-58c8-457c-b45f-fa2f328b33f5', protocol='range'}
2026-09-28T23:14:30.729-04:00 INFO  [main] o.a.k.c.c.internals.ConsumerCoordinator [req=?,e2e=E2E-KFK-VER-001,txn=TXN-KFK-VER-001] [Consumer clientId=consumer-test-kafka-event-bus-1790651670704-8, groupId=test-kafka-event-bus-1790651670704] Notifying assignor about the new Assignment(partitions=[openfednow.payment.events-0, openfednow.payment.events-1, openfednow.payment.events-2])
2026-09-28T23:14:30.729-04:00 INFO  [main] o.a.k.c.c.i.ConsumerRebalanceListenerInvoker [req=?,e2e=E2E-KFK-VER-001,txn=TXN-KFK-VER-001] [Consumer clientId=consumer-test-kafka-event-bus-1790651670704-8, groupId=test-kafka-event-bus-1790651670704] Adding newly assigned partitions: openfednow.payment.events-0, openfednow.payment.events-1, openfednow.payment.events-2
2026-09-28T23:14:30.730-04:00 INFO  [main] o.a.k.c.c.internals.ConsumerCoordinator [req=?,e2e=E2E-KFK-VER-001,txn=TXN-KFK-VER-001] [Consumer clientId=consumer-test-kafka-event-bus-1790651670704-8, groupId=test-kafka-event-bus-1790651670704] Found no committed offset for partition openfednow.payment.events-0
2026-09-28T23:14:30.730-04:00 INFO  [main] o.a.k.c.c.internals.ConsumerCoordinator [req=?,e2e=E2E-KFK-VER-001,txn=TXN-KFK-VER-001] [Consumer clientId=consumer-test-kafka-event-bus-1790651670704-8, groupId=test-kafka-event-bus-1790651670704] Found no committed offset for partition openfednow.payment.events-1
2026-09-28T23:14:30.730-04:00 INFO  [main] o.a.k.c.c.internals.ConsumerCoordinator [req=?,e2e=E2E-KFK-VER-001,txn=TXN-KFK-VER-001] [Consumer clientId=consumer-test-kafka-event-bus-1790651670704-8, groupId=test-kafka-event-bus-1790651670704] Found no committed offset for partition openfednow.payment.events-2
2026-09-28T23:14:30.734-04:00 INFO  [main] o.a.k.c.c.internals.SubscriptionState [req=?,e2e=E2E-KFK-VER-001,txn=TXN-KFK-VER-001] [Consumer clientId=consumer-test-kafka-event-bus-1790651670704-8, groupId=test-kafka-event-bus-1790651670704] Resetting offset for partition openfednow.payment.events-0 to position FetchPosition{offset=0, offsetEpoch=Optional.empty, currentLeader=LeaderAndEpoch{leader=Optional[localhost:64557 (id: 1 rack: null)], epoch=0}}.
2026-09-28T23:14:30.734-04:00 INFO  [main] o.a.k.c.c.internals.SubscriptionState [req=?,e2e=E2E-KFK-VER-001,txn=TXN-KFK-VER-001] [Consumer clientId=consumer-test-kafka-event-bus-1790651670704-8, groupId=test-kafka-event-bus-1790651670704] Resetting offset for partition openfednow.payment.events-1 to position FetchPosition{offset=0, offsetEpoch=Optional.empty, currentLeader=LeaderAndEpoch{leader=Optional[localhost:64557 (id: 1 rack: null)], epoch=0}}.
2026-09-28T23:14:30.734-04:00 INFO  [main] o.a.k.c.c.internals.SubscriptionState [req=?,e2e=E2E-KFK-VER-001,txn=TXN-KFK-VER-001] [Consumer clientId=consumer-test-kafka-event-bus-1790651670704-8, groupId=test-kafka-event-bus-1790651670704] Resetting offset for partition openfednow.payment.events-2 to position FetchPosition{offset=0, offsetEpoch=Optional.empty, currentLeader=LeaderAndEpoch{leader=Optional[localhost:64557 (id: 1 rack: null)], epoch=0}}.
2026-09-28T23:14:30.740-04:00 INFO  [main] o.a.k.c.c.i.ConsumerRebalanceListenerInvoker [req=?,e2e=E2E-KFK-VER-001,txn=TXN-KFK-VER-001] [Consumer clientId=consumer-test-kafka-event-bus-1790651670704-8, groupId=test-kafka-event-bus-1790651670704] Revoke previously assigned partitions openfednow.payment.events-0, openfednow.payment.events-1, openfednow.payment.events-2
2026-09-28T23:14:30.740-04:00 INFO  [main] o.a.k.c.c.internals.ConsumerCoordinator [req=?,e2e=E2E-KFK-VER-001,txn=TXN-KFK-VER-001] [Consumer clientId=consumer-test-kafka-event-bus-1790651670704-8, groupId=test-kafka-event-bus-1790651670704] Member consumer-test-kafka-event-bus-1790651670704-8-6a340ba1-58c8-457c-b45f-fa2f328b33f5 sending LeaveGroup request to coordinator localhost:64557 (id: 2147483646 rack: null) due to the consumer is being closed
2026-09-28T23:14:30.740-04:00 INFO  [main] o.a.k.c.c.internals.ConsumerCoordinator [req=?,e2e=E2E-KFK-VER-001,txn=TXN-KFK-VER-001] [Consumer clientId=consumer-test-kafka-event-bus-1790651670704-8, groupId=test-kafka-event-bus-1790651670704] Resetting generation and member id due to: consumer pro-actively leaving the group
2026-09-28T23:14:30.740-04:00 INFO  [main] o.a.k.c.c.internals.ConsumerCoordinator [req=?,e2e=E2E-KFK-VER-001,txn=TXN-KFK-VER-001] [Consumer clientId=consumer-test-kafka-event-bus-1790651670704-8, groupId=test-kafka-event-bus-1790651670704] Request joining group due to: consumer pro-actively leaving the group
2026-09-28T23:14:31.248-04:00 INFO  [main] org.apache.kafka.common.metrics.Metrics [req=?,e2e=E2E-KFK-VER-001,txn=TXN-KFK-VER-001] Metrics scheduler closed
2026-09-28T23:14:31.248-04:00 INFO  [main] org.apache.kafka.common.metrics.Metrics [req=?,e2e=E2E-KFK-VER-001,txn=TXN-KFK-VER-001] Closing reporter org.apache.kafka.common.metrics.JmxReporter
2026-09-28T23:14:31.248-04:00 INFO  [main] org.apache.kafka.common.metrics.Metrics [req=?,e2e=E2E-KFK-VER-001,txn=TXN-KFK-VER-001] Closing reporter org.apache.kafka.common.telemetry.internals.ClientTelemetryReporter
2026-09-28T23:14:31.248-04:00 INFO  [main] org.apache.kafka.common.metrics.Metrics [req=?,e2e=E2E-KFK-VER-001,txn=TXN-KFK-VER-001] Metrics reporters closed
2026-09-28T23:14:31.249-04:00 INFO  [main] o.a.kafka.common.utils.AppInfoParser [req=?,e2e=E2E-KFK-VER-001,txn=TXN-KFK-VER-001] App info kafka.consumer for consumer-test-kafka-event-bus-1790651670704-8 unregistered
2026-09-28T23:14:31.256-04:00 INFO  [main] o.a.kafka.clients.producer.KafkaProducer [req=?,e2e=E2E-KFK-VER-001,txn=TXN-KFK-VER-001] [Producer clientId=openfednow-producer-1] Closing the Kafka producer with timeoutMillis = 30000 ms.
2026-09-28T23:14:31.258-04:00 INFO  [main] org.apache.kafka.common.metrics.Metrics [req=?,e2e=E2E-KFK-VER-001,txn=TXN-KFK-VER-001] Metrics scheduler closed
2026-09-28T23:14:31.258-04:00 INFO  [main] org.apache.kafka.common.metrics.Metrics [req=?,e2e=E2E-KFK-VER-001,txn=TXN-KFK-VER-001] Closing reporter org.apache.kafka.common.metrics.JmxReporter
2026-09-28T23:14:31.258-04:00 INFO  [main] org.apache.kafka.common.metrics.Metrics [req=?,e2e=E2E-KFK-VER-001,txn=TXN-KFK-VER-001] Closing reporter org.apache.kafka.common.telemetry.internals.ClientTelemetryReporter
2026-09-28T23:14:31.258-04:00 INFO  [main] org.apache.kafka.common.metrics.Metrics [req=?,e2e=E2E-KFK-VER-001,txn=TXN-KFK-VER-001] Metrics reporters closed
2026-09-28T23:14:31.258-04:00 INFO  [main] o.a.kafka.common.utils.AppInfoParser [req=?,e2e=E2E-KFK-VER-001,txn=TXN-KFK-VER-001] App info kafka.producer for openfednow-producer-1 unregistered
2026-09-28T23:14:31.261-04:00 INFO  [main] o.s.o.j.LocalContainerEntityManagerFactoryBean [req=?,e2e=E2E-KFK-VER-001,txn=TXN-KFK-VER-001] Closing JPA EntityManagerFactory for persistence unit 'default'
[INFO] Tests run: 8, Failures: 0, Errors: 0, Skipped: 0, Time elapsed: 7.155 s -- in io.openfednow.events.KafkaEventBusIntegrationTest
[INFO] Running io.openfednow.infrastructure.RedisIntegrationTest
2026-09-28T23:14:31.534-04:00 INFO  [main] o.s.t.c.s.AnnotationConfigContextLoaderUtils [req=?,e2e=E2E-KFK-VER-001,txn=TXN-KFK-VER-001] Could not detect default configuration classes for test class [io.openfednow.infrastructure.RedisIntegrationTest]: RedisIntegrationTest does not declare any static, non-private, non-final, nested classes annotated with @Configuration.
2026-09-28T23:14:31.541-04:00 INFO  [main] o.s.b.t.c.SpringBootTestContextBootstrapper [req=?,e2e=E2E-KFK-VER-001,txn=TXN-KFK-VER-001] Found @SpringBootConfiguration io.openfednow.OpenFedNowApplication for test class io.openfednow.infrastructure.RedisIntegrationTest

  .   ____          _            __ _ _
 /\\ / ___'_ __ _ _(_)_ __  __ _ \ \ \ \
( ( )\___ | '_ | '_| | '_ \/ _` | \ \ \ \
 \\/  ___)| |_)| | | | | || (_| |  ) ) ) )
  '  |____| .__|_| |_|_| |_\__, | / / / /
 =========|_|==============|___/=/_/_/_/

 :: Spring Boot ::               (v3.5.16)

2026-09-28T23:14:31.548-04:00 INFO  [main] i.o.infrastructure.RedisIntegrationTest [req=?,e2e=E2E-KFK-VER-001,txn=TXN-KFK-VER-001] Starting RedisIntegrationTest using Java 17.0.20.1 with PID 73107 (started by danielmori in /Users/danielmori/Developer/open-fednow-reliability)
2026-09-28T23:14:31.549-04:00 DEBUG [main] i.o.infrastructure.RedisIntegrationTest [req=?,e2e=E2E-KFK-VER-001,txn=TXN-KFK-VER-001] Running with Spring Boot v3.5.16, Spring v6.2.19
2026-09-28T23:14:31.549-04:00 INFO  [main] i.o.infrastructure.RedisIntegrationTest [req=?,e2e=E2E-KFK-VER-001,txn=TXN-KFK-VER-001] No active profile set, falling back to 1 default profile: "default"
2026-09-28T23:14:31.609-04:00 INFO  [main] o.s.d.r.c.RepositoryConfigurationDelegate [req=?,e2e=E2E-KFK-VER-001,txn=TXN-KFK-VER-001] Multiple Spring Data modules found, entering strict repository configuration mode
2026-09-28T23:14:31.609-04:00 INFO  [main] o.s.d.r.c.RepositoryConfigurationDelegate [req=?,e2e=E2E-KFK-VER-001,txn=TXN-KFK-VER-001] Bootstrapping Spring Data JPA repositories in DEFAULT mode.
2026-09-28T23:14:31.612-04:00 INFO  [main] o.s.d.r.c.RepositoryConfigurationDelegate [req=?,e2e=E2E-KFK-VER-001,txn=TXN-KFK-VER-001] Finished Spring Data repository scanning in 3 ms. Found 0 JPA repository interfaces.
2026-09-28T23:14:31.613-04:00 INFO  [main] o.s.d.r.c.RepositoryConfigurationDelegate [req=?,e2e=E2E-KFK-VER-001,txn=TXN-KFK-VER-001] Multiple Spring Data modules found, entering strict repository configuration mode
2026-09-28T23:14:31.613-04:00 INFO  [main] o.s.d.r.c.RepositoryConfigurationDelegate [req=?,e2e=E2E-KFK-VER-001,txn=TXN-KFK-VER-001] Bootstrapping Spring Data Redis repositories in DEFAULT mode.
2026-09-28T23:14:31.615-04:00 INFO  [main] o.s.d.r.c.RepositoryConfigurationDelegate [req=?,e2e=E2E-KFK-VER-001,txn=TXN-KFK-VER-001] Finished Spring Data repository scanning in 1 ms. Found 0 Redis repository interfaces.
2026-09-28T23:14:31.652-04:00 INFO  [main] org.flywaydb.core.FlywayExecutor [req=?,e2e=E2E-KFK-VER-001,txn=TXN-KFK-VER-001] Database: jdbc:postgresql://localhost:64402/openfednow?loggerLevel=OFF (PostgreSQL 16.15)
2026-09-28T23:14:31.658-04:00 INFO  [main] o.f.core.internal.command.DbValidate [req=?,e2e=E2E-KFK-VER-001,txn=TXN-KFK-VER-001] Successfully validated 10 migrations (execution time 00:00.002s)
2026-09-28T23:14:31.667-04:00 INFO  [main] o.f.core.internal.command.DbMigrate [req=?,e2e=E2E-KFK-VER-001,txn=TXN-KFK-VER-001] Current version of schema "public": 10
2026-09-28T23:14:31.667-04:00 INFO  [main] o.f.core.internal.command.DbMigrate [req=?,e2e=E2E-KFK-VER-001,txn=TXN-KFK-VER-001] Schema "public" is up to date. No migration necessary.
2026-09-28T23:14:31.679-04:00 INFO  [main] o.s.o.j.p.SpringPersistenceUnitInfo [req=?,e2e=E2E-KFK-VER-001,txn=TXN-KFK-VER-001] No LoadTimeWeaver setup: ignoring JPA class transformer
2026-09-28T23:14:31.684-04:00 INFO  [main] o.s.o.j.LocalContainerEntityManagerFactoryBean [req=?,e2e=E2E-KFK-VER-001,txn=TXN-KFK-VER-001] Initialized JPA EntityManagerFactory for persistence unit 'default'
2026-09-28T23:14:31.759-04:00 INFO  [main] i.o.reliability.ReliabilityRailConfig [req=?,e2e=E2E-KFK-VER-001,txn=TXN-KFK-VER-001] Synthetic reliability rail configured=false
2026-09-28T23:14:31.774-04:00 INFO  [main] o.s.s.c.a.a.c.InitializeUserDetailsBeanManagerConfigurer$InitializeUserDetailsManagerConfigurer [req=?,e2e=E2E-KFK-VER-001,txn=TXN-KFK-VER-001] Global AuthenticationManager configured with UserDetailsService bean with name userDetailsService
2026-09-28T23:14:31.919-04:00 INFO  [main] i.o.infrastructure.RedisIntegrationTest [req=?,e2e=E2E-KFK-VER-001,txn=TXN-KFK-VER-001] Started RedisIntegrationTest in 0.377 seconds (process running for 23.928)
2026-09-28T23:14:31.919-04:00 DEBUG [scheduling-1] i.o.shadowledger.AvailabilityBridge [req=?,e2e=?,txn=?] Core availability poll: mode=ONLINE
2026-09-28T23:14:31.920-04:00 INFO  [main] i.o.processing.saga.SagaRecoveryService [req=?,e2e=E2E-KFK-VER-001,txn=TXN-KFK-VER-001] Saga recovery: no in-flight sagas found at startup
2026-09-28T23:14:31.920-04:00 INFO  [main] i.o.shadowledger.BalanceSeedService [req=?,e2e=E2E-KFK-VER-001,txn=TXN-KFK-VER-001] Shadow Ledger startup seed: no accounts configured (openfednow.shadow-ledger.seed-accounts is empty)
2026-09-28T23:14:31.963-04:00 INFO  [main] o.s.o.j.LocalContainerEntityManagerFactoryBean [req=?,e2e=E2E-KFK-VER-001,txn=TXN-KFK-VER-001] Closing JPA EntityManagerFactory for persistence unit 'default'
[INFO] Tests run: 10, Failures: 0, Errors: 0, Skipped: 0, Time elapsed: 0.447 s -- in io.openfednow.infrastructure.RedisIntegrationTest
[INFO] Running io.openfednow.infrastructure.PostgresIntegrationTest
2026-09-28T23:14:31.980-04:00 INFO  [main] o.s.t.c.s.AnnotationConfigContextLoaderUtils [req=?,e2e=E2E-KFK-VER-001,txn=TXN-KFK-VER-001] Could not detect default configuration classes for test class [io.openfednow.infrastructure.PostgresIntegrationTest]: PostgresIntegrationTest does not declare any static, non-private, non-final, nested classes annotated with @Configuration.
2026-09-28T23:14:31.982-04:00 INFO  [main] o.s.b.t.c.SpringBootTestContextBootstrapper [req=?,e2e=E2E-KFK-VER-001,txn=TXN-KFK-VER-001] Found @SpringBootConfiguration io.openfednow.OpenFedNowApplication for test class io.openfednow.infrastructure.PostgresIntegrationTest

  .   ____          _            __ _ _
 /\\ / ___'_ __ _ _(_)_ __  __ _ \ \ \ \
( ( )\___ | '_ | '_| | '_ \/ _` | \ \ \ \
 \\/  ___)| |_)| | | | | || (_| |  ) ) ) )
  '  |____| .__|_| |_|_| |_\__, | / / / /
 =========|_|==============|___/=/_/_/_/

 :: Spring Boot ::               (v3.5.16)

2026-09-28T23:14:31.992-04:00 INFO  [main] i.o.i.PostgresIntegrationTest [req=?,e2e=E2E-KFK-VER-001,txn=TXN-KFK-VER-001] Starting PostgresIntegrationTest using Java 17.0.20.1 with PID 73107 (started by danielmori in /Users/danielmori/Developer/open-fednow-reliability)
2026-09-28T23:14:31.992-04:00 DEBUG [main] i.o.i.PostgresIntegrationTest [req=?,e2e=E2E-KFK-VER-001,txn=TXN-KFK-VER-001] Running with Spring Boot v3.5.16, Spring v6.2.19
2026-09-28T23:14:31.992-04:00 INFO  [main] i.o.i.PostgresIntegrationTest [req=?,e2e=E2E-KFK-VER-001,txn=TXN-KFK-VER-001] No active profile set, falling back to 1 default profile: "default"
2026-09-28T23:14:32.049-04:00 INFO  [main] o.s.d.r.c.RepositoryConfigurationDelegate [req=?,e2e=E2E-KFK-VER-001,txn=TXN-KFK-VER-001] Multiple Spring Data modules found, entering strict repository configuration mode
2026-09-28T23:14:32.049-04:00 INFO  [main] o.s.d.r.c.RepositoryConfigurationDelegate [req=?,e2e=E2E-KFK-VER-001,txn=TXN-KFK-VER-001] Bootstrapping Spring Data JPA repositories in DEFAULT mode.
2026-09-28T23:14:32.052-04:00 INFO  [main] o.s.d.r.c.RepositoryConfigurationDelegate [req=?,e2e=E2E-KFK-VER-001,txn=TXN-KFK-VER-001] Finished Spring Data repository scanning in 2 ms. Found 0 JPA repository interfaces.
2026-09-28T23:14:32.052-04:00 INFO  [main] o.s.d.r.c.RepositoryConfigurationDelegate [req=?,e2e=E2E-KFK-VER-001,txn=TXN-KFK-VER-001] Multiple Spring Data modules found, entering strict repository configuration mode
2026-09-28T23:14:32.052-04:00 INFO  [main] o.s.d.r.c.RepositoryConfigurationDelegate [req=?,e2e=E2E-KFK-VER-001,txn=TXN-KFK-VER-001] Bootstrapping Spring Data Redis repositories in DEFAULT mode.
2026-09-28T23:14:32.054-04:00 INFO  [main] o.s.d.r.c.RepositoryConfigurationDelegate [req=?,e2e=E2E-KFK-VER-001,txn=TXN-KFK-VER-001] Finished Spring Data repository scanning in 1 ms. Found 0 Redis repository interfaces.
2026-09-28T23:14:32.093-04:00 INFO  [main] org.flywaydb.core.FlywayExecutor [req=?,e2e=E2E-KFK-VER-001,txn=TXN-KFK-VER-001] Database: jdbc:postgresql://localhost:64402/openfednow?loggerLevel=OFF (PostgreSQL 16.15)
2026-09-28T23:14:32.098-04:00 INFO  [main] o.f.core.internal.command.DbValidate [req=?,e2e=E2E-KFK-VER-001,txn=TXN-KFK-VER-001] Successfully validated 10 migrations (execution time 00:00.002s)
2026-09-28T23:14:32.107-04:00 INFO  [main] o.f.core.internal.command.DbMigrate [req=?,e2e=E2E-KFK-VER-001,txn=TXN-KFK-VER-001] Current version of schema "public": 10
2026-09-28T23:14:32.107-04:00 INFO  [main] o.f.core.internal.command.DbMigrate [req=?,e2e=E2E-KFK-VER-001,txn=TXN-KFK-VER-001] Schema "public" is up to date. No migration necessary.
2026-09-28T23:14:32.120-04:00 INFO  [main] o.s.o.j.p.SpringPersistenceUnitInfo [req=?,e2e=E2E-KFK-VER-001,txn=TXN-KFK-VER-001] No LoadTimeWeaver setup: ignoring JPA class transformer
2026-09-28T23:14:32.126-04:00 INFO  [main] o.s.o.j.LocalContainerEntityManagerFactoryBean [req=?,e2e=E2E-KFK-VER-001,txn=TXN-KFK-VER-001] Initialized JPA EntityManagerFactory for persistence unit 'default'
2026-09-28T23:14:32.196-04:00 INFO  [main] i.o.reliability.ReliabilityRailConfig [req=?,e2e=E2E-KFK-VER-001,txn=TXN-KFK-VER-001] Synthetic reliability rail configured=false
2026-09-28T23:14:32.212-04:00 INFO  [main] o.s.s.c.a.a.c.InitializeUserDetailsBeanManagerConfigurer$InitializeUserDetailsManagerConfigurer [req=?,e2e=E2E-KFK-VER-001,txn=TXN-KFK-VER-001] Global AuthenticationManager configured with UserDetailsService bean with name userDetailsService
2026-09-28T23:14:32.361-04:00 INFO  [main] i.o.i.PostgresIntegrationTest [req=?,e2e=E2E-KFK-VER-001,txn=TXN-KFK-VER-001] Started PostgresIntegrationTest in 0.377 seconds (process running for 24.371)
2026-09-28T23:14:32.362-04:00 DEBUG [scheduling-1] i.o.shadowledger.AvailabilityBridge [req=?,e2e=?,txn=?] Core availability poll: mode=ONLINE
2026-09-28T23:14:32.365-04:00 INFO  [main] i.o.processing.saga.SagaRecoveryService [req=?,e2e=E2E-KFK-VER-001,txn=TXN-KFK-VER-001] Saga recovery: no in-flight sagas found at startup
2026-09-28T23:14:32.365-04:00 INFO  [main] i.o.shadowledger.BalanceSeedService [req=?,e2e=E2E-KFK-VER-001,txn=TXN-KFK-VER-001] Shadow Ledger startup seed: no accounts configured (openfednow.shadow-ledger.seed-accounts is empty)
2026-09-28T23:14:32.391-04:00 INFO  [main] o.s.o.j.LocalContainerEntityManagerFactoryBean [req=?,e2e=E2E-KFK-VER-001,txn=TXN-KFK-VER-001] Closing JPA EntityManagerFactory for persistence unit 'default'
[INFO] Tests run: 11, Failures: 0, Errors: 0, Skipped: 0, Time elapsed: 0.460 s -- in io.openfednow.infrastructure.PostgresIntegrationTest
[INFO] Running io.openfednow.infrastructure.RabbitMqDlqTest
2026-09-28T23:14:32.440-04:00 INFO  [main] o.s.t.c.s.AnnotationConfigContextLoaderUtils [req=?,e2e=E2E-KFK-VER-001,txn=TXN-KFK-VER-001] Could not detect default configuration classes for test class [io.openfednow.infrastructure.RabbitMqDlqTest]: RabbitMqDlqTest does not declare any static, non-private, non-final, nested classes annotated with @Configuration.
2026-09-28T23:14:32.441-04:00 INFO  [main] o.s.b.t.c.SpringBootTestContextBootstrapper [req=?,e2e=E2E-KFK-VER-001,txn=TXN-KFK-VER-001] Found @SpringBootConfiguration io.openfednow.OpenFedNowApplication for test class io.openfednow.infrastructure.RabbitMqDlqTest

  .   ____          _            __ _ _
 /\\ / ___'_ __ _ _(_)_ __  __ _ \ \ \ \
( ( )\___ | '_ | '_| | '_ \/ _` | \ \ \ \
 \\/  ___)| |_)| | | | | || (_| |  ) ) ) )
  '  |____| .__|_| |_|_| |_\__, | / / / /
 =========|_|==============|___/=/_/_/_/

 :: Spring Boot ::               (v3.5.16)

2026-09-28T23:14:32.448-04:00 INFO  [main] i.o.infrastructure.RabbitMqDlqTest [req=?,e2e=E2E-KFK-VER-001,txn=TXN-KFK-VER-001] Starting RabbitMqDlqTest using Java 17.0.20.1 with PID 73107 (started by danielmori in /Users/danielmori/Developer/open-fednow-reliability)
2026-09-28T23:14:32.448-04:00 DEBUG [main] i.o.infrastructure.RabbitMqDlqTest [req=?,e2e=E2E-KFK-VER-001,txn=TXN-KFK-VER-001] Running with Spring Boot v3.5.16, Spring v6.2.19
2026-09-28T23:14:32.448-04:00 INFO  [main] i.o.infrastructure.RabbitMqDlqTest [req=?,e2e=E2E-KFK-VER-001,txn=TXN-KFK-VER-001] No active profile set, falling back to 1 default profile: "default"
2026-09-28T23:14:32.501-04:00 INFO  [main] o.s.d.r.c.RepositoryConfigurationDelegate [req=?,e2e=E2E-KFK-VER-001,txn=TXN-KFK-VER-001] Multiple Spring Data modules found, entering strict repository configuration mode
2026-09-28T23:14:32.501-04:00 INFO  [main] o.s.d.r.c.RepositoryConfigurationDelegate [req=?,e2e=E2E-KFK-VER-001,txn=TXN-KFK-VER-001] Bootstrapping Spring Data JPA repositories in DEFAULT mode.
2026-09-28T23:14:32.505-04:00 INFO  [main] o.s.d.r.c.RepositoryConfigurationDelegate [req=?,e2e=E2E-KFK-VER-001,txn=TXN-KFK-VER-001] Finished Spring Data repository scanning in 2 ms. Found 0 JPA repository interfaces.
2026-09-28T23:14:32.505-04:00 INFO  [main] o.s.d.r.c.RepositoryConfigurationDelegate [req=?,e2e=E2E-KFK-VER-001,txn=TXN-KFK-VER-001] Multiple Spring Data modules found, entering strict repository configuration mode
2026-09-28T23:14:32.505-04:00 INFO  [main] o.s.d.r.c.RepositoryConfigurationDelegate [req=?,e2e=E2E-KFK-VER-001,txn=TXN-KFK-VER-001] Bootstrapping Spring Data Redis repositories in DEFAULT mode.
2026-09-28T23:14:32.507-04:00 INFO  [main] o.s.d.r.c.RepositoryConfigurationDelegate [req=?,e2e=E2E-KFK-VER-001,txn=TXN-KFK-VER-001] Finished Spring Data repository scanning in 1 ms. Found 0 Redis repository interfaces.
2026-09-28T23:14:32.543-04:00 INFO  [main] org.flywaydb.core.FlywayExecutor [req=?,e2e=E2E-KFK-VER-001,txn=TXN-KFK-VER-001] Database: jdbc:postgresql://localhost:64402/openfednow?loggerLevel=OFF (PostgreSQL 16.15)
2026-09-28T23:14:32.549-04:00 INFO  [main] o.f.core.internal.command.DbValidate [req=?,e2e=E2E-KFK-VER-001,txn=TXN-KFK-VER-001] Successfully validated 10 migrations (execution time 00:00.002s)
2026-09-28T23:14:32.558-04:00 INFO  [main] o.f.core.internal.command.DbMigrate [req=?,e2e=E2E-KFK-VER-001,txn=TXN-KFK-VER-001] Current version of schema "public": 10
2026-09-28T23:14:32.558-04:00 INFO  [main] o.f.core.internal.command.DbMigrate [req=?,e2e=E2E-KFK-VER-001,txn=TXN-KFK-VER-001] Schema "public" is up to date. No migration necessary.
2026-09-28T23:14:32.571-04:00 INFO  [main] o.s.o.j.p.SpringPersistenceUnitInfo [req=?,e2e=E2E-KFK-VER-001,txn=TXN-KFK-VER-001] No LoadTimeWeaver setup: ignoring JPA class transformer
2026-09-28T23:14:32.578-04:00 INFO  [main] o.s.o.j.LocalContainerEntityManagerFactoryBean [req=?,e2e=E2E-KFK-VER-001,txn=TXN-KFK-VER-001] Initialized JPA EntityManagerFactory for persistence unit 'default'
2026-09-28T23:14:32.646-04:00 INFO  [main] i.o.reliability.ReliabilityRailConfig [req=?,e2e=E2E-KFK-VER-001,txn=TXN-KFK-VER-001] Synthetic reliability rail configured=false
2026-09-28T23:14:32.661-04:00 INFO  [main] o.s.s.c.a.a.c.InitializeUserDetailsBeanManagerConfigurer$InitializeUserDetailsManagerConfigurer [req=?,e2e=E2E-KFK-VER-001,txn=TXN-KFK-VER-001] Global AuthenticationManager configured with UserDetailsService bean with name userDetailsService
2026-09-28T23:14:32.796-04:00 INFO  [main] i.o.infrastructure.RabbitMqDlqTest [req=?,e2e=E2E-KFK-VER-001,txn=TXN-KFK-VER-001] Started RabbitMqDlqTest in 0.354 seconds (process running for 24.805)
2026-09-28T23:14:32.796-04:00 DEBUG [scheduling-1] i.o.shadowledger.AvailabilityBridge [req=?,e2e=?,txn=?] Core availability poll: mode=ONLINE
2026-09-28T23:14:32.799-04:00 WARN  [main] i.o.processing.saga.SagaRecoveryService [req=?,e2e=E2E-KFK-VER-001,txn=TXN-KFK-VER-001] Saga recovery: found 1 in-flight saga(s) — completing or compensating each
2026-09-28T23:14:32.800-04:00 INFO  [main] i.o.processing.saga.SagaRecoveryService [req=?,e2e=E2E-KFK-VER-001,txn=TXN-KFK-VER-001] Recovering sagaId=SAGA-PG-001 fromState=INITIATED sourceRail=FEDNOW
2026-09-28T23:14:32.800-04:00 INFO  [main] i.o.processing.saga.SagaOrchestrator [req=?,e2e=E2E-KFK-VER-001,txn=TXN-KFK-VER-001] Saga compensation starting sagaId=SAGA-PG-001 fromState=INITIATED reason=NARR
2026-09-28T23:14:32.801-04:00 INFO  [main] i.o.processing.saga.SagaOrchestrator [req=?,e2e=E2E-KFK-VER-001,txn=TXN-KFK-VER-001] Saga compensation complete sagaId=SAGA-PG-001
2026-09-28T23:14:32.802-04:00 INFO  [main] i.o.processing.saga.SagaRecoveryService [req=?,e2e=E2E-KFK-VER-001,txn=TXN-KFK-VER-001] Saga recovery complete: 1 of 1 saga(s) processed
2026-09-28T23:14:32.802-04:00 INFO  [main] i.o.shadowledger.BalanceSeedService [req=?,e2e=E2E-KFK-VER-001,txn=TXN-KFK-VER-001] Shadow Ledger startup seed: no accounts configured (openfednow.shadow-ledger.seed-accounts is empty)
2026-09-28T23:14:32.803-04:00 INFO  [main] o.s.a.r.c.CachingConnectionFactory [req=?,e2e=E2E-KFK-VER-001,txn=TXN-KFK-VER-001] Attempting to connect to: [localhost:64405]
2026-09-28T23:14:32.806-04:00 INFO  [main] o.s.a.r.c.CachingConnectionFactory [req=?,e2e=E2E-KFK-VER-001,txn=TXN-KFK-VER-001] Created new connection: rabbitConnectionFactory#d7e73de:0/SimpleConnection@2d397646 [delegate=amqp://guest@127.0.0.1:64405/, localPort=64620]
2026-09-28T23:14:33.359-04:00 INFO  [main] o.s.o.j.LocalContainerEntityManagerFactoryBean [req=?,e2e=E2E-KFK-VER-001,txn=TXN-KFK-VER-001] Closing JPA EntityManagerFactory for persistence unit 'default'
[INFO] Tests run: 4, Failures: 0, Errors: 0, Skipped: 0, Time elapsed: 0.921 s -- in io.openfednow.infrastructure.RabbitMqDlqTest
[INFO] Running io.openfednow.infrastructure.RabbitMqIntegrationTest
2026-09-28T23:14:33.361-04:00 INFO  [main] o.s.t.c.s.AnnotationConfigContextLoaderUtils [req=?,e2e=E2E-KFK-VER-001,txn=TXN-KFK-VER-001] Could not detect default configuration classes for test class [io.openfednow.infrastructure.RabbitMqIntegrationTest]: RabbitMqIntegrationTest does not declare any static, non-private, non-final, nested classes annotated with @Configuration.
2026-09-28T23:14:33.362-04:00 INFO  [main] o.s.b.t.c.SpringBootTestContextBootstrapper [req=?,e2e=E2E-KFK-VER-001,txn=TXN-KFK-VER-001] Found @SpringBootConfiguration io.openfednow.OpenFedNowApplication for test class io.openfednow.infrastructure.RabbitMqIntegrationTest

  .   ____          _            __ _ _
 /\\ / ___'_ __ _ _(_)_ __  __ _ \ \ \ \
( ( )\___ | '_ | '_| | '_ \/ _` | \ \ \ \
 \\/  ___)| |_)| | | | | || (_| |  ) ) ) )
  '  |____| .__|_| |_|_| |_\__, | / / / /
 =========|_|==============|___/=/_/_/_/

 :: Spring Boot ::               (v3.5.16)

2026-09-28T23:14:33.369-04:00 INFO  [main] i.o.i.RabbitMqIntegrationTest [req=?,e2e=E2E-KFK-VER-001,txn=TXN-KFK-VER-001] Starting RabbitMqIntegrationTest using Java 17.0.20.1 with PID 73107 (started by danielmori in /Users/danielmori/Developer/open-fednow-reliability)
2026-09-28T23:14:33.369-04:00 DEBUG [main] i.o.i.RabbitMqIntegrationTest [req=?,e2e=E2E-KFK-VER-001,txn=TXN-KFK-VER-001] Running with Spring Boot v3.5.16, Spring v6.2.19
2026-09-28T23:14:33.369-04:00 INFO  [main] i.o.i.RabbitMqIntegrationTest [req=?,e2e=E2E-KFK-VER-001,txn=TXN-KFK-VER-001] No active profile set, falling back to 1 default profile: "default"
2026-09-28T23:14:33.434-04:00 INFO  [main] o.s.d.r.c.RepositoryConfigurationDelegate [req=?,e2e=E2E-KFK-VER-001,txn=TXN-KFK-VER-001] Multiple Spring Data modules found, entering strict repository configuration mode
2026-09-28T23:14:33.434-04:00 INFO  [main] o.s.d.r.c.RepositoryConfigurationDelegate [req=?,e2e=E2E-KFK-VER-001,txn=TXN-KFK-VER-001] Bootstrapping Spring Data JPA repositories in DEFAULT mode.
2026-09-28T23:14:33.437-04:00 INFO  [main] o.s.d.r.c.RepositoryConfigurationDelegate [req=?,e2e=E2E-KFK-VER-001,txn=TXN-KFK-VER-001] Finished Spring Data repository scanning in 2 ms. Found 0 JPA repository interfaces.
2026-09-28T23:14:33.437-04:00 INFO  [main] o.s.d.r.c.RepositoryConfigurationDelegate [req=?,e2e=E2E-KFK-VER-001,txn=TXN-KFK-VER-001] Multiple Spring Data modules found, entering strict repository configuration mode
2026-09-28T23:14:33.437-04:00 INFO  [main] o.s.d.r.c.RepositoryConfigurationDelegate [req=?,e2e=E2E-KFK-VER-001,txn=TXN-KFK-VER-001] Bootstrapping Spring Data Redis repositories in DEFAULT mode.
2026-09-28T23:14:33.439-04:00 INFO  [main] o.s.d.r.c.RepositoryConfigurationDelegate [req=?,e2e=E2E-KFK-VER-001,txn=TXN-KFK-VER-001] Finished Spring Data repository scanning in 1 ms. Found 0 Redis repository interfaces.
2026-09-28T23:14:33.474-04:00 INFO  [main] org.flywaydb.core.FlywayExecutor [req=?,e2e=E2E-KFK-VER-001,txn=TXN-KFK-VER-001] Database: jdbc:postgresql://localhost:64402/openfednow?loggerLevel=OFF (PostgreSQL 16.15)
2026-09-28T23:14:33.480-04:00 INFO  [main] o.f.core.internal.command.DbValidate [req=?,e2e=E2E-KFK-VER-001,txn=TXN-KFK-VER-001] Successfully validated 10 migrations (execution time 00:00.002s)
2026-09-28T23:14:33.489-04:00 INFO  [main] o.f.core.internal.command.DbMigrate [req=?,e2e=E2E-KFK-VER-001,txn=TXN-KFK-VER-001] Current version of schema "public": 10
2026-09-28T23:14:33.489-04:00 INFO  [main] o.f.core.internal.command.DbMigrate [req=?,e2e=E2E-KFK-VER-001,txn=TXN-KFK-VER-001] Schema "public" is up to date. No migration necessary.
2026-09-28T23:14:33.501-04:00 INFO  [main] o.s.o.j.p.SpringPersistenceUnitInfo [req=?,e2e=E2E-KFK-VER-001,txn=TXN-KFK-VER-001] No LoadTimeWeaver setup: ignoring JPA class transformer
2026-09-28T23:14:33.506-04:00 INFO  [main] o.s.o.j.LocalContainerEntityManagerFactoryBean [req=?,e2e=E2E-KFK-VER-001,txn=TXN-KFK-VER-001] Initialized JPA EntityManagerFactory for persistence unit 'default'
2026-09-28T23:14:33.570-04:00 INFO  [main] i.o.reliability.ReliabilityRailConfig [req=?,e2e=E2E-KFK-VER-001,txn=TXN-KFK-VER-001] Synthetic reliability rail configured=false
2026-09-28T23:14:33.585-04:00 INFO  [main] o.s.s.c.a.a.c.InitializeUserDetailsBeanManagerConfigurer$InitializeUserDetailsManagerConfigurer [req=?,e2e=E2E-KFK-VER-001,txn=TXN-KFK-VER-001] Global AuthenticationManager configured with UserDetailsService bean with name userDetailsService
2026-09-28T23:14:33.727-04:00 INFO  [main] i.o.i.RabbitMqIntegrationTest [req=?,e2e=E2E-KFK-VER-001,txn=TXN-KFK-VER-001] Started RabbitMqIntegrationTest in 0.364 seconds (process running for 25.737)
2026-09-28T23:14:33.727-04:00 DEBUG [scheduling-1] i.o.shadowledger.AvailabilityBridge [req=?,e2e=?,txn=?] Core availability poll: mode=ONLINE
2026-09-28T23:14:33.730-04:00 INFO  [main] i.o.processing.saga.SagaRecoveryService [req=?,e2e=E2E-KFK-VER-001,txn=TXN-KFK-VER-001] Saga recovery: no in-flight sagas found at startup
2026-09-28T23:14:33.730-04:00 INFO  [main] i.o.shadowledger.BalanceSeedService [req=?,e2e=E2E-KFK-VER-001,txn=TXN-KFK-VER-001] Shadow Ledger startup seed: no accounts configured (openfednow.shadow-ledger.seed-accounts is empty)
2026-09-28T23:14:33.731-04:00 INFO  [main] o.s.a.r.c.CachingConnectionFactory [req=?,e2e=E2E-KFK-VER-001,txn=TXN-KFK-VER-001] Attempting to connect to: [localhost:64405]
2026-09-28T23:14:33.737-04:00 INFO  [main] o.s.a.r.c.CachingConnectionFactory [req=?,e2e=E2E-KFK-VER-001,txn=TXN-KFK-VER-001] Created new connection: rabbitConnectionFactory#9fa0ce0:0/SimpleConnection@3415a957 [delegate=amqp://guest@127.0.0.1:64405/, localPort=64631]
2026-09-28T23:14:33.771-04:00 INFO  [main] o.s.o.j.LocalContainerEntityManagerFactoryBean [req=?,e2e=E2E-KFK-VER-001,txn=TXN-KFK-VER-001] Closing JPA EntityManagerFactory for persistence unit 'default'
[INFO] Tests run: 7, Failures: 0, Errors: 0, Skipped: 0, Time elapsed: 0.430 s -- in io.openfednow.infrastructure.RabbitMqIntegrationTest
[INFO] Running io.openfednow.gateway.OutboundPaymentIntegrationTest
2026-09-28T23:14:33.791-04:00 INFO  [main] o.s.t.c.s.AnnotationConfigContextLoaderUtils [req=?,e2e=E2E-KFK-VER-001,txn=TXN-KFK-VER-001] Could not detect default configuration classes for test class [io.openfednow.gateway.OutboundPaymentIntegrationTest]: OutboundPaymentIntegrationTest does not declare any static, non-private, non-final, nested classes annotated with @Configuration.
2026-09-28T23:14:33.795-04:00 INFO  [main] o.s.b.t.c.SpringBootTestContextBootstrapper [req=?,e2e=E2E-KFK-VER-001,txn=TXN-KFK-VER-001] Found @SpringBootConfiguration io.openfednow.OpenFedNowApplication for test class io.openfednow.gateway.OutboundPaymentIntegrationTest

  .   ____          _            __ _ _
 /\\ / ___'_ __ _ _(_)_ __  __ _ \ \ \ \
( ( )\___ | '_ | '_| | '_ \/ _` | \ \ \ \
 \\/  ___)| |_)| | | | | || (_| |  ) ) ) )
  '  |____| .__|_| |_|_| |_\__, | / / / /
 =========|_|==============|___/=/_/_/_/

 :: Spring Boot ::               (v3.5.16)

2026-09-28T23:14:33.801-04:00 INFO  [main] i.o.g.OutboundPaymentIntegrationTest [req=?,e2e=E2E-KFK-VER-001,txn=TXN-KFK-VER-001] Starting OutboundPaymentIntegrationTest using Java 17.0.20.1 with PID 73107 (started by danielmori in /Users/danielmori/Developer/open-fednow-reliability)
2026-09-28T23:14:33.801-04:00 DEBUG [main] i.o.g.OutboundPaymentIntegrationTest [req=?,e2e=E2E-KFK-VER-001,txn=TXN-KFK-VER-001] Running with Spring Boot v3.5.16, Spring v6.2.19
2026-09-28T23:14:33.801-04:00 INFO  [main] i.o.g.OutboundPaymentIntegrationTest [req=?,e2e=E2E-KFK-VER-001,txn=TXN-KFK-VER-001] No active profile set, falling back to 1 default profile: "default"
2026-09-28T23:14:33.852-04:00 INFO  [main] o.s.d.r.c.RepositoryConfigurationDelegate [req=?,e2e=E2E-KFK-VER-001,txn=TXN-KFK-VER-001] Multiple Spring Data modules found, entering strict repository configuration mode
2026-09-28T23:14:33.852-04:00 INFO  [main] o.s.d.r.c.RepositoryConfigurationDelegate [req=?,e2e=E2E-KFK-VER-001,txn=TXN-KFK-VER-001] Bootstrapping Spring Data JPA repositories in DEFAULT mode.
2026-09-28T23:14:33.855-04:00 INFO  [main] o.s.d.r.c.RepositoryConfigurationDelegate [req=?,e2e=E2E-KFK-VER-001,txn=TXN-KFK-VER-001] Finished Spring Data repository scanning in 2 ms. Found 0 JPA repository interfaces.
2026-09-28T23:14:33.855-04:00 INFO  [main] o.s.d.r.c.RepositoryConfigurationDelegate [req=?,e2e=E2E-KFK-VER-001,txn=TXN-KFK-VER-001] Multiple Spring Data modules found, entering strict repository configuration mode
2026-09-28T23:14:33.855-04:00 INFO  [main] o.s.d.r.c.RepositoryConfigurationDelegate [req=?,e2e=E2E-KFK-VER-001,txn=TXN-KFK-VER-001] Bootstrapping Spring Data Redis repositories in DEFAULT mode.
2026-09-28T23:14:33.857-04:00 INFO  [main] o.s.d.r.c.RepositoryConfigurationDelegate [req=?,e2e=E2E-KFK-VER-001,txn=TXN-KFK-VER-001] Finished Spring Data repository scanning in 1 ms. Found 0 Redis repository interfaces.
2026-09-28T23:14:33.894-04:00 INFO  [main] org.flywaydb.core.FlywayExecutor [req=?,e2e=E2E-KFK-VER-001,txn=TXN-KFK-VER-001] Database: jdbc:postgresql://localhost:64402/openfednow?loggerLevel=OFF (PostgreSQL 16.15)
2026-09-28T23:14:33.899-04:00 INFO  [main] o.f.core.internal.command.DbValidate [req=?,e2e=E2E-KFK-VER-001,txn=TXN-KFK-VER-001] Successfully validated 10 migrations (execution time 00:00.002s)
2026-09-28T23:14:33.908-04:00 INFO  [main] o.f.core.internal.command.DbMigrate [req=?,e2e=E2E-KFK-VER-001,txn=TXN-KFK-VER-001] Current version of schema "public": 10
2026-09-28T23:14:33.909-04:00 INFO  [main] o.f.core.internal.command.DbMigrate [req=?,e2e=E2E-KFK-VER-001,txn=TXN-KFK-VER-001] Schema "public" is up to date. No migration necessary.
2026-09-28T23:14:33.921-04:00 INFO  [main] o.s.o.j.p.SpringPersistenceUnitInfo [req=?,e2e=E2E-KFK-VER-001,txn=TXN-KFK-VER-001] No LoadTimeWeaver setup: ignoring JPA class transformer
2026-09-28T23:14:33.927-04:00 INFO  [main] o.s.o.j.LocalContainerEntityManagerFactoryBean [req=?,e2e=E2E-KFK-VER-001,txn=TXN-KFK-VER-001] Initialized JPA EntityManagerFactory for persistence unit 'default'
2026-09-28T23:14:33.992-04:00 INFO  [main] i.o.reliability.ReliabilityRailConfig [req=?,e2e=E2E-KFK-VER-001,txn=TXN-KFK-VER-001] Synthetic reliability rail configured=false
2026-09-28T23:14:34.007-04:00 INFO  [main] o.s.s.c.a.a.c.InitializeUserDetailsBeanManagerConfigurer$InitializeUserDetailsManagerConfigurer [req=?,e2e=E2E-KFK-VER-001,txn=TXN-KFK-VER-001] Global AuthenticationManager configured with UserDetailsService bean with name userDetailsService
2026-09-28T23:14:34.162-04:00 INFO  [main] i.o.g.OutboundPaymentIntegrationTest [req=?,e2e=E2E-KFK-VER-001,txn=TXN-KFK-VER-001] Started OutboundPaymentIntegrationTest in 0.366 seconds (process running for 26.172)
2026-09-28T23:14:34.162-04:00 DEBUG [scheduling-1] i.o.shadowledger.AvailabilityBridge [req=?,e2e=?,txn=?] Core availability poll: mode=ONLINE
2026-09-28T23:14:34.164-04:00 INFO  [main] i.o.processing.saga.SagaRecoveryService [req=?,e2e=E2E-KFK-VER-001,txn=TXN-KFK-VER-001] Saga recovery: no in-flight sagas found at startup
2026-09-28T23:14:34.164-04:00 INFO  [main] i.o.shadowledger.BalanceSeedService [req=?,e2e=E2E-KFK-VER-001,txn=TXN-KFK-VER-001] Shadow Ledger startup seed: no accounts configured (openfednow.shadow-ledger.seed-accounts is empty)
2026-09-28T23:14:34.169-04:00 INFO  [main] io.openfednow.gateway.MessageRouter [req=?,e2e=E2E-OUT-ACSP-001,txn=TXN-OUT-ACSP-001] Outbound credit transfer received amount=150.00 currency=USD
2026-09-28T23:14:34.171-04:00 INFO  [main] i.o.processing.saga.SagaOrchestrator [req=?,e2e=E2E-OUT-ACSP-001,txn=TXN-OUT-ACSP-001] Saga initiated sagaId=SAGA-e721824b-a875-4756-87b3-b8f7877ef9b6 transactionId=TXN-OUT-ACSP-001 e2e=E2E-OUT-ACSP-001 sourceRail=FEDNOW requestId=null
2026-09-28T23:14:34.173-04:00 INFO  [main] io.openfednow.shadowledger.ShadowLedger [req=?,e2e=E2E-OUT-ACSP-001,txn=TXN-OUT-ACSP-001] Shadow Ledger debit applied account=ACC-DEBTOR-OUT-001 amount=150.00 balanceAfter=850.00
2026-09-28T23:14:34.174-04:00 DEBUG [main] i.o.processing.saga.SagaOrchestrator [req=?,e2e=E2E-OUT-ACSP-001,txn=TXN-OUT-ACSP-001] Saga advanced sagaId=SAGA-e721824b-a875-4756-87b3-b8f7877ef9b6 state=FUNDS_RESERVED
2026-09-28T23:14:34.174-04:00 DEBUG [main] i.o.processing.saga.SagaOrchestrator [req=?,e2e=E2E-OUT-ACSP-001,txn=TXN-OUT-ACSP-001] Saga advanced sagaId=SAGA-e721824b-a875-4756-87b3-b8f7877ef9b6 state=SUBMITTING
2026-09-28T23:14:34.174-04:00 DEBUG [main] i.o.processing.saga.SagaOrchestrator [req=?,e2e=E2E-OUT-ACSP-001,txn=TXN-OUT-ACSP-001] Saga advanced sagaId=SAGA-e721824b-a875-4756-87b3-b8f7877ef9b6 state=OUTCOME_UNKNOWN
2026-09-28T23:14:34.174-04:00 INFO  [main] io.openfednow.gateway.MessageRouter [req=?,e2e=E2E-OUT-ACSP-001,txn=TXN-OUT-ACSP-001] Outbound credit transfer status=ACSP rejectCode=null
2026-09-28T23:14:34.176-04:00 DEBUG [main] i.o.p.idempotency.IdempotencyService [req=?,e2e=E2E-OUT-ACSP-001,txn=TXN-OUT-ACSP-001] Idempotency outcome recorded e2e=E2E-OUT-ACSP-001 status=ACSP
2026-09-28T23:14:34.179-04:00 INFO  [main] io.openfednow.gateway.MessageRouter [req=?,e2e=E2E-OUT-RJT-001,txn=TXN-OUT-RJT-001] Outbound credit transfer received amount=300.00 currency=USD
2026-09-28T23:14:34.180-04:00 INFO  [main] i.o.processing.saga.SagaOrchestrator [req=?,e2e=E2E-OUT-RJT-001,txn=TXN-OUT-RJT-001] Saga initiated sagaId=SAGA-99f4ec96-3816-4f15-9e13-1a435e89db3d transactionId=TXN-OUT-RJT-001 e2e=E2E-OUT-RJT-001 sourceRail=FEDNOW requestId=null
2026-09-28T23:14:34.183-04:00 INFO  [main] io.openfednow.shadowledger.ShadowLedger [req=?,e2e=E2E-OUT-RJT-001,txn=TXN-OUT-RJT-001] Shadow Ledger debit applied account=ACC-DEBTOR-OUT-001 amount=300.00 balanceAfter=700.00
2026-09-28T23:14:34.183-04:00 DEBUG [main] i.o.processing.saga.SagaOrchestrator [req=?,e2e=E2E-OUT-RJT-001,txn=TXN-OUT-RJT-001] Saga advanced sagaId=SAGA-99f4ec96-3816-4f15-9e13-1a435e89db3d state=FUNDS_RESERVED
2026-09-28T23:14:34.183-04:00 DEBUG [main] i.o.processing.saga.SagaOrchestrator [req=?,e2e=E2E-OUT-RJT-001,txn=TXN-OUT-RJT-001] Saga advanced sagaId=SAGA-99f4ec96-3816-4f15-9e13-1a435e89db3d state=SUBMITTING
2026-09-28T23:14:34.183-04:00 INFO  [main] io.openfednow.gateway.MessageRouter [req=?,e2e=E2E-OUT-RJT-001,txn=TXN-OUT-RJT-001] FedNow rejected outbound payment, compensating sagaId=SAGA-99f4ec96-3816-4f15-9e13-1a435e89db3d reason=AC01
2026-09-28T23:14:34.184-04:00 INFO  [main] i.o.processing.saga.SagaOrchestrator [req=?,e2e=E2E-OUT-RJT-001,txn=TXN-OUT-RJT-001] Saga compensation starting sagaId=SAGA-99f4ec96-3816-4f15-9e13-1a435e89db3d fromState=SUBMITTING reason=AC01
2026-09-28T23:14:34.185-04:00 INFO  [main] io.openfednow.shadowledger.ShadowLedger [req=?,e2e=E2E-OUT-RJT-001,txn=TXN-OUT-RJT-001] Shadow Ledger reversal applied account=ACC-DEBTOR-OUT-001 amount=300.00 balanceAfter=1000.00
2026-09-28T23:14:34.185-04:00 INFO  [main] i.o.processing.saga.SagaOrchestrator [req=?,e2e=E2E-OUT-RJT-001,txn=TXN-OUT-RJT-001] Shadow Ledger debit reversed sagaId=SAGA-99f4ec96-3816-4f15-9e13-1a435e89db3d transactionId=TXN-OUT-RJT-001
2026-09-28T23:14:34.185-04:00 INFO  [main] i.o.processing.saga.SagaOrchestrator [req=?,e2e=E2E-OUT-RJT-001,txn=TXN-OUT-RJT-001] Saga compensation complete sagaId=SAGA-99f4ec96-3816-4f15-9e13-1a435e89db3d
2026-09-28T23:14:34.186-04:00 INFO  [main] io.openfednow.gateway.MessageRouter [req=?,e2e=E2E-OUT-RJT-001,txn=TXN-OUT-RJT-001] Outbound credit transfer status=RJCT rejectCode=AC01
2026-09-28T23:14:34.186-04:00 DEBUG [main] i.o.p.idempotency.IdempotencyService [req=?,e2e=E2E-OUT-RJT-001,txn=TXN-OUT-RJT-001] Idempotency outcome recorded e2e=E2E-OUT-RJT-001 status=RJCT
2026-09-28T23:14:34.189-04:00 INFO  [main] io.openfednow.gateway.MessageRouter [req=?,e2e=E2E-OUT-NSF-002,txn=TXN-OUT-NSF-002] Outbound credit transfer received amount=9999.00 currency=USD
2026-09-28T23:14:34.190-04:00 INFO  [main] io.openfednow.gateway.MessageRouter [req=?,e2e=E2E-OUT-NSF-002,txn=TXN-OUT-NSF-002] Outbound payment rejected: insufficient funds account=**************-001 available=1000.00 requested=9999.00
2026-09-28T23:14:34.190-04:00 DEBUG [main] i.o.p.idempotency.IdempotencyService [req=?,e2e=E2E-OUT-NSF-002,txn=TXN-OUT-NSF-002] Idempotency outcome recorded e2e=E2E-OUT-NSF-002 status=RJCT
2026-09-28T23:14:34.193-04:00 INFO  [main] io.openfednow.gateway.MessageRouter [req=?,e2e=E2E-OUT-002,txn=TXN-OUT-002] Outbound credit transfer received amount=100.00 currency=USD
2026-09-28T23:14:34.194-04:00 INFO  [main] i.o.processing.saga.SagaOrchestrator [req=?,e2e=E2E-OUT-002,txn=TXN-OUT-002] Saga initiated sagaId=SAGA-a7d566f6-35d0-43d9-8aef-a66a1391edb6 transactionId=TXN-OUT-002 e2e=E2E-OUT-002 sourceRail=FEDNOW requestId=null
2026-09-28T23:14:34.197-04:00 INFO  [main] io.openfednow.shadowledger.ShadowLedger [req=?,e2e=E2E-OUT-002,txn=TXN-OUT-002] Shadow Ledger debit applied account=ACC-DEBTOR-OUT-001 amount=100.00 balanceAfter=900.00
2026-09-28T23:14:34.197-04:00 DEBUG [main] i.o.processing.saga.SagaOrchestrator [req=?,e2e=E2E-OUT-002,txn=TXN-OUT-002] Saga advanced sagaId=SAGA-a7d566f6-35d0-43d9-8aef-a66a1391edb6 state=FUNDS_RESERVED
2026-09-28T23:14:34.197-04:00 DEBUG [main] i.o.processing.saga.SagaOrchestrator [req=?,e2e=E2E-OUT-002,txn=TXN-OUT-002] Saga advanced sagaId=SAGA-a7d566f6-35d0-43d9-8aef-a66a1391edb6 state=SUBMITTING
2026-09-28T23:14:34.197-04:00 DEBUG [main] i.o.processing.saga.SagaOrchestrator [req=?,e2e=E2E-OUT-002,txn=TXN-OUT-002] Saga advanced sagaId=SAGA-a7d566f6-35d0-43d9-8aef-a66a1391edb6 state=FEDNOW_CONFIRMED
2026-09-28T23:14:34.198-04:00 DEBUG [main] i.o.processing.saga.SagaOrchestrator [req=?,e2e=E2E-OUT-002,txn=TXN-OUT-002] Saga advanced sagaId=SAGA-a7d566f6-35d0-43d9-8aef-a66a1391edb6 state=COMPLETED
2026-09-28T23:14:34.198-04:00 INFO  [main] io.openfednow.gateway.MessageRouter [req=?,e2e=E2E-OUT-002,txn=TXN-OUT-002] Outbound credit transfer status=ACSC rejectCode=null
2026-09-28T23:14:34.198-04:00 DEBUG [main] i.o.p.idempotency.IdempotencyService [req=?,e2e=E2E-OUT-002,txn=TXN-OUT-002] Idempotency outcome recorded e2e=E2E-OUT-002 status=ACSC
2026-09-28T23:14:34.201-04:00 INFO  [main] io.openfednow.gateway.MessageRouter [req=?,e2e=E2E-OUT-NSF-003,txn=TXN-OUT-NSF-003] Outbound credit transfer received amount=9999.00 currency=USD
2026-09-28T23:14:34.202-04:00 INFO  [main] io.openfednow.gateway.MessageRouter [req=?,e2e=E2E-OUT-NSF-003,txn=TXN-OUT-NSF-003] Outbound payment rejected: insufficient funds account=**************-001 available=1000.00 requested=9999.00
2026-09-28T23:14:34.202-04:00 DEBUG [main] i.o.p.idempotency.IdempotencyService [req=?,e2e=E2E-OUT-NSF-003,txn=TXN-OUT-NSF-003] Idempotency outcome recorded e2e=E2E-OUT-NSF-003 status=RJCT
2026-09-28T23:14:34.205-04:00 INFO  [main] io.openfednow.gateway.MessageRouter [req=?,e2e=E2E-OUT-RJT-002,txn=TXN-OUT-RJT-002] Outbound credit transfer received amount=100.00 currency=USD
2026-09-28T23:14:34.206-04:00 INFO  [main] i.o.processing.saga.SagaOrchestrator [req=?,e2e=E2E-OUT-RJT-002,txn=TXN-OUT-RJT-002] Saga initiated sagaId=SAGA-f4c8ae99-e8a8-4fc0-ae69-cabf4618de55 transactionId=TXN-OUT-RJT-002 e2e=E2E-OUT-RJT-002 sourceRail=FEDNOW requestId=null
2026-09-28T23:14:34.208-04:00 INFO  [main] io.openfednow.shadowledger.ShadowLedger [req=?,e2e=E2E-OUT-RJT-002,txn=TXN-OUT-RJT-002] Shadow Ledger debit applied account=ACC-DEBTOR-OUT-001 amount=100.00 balanceAfter=900.00
2026-09-28T23:14:34.209-04:00 DEBUG [main] i.o.processing.saga.SagaOrchestrator [req=?,e2e=E2E-OUT-RJT-002,txn=TXN-OUT-RJT-002] Saga advanced sagaId=SAGA-f4c8ae99-e8a8-4fc0-ae69-cabf4618de55 state=FUNDS_RESERVED
2026-09-28T23:14:34.209-04:00 DEBUG [main] i.o.processing.saga.SagaOrchestrator [req=?,e2e=E2E-OUT-RJT-002,txn=TXN-OUT-RJT-002] Saga advanced sagaId=SAGA-f4c8ae99-e8a8-4fc0-ae69-cabf4618de55 state=SUBMITTING
2026-09-28T23:14:34.209-04:00 INFO  [main] io.openfednow.gateway.MessageRouter [req=?,e2e=E2E-OUT-RJT-002,txn=TXN-OUT-RJT-002] FedNow rejected outbound payment, compensating sagaId=SAGA-f4c8ae99-e8a8-4fc0-ae69-cabf4618de55 reason=AM04
2026-09-28T23:14:34.209-04:00 INFO  [main] i.o.processing.saga.SagaOrchestrator [req=?,e2e=E2E-OUT-RJT-002,txn=TXN-OUT-RJT-002] Saga compensation starting sagaId=SAGA-f4c8ae99-e8a8-4fc0-ae69-cabf4618de55 fromState=SUBMITTING reason=AM04
2026-09-28T23:14:34.210-04:00 INFO  [main] io.openfednow.shadowledger.ShadowLedger [req=?,e2e=E2E-OUT-RJT-002,txn=TXN-OUT-RJT-002] Shadow Ledger reversal applied account=ACC-DEBTOR-OUT-001 amount=100.00 balanceAfter=1000.00
2026-09-28T23:14:34.210-04:00 INFO  [main] i.o.processing.saga.SagaOrchestrator [req=?,e2e=E2E-OUT-RJT-002,txn=TXN-OUT-RJT-002] Shadow Ledger debit reversed sagaId=SAGA-f4c8ae99-e8a8-4fc0-ae69-cabf4618de55 transactionId=TXN-OUT-RJT-002
2026-09-28T23:14:34.211-04:00 INFO  [main] i.o.processing.saga.SagaOrchestrator [req=?,e2e=E2E-OUT-RJT-002,txn=TXN-OUT-RJT-002] Saga compensation complete sagaId=SAGA-f4c8ae99-e8a8-4fc0-ae69-cabf4618de55
2026-09-28T23:14:34.211-04:00 INFO  [main] io.openfednow.gateway.MessageRouter [req=?,e2e=E2E-OUT-RJT-002,txn=TXN-OUT-RJT-002] Outbound credit transfer status=RJCT rejectCode=AM04
2026-09-28T23:14:34.211-04:00 DEBUG [main] i.o.p.idempotency.IdempotencyService [req=?,e2e=E2E-OUT-RJT-002,txn=TXN-OUT-RJT-002] Idempotency outcome recorded e2e=E2E-OUT-RJT-002 status=RJCT
2026-09-28T23:14:34.214-04:00 INFO  [main] io.openfednow.gateway.MessageRouter [req=?,e2e=E2E-OUT-NSF-001,txn=TXN-OUT-NSF-001] Outbound credit transfer received amount=5000.00 currency=USD
2026-09-28T23:14:34.215-04:00 INFO  [main] io.openfednow.gateway.MessageRouter [req=?,e2e=E2E-OUT-NSF-001,txn=TXN-OUT-NSF-001] Outbound payment rejected: insufficient funds account=**************-001 available=1000.00 requested=5000.00
2026-09-28T23:14:34.215-04:00 DEBUG [main] i.o.p.idempotency.IdempotencyService [req=?,e2e=E2E-OUT-NSF-001,txn=TXN-OUT-NSF-001] Idempotency outcome recorded e2e=E2E-OUT-NSF-001 status=RJCT
2026-09-28T23:14:34.218-04:00 INFO  [main] io.openfednow.gateway.MessageRouter [req=?,e2e=E2E-OUT-ACSP-002,txn=TXN-OUT-ACSP-002] Outbound credit transfer received amount=50.00 currency=USD
2026-09-28T23:14:34.219-04:00 INFO  [main] i.o.processing.saga.SagaOrchestrator [req=?,e2e=E2E-OUT-ACSP-002,txn=TXN-OUT-ACSP-002] Saga initiated sagaId=SAGA-399e021f-244f-4c12-8959-7f989e4f5ea2 transactionId=TXN-OUT-ACSP-002 e2e=E2E-OUT-ACSP-002 sourceRail=FEDNOW requestId=null
2026-09-28T23:14:34.222-04:00 INFO  [main] io.openfednow.shadowledger.ShadowLedger [req=?,e2e=E2E-OUT-ACSP-002,txn=TXN-OUT-ACSP-002] Shadow Ledger debit applied account=ACC-DEBTOR-OUT-001 amount=50.00 balanceAfter=950.00
2026-09-28T23:14:34.222-04:00 DEBUG [main] i.o.processing.saga.SagaOrchestrator [req=?,e2e=E2E-OUT-ACSP-002,txn=TXN-OUT-ACSP-002] Saga advanced sagaId=SAGA-399e021f-244f-4c12-8959-7f989e4f5ea2 state=FUNDS_RESERVED
2026-09-28T23:14:34.222-04:00 DEBUG [main] i.o.processing.saga.SagaOrchestrator [req=?,e2e=E2E-OUT-ACSP-002,txn=TXN-OUT-ACSP-002] Saga advanced sagaId=SAGA-399e021f-244f-4c12-8959-7f989e4f5ea2 state=SUBMITTING
2026-09-28T23:14:34.222-04:00 DEBUG [main] i.o.processing.saga.SagaOrchestrator [req=?,e2e=E2E-OUT-ACSP-002,txn=TXN-OUT-ACSP-002] Saga advanced sagaId=SAGA-399e021f-244f-4c12-8959-7f989e4f5ea2 state=OUTCOME_UNKNOWN
2026-09-28T23:14:34.222-04:00 INFO  [main] io.openfednow.gateway.MessageRouter [req=?,e2e=E2E-OUT-ACSP-002,txn=TXN-OUT-ACSP-002] Outbound credit transfer status=ACSP rejectCode=null
2026-09-28T23:14:34.223-04:00 DEBUG [main] i.o.p.idempotency.IdempotencyService [req=?,e2e=E2E-OUT-ACSP-002,txn=TXN-OUT-ACSP-002] Idempotency outcome recorded e2e=E2E-OUT-ACSP-002 status=ACSP
2026-09-28T23:14:34.226-04:00 INFO  [main] io.openfednow.gateway.MessageRouter [req=?,e2e=E2E-OUT-DUP-001,txn=TXN-OUT-DUP-001] Outbound credit transfer received amount=200.00 currency=USD
2026-09-28T23:14:34.227-04:00 INFO  [main] i.o.processing.saga.SagaOrchestrator [req=?,e2e=E2E-OUT-DUP-001,txn=TXN-OUT-DUP-001] Saga initiated sagaId=SAGA-9eaa71dc-b7b4-4e49-ba60-2320b075a02a transactionId=TXN-OUT-DUP-001 e2e=E2E-OUT-DUP-001 sourceRail=FEDNOW requestId=null
2026-09-28T23:14:34.229-04:00 INFO  [main] io.openfednow.shadowledger.ShadowLedger [req=?,e2e=E2E-OUT-DUP-001,txn=TXN-OUT-DUP-001] Shadow Ledger debit applied account=ACC-DEBTOR-OUT-001 amount=200.00 balanceAfter=800.00
2026-09-28T23:14:34.229-04:00 DEBUG [main] i.o.processing.saga.SagaOrchestrator [req=?,e2e=E2E-OUT-DUP-001,txn=TXN-OUT-DUP-001] Saga advanced sagaId=SAGA-9eaa71dc-b7b4-4e49-ba60-2320b075a02a state=FUNDS_RESERVED
2026-09-28T23:14:34.229-04:00 DEBUG [main] i.o.processing.saga.SagaOrchestrator [req=?,e2e=E2E-OUT-DUP-001,txn=TXN-OUT-DUP-001] Saga advanced sagaId=SAGA-9eaa71dc-b7b4-4e49-ba60-2320b075a02a state=SUBMITTING
2026-09-28T23:14:34.230-04:00 DEBUG [main] i.o.processing.saga.SagaOrchestrator [req=?,e2e=E2E-OUT-DUP-001,txn=TXN-OUT-DUP-001] Saga advanced sagaId=SAGA-9eaa71dc-b7b4-4e49-ba60-2320b075a02a state=FEDNOW_CONFIRMED
2026-09-28T23:14:34.230-04:00 DEBUG [main] i.o.processing.saga.SagaOrchestrator [req=?,e2e=E2E-OUT-DUP-001,txn=TXN-OUT-DUP-001] Saga advanced sagaId=SAGA-9eaa71dc-b7b4-4e49-ba60-2320b075a02a state=COMPLETED
2026-09-28T23:14:34.230-04:00 INFO  [main] io.openfednow.gateway.MessageRouter [req=?,e2e=E2E-OUT-DUP-001,txn=TXN-OUT-DUP-001] Outbound credit transfer status=ACSC rejectCode=null
2026-09-28T23:14:34.230-04:00 DEBUG [main] i.o.p.idempotency.IdempotencyService [req=?,e2e=E2E-OUT-DUP-001,txn=TXN-OUT-DUP-001] Idempotency outcome recorded e2e=E2E-OUT-DUP-001 status=ACSC
2026-09-28T23:14:34.230-04:00 INFO  [main] io.openfednow.gateway.MessageRouter [req=?,e2e=E2E-OUT-DUP-001,txn=TXN-OUT-DUP-001] Outbound credit transfer received amount=200.00 currency=USD
2026-09-28T23:14:34.231-04:00 DEBUG [main] i.o.p.idempotency.IdempotencyService [req=?,e2e=E2E-OUT-DUP-001,txn=TXN-OUT-DUP-001] Idempotency cache hit e2e=E2E-OUT-DUP-001
2026-09-28T23:14:34.231-04:00 INFO  [main] io.openfednow.gateway.MessageRouter [req=?,e2e=E2E-OUT-DUP-001,txn=TXN-OUT-DUP-001] Duplicate outbound payment suppressed e2e=E2E-OUT-DUP-001
2026-09-28T23:14:34.234-04:00 INFO  [main] io.openfednow.gateway.MessageRouter [req=?,e2e=E2E-OUT-003,txn=TXN-OUT-003] Outbound credit transfer received amount=50.00 currency=USD
2026-09-28T23:14:34.235-04:00 INFO  [main] i.o.processing.saga.SagaOrchestrator [req=?,e2e=E2E-OUT-003,txn=TXN-OUT-003] Saga initiated sagaId=SAGA-1180b5b0-b700-4367-9697-9693726a8611 transactionId=TXN-OUT-003 e2e=E2E-OUT-003 sourceRail=FEDNOW requestId=null
2026-09-28T23:14:34.238-04:00 INFO  [main] io.openfednow.shadowledger.ShadowLedger [req=?,e2e=E2E-OUT-003,txn=TXN-OUT-003] Shadow Ledger debit applied account=ACC-DEBTOR-OUT-001 amount=50.00 balanceAfter=950.00
2026-09-28T23:14:34.238-04:00 DEBUG [main] i.o.processing.saga.SagaOrchestrator [req=?,e2e=E2E-OUT-003,txn=TXN-OUT-003] Saga advanced sagaId=SAGA-1180b5b0-b700-4367-9697-9693726a8611 state=FUNDS_RESERVED
2026-09-28T23:14:34.238-04:00 DEBUG [main] i.o.processing.saga.SagaOrchestrator [req=?,e2e=E2E-OUT-003,txn=TXN-OUT-003] Saga advanced sagaId=SAGA-1180b5b0-b700-4367-9697-9693726a8611 state=SUBMITTING
2026-09-28T23:14:34.238-04:00 DEBUG [main] i.o.processing.saga.SagaOrchestrator [req=?,e2e=E2E-OUT-003,txn=TXN-OUT-003] Saga advanced sagaId=SAGA-1180b5b0-b700-4367-9697-9693726a8611 state=FEDNOW_CONFIRMED
2026-09-28T23:14:34.238-04:00 DEBUG [main] i.o.processing.saga.SagaOrchestrator [req=?,e2e=E2E-OUT-003,txn=TXN-OUT-003] Saga advanced sagaId=SAGA-1180b5b0-b700-4367-9697-9693726a8611 state=COMPLETED
2026-09-28T23:14:34.238-04:00 INFO  [main] io.openfednow.gateway.MessageRouter [req=?,e2e=E2E-OUT-003,txn=TXN-OUT-003] Outbound credit transfer status=ACSC rejectCode=null
2026-09-28T23:14:34.239-04:00 DEBUG [main] i.o.p.idempotency.IdempotencyService [req=?,e2e=E2E-OUT-003,txn=TXN-OUT-003] Idempotency outcome recorded e2e=E2E-OUT-003 status=ACSC
2026-09-28T23:14:34.242-04:00 INFO  [main] io.openfednow.gateway.MessageRouter [req=?,e2e=E2E-OUT-001,txn=TXN-OUT-001] Outbound credit transfer received amount=250.00 currency=USD
2026-09-28T23:14:34.243-04:00 INFO  [main] i.o.processing.saga.SagaOrchestrator [req=?,e2e=E2E-OUT-001,txn=TXN-OUT-001] Saga initiated sagaId=SAGA-e8f9faae-7a04-46a2-a011-4b5f93fad3ba transactionId=TXN-OUT-001 e2e=E2E-OUT-001 sourceRail=FEDNOW requestId=null
2026-09-28T23:14:34.245-04:00 INFO  [main] io.openfednow.shadowledger.ShadowLedger [req=?,e2e=E2E-OUT-001,txn=TXN-OUT-001] Shadow Ledger debit applied account=ACC-DEBTOR-OUT-001 amount=250.00 balanceAfter=750.00
2026-09-28T23:14:34.245-04:00 DEBUG [main] i.o.processing.saga.SagaOrchestrator [req=?,e2e=E2E-OUT-001,txn=TXN-OUT-001] Saga advanced sagaId=SAGA-e8f9faae-7a04-46a2-a011-4b5f93fad3ba state=FUNDS_RESERVED
2026-09-28T23:14:34.246-04:00 DEBUG [main] i.o.processing.saga.SagaOrchestrator [req=?,e2e=E2E-OUT-001,txn=TXN-OUT-001] Saga advanced sagaId=SAGA-e8f9faae-7a04-46a2-a011-4b5f93fad3ba state=SUBMITTING
2026-09-28T23:14:34.246-04:00 DEBUG [main] i.o.processing.saga.SagaOrchestrator [req=?,e2e=E2E-OUT-001,txn=TXN-OUT-001] Saga advanced sagaId=SAGA-e8f9faae-7a04-46a2-a011-4b5f93fad3ba state=FEDNOW_CONFIRMED
2026-09-28T23:14:34.246-04:00 DEBUG [main] i.o.processing.saga.SagaOrchestrator [req=?,e2e=E2E-OUT-001,txn=TXN-OUT-001] Saga advanced sagaId=SAGA-e8f9faae-7a04-46a2-a011-4b5f93fad3ba state=COMPLETED
2026-09-28T23:14:34.246-04:00 INFO  [main] io.openfednow.gateway.MessageRouter [req=?,e2e=E2E-OUT-001,txn=TXN-OUT-001] Outbound credit transfer status=ACSC rejectCode=null
2026-09-28T23:14:34.247-04:00 DEBUG [main] i.o.p.idempotency.IdempotencyService [req=?,e2e=E2E-OUT-001,txn=TXN-OUT-001] Idempotency outcome recorded e2e=E2E-OUT-001 status=ACSC
2026-09-28T23:14:34.249-04:00 INFO  [main] io.openfednow.gateway.MessageRouter [req=?,e2e=E2E-OUT-RJT-003,txn=TXN-OUT-RJT-003] Outbound credit transfer received amount=75.00 currency=USD
2026-09-28T23:14:34.250-04:00 INFO  [main] i.o.processing.saga.SagaOrchestrator [req=?,e2e=E2E-OUT-RJT-003,txn=TXN-OUT-RJT-003] Saga initiated sagaId=SAGA-74f97a70-231b-4a4c-a8f1-2d6e503430e6 transactionId=TXN-OUT-RJT-003 e2e=E2E-OUT-RJT-003 sourceRail=FEDNOW requestId=null
2026-09-28T23:14:34.253-04:00 INFO  [main] io.openfednow.shadowledger.ShadowLedger [req=?,e2e=E2E-OUT-RJT-003,txn=TXN-OUT-RJT-003] Shadow Ledger debit applied account=ACC-DEBTOR-OUT-001 amount=75.00 balanceAfter=925.00
2026-09-28T23:14:34.253-04:00 DEBUG [main] i.o.processing.saga.SagaOrchestrator [req=?,e2e=E2E-OUT-RJT-003,txn=TXN-OUT-RJT-003] Saga advanced sagaId=SAGA-74f97a70-231b-4a4c-a8f1-2d6e503430e6 state=FUNDS_RESERVED
2026-09-28T23:14:34.253-04:00 DEBUG [main] i.o.processing.saga.SagaOrchestrator [req=?,e2e=E2E-OUT-RJT-003,txn=TXN-OUT-RJT-003] Saga advanced sagaId=SAGA-74f97a70-231b-4a4c-a8f1-2d6e503430e6 state=SUBMITTING
2026-09-28T23:14:34.253-04:00 INFO  [main] io.openfednow.gateway.MessageRouter [req=?,e2e=E2E-OUT-RJT-003,txn=TXN-OUT-RJT-003] FedNow rejected outbound payment, compensating sagaId=SAGA-74f97a70-231b-4a4c-a8f1-2d6e503430e6 reason=AC04
2026-09-28T23:14:34.254-04:00 INFO  [main] i.o.processing.saga.SagaOrchestrator [req=?,e2e=E2E-OUT-RJT-003,txn=TXN-OUT-RJT-003] Saga compensation starting sagaId=SAGA-74f97a70-231b-4a4c-a8f1-2d6e503430e6 fromState=SUBMITTING reason=AC04
2026-09-28T23:14:34.254-04:00 INFO  [main] io.openfednow.shadowledger.ShadowLedger [req=?,e2e=E2E-OUT-RJT-003,txn=TXN-OUT-RJT-003] Shadow Ledger reversal applied account=ACC-DEBTOR-OUT-001 amount=75.00 balanceAfter=1000.00
2026-09-28T23:14:34.254-04:00 INFO  [main] i.o.processing.saga.SagaOrchestrator [req=?,e2e=E2E-OUT-RJT-003,txn=TXN-OUT-RJT-003] Shadow Ledger debit reversed sagaId=SAGA-74f97a70-231b-4a4c-a8f1-2d6e503430e6 transactionId=TXN-OUT-RJT-003
2026-09-28T23:14:34.255-04:00 INFO  [main] i.o.processing.saga.SagaOrchestrator [req=?,e2e=E2E-OUT-RJT-003,txn=TXN-OUT-RJT-003] Saga compensation complete sagaId=SAGA-74f97a70-231b-4a4c-a8f1-2d6e503430e6
2026-09-28T23:14:34.255-04:00 INFO  [main] io.openfednow.gateway.MessageRouter [req=?,e2e=E2E-OUT-RJT-003,txn=TXN-OUT-RJT-003] Outbound credit transfer status=RJCT rejectCode=AC04
2026-09-28T23:14:34.256-04:00 DEBUG [main] i.o.p.idempotency.IdempotencyService [req=?,e2e=E2E-OUT-RJT-003,txn=TXN-OUT-RJT-003] Idempotency outcome recorded e2e=E2E-OUT-RJT-003 status=RJCT
2026-09-28T23:14:34.259-04:00 INFO  [main] io.openfednow.gateway.MessageRouter [req=?,e2e=E2E-OUT-UNKNOWN,txn=TXN-OUT-UNKNOWN] Outbound credit transfer received amount=150.00 currency=USD
2026-09-28T23:14:34.260-04:00 INFO  [main] i.o.processing.saga.SagaOrchestrator [req=?,e2e=E2E-OUT-UNKNOWN,txn=TXN-OUT-UNKNOWN] Saga initiated sagaId=SAGA-9872f48a-ec67-4f47-9ed7-f6b3c404ca94 transactionId=TXN-OUT-UNKNOWN e2e=E2E-OUT-UNKNOWN sourceRail=FEDNOW requestId=null
2026-09-28T23:14:34.263-04:00 INFO  [main] io.openfednow.shadowledger.ShadowLedger [req=?,e2e=E2E-OUT-UNKNOWN,txn=TXN-OUT-UNKNOWN] Shadow Ledger debit applied account=ACC-DEBTOR-OUT-001 amount=150.00 balanceAfter=850.00
2026-09-28T23:14:34.263-04:00 DEBUG [main] i.o.processing.saga.SagaOrchestrator [req=?,e2e=E2E-OUT-UNKNOWN,txn=TXN-OUT-UNKNOWN] Saga advanced sagaId=SAGA-9872f48a-ec67-4f47-9ed7-f6b3c404ca94 state=FUNDS_RESERVED
2026-09-28T23:14:34.263-04:00 DEBUG [main] i.o.processing.saga.SagaOrchestrator [req=?,e2e=E2E-OUT-UNKNOWN,txn=TXN-OUT-UNKNOWN] Saga advanced sagaId=SAGA-9872f48a-ec67-4f47-9ed7-f6b3c404ca94 state=SUBMITTING
2026-09-28T23:14:34.263-04:00 ERROR [main] io.openfednow.gateway.MessageRouter [req=?,e2e=E2E-OUT-UNKNOWN,txn=TXN-OUT-UNKNOWN] FedNow outcome unknown; reservation retained sagaId=SAGA-9872f48a-ec67-4f47-9ed7-f6b3c404ca94
io.openfednow.gateway.SubmissionOutcomeUnknownException: simulated lost response
	at io.openfednow.gateway.MessageRouter.routeOutbound(MessageRouter.java:433)
	at io.openfednow.gateway.OutboundPaymentIntegrationTest.lostResponseRetainsFundsAndDuplicateCannotResubmit(OutboundPaymentIntegrationTest.java:224)
	at java.base/jdk.internal.reflect.NativeMethodAccessorImpl.invoke0(Native Method)
	at java.base/jdk.internal.reflect.NativeMethodAccessorImpl.invoke(NativeMethodAccessorImpl.java:77)
	at java.base/jdk.internal.reflect.DelegatingMethodAccessorImpl.invoke(DelegatingMethodAccessorImpl.java:43)
	at java.base/java.lang.reflect.Method.invoke(Method.java:569)
	at org.junit.platform.commons.util.ReflectionUtils.invokeMethod(ReflectionUtils.java:775)
	at org.junit.platform.commons.support.ReflectionSupport.invokeMethod(ReflectionSupport.java:479)
	at org.junit.jupiter.engine.execution.MethodInvocation.proceed(MethodInvocation.java:60)
	at org.junit.jupiter.engine.execution.InvocationInterceptorChain$ValidatingInvocation.proceed(InvocationInterceptorChain.java:131)
	at org.junit.jupiter.engine.extension.TimeoutExtension.intercept(TimeoutExtension.java:161)
	at org.junit.jupiter.engine.extension.TimeoutExtension.interceptTestableMethod(TimeoutExtension.java:152)
	at org.junit.jupiter.engine.extension.TimeoutExtension.interceptTestMethod(TimeoutExtension.java:91)
	at org.junit.jupiter.engine.execution.InterceptingExecutableInvoker$ReflectiveInterceptorCall.lambda$ofVoidMethod$0(InterceptingExecutableInvoker.java:112)
	at org.junit.jupiter.engine.execution.InterceptingExecutableInvoker.lambda$invoke$0(InterceptingExecutableInvoker.java:94)
	at org.junit.jupiter.engine.execution.InvocationInterceptorChain$InterceptedInvocation.proceed(InvocationInterceptorChain.java:106)
	at org.junit.jupiter.engine.execution.InvocationInterceptorChain.proceed(InvocationInterceptorChain.java:64)
	at org.junit.jupiter.engine.execution.InvocationInterceptorChain.chainAndInvoke(InvocationInterceptorChain.java:45)
	at org.junit.jupiter.engine.execution.InvocationInterceptorChain.invoke(InvocationInterceptorChain.java:37)
	at org.junit.jupiter.engine.execution.InterceptingExecutableInvoker.invoke(InterceptingExecutableInvoker.java:93)
	at org.junit.jupiter.engine.execution.InterceptingExecutableInvoker.invoke(InterceptingExecutableInvoker.java:87)
	at org.junit.jupiter.engine.descriptor.TestMethodTestDescriptor.lambda$invokeTestMethod$7(TestMethodTestDescriptor.java:216)
	at org.junit.platform.engine.support.hierarchical.ThrowableCollector.execute(ThrowableCollector.java:73)
	at org.junit.jupiter.engine.descriptor.TestMethodTestDescriptor.invokeTestMethod(TestMethodTestDescriptor.java:212)
	at org.junit.jupiter.engine.descriptor.TestMethodTestDescriptor.execute(TestMethodTestDescriptor.java:137)
	at org.junit.jupiter.engine.descriptor.TestMethodTestDescriptor.execute(TestMethodTestDescriptor.java:69)
	at org.junit.platform.engine.support.hierarchical.NodeTestTask.lambda$executeRecursively$6(NodeTestTask.java:156)
	at org.junit.platform.engine.support.hierarchical.ThrowableCollector.execute(ThrowableCollector.java:73)
	at org.junit.platform.engine.support.hierarchical.NodeTestTask.lambda$executeRecursively$8(NodeTestTask.java:146)
	at org.junit.platform.engine.support.hierarchical.Node.around(Node.java:137)
	at org.junit.platform.engine.support.hierarchical.NodeTestTask.lambda$executeRecursively$9(NodeTestTask.java:144)
	at org.junit.platform.engine.support.hierarchical.ThrowableCollector.execute(ThrowableCollector.java:73)
	at org.junit.platform.engine.support.hierarchical.NodeTestTask.executeRecursively(NodeTestTask.java:143)
	at org.junit.platform.engine.support.hierarchical.NodeTestTask.execute(NodeTestTask.java:100)
	at java.base/java.util.ArrayList.forEach(ArrayList.java:1511)
	at org.junit.platform.engine.support.hierarchical.SameThreadHierarchicalTestExecutorService.invokeAll(SameThreadHierarchicalTestExecutorService.java:41)
	at org.junit.platform.engine.support.hierarchical.NodeTestTask.lambda$executeRecursively$6(NodeTestTask.java:160)
	at org.junit.platform.engine.support.hierarchical.ThrowableCollector.execute(ThrowableCollector.java:73)
	at org.junit.platform.engine.support.hierarchical.NodeTestTask.lambda$executeRecursively$8(NodeTestTask.java:146)
	at org.junit.platform.engine.support.hierarchical.Node.around(Node.java:137)
	at org.junit.platform.engine.support.hierarchical.NodeTestTask.lambda$executeRecursively$9(NodeTestTask.java:144)
	at org.junit.platform.engine.support.hierarchical.ThrowableCollector.execute(ThrowableCollector.java:73)
	at org.junit.platform.engine.support.hierarchical.NodeTestTask.executeRecursively(NodeTestTask.java:143)
	at org.junit.platform.engine.support.hierarchical.NodeTestTask.execute(NodeTestTask.java:100)
	at java.base/java.util.ArrayList.forEach(ArrayList.java:1511)
	at org.junit.platform.engine.support.hierarchical.SameThreadHierarchicalTestExecutorService.invokeAll(SameThreadHierarchicalTestExecutorService.java:41)
	at org.junit.platform.engine.support.hierarchical.NodeTestTask.lambda$executeRecursively$6(NodeTestTask.java:160)
	at org.junit.platform.engine.support.hierarchical.ThrowableCollector.execute(ThrowableCollector.java:73)
	at org.junit.platform.engine.support.hierarchical.NodeTestTask.lambda$executeRecursively$8(NodeTestTask.java:146)
	at org.junit.platform.engine.support.hierarchical.Node.around(Node.java:137)
	at org.junit.platform.engine.support.hierarchical.NodeTestTask.lambda$executeRecursively$9(NodeTestTask.java:144)
	at org.junit.platform.engine.support.hierarchical.ThrowableCollector.execute(ThrowableCollector.java:73)
	at org.junit.platform.engine.support.hierarchical.NodeTestTask.executeRecursively(NodeTestTask.java:143)
	at org.junit.platform.engine.support.hierarchical.NodeTestTask.execute(NodeTestTask.java:100)
	at org.junit.platform.engine.support.hierarchical.SameThreadHierarchicalTestExecutorService.submit(SameThreadHierarchicalTestExecutorService.java:35)
	at org.junit.platform.engine.support.hierarchical.HierarchicalTestExecutor.execute(HierarchicalTestExecutor.java:57)
	at org.junit.platform.engine.support.hierarchical.HierarchicalTestEngine.execute(HierarchicalTestEngine.java:54)
	at org.junit.platform.launcher.core.EngineExecutionOrchestrator.execute(EngineExecutionOrchestrator.java:201)
	at org.junit.platform.launcher.core.EngineExecutionOrchestrator.execute(EngineExecutionOrchestrator.java:170)
	at org.junit.platform.launcher.core.EngineExecutionOrchestrator.execute(EngineExecutionOrchestrator.java:94)
	at org.junit.platform.launcher.core.EngineExecutionOrchestrator.lambda$execute$0(EngineExecutionOrchestrator.java:59)
	at org.junit.platform.launcher.core.EngineExecutionOrchestrator.withInterceptedStreams(EngineExecutionOrchestrator.java:142)
	at org.junit.platform.launcher.core.EngineExecutionOrchestrator.execute(EngineExecutionOrchestrator.java:58)
	at org.junit.platform.launcher.core.DefaultLauncher.execute(DefaultLauncher.java:103)
	at org.junit.platform.launcher.core.DefaultLauncher.execute(DefaultLauncher.java:85)
	at org.junit.platform.launcher.core.DelegatingLauncher.execute(DelegatingLauncher.java:47)
	at org.junit.platform.launcher.core.InterceptingLauncher.lambda$execute$1(InterceptingLauncher.java:39)
	at org.junit.platform.launcher.core.ClasspathAlignmentCheckingLauncherInterceptor.intercept(ClasspathAlignmentCheckingLauncherInterceptor.java:25)
	at org.junit.platform.launcher.core.InterceptingLauncher.execute(InterceptingLauncher.java:38)
	at org.junit.platform.launcher.core.DelegatingLauncher.execute(DelegatingLauncher.java:47)
	at org.apache.maven.surefire.junitplatform.LauncherAdapter.executeWithoutCancellationToken(LauncherAdapter.java:60)
	at org.apache.maven.surefire.junitplatform.LauncherAdapter.execute(LauncherAdapter.java:52)
	at org.apache.maven.surefire.junitplatform.JUnitPlatformProvider.execute(JUnitPlatformProvider.java:203)
	at org.apache.maven.surefire.junitplatform.JUnitPlatformProvider.invokeAllTests(JUnitPlatformProvider.java:168)
	at org.apache.maven.surefire.junitplatform.JUnitPlatformProvider.invoke(JUnitPlatformProvider.java:136)
	at org.apache.maven.surefire.booter.ForkedBooter.runSuitesInProcess(ForkedBooter.java:385)
	at org.apache.maven.surefire.booter.ForkedBooter.execute(ForkedBooter.java:162)
	at org.apache.maven.surefire.booter.ForkedBooter.run(ForkedBooter.java:507)
	at org.apache.maven.surefire.booter.ForkedBooter.main(ForkedBooter.java:495)
2026-09-28T23:14:34.264-04:00 DEBUG [main] i.o.processing.saga.SagaOrchestrator [req=?,e2e=E2E-OUT-UNKNOWN,txn=TXN-OUT-UNKNOWN] Saga advanced sagaId=SAGA-9872f48a-ec67-4f47-9ed7-f6b3c404ca94 state=OUTCOME_UNKNOWN
2026-09-28T23:14:34.265-04:00 INFO  [main] io.openfednow.gateway.MessageRouter [req=?,e2e=E2E-OUT-UNKNOWN,txn=TXN-OUT-UNKNOWN] Outbound credit transfer received amount=150.00 currency=USD
2026-09-28T23:14:34.265-04:00 WARN  [main] io.openfednow.gateway.MessageRouter [req=?,e2e=E2E-OUT-UNKNOWN,txn=TXN-OUT-UNKNOWN] Outbound payment already has a durable saga e2e=E2E-OUT-UNKNOWN
2026-09-28T23:14:34.268-04:00 INFO  [main] o.s.o.j.LocalContainerEntityManagerFactoryBean [req=?,e2e=E2E-OUT-UNKNOWN,txn=TXN-OUT-UNKNOWN] Closing JPA EntityManagerFactory for persistence unit 'default'
[INFO] Tests run: 13, Failures: 0, Errors: 0, Skipped: 0, Time elapsed: 0.495 s -- in io.openfednow.gateway.OutboundPaymentIntegrationTest
[INFO] Running io.openfednow.shadowledger.ShadowLedgerConcurrencyTest
2026-09-28T23:14:34.287-04:00 INFO  [main] o.s.t.c.s.AnnotationConfigContextLoaderUtils [req=?,e2e=E2E-OUT-UNKNOWN,txn=TXN-OUT-UNKNOWN] Could not detect default configuration classes for test class [io.openfednow.shadowledger.ShadowLedgerConcurrencyTest]: ShadowLedgerConcurrencyTest does not declare any static, non-private, non-final, nested classes annotated with @Configuration.
2026-09-28T23:14:34.291-04:00 INFO  [main] o.s.b.t.c.SpringBootTestContextBootstrapper [req=?,e2e=E2E-OUT-UNKNOWN,txn=TXN-OUT-UNKNOWN] Found @SpringBootConfiguration io.openfednow.OpenFedNowApplication for test class io.openfednow.shadowledger.ShadowLedgerConcurrencyTest

  .   ____          _            __ _ _
 /\\ / ___'_ __ _ _(_)_ __  __ _ \ \ \ \
( ( )\___ | '_ | '_| | '_ \/ _` | \ \ \ \
 \\/  ___)| |_)| | | | | || (_| |  ) ) ) )
  '  |____| .__|_| |_|_| |_\__, | / / / /
 =========|_|==============|___/=/_/_/_/

 :: Spring Boot ::               (v3.5.16)

2026-09-28T23:14:34.297-04:00 INFO  [main] i.o.s.ShadowLedgerConcurrencyTest [req=?,e2e=E2E-OUT-UNKNOWN,txn=TXN-OUT-UNKNOWN] Starting ShadowLedgerConcurrencyTest using Java 17.0.20.1 with PID 73107 (started by danielmori in /Users/danielmori/Developer/open-fednow-reliability)
2026-09-28T23:14:34.297-04:00 DEBUG [main] i.o.s.ShadowLedgerConcurrencyTest [req=?,e2e=E2E-OUT-UNKNOWN,txn=TXN-OUT-UNKNOWN] Running with Spring Boot v3.5.16, Spring v6.2.19
2026-09-28T23:14:34.297-04:00 INFO  [main] i.o.s.ShadowLedgerConcurrencyTest [req=?,e2e=E2E-OUT-UNKNOWN,txn=TXN-OUT-UNKNOWN] No active profile set, falling back to 1 default profile: "default"
2026-09-28T23:14:34.347-04:00 INFO  [main] o.s.d.r.c.RepositoryConfigurationDelegate [req=?,e2e=E2E-OUT-UNKNOWN,txn=TXN-OUT-UNKNOWN] Multiple Spring Data modules found, entering strict repository configuration mode
2026-09-28T23:14:34.347-04:00 INFO  [main] o.s.d.r.c.RepositoryConfigurationDelegate [req=?,e2e=E2E-OUT-UNKNOWN,txn=TXN-OUT-UNKNOWN] Bootstrapping Spring Data JPA repositories in DEFAULT mode.
2026-09-28T23:14:34.350-04:00 INFO  [main] o.s.d.r.c.RepositoryConfigurationDelegate [req=?,e2e=E2E-OUT-UNKNOWN,txn=TXN-OUT-UNKNOWN] Finished Spring Data repository scanning in 2 ms. Found 0 JPA repository interfaces.
2026-09-28T23:14:34.350-04:00 INFO  [main] o.s.d.r.c.RepositoryConfigurationDelegate [req=?,e2e=E2E-OUT-UNKNOWN,txn=TXN-OUT-UNKNOWN] Multiple Spring Data modules found, entering strict repository configuration mode
2026-09-28T23:14:34.350-04:00 INFO  [main] o.s.d.r.c.RepositoryConfigurationDelegate [req=?,e2e=E2E-OUT-UNKNOWN,txn=TXN-OUT-UNKNOWN] Bootstrapping Spring Data Redis repositories in DEFAULT mode.
2026-09-28T23:14:34.352-04:00 INFO  [main] o.s.d.r.c.RepositoryConfigurationDelegate [req=?,e2e=E2E-OUT-UNKNOWN,txn=TXN-OUT-UNKNOWN] Finished Spring Data repository scanning in 1 ms. Found 0 Redis repository interfaces.
2026-09-28T23:14:34.388-04:00 INFO  [main] org.flywaydb.core.FlywayExecutor [req=?,e2e=E2E-OUT-UNKNOWN,txn=TXN-OUT-UNKNOWN] Database: jdbc:postgresql://localhost:64402/openfednow?loggerLevel=OFF (PostgreSQL 16.15)
2026-09-28T23:14:34.395-04:00 INFO  [main] o.f.core.internal.command.DbValidate [req=?,e2e=E2E-OUT-UNKNOWN,txn=TXN-OUT-UNKNOWN] Successfully validated 10 migrations (execution time 00:00.003s)
2026-09-28T23:14:34.404-04:00 INFO  [main] o.f.core.internal.command.DbMigrate [req=?,e2e=E2E-OUT-UNKNOWN,txn=TXN-OUT-UNKNOWN] Current version of schema "public": 10
2026-09-28T23:14:34.404-04:00 INFO  [main] o.f.core.internal.command.DbMigrate [req=?,e2e=E2E-OUT-UNKNOWN,txn=TXN-OUT-UNKNOWN] Schema "public" is up to date. No migration necessary.
2026-09-28T23:14:34.416-04:00 INFO  [main] o.s.o.j.p.SpringPersistenceUnitInfo [req=?,e2e=E2E-OUT-UNKNOWN,txn=TXN-OUT-UNKNOWN] No LoadTimeWeaver setup: ignoring JPA class transformer
2026-09-28T23:14:34.422-04:00 INFO  [main] o.s.o.j.LocalContainerEntityManagerFactoryBean [req=?,e2e=E2E-OUT-UNKNOWN,txn=TXN-OUT-UNKNOWN] Initialized JPA EntityManagerFactory for persistence unit 'default'
2026-09-28T23:14:34.486-04:00 INFO  [main] i.o.reliability.ReliabilityRailConfig [req=?,e2e=E2E-OUT-UNKNOWN,txn=TXN-OUT-UNKNOWN] Synthetic reliability rail configured=false
2026-09-28T23:14:34.505-04:00 INFO  [main] o.s.s.c.a.a.c.InitializeUserDetailsBeanManagerConfigurer$InitializeUserDetailsManagerConfigurer [req=?,e2e=E2E-OUT-UNKNOWN,txn=TXN-OUT-UNKNOWN] Global AuthenticationManager configured with UserDetailsService bean with name userDetailsService
2026-09-28T23:14:34.645-04:00 INFO  [main] i.o.s.ShadowLedgerConcurrencyTest [req=?,e2e=E2E-OUT-UNKNOWN,txn=TXN-OUT-UNKNOWN] Started ShadowLedgerConcurrencyTest in 0.353 seconds (process running for 26.655)
2026-09-28T23:14:34.645-04:00 DEBUG [scheduling-1] i.o.shadowledger.AvailabilityBridge [req=?,e2e=?,txn=?] Core availability poll: mode=ONLINE
2026-09-28T23:14:34.648-04:00 INFO  [main] i.o.processing.saga.SagaRecoveryService [req=?,e2e=E2E-OUT-UNKNOWN,txn=TXN-OUT-UNKNOWN] Saga recovery: no in-flight sagas found at startup
2026-09-28T23:14:34.648-04:00 INFO  [main] i.o.shadowledger.BalanceSeedService [req=?,e2e=E2E-OUT-UNKNOWN,txn=TXN-OUT-UNKNOWN] Shadow Ledger startup seed: no accounts configured (openfednow.shadow-ledger.seed-accounts is empty)
2026-09-28T23:14:34.657-04:00 DEBUG [pool-73-thread-2] io.openfednow.shadowledger.ShadowLedger [req=?,e2e=?,txn=?] Shadow Ledger debit conflict, retrying attempt=1 account=ACC-CONC-OVERDRAFT
2026-09-28T23:14:34.657-04:00 DEBUG [pool-73-thread-5] io.openfednow.shadowledger.ShadowLedger [req=?,e2e=?,txn=?] Shadow Ledger debit conflict, retrying attempt=1 account=ACC-CONC-OVERDRAFT
2026-09-28T23:14:34.657-04:00 DEBUG [pool-73-thread-9] io.openfednow.shadowledger.ShadowLedger [req=?,e2e=?,txn=?] Shadow Ledger debit conflict, retrying attempt=1 account=ACC-CONC-OVERDRAFT
2026-09-28T23:14:34.657-04:00 DEBUG [pool-73-thread-4] io.openfednow.shadowledger.ShadowLedger [req=?,e2e=?,txn=?] Shadow Ledger debit conflict, retrying attempt=1 account=ACC-CONC-OVERDRAFT
2026-09-28T23:14:34.657-04:00 DEBUG [pool-73-thread-6] io.openfednow.shadowledger.ShadowLedger [req=?,e2e=?,txn=?] Shadow Ledger debit conflict, retrying attempt=1 account=ACC-CONC-OVERDRAFT
2026-09-28T23:14:34.657-04:00 DEBUG [pool-73-thread-8] io.openfednow.shadowledger.ShadowLedger [req=?,e2e=?,txn=?] Shadow Ledger debit conflict, retrying attempt=1 account=ACC-CONC-OVERDRAFT
2026-09-28T23:14:34.657-04:00 DEBUG [pool-73-thread-3] io.openfednow.shadowledger.ShadowLedger [req=?,e2e=?,txn=?] Shadow Ledger debit conflict, retrying attempt=1 account=ACC-CONC-OVERDRAFT
2026-09-28T23:14:34.658-04:00 DEBUG [pool-73-thread-10] io.openfednow.shadowledger.ShadowLedger [req=?,e2e=?,txn=?] Shadow Ledger debit conflict, retrying attempt=1 account=ACC-CONC-OVERDRAFT
2026-09-28T23:14:34.658-04:00 DEBUG [pool-73-thread-7] io.openfednow.shadowledger.ShadowLedger [req=?,e2e=?,txn=?] Shadow Ledger debit conflict, retrying attempt=1 account=ACC-CONC-OVERDRAFT
2026-09-28T23:14:34.658-04:00 INFO  [pool-73-thread-1] io.openfednow.shadowledger.ShadowLedger [req=?,e2e=?,txn=?] Shadow Ledger debit applied account=ACC-CONC-OVERDRAFT amount=100.00 balanceAfter=400.00
2026-09-28T23:14:34.660-04:00 DEBUG [pool-73-thread-7] io.openfednow.shadowledger.ShadowLedger [req=?,e2e=?,txn=?] Shadow Ledger debit conflict, retrying attempt=2 account=ACC-CONC-OVERDRAFT
2026-09-28T23:14:34.661-04:00 DEBUG [pool-73-thread-4] io.openfednow.shadowledger.ShadowLedger [req=?,e2e=?,txn=?] Shadow Ledger debit conflict, retrying attempt=2 account=ACC-CONC-OVERDRAFT
2026-09-28T23:14:34.661-04:00 DEBUG [pool-73-thread-2] io.openfednow.shadowledger.ShadowLedger [req=?,e2e=?,txn=?] Shadow Ledger debit conflict, retrying attempt=2 account=ACC-CONC-OVERDRAFT
2026-09-28T23:14:34.661-04:00 DEBUG [pool-73-thread-9] io.openfednow.shadowledger.ShadowLedger [req=?,e2e=?,txn=?] Shadow Ledger debit conflict, retrying attempt=2 account=ACC-CONC-OVERDRAFT
2026-09-28T23:14:34.661-04:00 DEBUG [pool-73-thread-5] io.openfednow.shadowledger.ShadowLedger [req=?,e2e=?,txn=?] Shadow Ledger debit conflict, retrying attempt=2 account=ACC-CONC-OVERDRAFT
2026-09-28T23:14:34.661-04:00 DEBUG [pool-73-thread-8] io.openfednow.shadowledger.ShadowLedger [req=?,e2e=?,txn=?] Shadow Ledger debit conflict, retrying attempt=2 account=ACC-CONC-OVERDRAFT
2026-09-28T23:14:34.661-04:00 INFO  [pool-73-thread-10] io.openfednow.shadowledger.ShadowLedger [req=?,e2e=?,txn=?] Shadow Ledger debit applied account=ACC-CONC-OVERDRAFT amount=100.00 balanceAfter=300.00
2026-09-28T23:14:34.661-04:00 DEBUG [pool-73-thread-3] io.openfednow.shadowledger.ShadowLedger [req=?,e2e=?,txn=?] Shadow Ledger debit conflict, retrying attempt=2 account=ACC-CONC-OVERDRAFT
2026-09-28T23:14:34.661-04:00 DEBUG [pool-73-thread-6] io.openfednow.shadowledger.ShadowLedger [req=?,e2e=?,txn=?] Shadow Ledger debit conflict, retrying attempt=2 account=ACC-CONC-OVERDRAFT
2026-09-28T23:14:34.663-04:00 DEBUG [pool-73-thread-4] io.openfednow.shadowledger.ShadowLedger [req=?,e2e=?,txn=?] Shadow Ledger debit conflict, retrying attempt=3 account=ACC-CONC-OVERDRAFT
2026-09-28T23:14:34.663-04:00 DEBUG [pool-73-thread-5] io.openfednow.shadowledger.ShadowLedger [req=?,e2e=?,txn=?] Shadow Ledger debit conflict, retrying attempt=3 account=ACC-CONC-OVERDRAFT
2026-09-28T23:14:34.664-04:00 DEBUG [pool-73-thread-2] io.openfednow.shadowledger.ShadowLedger [req=?,e2e=?,txn=?] Shadow Ledger debit conflict, retrying attempt=3 account=ACC-CONC-OVERDRAFT
2026-09-28T23:14:34.664-04:00 DEBUG [pool-73-thread-9] io.openfednow.shadowledger.ShadowLedger [req=?,e2e=?,txn=?] Shadow Ledger debit conflict, retrying attempt=3 account=ACC-CONC-OVERDRAFT
2026-09-28T23:14:34.664-04:00 DEBUG [pool-73-thread-3] io.openfednow.shadowledger.ShadowLedger [req=?,e2e=?,txn=?] Shadow Ledger debit conflict, retrying attempt=3 account=ACC-CONC-OVERDRAFT
2026-09-28T23:14:34.664-04:00 DEBUG [pool-73-thread-8] io.openfednow.shadowledger.ShadowLedger [req=?,e2e=?,txn=?] Shadow Ledger debit conflict, retrying attempt=3 account=ACC-CONC-OVERDRAFT
2026-09-28T23:14:34.664-04:00 INFO  [pool-73-thread-7] io.openfednow.shadowledger.ShadowLedger [req=?,e2e=?,txn=?] Shadow Ledger debit applied account=ACC-CONC-OVERDRAFT amount=100.00 balanceAfter=200.00
2026-09-28T23:14:34.664-04:00 DEBUG [pool-73-thread-6] io.openfednow.shadowledger.ShadowLedger [req=?,e2e=?,txn=?] Shadow Ledger debit conflict, retrying attempt=3 account=ACC-CONC-OVERDRAFT
2026-09-28T23:14:34.669-04:00 DEBUG [pool-74-thread-3] io.openfednow.shadowledger.ShadowLedger [req=?,e2e=?,txn=?] Shadow Ledger debit conflict, retrying attempt=1 account=ACC-CONC-DEBIT
2026-09-28T23:14:34.669-04:00 DEBUG [pool-74-thread-1] io.openfednow.shadowledger.ShadowLedger [req=?,e2e=?,txn=?] Shadow Ledger debit conflict, retrying attempt=1 account=ACC-CONC-DEBIT
2026-09-28T23:14:34.670-04:00 INFO  [pool-74-thread-2] io.openfednow.shadowledger.ShadowLedger [req=?,e2e=?,txn=?] Shadow Ledger debit applied account=ACC-CONC-DEBIT amount=100.00 balanceAfter=200.00
2026-09-28T23:14:34.671-04:00 DEBUG [pool-74-thread-1] io.openfednow.shadowledger.ShadowLedger [req=?,e2e=?,txn=?] Shadow Ledger debit conflict, retrying attempt=2 account=ACC-CONC-DEBIT
2026-09-28T23:14:34.671-04:00 INFO  [pool-74-thread-3] io.openfednow.shadowledger.ShadowLedger [req=?,e2e=?,txn=?] Shadow Ledger debit applied account=ACC-CONC-DEBIT amount=100.00 balanceAfter=100.00
2026-09-28T23:14:34.673-04:00 INFO  [pool-74-thread-1] io.openfednow.shadowledger.ShadowLedger [req=?,e2e=?,txn=?] Shadow Ledger debit applied account=ACC-CONC-DEBIT amount=100.00 balanceAfter=0.00
2026-09-28T23:14:34.677-04:00 INFO  [pool-75-thread-7] io.openfednow.shadowledger.ShadowLedger [req=?,e2e=?,txn=?] Shadow Ledger credit applied account=ACC-CONC-CREDIT amount=1.00 balanceAfter=3.00
2026-09-28T23:14:34.677-04:00 INFO  [pool-75-thread-19] io.openfednow.shadowledger.ShadowLedger [req=?,e2e=?,txn=?] Shadow Ledger credit applied account=ACC-CONC-CREDIT amount=1.00 balanceAfter=15.00
2026-09-28T23:14:34.677-04:00 INFO  [pool-75-thread-13] io.openfednow.shadowledger.ShadowLedger [req=?,e2e=?,txn=?] Shadow Ledger credit applied account=ACC-CONC-CREDIT amount=1.00 balanceAfter=6.00
2026-09-28T23:14:34.677-04:00 INFO  [pool-75-thread-8] io.openfednow.shadowledger.ShadowLedger [req=?,e2e=?,txn=?] Shadow Ledger credit applied account=ACC-CONC-CREDIT amount=1.00 balanceAfter=7.00
2026-09-28T23:14:34.677-04:00 INFO  [pool-75-thread-1] io.openfednow.shadowledger.ShadowLedger [req=?,e2e=?,txn=?] Shadow Ledger credit applied account=ACC-CONC-CREDIT amount=1.00 balanceAfter=5.00
2026-09-28T23:14:34.677-04:00 INFO  [pool-75-thread-20] io.openfednow.shadowledger.ShadowLedger [req=?,e2e=?,txn=?] Shadow Ledger credit applied account=ACC-CONC-CREDIT amount=1.00 balanceAfter=16.00
2026-09-28T23:14:34.677-04:00 INFO  [pool-75-thread-4] io.openfednow.shadowledger.ShadowLedger [req=?,e2e=?,txn=?] Shadow Ledger credit applied account=ACC-CONC-CREDIT amount=1.00 balanceAfter=4.00
2026-09-28T23:14:34.678-04:00 INFO  [pool-75-thread-15] io.openfednow.shadowledger.ShadowLedger [req=?,e2e=?,txn=?] Shadow Ledger credit applied account=ACC-CONC-CREDIT amount=1.00 balanceAfter=17.00
2026-09-28T23:14:34.678-04:00 INFO  [pool-75-thread-10] io.openfednow.shadowledger.ShadowLedger [req=?,e2e=?,txn=?] Shadow Ledger credit applied account=ACC-CONC-CREDIT amount=1.00 balanceAfter=11.00
2026-09-28T23:14:34.678-04:00 INFO  [pool-75-thread-11] io.openfednow.shadowledger.ShadowLedger [req=?,e2e=?,txn=?] Shadow Ledger credit applied account=ACC-CONC-CREDIT amount=1.00 balanceAfter=9.00
2026-09-28T23:14:34.678-04:00 INFO  [pool-75-thread-9] io.openfednow.shadowledger.ShadowLedger [req=?,e2e=?,txn=?] Shadow Ledger credit applied account=ACC-CONC-CREDIT amount=1.00 balanceAfter=18.00
2026-09-28T23:14:34.678-04:00 INFO  [pool-75-thread-6] io.openfednow.shadowledger.ShadowLedger [req=?,e2e=?,txn=?] Shadow Ledger credit applied account=ACC-CONC-CREDIT amount=1.00 balanceAfter=1.00
2026-09-28T23:14:34.678-04:00 INFO  [pool-75-thread-18] io.openfednow.shadowledger.ShadowLedger [req=?,e2e=?,txn=?] Shadow Ledger credit applied account=ACC-CONC-CREDIT amount=1.00 balanceAfter=13.00
2026-09-28T23:14:34.678-04:00 INFO  [pool-75-thread-5] io.openfednow.shadowledger.ShadowLedger [req=?,e2e=?,txn=?] Shadow Ledger credit applied account=ACC-CONC-CREDIT amount=1.00 balanceAfter=14.00
2026-09-28T23:14:34.678-04:00 INFO  [pool-75-thread-2] io.openfednow.shadowledger.ShadowLedger [req=?,e2e=?,txn=?] Shadow Ledger credit applied account=ACC-CONC-CREDIT amount=1.00 balanceAfter=20.00
2026-09-28T23:14:34.678-04:00 INFO  [pool-75-thread-16] io.openfednow.shadowledger.ShadowLedger [req=?,e2e=?,txn=?] Shadow Ledger credit applied account=ACC-CONC-CREDIT amount=1.00 balanceAfter=19.00
2026-09-28T23:14:34.678-04:00 INFO  [pool-75-thread-3] io.openfednow.shadowledger.ShadowLedger [req=?,e2e=?,txn=?] Shadow Ledger credit applied account=ACC-CONC-CREDIT amount=1.00 balanceAfter=2.00
2026-09-28T23:14:34.678-04:00 INFO  [pool-75-thread-14] io.openfednow.shadowledger.ShadowLedger [req=?,e2e=?,txn=?] Shadow Ledger credit applied account=ACC-CONC-CREDIT amount=1.00 balanceAfter=8.00
2026-09-28T23:14:34.678-04:00 INFO  [pool-75-thread-12] io.openfednow.shadowledger.ShadowLedger [req=?,e2e=?,txn=?] Shadow Ledger credit applied account=ACC-CONC-CREDIT amount=1.00 balanceAfter=12.00
2026-09-28T23:14:34.678-04:00 INFO  [pool-75-thread-17] io.openfednow.shadowledger.ShadowLedger [req=?,e2e=?,txn=?] Shadow Ledger credit applied account=ACC-CONC-CREDIT amount=1.00 balanceAfter=10.00
2026-09-28T23:14:34.679-04:00 INFO  [pool-75-thread-19] io.openfednow.shadowledger.ShadowLedger [req=?,e2e=?,txn=?] Shadow Ledger credit applied account=ACC-CONC-CREDIT amount=1.00 balanceAfter=22.00
2026-09-28T23:14:34.679-04:00 INFO  [pool-75-thread-7] io.openfednow.shadowledger.ShadowLedger [req=?,e2e=?,txn=?] Shadow Ledger credit applied account=ACC-CONC-CREDIT amount=1.00 balanceAfter=21.00
2026-09-28T23:14:34.679-04:00 INFO  [pool-75-thread-13] io.openfednow.shadowledger.ShadowLedger [req=?,e2e=?,txn=?] Shadow Ledger credit applied account=ACC-CONC-CREDIT amount=1.00 balanceAfter=23.00
2026-09-28T23:14:34.679-04:00 INFO  [pool-75-thread-2] io.openfednow.shadowledger.ShadowLedger [req=?,e2e=?,txn=?] Shadow Ledger credit applied account=ACC-CONC-CREDIT amount=1.00 balanceAfter=36.00
2026-09-28T23:14:34.679-04:00 INFO  [pool-75-thread-8] io.openfednow.shadowledger.ShadowLedger [req=?,e2e=?,txn=?] Shadow Ledger credit applied account=ACC-CONC-CREDIT amount=1.00 balanceAfter=24.00
2026-09-28T23:14:34.679-04:00 INFO  [pool-75-thread-10] io.openfednow.shadowledger.ShadowLedger [req=?,e2e=?,txn=?] Shadow Ledger credit applied account=ACC-CONC-CREDIT amount=1.00 balanceAfter=28.00
2026-09-28T23:14:34.679-04:00 INFO  [pool-75-thread-4] io.openfednow.shadowledger.ShadowLedger [req=?,e2e=?,txn=?] Shadow Ledger credit applied account=ACC-CONC-CREDIT amount=1.00 balanceAfter=26.00
2026-09-28T23:14:34.679-04:00 INFO  [pool-75-thread-20] io.openfednow.shadowledger.ShadowLedger [req=?,e2e=?,txn=?] Shadow Ledger credit applied account=ACC-CONC-CREDIT amount=1.00 balanceAfter=27.00
2026-09-28T23:14:34.679-04:00 INFO  [pool-75-thread-17] io.openfednow.shadowledger.ShadowLedger [req=?,e2e=?,txn=?] Shadow Ledger credit applied account=ACC-CONC-CREDIT amount=1.00 balanceAfter=40.00
2026-09-28T23:14:34.679-04:00 INFO  [pool-75-thread-15] io.openfednow.shadowledger.ShadowLedger [req=?,e2e=?,txn=?] Shadow Ledger credit applied account=ACC-CONC-CREDIT amount=1.00 balanceAfter=29.00
2026-09-28T23:14:34.679-04:00 INFO  [pool-75-thread-6] io.openfednow.shadowledger.ShadowLedger [req=?,e2e=?,txn=?] Shadow Ledger credit applied account=ACC-CONC-CREDIT amount=1.00 balanceAfter=32.00
2026-09-28T23:14:34.679-04:00 INFO  [pool-75-thread-5] io.openfednow.shadowledger.ShadowLedger [req=?,e2e=?,txn=?] Shadow Ledger credit applied account=ACC-CONC-CREDIT amount=1.00 balanceAfter=34.00
2026-09-28T23:14:34.679-04:00 INFO  [pool-75-thread-9] io.openfednow.shadowledger.ShadowLedger [req=?,e2e=?,txn=?] Shadow Ledger credit applied account=ACC-CONC-CREDIT amount=1.00 balanceAfter=31.00
2026-09-28T23:14:34.679-04:00 INFO  [pool-75-thread-18] io.openfednow.shadowledger.ShadowLedger [req=?,e2e=?,txn=?] Shadow Ledger credit applied account=ACC-CONC-CREDIT amount=1.00 balanceAfter=33.00
2026-09-28T23:14:34.679-04:00 INFO  [pool-75-thread-12] io.openfednow.shadowledger.ShadowLedger [req=?,e2e=?,txn=?] Shadow Ledger credit applied account=ACC-CONC-CREDIT amount=1.00 balanceAfter=39.00
2026-09-28T23:14:34.679-04:00 INFO  [pool-75-thread-14] io.openfednow.shadowledger.ShadowLedger [req=?,e2e=?,txn=?] Shadow Ledger credit applied account=ACC-CONC-CREDIT amount=1.00 balanceAfter=38.00
2026-09-28T23:14:34.679-04:00 INFO  [pool-75-thread-16] io.openfednow.shadowledger.ShadowLedger [req=?,e2e=?,txn=?] Shadow Ledger credit applied account=ACC-CONC-CREDIT amount=1.00 balanceAfter=35.00
2026-09-28T23:14:34.680-04:00 INFO  [pool-75-thread-1] io.openfednow.shadowledger.ShadowLedger [req=?,e2e=?,txn=?] Shadow Ledger credit applied account=ACC-CONC-CREDIT amount=1.00 balanceAfter=25.00
2026-09-28T23:14:34.680-04:00 INFO  [pool-75-thread-2] io.openfednow.shadowledger.ShadowLedger [req=?,e2e=?,txn=?] Shadow Ledger credit applied account=ACC-CONC-CREDIT amount=1.00 balanceAfter=44.00
2026-09-28T23:14:34.680-04:00 INFO  [pool-75-thread-3] io.openfednow.shadowledger.ShadowLedger [req=?,e2e=?,txn=?] Shadow Ledger credit applied account=ACC-CONC-CREDIT amount=1.00 balanceAfter=37.00
2026-09-28T23:14:34.680-04:00 INFO  [pool-75-thread-7] io.openfednow.shadowledger.ShadowLedger [req=?,e2e=?,txn=?] Shadow Ledger credit applied account=ACC-CONC-CREDIT amount=1.00 balanceAfter=42.00
2026-09-28T23:14:34.680-04:00 INFO  [pool-75-thread-19] io.openfednow.shadowledger.ShadowLedger [req=?,e2e=?,txn=?] Shadow Ledger credit applied account=ACC-CONC-CREDIT amount=1.00 balanceAfter=41.00
2026-09-28T23:14:34.680-04:00 INFO  [pool-75-thread-10] io.openfednow.shadowledger.ShadowLedger [req=?,e2e=?,txn=?] Shadow Ledger credit applied account=ACC-CONC-CREDIT amount=1.00 balanceAfter=46.00
2026-09-28T23:14:34.680-04:00 INFO  [pool-75-thread-15] io.openfednow.shadowledger.ShadowLedger [req=?,e2e=?,txn=?] Shadow Ledger credit applied account=ACC-CONC-CREDIT amount=1.00 balanceAfter=50.00
2026-09-28T23:14:34.680-04:00 INFO  [pool-75-thread-13] io.openfednow.shadowledger.ShadowLedger [req=?,e2e=?,txn=?] Shadow Ledger credit applied account=ACC-CONC-CREDIT amount=1.00 balanceAfter=43.00
2026-09-28T23:14:34.680-04:00 INFO  [pool-75-thread-11] io.openfednow.shadowledger.ShadowLedger [req=?,e2e=?,txn=?] Shadow Ledger credit applied account=ACC-CONC-CREDIT amount=1.00 balanceAfter=30.00
2026-09-28T23:14:34.680-04:00 INFO  [pool-75-thread-2] io.openfednow.shadowledger.ShadowLedger [req=?,e2e=?,txn=?] Shadow Ledger credit applied account=ACC-CONC-CREDIT amount=1.00 balanceAfter=59.00
2026-09-28T23:14:34.680-04:00 INFO  [pool-75-thread-20] io.openfednow.shadowledger.ShadowLedger [req=?,e2e=?,txn=?] Shadow Ledger credit applied account=ACC-CONC-CREDIT amount=1.00 balanceAfter=48.00
2026-09-28T23:14:34.680-04:00 INFO  [pool-75-thread-12] io.openfednow.shadowledger.ShadowLedger [req=?,e2e=?,txn=?] Shadow Ledger credit applied account=ACC-CONC-CREDIT amount=1.00 balanceAfter=55.00
2026-09-28T23:14:34.680-04:00 INFO  [pool-75-thread-17] io.openfednow.shadowledger.ShadowLedger [req=?,e2e=?,txn=?] Shadow Ledger credit applied account=ACC-CONC-CREDIT amount=1.00 balanceAfter=49.00
2026-09-28T23:14:34.680-04:00 INFO  [pool-75-thread-6] io.openfednow.shadowledger.ShadowLedger [req=?,e2e=?,txn=?] Shadow Ledger credit applied account=ACC-CONC-CREDIT amount=1.00 balanceAfter=51.00
2026-09-28T23:14:34.680-04:00 INFO  [pool-75-thread-9] io.openfednow.shadowledger.ShadowLedger [req=?,e2e=?,txn=?] Shadow Ledger credit applied account=ACC-CONC-CREDIT amount=1.00 balanceAfter=53.00
2026-09-28T23:14:34.680-04:00 INFO  [pool-75-thread-5] io.openfednow.shadowledger.ShadowLedger [req=?,e2e=?,txn=?] Shadow Ledger credit applied account=ACC-CONC-CREDIT amount=1.00 balanceAfter=52.00
2026-09-28T23:14:34.680-04:00 INFO  [pool-75-thread-18] io.openfednow.shadowledger.ShadowLedger [req=?,e2e=?,txn=?] Shadow Ledger credit applied account=ACC-CONC-CREDIT amount=1.00 balanceAfter=54.00
2026-09-28T23:14:34.680-04:00 INFO  [pool-75-thread-4] io.openfednow.shadowledger.ShadowLedger [req=?,e2e=?,txn=?] Shadow Ledger credit applied account=ACC-CONC-CREDIT amount=1.00 balanceAfter=47.00
2026-09-28T23:14:34.680-04:00 INFO  [pool-75-thread-16] io.openfednow.shadowledger.ShadowLedger [req=?,e2e=?,txn=?] Shadow Ledger credit applied account=ACC-CONC-CREDIT amount=1.00 balanceAfter=56.00
2026-09-28T23:14:34.681-04:00 INFO  [pool-75-thread-1] io.openfednow.shadowledger.ShadowLedger [req=?,e2e=?,txn=?] Shadow Ledger credit applied account=ACC-CONC-CREDIT amount=1.00 balanceAfter=58.00
2026-09-28T23:14:34.681-04:00 INFO  [pool-75-thread-11] io.openfednow.shadowledger.ShadowLedger [req=?,e2e=?,txn=?] Shadow Ledger credit applied account=ACC-CONC-CREDIT amount=1.00 balanceAfter=66.00
2026-09-28T23:14:34.681-04:00 INFO  [pool-75-thread-8] io.openfednow.shadowledger.ShadowLedger [req=?,e2e=?,txn=?] Shadow Ledger credit applied account=ACC-CONC-CREDIT amount=1.00 balanceAfter=45.00
2026-09-28T23:14:34.681-04:00 INFO  [pool-75-thread-20] io.openfednow.shadowledger.ShadowLedger [req=?,e2e=?,txn=?] Shadow Ledger credit applied account=ACC-CONC-CREDIT amount=1.00 balanceAfter=68.00
2026-09-28T23:14:34.681-04:00 INFO  [pool-75-thread-15] io.openfednow.shadowledger.ShadowLedger [req=?,e2e=?,txn=?] Shadow Ledger credit applied account=ACC-CONC-CREDIT amount=1.00 balanceAfter=64.00
2026-09-28T23:14:34.681-04:00 INFO  [pool-75-thread-19] io.openfednow.shadowledger.ShadowLedger [req=?,e2e=?,txn=?] Shadow Ledger credit applied account=ACC-CONC-CREDIT amount=1.00 balanceAfter=62.00
2026-09-28T23:14:34.681-04:00 INFO  [pool-75-thread-12] io.openfednow.shadowledger.ShadowLedger [req=?,e2e=?,txn=?] Shadow Ledger credit applied account=ACC-CONC-CREDIT amount=1.00 balanceAfter=69.00
2026-09-28T23:14:34.681-04:00 INFO  [pool-75-thread-10] io.openfednow.shadowledger.ShadowLedger [req=?,e2e=?,txn=?] Shadow Ledger credit applied account=ACC-CONC-CREDIT amount=1.00 balanceAfter=63.00
2026-09-28T23:14:34.681-04:00 INFO  [pool-75-thread-13] io.openfednow.shadowledger.ShadowLedger [req=?,e2e=?,txn=?] Shadow Ledger credit applied account=ACC-CONC-CREDIT amount=1.00 balanceAfter=65.00
2026-09-28T23:14:34.681-04:00 INFO  [pool-75-thread-2] io.openfednow.shadowledger.ShadowLedger [req=?,e2e=?,txn=?] Shadow Ledger credit applied account=ACC-CONC-CREDIT amount=1.00 balanceAfter=67.00
2026-09-28T23:14:34.681-04:00 INFO  [pool-75-thread-3] io.openfednow.shadowledger.ShadowLedger [req=?,e2e=?,txn=?] Shadow Ledger credit applied account=ACC-CONC-CREDIT amount=1.00 balanceAfter=60.00
2026-09-28T23:14:34.681-04:00 INFO  [pool-75-thread-14] io.openfednow.shadowledger.ShadowLedger [req=?,e2e=?,txn=?] Shadow Ledger credit applied account=ACC-CONC-CREDIT amount=1.00 balanceAfter=57.00
2026-09-28T23:14:34.681-04:00 INFO  [pool-75-thread-7] io.openfednow.shadowledger.ShadowLedger [req=?,e2e=?,txn=?] Shadow Ledger credit applied account=ACC-CONC-CREDIT amount=1.00 balanceAfter=61.00
2026-09-28T23:14:34.681-04:00 INFO  [pool-75-thread-17] io.openfednow.shadowledger.ShadowLedger [req=?,e2e=?,txn=?] Shadow Ledger credit applied account=ACC-CONC-CREDIT amount=1.00 balanceAfter=70.00
2026-09-28T23:14:34.681-04:00 INFO  [pool-75-thread-6] io.openfednow.shadowledger.ShadowLedger [req=?,e2e=?,txn=?] Shadow Ledger credit applied account=ACC-CONC-CREDIT amount=1.00 balanceAfter=71.00
2026-09-28T23:14:34.682-04:00 INFO  [pool-75-thread-9] io.openfednow.shadowledger.ShadowLedger [req=?,e2e=?,txn=?] Shadow Ledger credit applied account=ACC-CONC-CREDIT amount=1.00 balanceAfter=72.00
2026-09-28T23:14:34.682-04:00 INFO  [pool-75-thread-18] io.openfednow.shadowledger.ShadowLedger [req=?,e2e=?,txn=?] Shadow Ledger credit applied account=ACC-CONC-CREDIT amount=1.00 balanceAfter=74.00
2026-09-28T23:14:34.682-04:00 INFO  [pool-75-thread-16] io.openfednow.shadowledger.ShadowLedger [req=?,e2e=?,txn=?] Shadow Ledger credit applied account=ACC-CONC-CREDIT amount=1.00 balanceAfter=76.00
2026-09-28T23:14:34.682-04:00 INFO  [pool-75-thread-4] io.openfednow.shadowledger.ShadowLedger [req=?,e2e=?,txn=?] Shadow Ledger credit applied account=ACC-CONC-CREDIT amount=1.00 balanceAfter=75.00
2026-09-28T23:14:34.682-04:00 INFO  [pool-75-thread-5] io.openfednow.shadowledger.ShadowLedger [req=?,e2e=?,txn=?] Shadow Ledger credit applied account=ACC-CONC-CREDIT amount=1.00 balanceAfter=73.00
2026-09-28T23:14:34.682-04:00 INFO  [pool-75-thread-1] io.openfednow.shadowledger.ShadowLedger [req=?,e2e=?,txn=?] Shadow Ledger credit applied account=ACC-CONC-CREDIT amount=1.00 balanceAfter=77.00
2026-09-28T23:14:34.682-04:00 INFO  [pool-75-thread-11] io.openfednow.shadowledger.ShadowLedger [req=?,e2e=?,txn=?] Shadow Ledger credit applied account=ACC-CONC-CREDIT amount=1.00 balanceAfter=78.00
2026-09-28T23:14:34.682-04:00 INFO  [pool-75-thread-20] io.openfednow.shadowledger.ShadowLedger [req=?,e2e=?,txn=?] Shadow Ledger credit applied account=ACC-CONC-CREDIT amount=1.00 balanceAfter=80.00
2026-09-28T23:14:34.682-04:00 INFO  [pool-75-thread-8] io.openfednow.shadowledger.ShadowLedger [req=?,e2e=?,txn=?] Shadow Ledger credit applied account=ACC-CONC-CREDIT amount=1.00 balanceAfter=79.00
2026-09-28T23:14:34.682-04:00 INFO  [pool-75-thread-19] io.openfednow.shadowledger.ShadowLedger [req=?,e2e=?,txn=?] Shadow Ledger credit applied account=ACC-CONC-CREDIT amount=1.00 balanceAfter=82.00
2026-09-28T23:14:34.682-04:00 INFO  [pool-75-thread-15] io.openfednow.shadowledger.ShadowLedger [req=?,e2e=?,txn=?] Shadow Ledger credit applied account=ACC-CONC-CREDIT amount=1.00 balanceAfter=81.00
2026-09-28T23:14:34.682-04:00 INFO  [pool-75-thread-10] io.openfednow.shadowledger.ShadowLedger [req=?,e2e=?,txn=?] Shadow Ledger credit applied account=ACC-CONC-CREDIT amount=1.00 balanceAfter=84.00
2026-09-28T23:14:34.682-04:00 INFO  [pool-75-thread-12] io.openfednow.shadowledger.ShadowLedger [req=?,e2e=?,txn=?] Shadow Ledger credit applied account=ACC-CONC-CREDIT amount=1.00 balanceAfter=83.00
2026-09-28T23:14:34.682-04:00 INFO  [pool-75-thread-16] io.openfednow.shadowledger.ShadowLedger [req=?,e2e=?,txn=?] Shadow Ledger credit applied account=ACC-CONC-CREDIT amount=1.00 balanceAfter=95.00
2026-09-28T23:14:34.682-04:00 INFO  [pool-75-thread-2] io.openfednow.shadowledger.ShadowLedger [req=?,e2e=?,txn=?] Shadow Ledger credit applied account=ACC-CONC-CREDIT amount=1.00 balanceAfter=86.00
2026-09-28T23:14:34.682-04:00 INFO  [pool-75-thread-3] io.openfednow.shadowledger.ShadowLedger [req=?,e2e=?,txn=?] Shadow Ledger credit applied account=ACC-CONC-CREDIT amount=1.00 balanceAfter=87.00
2026-09-28T23:14:34.682-04:00 INFO  [pool-75-thread-17] io.openfednow.shadowledger.ShadowLedger [req=?,e2e=?,txn=?] Shadow Ledger credit applied account=ACC-CONC-CREDIT amount=1.00 balanceAfter=90.00
2026-09-28T23:14:34.682-04:00 INFO  [pool-75-thread-5] io.openfednow.shadowledger.ShadowLedger [req=?,e2e=?,txn=?] Shadow Ledger credit applied account=ACC-CONC-CREDIT amount=1.00 balanceAfter=96.00
2026-09-28T23:14:34.682-04:00 INFO  [pool-75-thread-7] io.openfednow.shadowledger.ShadowLedger [req=?,e2e=?,txn=?] Shadow Ledger credit applied account=ACC-CONC-CREDIT amount=1.00 balanceAfter=89.00
2026-09-28T23:14:34.683-04:00 INFO  [pool-75-thread-18] io.openfednow.shadowledger.ShadowLedger [req=?,e2e=?,txn=?] Shadow Ledger credit applied account=ACC-CONC-CREDIT amount=1.00 balanceAfter=93.00
2026-09-28T23:14:34.683-04:00 INFO  [pool-75-thread-8] io.openfednow.shadowledger.ShadowLedger [req=?,e2e=?,txn=?] Shadow Ledger credit applied account=ACC-CONC-CREDIT amount=1.00 balanceAfter=100.00
2026-09-28T23:14:34.683-04:00 INFO  [pool-75-thread-4] io.openfednow.shadowledger.ShadowLedger [req=?,e2e=?,txn=?] Shadow Ledger credit applied account=ACC-CONC-CREDIT amount=1.00 balanceAfter=94.00
2026-09-28T23:14:34.683-04:00 INFO  [pool-75-thread-20] io.openfednow.shadowledger.ShadowLedger [req=?,e2e=?,txn=?] Shadow Ledger credit applied account=ACC-CONC-CREDIT amount=1.00 balanceAfter=99.00
2026-09-28T23:14:34.683-04:00 INFO  [pool-75-thread-1] io.openfednow.shadowledger.ShadowLedger [req=?,e2e=?,txn=?] Shadow Ledger credit applied account=ACC-CONC-CREDIT amount=1.00 balanceAfter=97.00
2026-09-28T23:14:34.683-04:00 INFO  [pool-75-thread-13] io.openfednow.shadowledger.ShadowLedger [req=?,e2e=?,txn=?] Shadow Ledger credit applied account=ACC-CONC-CREDIT amount=1.00 balanceAfter=85.00
2026-09-28T23:14:34.683-04:00 INFO  [pool-75-thread-14] io.openfednow.shadowledger.ShadowLedger [req=?,e2e=?,txn=?] Shadow Ledger credit applied account=ACC-CONC-CREDIT amount=1.00 balanceAfter=88.00
2026-09-28T23:14:34.683-04:00 INFO  [pool-75-thread-9] io.openfednow.shadowledger.ShadowLedger [req=?,e2e=?,txn=?] Shadow Ledger credit applied account=ACC-CONC-CREDIT amount=1.00 balanceAfter=92.00
2026-09-28T23:14:34.683-04:00 INFO  [pool-75-thread-11] io.openfednow.shadowledger.ShadowLedger [req=?,e2e=?,txn=?] Shadow Ledger credit applied account=ACC-CONC-CREDIT amount=1.00 balanceAfter=98.00
2026-09-28T23:14:34.683-04:00 INFO  [pool-75-thread-6] io.openfednow.shadowledger.ShadowLedger [req=?,e2e=?,txn=?] Shadow Ledger credit applied account=ACC-CONC-CREDIT amount=1.00 balanceAfter=91.00
2026-09-28T23:14:34.688-04:00 DEBUG [pool-76-thread-2] io.openfednow.shadowledger.ShadowLedger [req=?,e2e=?,txn=?] Shadow Ledger debit conflict, retrying attempt=1 account=ACC-CONC-AUDIT
2026-09-28T23:14:34.688-04:00 DEBUG [pool-76-thread-1] io.openfednow.shadowledger.ShadowLedger [req=?,e2e=?,txn=?] Shadow Ledger debit conflict, retrying attempt=1 account=ACC-CONC-AUDIT
2026-09-28T23:14:34.688-04:00 INFO  [pool-76-thread-3] io.openfednow.shadowledger.ShadowLedger [req=?,e2e=?,txn=?] Shadow Ledger debit applied account=ACC-CONC-AUDIT amount=100.00 balanceAfter=200.00
2026-09-28T23:14:34.689-04:00 DEBUG [pool-76-thread-1] io.openfednow.shadowledger.ShadowLedger [req=?,e2e=?,txn=?] Shadow Ledger debit conflict, retrying attempt=2 account=ACC-CONC-AUDIT
2026-09-28T23:14:34.690-04:00 INFO  [pool-76-thread-2] io.openfednow.shadowledger.ShadowLedger [req=?,e2e=?,txn=?] Shadow Ledger debit applied account=ACC-CONC-AUDIT amount=100.00 balanceAfter=100.00
2026-09-28T23:14:34.691-04:00 INFO  [pool-76-thread-1] io.openfednow.shadowledger.ShadowLedger [req=?,e2e=?,txn=?] Shadow Ledger debit applied account=ACC-CONC-AUDIT amount=100.00 balanceAfter=0.00
2026-09-28T23:14:34.695-04:00 INFO  [main] o.s.o.j.LocalContainerEntityManagerFactoryBean [req=?,e2e=E2E-OUT-UNKNOWN,txn=TXN-OUT-UNKNOWN] Closing JPA EntityManagerFactory for persistence unit 'default'
[INFO] Tests run: 4, Failures: 0, Errors: 0, Skipped: 0, Time elapsed: 0.435 s -- in io.openfednow.shadowledger.ShadowLedgerConcurrencyTest
[INFO] Running io.openfednow.shadowledger.BridgeModeIntegrationTest
2026-09-28T23:14:34.721-04:00 INFO  [main] o.s.t.c.s.AnnotationConfigContextLoaderUtils [req=?,e2e=E2E-OUT-UNKNOWN,txn=TXN-OUT-UNKNOWN] Could not detect default configuration classes for test class [io.openfednow.shadowledger.BridgeModeIntegrationTest]: BridgeModeIntegrationTest does not declare any static, non-private, non-final, nested classes annotated with @Configuration.
2026-09-28T23:14:34.723-04:00 INFO  [main] o.s.b.t.c.SpringBootTestContextBootstrapper [req=?,e2e=E2E-OUT-UNKNOWN,txn=TXN-OUT-UNKNOWN] Found @SpringBootConfiguration io.openfednow.OpenFedNowApplication for test class io.openfednow.shadowledger.BridgeModeIntegrationTest

  .   ____          _            __ _ _
 /\\ / ___'_ __ _ _(_)_ __  __ _ \ \ \ \
( ( )\___ | '_ | '_| | '_ \/ _` | \ \ \ \
 \\/  ___)| |_)| | | | | || (_| |  ) ) ) )
  '  |____| .__|_| |_|_| |_\__, | / / / /
 =========|_|==============|___/=/_/_/_/

 :: Spring Boot ::               (v3.5.16)

2026-09-28T23:14:34.728-04:00 INFO  [main] i.o.s.BridgeModeIntegrationTest [req=?,e2e=E2E-OUT-UNKNOWN,txn=TXN-OUT-UNKNOWN] Starting BridgeModeIntegrationTest using Java 17.0.20.1 with PID 73107 (started by danielmori in /Users/danielmori/Developer/open-fednow-reliability)
2026-09-28T23:14:34.728-04:00 DEBUG [main] i.o.s.BridgeModeIntegrationTest [req=?,e2e=E2E-OUT-UNKNOWN,txn=TXN-OUT-UNKNOWN] Running with Spring Boot v3.5.16, Spring v6.2.19
2026-09-28T23:14:34.728-04:00 INFO  [main] i.o.s.BridgeModeIntegrationTest [req=?,e2e=E2E-OUT-UNKNOWN,txn=TXN-OUT-UNKNOWN] No active profile set, falling back to 1 default profile: "default"
2026-09-28T23:14:34.780-04:00 INFO  [main] o.s.d.r.c.RepositoryConfigurationDelegate [req=?,e2e=E2E-OUT-UNKNOWN,txn=TXN-OUT-UNKNOWN] Multiple Spring Data modules found, entering strict repository configuration mode
2026-09-28T23:14:34.780-04:00 INFO  [main] o.s.d.r.c.RepositoryConfigurationDelegate [req=?,e2e=E2E-OUT-UNKNOWN,txn=TXN-OUT-UNKNOWN] Bootstrapping Spring Data JPA repositories in DEFAULT mode.
2026-09-28T23:14:34.783-04:00 INFO  [main] o.s.d.r.c.RepositoryConfigurationDelegate [req=?,e2e=E2E-OUT-UNKNOWN,txn=TXN-OUT-UNKNOWN] Finished Spring Data repository scanning in 2 ms. Found 0 JPA repository interfaces.
2026-09-28T23:14:34.783-04:00 INFO  [main] o.s.d.r.c.RepositoryConfigurationDelegate [req=?,e2e=E2E-OUT-UNKNOWN,txn=TXN-OUT-UNKNOWN] Multiple Spring Data modules found, entering strict repository configuration mode
2026-09-28T23:14:34.783-04:00 INFO  [main] o.s.d.r.c.RepositoryConfigurationDelegate [req=?,e2e=E2E-OUT-UNKNOWN,txn=TXN-OUT-UNKNOWN] Bootstrapping Spring Data Redis repositories in DEFAULT mode.
2026-09-28T23:14:34.785-04:00 INFO  [main] o.s.d.r.c.RepositoryConfigurationDelegate [req=?,e2e=E2E-OUT-UNKNOWN,txn=TXN-OUT-UNKNOWN] Finished Spring Data repository scanning in 1 ms. Found 0 Redis repository interfaces.
2026-09-28T23:14:34.822-04:00 INFO  [main] org.flywaydb.core.FlywayExecutor [req=?,e2e=E2E-OUT-UNKNOWN,txn=TXN-OUT-UNKNOWN] Database: jdbc:postgresql://localhost:64402/openfednow?loggerLevel=OFF (PostgreSQL 16.15)
2026-09-28T23:14:34.830-04:00 INFO  [main] o.f.core.internal.command.DbValidate [req=?,e2e=E2E-OUT-UNKNOWN,txn=TXN-OUT-UNKNOWN] Successfully validated 10 migrations (execution time 00:00.003s)
2026-09-28T23:14:34.841-04:00 INFO  [main] o.f.core.internal.command.DbMigrate [req=?,e2e=E2E-OUT-UNKNOWN,txn=TXN-OUT-UNKNOWN] Current version of schema "public": 10
2026-09-28T23:14:34.841-04:00 INFO  [main] o.f.core.internal.command.DbMigrate [req=?,e2e=E2E-OUT-UNKNOWN,txn=TXN-OUT-UNKNOWN] Schema "public" is up to date. No migration necessary.
2026-09-28T23:14:34.853-04:00 INFO  [main] o.s.o.j.p.SpringPersistenceUnitInfo [req=?,e2e=E2E-OUT-UNKNOWN,txn=TXN-OUT-UNKNOWN] No LoadTimeWeaver setup: ignoring JPA class transformer
2026-09-28T23:14:34.859-04:00 INFO  [main] o.s.o.j.LocalContainerEntityManagerFactoryBean [req=?,e2e=E2E-OUT-UNKNOWN,txn=TXN-OUT-UNKNOWN] Initialized JPA EntityManagerFactory for persistence unit 'default'
2026-09-28T23:14:34.928-04:00 INFO  [main] i.o.reliability.ReliabilityRailConfig [req=?,e2e=E2E-OUT-UNKNOWN,txn=TXN-OUT-UNKNOWN] Synthetic reliability rail configured=false
2026-09-28T23:14:34.943-04:00 INFO  [main] o.s.s.c.a.a.c.InitializeUserDetailsBeanManagerConfigurer$InitializeUserDetailsManagerConfigurer [req=?,e2e=E2E-OUT-UNKNOWN,txn=TXN-OUT-UNKNOWN] Global AuthenticationManager configured with UserDetailsService bean with name userDetailsService
2026-09-28T23:14:35.080-04:00 INFO  [main] i.o.s.BridgeModeIntegrationTest [req=?,e2e=E2E-OUT-UNKNOWN,txn=TXN-OUT-UNKNOWN] Started BridgeModeIntegrationTest in 0.357 seconds (process running for 27.09)
2026-09-28T23:14:35.080-04:00 DEBUG [scheduling-1] i.o.shadowledger.AvailabilityBridge [req=?,e2e=?,txn=?] Core availability poll: mode=ONLINE
2026-09-28T23:14:35.082-04:00 INFO  [main] i.o.processing.saga.SagaRecoveryService [req=?,e2e=E2E-OUT-UNKNOWN,txn=TXN-OUT-UNKNOWN] Saga recovery: no in-flight sagas found at startup
2026-09-28T23:14:35.082-04:00 INFO  [main] i.o.shadowledger.BalanceSeedService [req=?,e2e=E2E-OUT-UNKNOWN,txn=TXN-OUT-UNKNOWN] Shadow Ledger startup seed: no accounts configured (openfednow.shadow-ledger.seed-accounts is empty)
2026-09-28T23:14:35.083-04:00 INFO  [main] o.s.a.r.c.CachingConnectionFactory [req=?,e2e=E2E-OUT-UNKNOWN,txn=TXN-OUT-UNKNOWN] Attempting to connect to: [localhost:64405]
2026-09-28T23:14:35.086-04:00 INFO  [main] o.s.a.r.c.CachingConnectionFactory [req=?,e2e=E2E-OUT-UNKNOWN,txn=TXN-OUT-UNKNOWN] Created new connection: rabbitConnectionFactory#12ae33ca:0/SimpleConnection@23616b2f [delegate=amqp://guest@127.0.0.1:64405/, localPort=64706]
2026-09-28T23:14:35.099-04:00 INFO  [main] i.o.shadowledger.AvailabilityBridge [req=?,e2e=E2E-OUT-UNKNOWN,txn=TXN-OUT-UNKNOWN] Transaction queued for core replay transactionId=E2E-CYCLE-001
2026-09-28T23:14:35.102-04:00 INFO  [main] i.o.shadowledger.ReconciliationService [req=?,e2e=E2E-OUT-UNKNOWN,txn=TXN-OUT-UNKNOWN] Reconciliation cycle starting
2026-09-28T23:14:35.104-04:00 INFO  [main] i.o.shadowledger.ReconciliationService [req=?,e2e=E2E-OUT-UNKNOWN,txn=TXN-OUT-UNKNOWN] Reconciliation processed 1 account(s) across 500-row batches
2026-09-28T23:14:35.105-04:00 INFO  [main] i.o.shadowledger.ReconciliationService [req=?,e2e=E2E-OUT-UNKNOWN,txn=TXN-OUT-UNKNOWN] Reconciliation cycle complete replayed=1 discrepancies=0 success=true
2026-09-28T23:14:35.109-04:00 INFO  [main] i.o.shadowledger.AvailabilityBridge [req=?,e2e=E2E-OUT-UNKNOWN,txn=TXN-OUT-UNKNOWN] Transaction queued for core replay transactionId=E2E-BRIDGE-001
2026-09-28T23:14:35.114-04:00 INFO  [main] i.o.shadowledger.ReconciliationService [req=?,e2e=E2E-OUT-UNKNOWN,txn=TXN-OUT-UNKNOWN] Reconciliation cycle starting
2026-09-28T23:14:35.115-04:00 WARN  [main] i.o.shadowledger.ReconciliationService [req=?,e2e=E2E-OUT-UNKNOWN,txn=TXN-OUT-UNKNOWN] Balance discrepancy account=********-001 shadow=49000.00 core=50000.00
2026-09-28T23:14:35.116-04:00 WARN  [main] io.openfednow.shadowledger.ShadowLedger [req=?,e2e=E2E-OUT-UNKNOWN,txn=TXN-OUT-UNKNOWN] Shadow Ledger discrepancy detected account=********-001 shadow=49000.00 confirmed=50000.00
2026-09-28T23:14:35.117-04:00 ERROR [main] i.o.shadowledger.ReconciliationService [req=?,e2e=E2E-OUT-UNKNOWN,txn=TXN-OUT-UNKNOWN] Reconciliation failed for account=ACC-DISC-001
org.springframework.dao.DataIntegrityViolationException: PreparedStatementCallback; SQL [INSERT INTO shadow_ledger_transaction_log
    (transaction_id, end_to_end_id, account_id, transaction_type,
     amount, balance_before, balance_after, core_confirmed)
VALUES (?, ?, ?, ?, ?, ?, ?, FALSE)
]; ERROR: value too long for type character varying(35)
	at org.springframework.jdbc.support.SQLStateSQLExceptionTranslator.doTranslate(SQLStateSQLExceptionTranslator.java:140)
	at org.springframework.jdbc.support.AbstractFallbackSQLExceptionTranslator.translate(AbstractFallbackSQLExceptionTranslator.java:107)
	at org.springframework.jdbc.support.AbstractFallbackSQLExceptionTranslator.translate(AbstractFallbackSQLExceptionTranslator.java:116)
	at org.springframework.jdbc.core.JdbcTemplate.translateException(JdbcTemplate.java:1556)
	at org.springframework.jdbc.core.JdbcTemplate.execute(JdbcTemplate.java:677)
	at org.springframework.jdbc.core.JdbcTemplate.update(JdbcTemplate.java:972)
	at org.springframework.jdbc.core.JdbcTemplate.update(JdbcTemplate.java:1016)
	at org.springframework.jdbc.core.JdbcTemplate.update(JdbcTemplate.java:1026)
	at io.openfednow.shadowledger.ShadowLedger.logTransaction(ShadowLedger.java:386)
	at io.openfednow.shadowledger.ShadowLedger.reconcile(ShadowLedger.java:361)
	at io.openfednow.shadowledger.ReconciliationService.lambda$reconcileOneAccount$1(ReconciliationService.java:315)
	at org.springframework.transaction.support.TransactionTemplate.execute(TransactionTemplate.java:140)
	at io.openfednow.shadowledger.ReconciliationService.reconcileOneAccount(ReconciliationService.java:304)
	at io.openfednow.shadowledger.ReconciliationService.reconcileLocked(ReconciliationService.java:156)
	at io.openfednow.shadowledger.ReconciliationService.reconcile(ReconciliationService.java:106)
	at io.openfednow.shadowledger.BridgeModeIntegrationTest.reconcileDetectsAndCorrectsShadowLedgerDiscrepancy(BridgeModeIntegrationTest.java:165)
	at java.base/jdk.internal.reflect.NativeMethodAccessorImpl.invoke0(Native Method)
	at java.base/jdk.internal.reflect.NativeMethodAccessorImpl.invoke(NativeMethodAccessorImpl.java:77)
	at java.base/jdk.internal.reflect.DelegatingMethodAccessorImpl.invoke(DelegatingMethodAccessorImpl.java:43)
	at java.base/java.lang.reflect.Method.invoke(Method.java:569)
	at org.junit.platform.commons.util.ReflectionUtils.invokeMethod(ReflectionUtils.java:775)
	at org.junit.platform.commons.support.ReflectionSupport.invokeMethod(ReflectionSupport.java:479)
	at org.junit.jupiter.engine.execution.MethodInvocation.proceed(MethodInvocation.java:60)
	at org.junit.jupiter.engine.execution.InvocationInterceptorChain$ValidatingInvocation.proceed(InvocationInterceptorChain.java:131)
	at org.junit.jupiter.engine.extension.TimeoutExtension.intercept(TimeoutExtension.java:161)
	at org.junit.jupiter.engine.extension.TimeoutExtension.interceptTestableMethod(TimeoutExtension.java:152)
	at org.junit.jupiter.engine.extension.TimeoutExtension.interceptTestMethod(TimeoutExtension.java:91)
	at org.junit.jupiter.engine.execution.InterceptingExecutableInvoker$ReflectiveInterceptorCall.lambda$ofVoidMethod$0(InterceptingExecutableInvoker.java:112)
	at org.junit.jupiter.engine.execution.InterceptingExecutableInvoker.lambda$invoke$0(InterceptingExecutableInvoker.java:94)
	at org.junit.jupiter.engine.execution.InvocationInterceptorChain$InterceptedInvocation.proceed(InvocationInterceptorChain.java:106)
	at org.junit.jupiter.engine.execution.InvocationInterceptorChain.proceed(InvocationInterceptorChain.java:64)
	at org.junit.jupiter.engine.execution.InvocationInterceptorChain.chainAndInvoke(InvocationInterceptorChain.java:45)
	at org.junit.jupiter.engine.execution.InvocationInterceptorChain.invoke(InvocationInterceptorChain.java:37)
	at org.junit.jupiter.engine.execution.InterceptingExecutableInvoker.invoke(InterceptingExecutableInvoker.java:93)
	at org.junit.jupiter.engine.execution.InterceptingExecutableInvoker.invoke(InterceptingExecutableInvoker.java:87)
	at org.junit.jupiter.engine.descriptor.TestMethodTestDescriptor.lambda$invokeTestMethod$7(TestMethodTestDescriptor.java:216)
	at org.junit.platform.engine.support.hierarchical.ThrowableCollector.execute(ThrowableCollector.java:73)
	at org.junit.jupiter.engine.descriptor.TestMethodTestDescriptor.invokeTestMethod(TestMethodTestDescriptor.java:212)
	at org.junit.jupiter.engine.descriptor.TestMethodTestDescriptor.execute(TestMethodTestDescriptor.java:137)
	at org.junit.jupiter.engine.descriptor.TestMethodTestDescriptor.execute(TestMethodTestDescriptor.java:69)
	at org.junit.platform.engine.support.hierarchical.NodeTestTask.lambda$executeRecursively$6(NodeTestTask.java:156)
	at org.junit.platform.engine.support.hierarchical.ThrowableCollector.execute(ThrowableCollector.java:73)
	at org.junit.platform.engine.support.hierarchical.NodeTestTask.lambda$executeRecursively$8(NodeTestTask.java:146)
	at org.junit.platform.engine.support.hierarchical.Node.around(Node.java:137)
	at org.junit.platform.engine.support.hierarchical.NodeTestTask.lambda$executeRecursively$9(NodeTestTask.java:144)
	at org.junit.platform.engine.support.hierarchical.ThrowableCollector.execute(ThrowableCollector.java:73)
	at org.junit.platform.engine.support.hierarchical.NodeTestTask.executeRecursively(NodeTestTask.java:143)
	at org.junit.platform.engine.support.hierarchical.NodeTestTask.execute(NodeTestTask.java:100)
	at java.base/java.util.ArrayList.forEach(ArrayList.java:1511)
	at org.junit.platform.engine.support.hierarchical.SameThreadHierarchicalTestExecutorService.invokeAll(SameThreadHierarchicalTestExecutorService.java:41)
	at org.junit.platform.engine.support.hierarchical.NodeTestTask.lambda$executeRecursively$6(NodeTestTask.java:160)
	at org.junit.platform.engine.support.hierarchical.ThrowableCollector.execute(ThrowableCollector.java:73)
	at org.junit.platform.engine.support.hierarchical.NodeTestTask.lambda$executeRecursively$8(NodeTestTask.java:146)
	at org.junit.platform.engine.support.hierarchical.Node.around(Node.java:137)
	at org.junit.platform.engine.support.hierarchical.NodeTestTask.lambda$executeRecursively$9(NodeTestTask.java:144)
	at org.junit.platform.engine.support.hierarchical.ThrowableCollector.execute(ThrowableCollector.java:73)
	at org.junit.platform.engine.support.hierarchical.NodeTestTask.executeRecursively(NodeTestTask.java:143)
	at org.junit.platform.engine.support.hierarchical.NodeTestTask.execute(NodeTestTask.java:100)
	at java.base/java.util.ArrayList.forEach(ArrayList.java:1511)
	at org.junit.platform.engine.support.hierarchical.SameThreadHierarchicalTestExecutorService.invokeAll(SameThreadHierarchicalTestExecutorService.java:41)
	at org.junit.platform.engine.support.hierarchical.NodeTestTask.lambda$executeRecursively$6(NodeTestTask.java:160)
	at org.junit.platform.engine.support.hierarchical.ThrowableCollector.execute(ThrowableCollector.java:73)
	at org.junit.platform.engine.support.hierarchical.NodeTestTask.lambda$executeRecursively$8(NodeTestTask.java:146)
	at org.junit.platform.engine.support.hierarchical.Node.around(Node.java:137)
	at org.junit.platform.engine.support.hierarchical.NodeTestTask.lambda$executeRecursively$9(NodeTestTask.java:144)
	at org.junit.platform.engine.support.hierarchical.ThrowableCollector.execute(ThrowableCollector.java:73)
	at org.junit.platform.engine.support.hierarchical.NodeTestTask.executeRecursively(NodeTestTask.java:143)
	at org.junit.platform.engine.support.hierarchical.NodeTestTask.execute(NodeTestTask.java:100)
	at org.junit.platform.engine.support.hierarchical.SameThreadHierarchicalTestExecutorService.submit(SameThreadHierarchicalTestExecutorService.java:35)
	at org.junit.platform.engine.support.hierarchical.HierarchicalTestExecutor.execute(HierarchicalTestExecutor.java:57)
	at org.junit.platform.engine.support.hierarchical.HierarchicalTestEngine.execute(HierarchicalTestEngine.java:54)
	at org.junit.platform.launcher.core.EngineExecutionOrchestrator.execute(EngineExecutionOrchestrator.java:201)
	at org.junit.platform.launcher.core.EngineExecutionOrchestrator.execute(EngineExecutionOrchestrator.java:170)
	at org.junit.platform.launcher.core.EngineExecutionOrchestrator.execute(EngineExecutionOrchestrator.java:94)
	at org.junit.platform.launcher.core.EngineExecutionOrchestrator.lambda$execute$0(EngineExecutionOrchestrator.java:59)
	at org.junit.platform.launcher.core.EngineExecutionOrchestrator.withInterceptedStreams(EngineExecutionOrchestrator.java:142)
	at org.junit.platform.launcher.core.EngineExecutionOrchestrator.execute(EngineExecutionOrchestrator.java:58)
	at org.junit.platform.launcher.core.DefaultLauncher.execute(DefaultLauncher.java:103)
	at org.junit.platform.launcher.core.DefaultLauncher.execute(DefaultLauncher.java:85)
	at org.junit.platform.launcher.core.DelegatingLauncher.execute(DelegatingLauncher.java:47)
	at org.junit.platform.launcher.core.InterceptingLauncher.lambda$execute$1(InterceptingLauncher.java:39)
	at org.junit.platform.launcher.core.ClasspathAlignmentCheckingLauncherInterceptor.intercept(ClasspathAlignmentCheckingLauncherInterceptor.java:25)
	at org.junit.platform.launcher.core.InterceptingLauncher.execute(InterceptingLauncher.java:38)
	at org.junit.platform.launcher.core.DelegatingLauncher.execute(DelegatingLauncher.java:47)
	at org.apache.maven.surefire.junitplatform.LauncherAdapter.executeWithoutCancellationToken(LauncherAdapter.java:60)
	at org.apache.maven.surefire.junitplatform.LauncherAdapter.execute(LauncherAdapter.java:52)
	at org.apache.maven.surefire.junitplatform.JUnitPlatformProvider.execute(JUnitPlatformProvider.java:203)
	at org.apache.maven.surefire.junitplatform.JUnitPlatformProvider.invokeAllTests(JUnitPlatformProvider.java:168)
	at org.apache.maven.surefire.junitplatform.JUnitPlatformProvider.invoke(JUnitPlatformProvider.java:136)
	at org.apache.maven.surefire.booter.ForkedBooter.runSuitesInProcess(ForkedBooter.java:385)
	at org.apache.maven.surefire.booter.ForkedBooter.execute(ForkedBooter.java:162)
	at org.apache.maven.surefire.booter.ForkedBooter.run(ForkedBooter.java:507)
	at org.apache.maven.surefire.booter.ForkedBooter.main(ForkedBooter.java:495)
Caused by: org.postgresql.util.PSQLException: ERROR: value too long for type character varying(35)
	at org.postgresql.core.v3.QueryExecutorImpl.receiveErrorResponse(QueryExecutorImpl.java:2993)
	at org.postgresql.core.v3.QueryExecutorImpl.processResults(QueryExecutorImpl.java:2656)
	at org.postgresql.core.v3.QueryExecutorImpl.execute(QueryExecutorImpl.java:446)
	at org.postgresql.jdbc.PgStatement.executeInternal(PgStatement.java:533)
	at org.postgresql.jdbc.PgStatement.execute(PgStatement.java:449)
	at org.postgresql.jdbc.PgPreparedStatement.executeWithFlags(PgPreparedStatement.java:197)
	at org.postgresql.jdbc.PgPreparedStatement.executeUpdate(PgPreparedStatement.java:158)
	at com.zaxxer.hikari.pool.ProxyPreparedStatement.executeUpdate(ProxyPreparedStatement.java:61)
	at com.zaxxer.hikari.pool.HikariProxyPreparedStatement.executeUpdate(HikariProxyPreparedStatement.java)
	at org.springframework.jdbc.core.JdbcTemplate.lambda$update$2(JdbcTemplate.java:977)
	at org.springframework.jdbc.core.JdbcTemplate.execute(JdbcTemplate.java:658)
	... 88 common frames omitted
2026-09-28T23:14:35.117-04:00 INFO  [main] i.o.shadowledger.ReconciliationService [req=?,e2e=E2E-OUT-UNKNOWN,txn=TXN-OUT-UNKNOWN] Reconciliation processed 1 account(s) across 500-row batches
2026-09-28T23:14:35.118-04:00 INFO  [main] i.o.shadowledger.ReconciliationService [req=?,e2e=E2E-OUT-UNKNOWN,txn=TXN-OUT-UNKNOWN] Reconciliation cycle complete replayed=0 discrepancies=1 success=false
2026-09-28T23:14:35.121-04:00 INFO  [main] i.o.shadowledger.ReconciliationService [req=?,e2e=E2E-OUT-UNKNOWN,txn=TXN-OUT-UNKNOWN] Reconciliation cycle starting
2026-09-28T23:14:35.122-04:00 WARN  [main] i.o.shadowledger.ReconciliationService [req=?,e2e=E2E-OUT-UNKNOWN,txn=TXN-OUT-UNKNOWN] Balance discrepancy account=**************-001 shadow=48000.00 core=50000.00
2026-09-28T23:14:35.122-04:00 WARN  [main] io.openfednow.shadowledger.ShadowLedger [req=?,e2e=E2E-OUT-UNKNOWN,txn=TXN-OUT-UNKNOWN] Shadow Ledger discrepancy detected account=**************-001 shadow=48000.00 confirmed=50000.00
2026-09-28T23:14:35.123-04:00 ERROR [main] i.o.shadowledger.ReconciliationService [req=?,e2e=E2E-OUT-UNKNOWN,txn=TXN-OUT-UNKNOWN] Reconciliation failed for account=ACC-DISC-AUDIT-001
org.springframework.dao.DataIntegrityViolationException: PreparedStatementCallback; SQL [INSERT INTO shadow_ledger_transaction_log
    (transaction_id, end_to_end_id, account_id, transaction_type,
     amount, balance_before, balance_after, core_confirmed)
VALUES (?, ?, ?, ?, ?, ?, ?, FALSE)
]; ERROR: value too long for type character varying(35)
	at org.springframework.jdbc.support.SQLStateSQLExceptionTranslator.doTranslate(SQLStateSQLExceptionTranslator.java:140)
	at org.springframework.jdbc.support.AbstractFallbackSQLExceptionTranslator.translate(AbstractFallbackSQLExceptionTranslator.java:107)
	at org.springframework.jdbc.support.AbstractFallbackSQLExceptionTranslator.translate(AbstractFallbackSQLExceptionTranslator.java:116)
	at org.springframework.jdbc.core.JdbcTemplate.translateException(JdbcTemplate.java:1556)
	at org.springframework.jdbc.core.JdbcTemplate.execute(JdbcTemplate.java:677)
	at org.springframework.jdbc.core.JdbcTemplate.update(JdbcTemplate.java:972)
	at org.springframework.jdbc.core.JdbcTemplate.update(JdbcTemplate.java:1016)
	at org.springframework.jdbc.core.JdbcTemplate.update(JdbcTemplate.java:1026)
	at io.openfednow.shadowledger.ShadowLedger.logTransaction(ShadowLedger.java:386)
	at io.openfednow.shadowledger.ShadowLedger.reconcile(ShadowLedger.java:361)
	at io.openfednow.shadowledger.ReconciliationService.lambda$reconcileOneAccount$1(ReconciliationService.java:315)
	at org.springframework.transaction.support.TransactionTemplate.execute(TransactionTemplate.java:140)
	at io.openfednow.shadowledger.ReconciliationService.reconcileOneAccount(ReconciliationService.java:304)
	at io.openfednow.shadowledger.ReconciliationService.reconcileLocked(ReconciliationService.java:156)
	at io.openfednow.shadowledger.ReconciliationService.reconcile(ReconciliationService.java:106)
	at io.openfednow.shadowledger.BridgeModeIntegrationTest.reconcileDiscrepancyIsRecordedInAuditTable(BridgeModeIntegrationTest.java:187)
	at java.base/jdk.internal.reflect.NativeMethodAccessorImpl.invoke0(Native Method)
	at java.base/jdk.internal.reflect.NativeMethodAccessorImpl.invoke(NativeMethodAccessorImpl.java:77)
	at java.base/jdk.internal.reflect.DelegatingMethodAccessorImpl.invoke(DelegatingMethodAccessorImpl.java:43)
	at java.base/java.lang.reflect.Method.invoke(Method.java:569)
	at org.junit.platform.commons.util.ReflectionUtils.invokeMethod(ReflectionUtils.java:775)
	at org.junit.platform.commons.support.ReflectionSupport.invokeMethod(ReflectionSupport.java:479)
	at org.junit.jupiter.engine.execution.MethodInvocation.proceed(MethodInvocation.java:60)
	at org.junit.jupiter.engine.execution.InvocationInterceptorChain$ValidatingInvocation.proceed(InvocationInterceptorChain.java:131)
	at org.junit.jupiter.engine.extension.TimeoutExtension.intercept(TimeoutExtension.java:161)
	at org.junit.jupiter.engine.extension.TimeoutExtension.interceptTestableMethod(TimeoutExtension.java:152)
	at org.junit.jupiter.engine.extension.TimeoutExtension.interceptTestMethod(TimeoutExtension.java:91)
	at org.junit.jupiter.engine.execution.InterceptingExecutableInvoker$ReflectiveInterceptorCall.lambda$ofVoidMethod$0(InterceptingExecutableInvoker.java:112)
	at org.junit.jupiter.engine.execution.InterceptingExecutableInvoker.lambda$invoke$0(InterceptingExecutableInvoker.java:94)
	at org.junit.jupiter.engine.execution.InvocationInterceptorChain$InterceptedInvocation.proceed(InvocationInterceptorChain.java:106)
	at org.junit.jupiter.engine.execution.InvocationInterceptorChain.proceed(InvocationInterceptorChain.java:64)
	at org.junit.jupiter.engine.execution.InvocationInterceptorChain.chainAndInvoke(InvocationInterceptorChain.java:45)
	at org.junit.jupiter.engine.execution.InvocationInterceptorChain.invoke(InvocationInterceptorChain.java:37)
	at org.junit.jupiter.engine.execution.InterceptingExecutableInvoker.invoke(InterceptingExecutableInvoker.java:93)
	at org.junit.jupiter.engine.execution.InterceptingExecutableInvoker.invoke(InterceptingExecutableInvoker.java:87)
	at org.junit.jupiter.engine.descriptor.TestMethodTestDescriptor.lambda$invokeTestMethod$7(TestMethodTestDescriptor.java:216)
	at org.junit.platform.engine.support.hierarchical.ThrowableCollector.execute(ThrowableCollector.java:73)
	at org.junit.jupiter.engine.descriptor.TestMethodTestDescriptor.invokeTestMethod(TestMethodTestDescriptor.java:212)
	at org.junit.jupiter.engine.descriptor.TestMethodTestDescriptor.execute(TestMethodTestDescriptor.java:137)
	at org.junit.jupiter.engine.descriptor.TestMethodTestDescriptor.execute(TestMethodTestDescriptor.java:69)
	at org.junit.platform.engine.support.hierarchical.NodeTestTask.lambda$executeRecursively$6(NodeTestTask.java:156)
	at org.junit.platform.engine.support.hierarchical.ThrowableCollector.execute(ThrowableCollector.java:73)
	at org.junit.platform.engine.support.hierarchical.NodeTestTask.lambda$executeRecursively$8(NodeTestTask.java:146)
	at org.junit.platform.engine.support.hierarchical.Node.around(Node.java:137)
	at org.junit.platform.engine.support.hierarchical.NodeTestTask.lambda$executeRecursively$9(NodeTestTask.java:144)
	at org.junit.platform.engine.support.hierarchical.ThrowableCollector.execute(ThrowableCollector.java:73)
	at org.junit.platform.engine.support.hierarchical.NodeTestTask.executeRecursively(NodeTestTask.java:143)
	at org.junit.platform.engine.support.hierarchical.NodeTestTask.execute(NodeTestTask.java:100)
	at java.base/java.util.ArrayList.forEach(ArrayList.java:1511)
	at org.junit.platform.engine.support.hierarchical.SameThreadHierarchicalTestExecutorService.invokeAll(SameThreadHierarchicalTestExecutorService.java:41)
	at org.junit.platform.engine.support.hierarchical.NodeTestTask.lambda$executeRecursively$6(NodeTestTask.java:160)
	at org.junit.platform.engine.support.hierarchical.ThrowableCollector.execute(ThrowableCollector.java:73)
	at org.junit.platform.engine.support.hierarchical.NodeTestTask.lambda$executeRecursively$8(NodeTestTask.java:146)
	at org.junit.platform.engine.support.hierarchical.Node.around(Node.java:137)
	at org.junit.platform.engine.support.hierarchical.NodeTestTask.lambda$executeRecursively$9(NodeTestTask.java:144)
	at org.junit.platform.engine.support.hierarchical.ThrowableCollector.execute(ThrowableCollector.java:73)
	at org.junit.platform.engine.support.hierarchical.NodeTestTask.executeRecursively(NodeTestTask.java:143)
	at org.junit.platform.engine.support.hierarchical.NodeTestTask.execute(NodeTestTask.java:100)
	at java.base/java.util.ArrayList.forEach(ArrayList.java:1511)
	at org.junit.platform.engine.support.hierarchical.SameThreadHierarchicalTestExecutorService.invokeAll(SameThreadHierarchicalTestExecutorService.java:41)
	at org.junit.platform.engine.support.hierarchical.NodeTestTask.lambda$executeRecursively$6(NodeTestTask.java:160)
	at org.junit.platform.engine.support.hierarchical.ThrowableCollector.execute(ThrowableCollector.java:73)
	at org.junit.platform.engine.support.hierarchical.NodeTestTask.lambda$executeRecursively$8(NodeTestTask.java:146)
	at org.junit.platform.engine.support.hierarchical.Node.around(Node.java:137)
	at org.junit.platform.engine.support.hierarchical.NodeTestTask.lambda$executeRecursively$9(NodeTestTask.java:144)
	at org.junit.platform.engine.support.hierarchical.ThrowableCollector.execute(ThrowableCollector.java:73)
	at org.junit.platform.engine.support.hierarchical.NodeTestTask.executeRecursively(NodeTestTask.java:143)
	at org.junit.platform.engine.support.hierarchical.NodeTestTask.execute(NodeTestTask.java:100)
	at org.junit.platform.engine.support.hierarchical.SameThreadHierarchicalTestExecutorService.submit(SameThreadHierarchicalTestExecutorService.java:35)
	at org.junit.platform.engine.support.hierarchical.HierarchicalTestExecutor.execute(HierarchicalTestExecutor.java:57)
	at org.junit.platform.engine.support.hierarchical.HierarchicalTestEngine.execute(HierarchicalTestEngine.java:54)
	at org.junit.platform.launcher.core.EngineExecutionOrchestrator.execute(EngineExecutionOrchestrator.java:201)
	at org.junit.platform.launcher.core.EngineExecutionOrchestrator.execute(EngineExecutionOrchestrator.java:170)
	at org.junit.platform.launcher.core.EngineExecutionOrchestrator.execute(EngineExecutionOrchestrator.java:94)
	at org.junit.platform.launcher.core.EngineExecutionOrchestrator.lambda$execute$0(EngineExecutionOrchestrator.java:59)
	at org.junit.platform.launcher.core.EngineExecutionOrchestrator.withInterceptedStreams(EngineExecutionOrchestrator.java:142)
	at org.junit.platform.launcher.core.EngineExecutionOrchestrator.execute(EngineExecutionOrchestrator.java:58)
	at org.junit.platform.launcher.core.DefaultLauncher.execute(DefaultLauncher.java:103)
	at org.junit.platform.launcher.core.DefaultLauncher.execute(DefaultLauncher.java:85)
	at org.junit.platform.launcher.core.DelegatingLauncher.execute(DelegatingLauncher.java:47)
	at org.junit.platform.launcher.core.InterceptingLauncher.lambda$execute$1(InterceptingLauncher.java:39)
	at org.junit.platform.launcher.core.ClasspathAlignmentCheckingLauncherInterceptor.intercept(ClasspathAlignmentCheckingLauncherInterceptor.java:25)
	at org.junit.platform.launcher.core.InterceptingLauncher.execute(InterceptingLauncher.java:38)
	at org.junit.platform.launcher.core.DelegatingLauncher.execute(DelegatingLauncher.java:47)
	at org.apache.maven.surefire.junitplatform.LauncherAdapter.executeWithoutCancellationToken(LauncherAdapter.java:60)
	at org.apache.maven.surefire.junitplatform.LauncherAdapter.execute(LauncherAdapter.java:52)
	at org.apache.maven.surefire.junitplatform.JUnitPlatformProvider.execute(JUnitPlatformProvider.java:203)
	at org.apache.maven.surefire.junitplatform.JUnitPlatformProvider.invokeAllTests(JUnitPlatformProvider.java:168)
	at org.apache.maven.surefire.junitplatform.JUnitPlatformProvider.invoke(JUnitPlatformProvider.java:136)
	at org.apache.maven.surefire.booter.ForkedBooter.runSuitesInProcess(ForkedBooter.java:385)
	at org.apache.maven.surefire.booter.ForkedBooter.execute(ForkedBooter.java:162)
	at org.apache.maven.surefire.booter.ForkedBooter.run(ForkedBooter.java:507)
	at org.apache.maven.surefire.booter.ForkedBooter.main(ForkedBooter.java:495)
Caused by: org.postgresql.util.PSQLException: ERROR: value too long for type character varying(35)
	at org.postgresql.core.v3.QueryExecutorImpl.receiveErrorResponse(QueryExecutorImpl.java:2993)
	at org.postgresql.core.v3.QueryExecutorImpl.processResults(QueryExecutorImpl.java:2656)
	at org.postgresql.core.v3.QueryExecutorImpl.execute(QueryExecutorImpl.java:446)
	at org.postgresql.jdbc.PgStatement.executeInternal(PgStatement.java:533)
	at org.postgresql.jdbc.PgStatement.execute(PgStatement.java:449)
	at org.postgresql.jdbc.PgPreparedStatement.executeWithFlags(PgPreparedStatement.java:197)
	at org.postgresql.jdbc.PgPreparedStatement.executeUpdate(PgPreparedStatement.java:158)
	at com.zaxxer.hikari.pool.ProxyPreparedStatement.executeUpdate(ProxyPreparedStatement.java:61)
	at com.zaxxer.hikari.pool.HikariProxyPreparedStatement.executeUpdate(HikariProxyPreparedStatement.java)
	at org.springframework.jdbc.core.JdbcTemplate.lambda$update$2(JdbcTemplate.java:977)
	at org.springframework.jdbc.core.JdbcTemplate.execute(JdbcTemplate.java:658)
	... 88 common frames omitted
2026-09-28T23:14:35.124-04:00 INFO  [main] i.o.shadowledger.ReconciliationService [req=?,e2e=E2E-OUT-UNKNOWN,txn=TXN-OUT-UNKNOWN] Reconciliation processed 1 account(s) across 500-row batches
2026-09-28T23:14:35.124-04:00 INFO  [main] i.o.shadowledger.ReconciliationService [req=?,e2e=E2E-OUT-UNKNOWN,txn=TXN-OUT-UNKNOWN] Reconciliation cycle complete replayed=0 discrepancies=1 success=false
2026-09-28T23:14:35.127-04:00 INFO  [main] i.o.shadowledger.ReconciliationService [req=?,e2e=E2E-OUT-UNKNOWN,txn=TXN-OUT-UNKNOWN] Replaying 1 transactions against core
2026-09-28T23:14:35.128-04:00 DEBUG [main] i.o.shadowledger.ReconciliationService [req=?,e2e=E2E-OUT-UNKNOWN,txn=TXN-OUT-UNKNOWN] Transaction confirmed transactionId=TXN-REPLAY-001
2026-09-28T23:14:35.130-04:00 INFO  [main] i.o.shadowledger.AvailabilityBridge [req=?,e2e=E2E-OUT-UNKNOWN,txn=TXN-OUT-UNKNOWN] Transaction queued for core replay transactionId=E2E-Q-001
2026-09-28T23:14:35.131-04:00 INFO  [main] i.o.shadowledger.AvailabilityBridge [req=?,e2e=E2E-OUT-UNKNOWN,txn=TXN-OUT-UNKNOWN] Transaction queued for core replay transactionId=E2E-Q-002
2026-09-28T23:14:35.131-04:00 INFO  [main] i.o.shadowledger.AvailabilityBridge [req=?,e2e=E2E-OUT-UNKNOWN,txn=TXN-OUT-UNKNOWN] Transaction queued for core replay transactionId=E2E-Q-003
2026-09-28T23:14:36.158-04:00 INFO  [main] i.o.shadowledger.ReconciliationService [req=?,e2e=E2E-OUT-UNKNOWN,txn=TXN-OUT-UNKNOWN] Replaying 1 transactions against core
2026-09-28T23:14:36.159-04:00 DEBUG [main] i.o.shadowledger.ReconciliationService [req=?,e2e=E2E-OUT-UNKNOWN,txn=TXN-OUT-UNKNOWN] Transaction already confirmed or not found transactionId=TXN-ALREADY-CONFIRMED
2026-09-28T23:14:36.169-04:00 INFO  [main] i.o.shadowledger.ReconciliationService [req=?,e2e=E2E-OUT-UNKNOWN,txn=TXN-OUT-UNKNOWN] Reconciliation cycle starting
2026-09-28T23:14:36.174-04:00 INFO  [main] i.o.shadowledger.ReconciliationService [req=?,e2e=E2E-OUT-UNKNOWN,txn=TXN-OUT-UNKNOWN] Reconciliation processed 1 account(s) across 500-row batches
2026-09-28T23:14:36.174-04:00 INFO  [main] i.o.shadowledger.ReconciliationService [req=?,e2e=E2E-OUT-UNKNOWN,txn=TXN-OUT-UNKNOWN] Reconciliation cycle complete replayed=1 discrepancies=0 success=true
2026-09-28T23:14:36.183-04:00 INFO  [main] i.o.shadowledger.ReconciliationService [req=?,e2e=E2E-OUT-UNKNOWN,txn=TXN-OUT-UNKNOWN] Reconciliation cycle starting
2026-09-28T23:14:36.186-04:00 INFO  [main] i.o.shadowledger.ReconciliationService [req=?,e2e=E2E-OUT-UNKNOWN,txn=TXN-OUT-UNKNOWN] Reconciliation processed 1 account(s) across 500-row batches
2026-09-28T23:14:36.186-04:00 INFO  [main] i.o.shadowledger.ReconciliationService [req=?,e2e=E2E-OUT-UNKNOWN,txn=TXN-OUT-UNKNOWN] Reconciliation cycle complete replayed=1 discrepancies=0 success=true
2026-09-28T23:14:36.192-04:00 INFO  [main] i.o.shadowledger.ReconciliationService [req=?,e2e=E2E-OUT-UNKNOWN,txn=TXN-OUT-UNKNOWN] Reconciliation cycle starting
2026-09-28T23:14:36.193-04:00 INFO  [main] i.o.shadowledger.ReconciliationService [req=?,e2e=E2E-OUT-UNKNOWN,txn=TXN-OUT-UNKNOWN] Reconciliation processed 0 account(s) across 500-row batches
2026-09-28T23:14:36.193-04:00 INFO  [main] i.o.shadowledger.ReconciliationService [req=?,e2e=E2E-OUT-UNKNOWN,txn=TXN-OUT-UNKNOWN] Reconciliation cycle complete replayed=0 discrepancies=0 success=true
2026-09-28T23:14:36.201-04:00 INFO  [main] o.s.o.j.LocalContainerEntityManagerFactoryBean [req=?,e2e=E2E-OUT-UNKNOWN,txn=TXN-OUT-UNKNOWN] Closing JPA EntityManagerFactory for persistence unit 'default'
[INFO] Tests run: 12, Failures: 0, Errors: 0, Skipped: 0, Time elapsed: 1.481 s -- in io.openfednow.shadowledger.BridgeModeIntegrationTest
[INFO] Running io.openfednow.shadowledger.BalanceSeedIntegrationTest
2026-09-28T23:14:36.205-04:00 INFO  [main] o.s.t.c.s.AnnotationConfigContextLoaderUtils [req=?,e2e=E2E-OUT-UNKNOWN,txn=TXN-OUT-UNKNOWN] Could not detect default configuration classes for test class [io.openfednow.shadowledger.BalanceSeedIntegrationTest]: BalanceSeedIntegrationTest does not declare any static, non-private, non-final, nested classes annotated with @Configuration.
2026-09-28T23:14:36.208-04:00 INFO  [main] o.s.b.t.c.SpringBootTestContextBootstrapper [req=?,e2e=E2E-OUT-UNKNOWN,txn=TXN-OUT-UNKNOWN] Found @SpringBootConfiguration io.openfednow.OpenFedNowApplication for test class io.openfednow.shadowledger.BalanceSeedIntegrationTest

  .   ____          _            __ _ _
 /\\ / ___'_ __ _ _(_)_ __  __ _ \ \ \ \
( ( )\___ | '_ | '_| | '_ \/ _` | \ \ \ \
 \\/  ___)| |_)| | | | | || (_| |  ) ) ) )
  '  |____| .__|_| |_|_| |_\__, | / / / /
 =========|_|==============|___/=/_/_/_/

 :: Spring Boot ::               (v3.5.16)

2026-09-28T23:14:36.216-04:00 INFO  [main] i.o.s.BalanceSeedIntegrationTest [req=?,e2e=E2E-OUT-UNKNOWN,txn=TXN-OUT-UNKNOWN] Starting BalanceSeedIntegrationTest using Java 17.0.20.1 with PID 73107 (started by danielmori in /Users/danielmori/Developer/open-fednow-reliability)
2026-09-28T23:14:36.216-04:00 DEBUG [main] i.o.s.BalanceSeedIntegrationTest [req=?,e2e=E2E-OUT-UNKNOWN,txn=TXN-OUT-UNKNOWN] Running with Spring Boot v3.5.16, Spring v6.2.19
2026-09-28T23:14:36.216-04:00 INFO  [main] i.o.s.BalanceSeedIntegrationTest [req=?,e2e=E2E-OUT-UNKNOWN,txn=TXN-OUT-UNKNOWN] No active profile set, falling back to 1 default profile: "default"
2026-09-28T23:14:36.275-04:00 INFO  [main] o.s.d.r.c.RepositoryConfigurationDelegate [req=?,e2e=E2E-OUT-UNKNOWN,txn=TXN-OUT-UNKNOWN] Multiple Spring Data modules found, entering strict repository configuration mode
2026-09-28T23:14:36.275-04:00 INFO  [main] o.s.d.r.c.RepositoryConfigurationDelegate [req=?,e2e=E2E-OUT-UNKNOWN,txn=TXN-OUT-UNKNOWN] Bootstrapping Spring Data JPA repositories in DEFAULT mode.
2026-09-28T23:14:36.278-04:00 INFO  [main] o.s.d.r.c.RepositoryConfigurationDelegate [req=?,e2e=E2E-OUT-UNKNOWN,txn=TXN-OUT-UNKNOWN] Finished Spring Data repository scanning in 2 ms. Found 0 JPA repository interfaces.
2026-09-28T23:14:36.279-04:00 INFO  [main] o.s.d.r.c.RepositoryConfigurationDelegate [req=?,e2e=E2E-OUT-UNKNOWN,txn=TXN-OUT-UNKNOWN] Multiple Spring Data modules found, entering strict repository configuration mode
2026-09-28T23:14:36.279-04:00 INFO  [main] o.s.d.r.c.RepositoryConfigurationDelegate [req=?,e2e=E2E-OUT-UNKNOWN,txn=TXN-OUT-UNKNOWN] Bootstrapping Spring Data Redis repositories in DEFAULT mode.
2026-09-28T23:14:36.281-04:00 INFO  [main] o.s.d.r.c.RepositoryConfigurationDelegate [req=?,e2e=E2E-OUT-UNKNOWN,txn=TXN-OUT-UNKNOWN] Finished Spring Data repository scanning in 1 ms. Found 0 Redis repository interfaces.
2026-09-28T23:14:36.318-04:00 INFO  [main] org.flywaydb.core.FlywayExecutor [req=?,e2e=E2E-OUT-UNKNOWN,txn=TXN-OUT-UNKNOWN] Database: jdbc:postgresql://localhost:64402/openfednow?loggerLevel=OFF (PostgreSQL 16.15)
2026-09-28T23:14:36.324-04:00 INFO  [main] o.f.core.internal.command.DbValidate [req=?,e2e=E2E-OUT-UNKNOWN,txn=TXN-OUT-UNKNOWN] Successfully validated 10 migrations (execution time 00:00.002s)
2026-09-28T23:14:36.333-04:00 INFO  [main] o.f.core.internal.command.DbMigrate [req=?,e2e=E2E-OUT-UNKNOWN,txn=TXN-OUT-UNKNOWN] Current version of schema "public": 10
2026-09-28T23:14:36.333-04:00 INFO  [main] o.f.core.internal.command.DbMigrate [req=?,e2e=E2E-OUT-UNKNOWN,txn=TXN-OUT-UNKNOWN] Schema "public" is up to date. No migration necessary.
2026-09-28T23:14:36.345-04:00 INFO  [main] o.s.o.j.p.SpringPersistenceUnitInfo [req=?,e2e=E2E-OUT-UNKNOWN,txn=TXN-OUT-UNKNOWN] No LoadTimeWeaver setup: ignoring JPA class transformer
2026-09-28T23:14:36.354-04:00 INFO  [main] o.s.o.j.LocalContainerEntityManagerFactoryBean [req=?,e2e=E2E-OUT-UNKNOWN,txn=TXN-OUT-UNKNOWN] Initialized JPA EntityManagerFactory for persistence unit 'default'
2026-09-28T23:14:36.430-04:00 INFO  [main] i.o.reliability.ReliabilityRailConfig [req=?,e2e=E2E-OUT-UNKNOWN,txn=TXN-OUT-UNKNOWN] Synthetic reliability rail configured=false
2026-09-28T23:14:36.445-04:00 INFO  [main] o.s.s.c.a.a.c.InitializeUserDetailsBeanManagerConfigurer$InitializeUserDetailsManagerConfigurer [req=?,e2e=E2E-OUT-UNKNOWN,txn=TXN-OUT-UNKNOWN] Global AuthenticationManager configured with UserDetailsService bean with name userDetailsService
2026-09-28T23:14:36.580-04:00 INFO  [main] i.o.s.BalanceSeedIntegrationTest [req=?,e2e=E2E-OUT-UNKNOWN,txn=TXN-OUT-UNKNOWN] Started BalanceSeedIntegrationTest in 0.371 seconds (process running for 28.589)
2026-09-28T23:14:36.580-04:00 DEBUG [scheduling-1] i.o.shadowledger.AvailabilityBridge [req=?,e2e=?,txn=?] Core availability poll: mode=ONLINE
2026-09-28T23:14:36.582-04:00 INFO  [main] i.o.processing.saga.SagaRecoveryService [req=?,e2e=E2E-OUT-UNKNOWN,txn=TXN-OUT-UNKNOWN] Saga recovery: no in-flight sagas found at startup
2026-09-28T23:14:36.582-04:00 INFO  [main] i.o.shadowledger.BalanceSeedService [req=?,e2e=E2E-OUT-UNKNOWN,txn=TXN-OUT-UNKNOWN] Shadow Ledger startup seed: 2 configured account(s)
2026-09-28T23:14:36.585-04:00 INFO  [main] io.openfednow.shadowledger.ShadowLedger [req=?,e2e=E2E-OUT-UNKNOWN,txn=TXN-OUT-UNKNOWN] Shadow Ledger seeded account=ACC-INT-A balance=50000.00
2026-09-28T23:14:36.585-04:00 INFO  [main] io.openfednow.shadowledger.ShadowLedger [req=?,e2e=E2E-OUT-UNKNOWN,txn=TXN-OUT-UNKNOWN] Shadow Ledger seeded account=ACC-INT-B balance=50000.00
2026-09-28T23:14:36.586-04:00 INFO  [main] i.o.shadowledger.BalanceSeedService [req=?,e2e=E2E-OUT-UNKNOWN,txn=TXN-OUT-UNKNOWN] Shadow Ledger seed complete seeded=2 skipped=0 failed=0
2026-09-28T23:14:36.588-04:00 INFO  [main] i.o.shadowledger.BalanceSeedService [req=?,e2e=E2E-OUT-UNKNOWN,txn=TXN-OUT-UNKNOWN] Shadow Ledger admin re-seed requested for 2 configured account(s)
2026-09-28T23:14:36.588-04:00 INFO  [main] io.openfednow.shadowledger.ShadowLedger [req=?,e2e=E2E-OUT-UNKNOWN,txn=TXN-OUT-UNKNOWN] Shadow Ledger force-seeded account=ACC-INT-A balance=999.99
2026-09-28T23:14:36.588-04:00 INFO  [main] io.openfednow.shadowledger.ShadowLedger [req=?,e2e=E2E-OUT-UNKNOWN,txn=TXN-OUT-UNKNOWN] Shadow Ledger force-seeded account=ACC-INT-B balance=100.00
2026-09-28T23:14:36.588-04:00 INFO  [main] i.o.shadowledger.BalanceSeedService [req=?,e2e=E2E-OUT-UNKNOWN,txn=TXN-OUT-UNKNOWN] Shadow Ledger seed complete seeded=2 skipped=0 failed=0
2026-09-28T23:14:36.591-04:00 INFO  [main] i.o.shadowledger.BalanceSeedService [req=?,e2e=E2E-OUT-UNKNOWN,txn=TXN-OUT-UNKNOWN] Shadow Ledger startup seed: 2 configured account(s)
2026-09-28T23:14:36.591-04:00 WARN  [main] i.o.shadowledger.BalanceSeedService [req=?,e2e=E2E-OUT-UNKNOWN,txn=TXN-OUT-UNKNOWN] Failed to fetch core balance for accountId=ACC-INT-A (network blip). Skipping seed.
2026-09-28T23:14:36.591-04:00 INFO  [main] io.openfednow.shadowledger.ShadowLedger [req=?,e2e=E2E-OUT-UNKNOWN,txn=TXN-OUT-UNKNOWN] Shadow Ledger seeded account=ACC-INT-B balance=250.00
2026-09-28T23:14:36.591-04:00 INFO  [main] i.o.shadowledger.BalanceSeedService [req=?,e2e=E2E-OUT-UNKNOWN,txn=TXN-OUT-UNKNOWN] Shadow Ledger seed complete seeded=1 skipped=0 failed=1
2026-09-28T23:14:36.594-04:00 INFO  [main] i.o.shadowledger.BalanceSeedService [req=?,e2e=E2E-OUT-UNKNOWN,txn=TXN-OUT-UNKNOWN] Shadow Ledger startup seed: 2 configured account(s)
2026-09-28T23:14:36.594-04:00 DEBUG [main] io.openfednow.shadowledger.ShadowLedger [req=?,e2e=E2E-OUT-UNKNOWN,txn=TXN-OUT-UNKNOWN] Shadow Ledger seed skipped (already present) account=ACC-INT-A
2026-09-28T23:14:36.594-04:00 INFO  [main] io.openfednow.shadowledger.ShadowLedger [req=?,e2e=E2E-OUT-UNKNOWN,txn=TXN-OUT-UNKNOWN] Shadow Ledger seeded account=ACC-INT-B balance=100.00
2026-09-28T23:14:36.594-04:00 INFO  [main] i.o.shadowledger.BalanceSeedService [req=?,e2e=E2E-OUT-UNKNOWN,txn=TXN-OUT-UNKNOWN] Shadow Ledger seed complete seeded=1 skipped=1 failed=0
2026-09-28T23:14:36.597-04:00 INFO  [main] i.o.shadowledger.BalanceSeedService [req=?,e2e=E2E-OUT-UNKNOWN,txn=TXN-OUT-UNKNOWN] Shadow Ledger startup seed: 2 configured account(s)
2026-09-28T23:14:36.597-04:00 INFO  [main] io.openfednow.shadowledger.ShadowLedger [req=?,e2e=E2E-OUT-UNKNOWN,txn=TXN-OUT-UNKNOWN] Shadow Ledger seeded account=ACC-INT-A balance=500.00
2026-09-28T23:14:36.597-04:00 INFO  [main] io.openfednow.shadowledger.ShadowLedger [req=?,e2e=E2E-OUT-UNKNOWN,txn=TXN-OUT-UNKNOWN] Shadow Ledger seeded account=ACC-INT-B balance=750.00
2026-09-28T23:14:36.597-04:00 INFO  [main] i.o.shadowledger.BalanceSeedService [req=?,e2e=E2E-OUT-UNKNOWN,txn=TXN-OUT-UNKNOWN] Shadow Ledger seed complete seeded=2 skipped=0 failed=0
2026-09-28T23:14:36.600-04:00 INFO  [main] o.s.o.j.LocalContainerEntityManagerFactoryBean [req=?,e2e=E2E-OUT-UNKNOWN,txn=TXN-OUT-UNKNOWN] Closing JPA EntityManagerFactory for persistence unit 'default'
[INFO] Tests run: 4, Failures: 0, Errors: 0, Skipped: 0, Time elapsed: 0.413 s -- in io.openfednow.shadowledger.BalanceSeedIntegrationTest
[INFO] Running io.openfednow.shadowledger.ReconciliationQueryIntegrationTest
2026-09-28T23:14:36.618-04:00 INFO  [main] o.s.t.c.s.AnnotationConfigContextLoaderUtils [req=?,e2e=E2E-OUT-UNKNOWN,txn=TXN-OUT-UNKNOWN] Could not detect default configuration classes for test class [io.openfednow.shadowledger.ReconciliationQueryIntegrationTest]: ReconciliationQueryIntegrationTest does not declare any static, non-private, non-final, nested classes annotated with @Configuration.
2026-09-28T23:14:36.619-04:00 INFO  [main] o.s.b.t.c.SpringBootTestContextBootstrapper [req=?,e2e=E2E-OUT-UNKNOWN,txn=TXN-OUT-UNKNOWN] Found @SpringBootConfiguration io.openfednow.OpenFedNowApplication for test class io.openfednow.shadowledger.ReconciliationQueryIntegrationTest

  .   ____          _            __ _ _
 /\\ / ___'_ __ _ _(_)_ __  __ _ \ \ \ \
( ( )\___ | '_ | '_| | '_ \/ _` | \ \ \ \
 \\/  ___)| |_)| | | | | || (_| |  ) ) ) )
  '  |____| .__|_| |_|_| |_\__, | / / / /
 =========|_|==============|___/=/_/_/_/

 :: Spring Boot ::               (v3.5.16)

2026-09-28T23:14:36.624-04:00 INFO  [main] i.o.s.ReconciliationQueryIntegrationTest [req=?,e2e=E2E-OUT-UNKNOWN,txn=TXN-OUT-UNKNOWN] Starting ReconciliationQueryIntegrationTest using Java 17.0.20.1 with PID 73107 (started by danielmori in /Users/danielmori/Developer/open-fednow-reliability)
2026-09-28T23:14:36.624-04:00 DEBUG [main] i.o.s.ReconciliationQueryIntegrationTest [req=?,e2e=E2E-OUT-UNKNOWN,txn=TXN-OUT-UNKNOWN] Running with Spring Boot v3.5.16, Spring v6.2.19
2026-09-28T23:14:36.624-04:00 INFO  [main] i.o.s.ReconciliationQueryIntegrationTest [req=?,e2e=E2E-OUT-UNKNOWN,txn=TXN-OUT-UNKNOWN] No active profile set, falling back to 1 default profile: "default"
2026-09-28T23:14:36.673-04:00 INFO  [main] o.s.d.r.c.RepositoryConfigurationDelegate [req=?,e2e=E2E-OUT-UNKNOWN,txn=TXN-OUT-UNKNOWN] Multiple Spring Data modules found, entering strict repository configuration mode
2026-09-28T23:14:36.673-04:00 INFO  [main] o.s.d.r.c.RepositoryConfigurationDelegate [req=?,e2e=E2E-OUT-UNKNOWN,txn=TXN-OUT-UNKNOWN] Bootstrapping Spring Data JPA repositories in DEFAULT mode.
2026-09-28T23:14:36.676-04:00 INFO  [main] o.s.d.r.c.RepositoryConfigurationDelegate [req=?,e2e=E2E-OUT-UNKNOWN,txn=TXN-OUT-UNKNOWN] Finished Spring Data repository scanning in 2 ms. Found 0 JPA repository interfaces.
2026-09-28T23:14:36.677-04:00 INFO  [main] o.s.d.r.c.RepositoryConfigurationDelegate [req=?,e2e=E2E-OUT-UNKNOWN,txn=TXN-OUT-UNKNOWN] Multiple Spring Data modules found, entering strict repository configuration mode
2026-09-28T23:14:36.677-04:00 INFO  [main] o.s.d.r.c.RepositoryConfigurationDelegate [req=?,e2e=E2E-OUT-UNKNOWN,txn=TXN-OUT-UNKNOWN] Bootstrapping Spring Data Redis repositories in DEFAULT mode.
2026-09-28T23:14:36.678-04:00 INFO  [main] o.s.d.r.c.RepositoryConfigurationDelegate [req=?,e2e=E2E-OUT-UNKNOWN,txn=TXN-OUT-UNKNOWN] Finished Spring Data repository scanning in 1 ms. Found 0 Redis repository interfaces.
2026-09-28T23:14:36.719-04:00 INFO  [main] org.flywaydb.core.FlywayExecutor [req=?,e2e=E2E-OUT-UNKNOWN,txn=TXN-OUT-UNKNOWN] Database: jdbc:postgresql://localhost:64402/openfednow?loggerLevel=OFF (PostgreSQL 16.15)
2026-09-28T23:14:36.725-04:00 INFO  [main] o.f.core.internal.command.DbValidate [req=?,e2e=E2E-OUT-UNKNOWN,txn=TXN-OUT-UNKNOWN] Successfully validated 10 migrations (execution time 00:00.002s)
2026-09-28T23:14:36.734-04:00 INFO  [main] o.f.core.internal.command.DbMigrate [req=?,e2e=E2E-OUT-UNKNOWN,txn=TXN-OUT-UNKNOWN] Current version of schema "public": 10
2026-09-28T23:14:36.735-04:00 INFO  [main] o.f.core.internal.command.DbMigrate [req=?,e2e=E2E-OUT-UNKNOWN,txn=TXN-OUT-UNKNOWN] Schema "public" is up to date. No migration necessary.
2026-09-28T23:14:36.746-04:00 INFO  [main] o.s.o.j.p.SpringPersistenceUnitInfo [req=?,e2e=E2E-OUT-UNKNOWN,txn=TXN-OUT-UNKNOWN] No LoadTimeWeaver setup: ignoring JPA class transformer
2026-09-28T23:14:36.752-04:00 INFO  [main] o.s.o.j.LocalContainerEntityManagerFactoryBean [req=?,e2e=E2E-OUT-UNKNOWN,txn=TXN-OUT-UNKNOWN] Initialized JPA EntityManagerFactory for persistence unit 'default'
2026-09-28T23:14:36.816-04:00 INFO  [main] i.o.reliability.ReliabilityRailConfig [req=?,e2e=E2E-OUT-UNKNOWN,txn=TXN-OUT-UNKNOWN] Synthetic reliability rail configured=false
2026-09-28T23:14:36.831-04:00 INFO  [main] o.s.s.c.a.a.c.InitializeUserDetailsBeanManagerConfigurer$InitializeUserDetailsManagerConfigurer [req=?,e2e=E2E-OUT-UNKNOWN,txn=TXN-OUT-UNKNOWN] Global AuthenticationManager configured with UserDetailsService bean with name userDetailsService
2026-09-28T23:14:36.962-04:00 INFO  [main] i.o.s.ReconciliationQueryIntegrationTest [req=?,e2e=E2E-OUT-UNKNOWN,txn=TXN-OUT-UNKNOWN] Started ReconciliationQueryIntegrationTest in 0.342 seconds (process running for 28.972)
2026-09-28T23:14:36.962-04:00 DEBUG [scheduling-1] i.o.shadowledger.AvailabilityBridge [req=?,e2e=?,txn=?] Core availability poll: mode=ONLINE
2026-09-28T23:14:36.966-04:00 INFO  [main] i.o.processing.saga.SagaRecoveryService [req=?,e2e=E2E-OUT-UNKNOWN,txn=TXN-OUT-UNKNOWN] Saga recovery: no in-flight sagas found at startup
2026-09-28T23:14:36.966-04:00 INFO  [main] i.o.shadowledger.BalanceSeedService [req=?,e2e=E2E-OUT-UNKNOWN,txn=TXN-OUT-UNKNOWN] Shadow Ledger startup seed: no accounts configured (openfednow.shadow-ledger.seed-accounts is empty)
2026-09-28T23:14:36.987-04:00 INFO  [main] o.s.o.j.LocalContainerEntityManagerFactoryBean [req=?,e2e=E2E-OUT-UNKNOWN,txn=TXN-OUT-UNKNOWN] Closing JPA EntityManagerFactory for persistence unit 'default'
[INFO] Tests run: 7, Failures: 0, Errors: 0, Skipped: 0, Time elapsed: 0.394 s -- in io.openfednow.shadowledger.ReconciliationQueryIntegrationTest
[INFO] Running io.openfednow.shadowledger.ReplayOrderingIntegrationTest
2026-09-28T23:14:37.013-04:00 INFO  [main] o.s.t.c.s.AnnotationConfigContextLoaderUtils [req=?,e2e=E2E-OUT-UNKNOWN,txn=TXN-OUT-UNKNOWN] Could not detect default configuration classes for test class [io.openfednow.shadowledger.ReplayOrderingIntegrationTest]: ReplayOrderingIntegrationTest does not declare any static, non-private, non-final, nested classes annotated with @Configuration.
2026-09-28T23:14:37.015-04:00 INFO  [main] o.s.b.t.c.SpringBootTestContextBootstrapper [req=?,e2e=E2E-OUT-UNKNOWN,txn=TXN-OUT-UNKNOWN] Found @SpringBootConfiguration io.openfednow.OpenFedNowApplication for test class io.openfednow.shadowledger.ReplayOrderingIntegrationTest

  .   ____          _            __ _ _
 /\\ / ___'_ __ _ _(_)_ __  __ _ \ \ \ \
( ( )\___ | '_ | '_| | '_ \/ _` | \ \ \ \
 \\/  ___)| |_)| | | | | || (_| |  ) ) ) )
  '  |____| .__|_| |_|_| |_\__, | / / / /
 =========|_|==============|___/=/_/_/_/

 :: Spring Boot ::               (v3.5.16)

2026-09-28T23:14:37.020-04:00 INFO  [main] i.o.s.ReplayOrderingIntegrationTest [req=?,e2e=E2E-OUT-UNKNOWN,txn=TXN-OUT-UNKNOWN] Starting ReplayOrderingIntegrationTest using Java 17.0.20.1 with PID 73107 (started by danielmori in /Users/danielmori/Developer/open-fednow-reliability)
2026-09-28T23:14:37.020-04:00 DEBUG [main] i.o.s.ReplayOrderingIntegrationTest [req=?,e2e=E2E-OUT-UNKNOWN,txn=TXN-OUT-UNKNOWN] Running with Spring Boot v3.5.16, Spring v6.2.19
2026-09-28T23:14:37.020-04:00 INFO  [main] i.o.s.ReplayOrderingIntegrationTest [req=?,e2e=E2E-OUT-UNKNOWN,txn=TXN-OUT-UNKNOWN] No active profile set, falling back to 1 default profile: "default"
2026-09-28T23:14:37.073-04:00 INFO  [main] o.s.d.r.c.RepositoryConfigurationDelegate [req=?,e2e=E2E-OUT-UNKNOWN,txn=TXN-OUT-UNKNOWN] Multiple Spring Data modules found, entering strict repository configuration mode
2026-09-28T23:14:37.073-04:00 INFO  [main] o.s.d.r.c.RepositoryConfigurationDelegate [req=?,e2e=E2E-OUT-UNKNOWN,txn=TXN-OUT-UNKNOWN] Bootstrapping Spring Data JPA repositories in DEFAULT mode.
2026-09-28T23:14:37.076-04:00 INFO  [main] o.s.d.r.c.RepositoryConfigurationDelegate [req=?,e2e=E2E-OUT-UNKNOWN,txn=TXN-OUT-UNKNOWN] Finished Spring Data repository scanning in 2 ms. Found 0 JPA repository interfaces.
2026-09-28T23:14:37.077-04:00 INFO  [main] o.s.d.r.c.RepositoryConfigurationDelegate [req=?,e2e=E2E-OUT-UNKNOWN,txn=TXN-OUT-UNKNOWN] Multiple Spring Data modules found, entering strict repository configuration mode
2026-09-28T23:14:37.077-04:00 INFO  [main] o.s.d.r.c.RepositoryConfigurationDelegate [req=?,e2e=E2E-OUT-UNKNOWN,txn=TXN-OUT-UNKNOWN] Bootstrapping Spring Data Redis repositories in DEFAULT mode.
2026-09-28T23:14:37.079-04:00 INFO  [main] o.s.d.r.c.RepositoryConfigurationDelegate [req=?,e2e=E2E-OUT-UNKNOWN,txn=TXN-OUT-UNKNOWN] Finished Spring Data repository scanning in 1 ms. Found 0 Redis repository interfaces.
2026-09-28T23:14:37.115-04:00 INFO  [main] org.flywaydb.core.FlywayExecutor [req=?,e2e=E2E-OUT-UNKNOWN,txn=TXN-OUT-UNKNOWN] Database: jdbc:postgresql://localhost:64402/openfednow?loggerLevel=OFF (PostgreSQL 16.15)
2026-09-28T23:14:37.120-04:00 INFO  [main] o.f.core.internal.command.DbValidate [req=?,e2e=E2E-OUT-UNKNOWN,txn=TXN-OUT-UNKNOWN] Successfully validated 10 migrations (execution time 00:00.002s)
2026-09-28T23:14:37.129-04:00 INFO  [main] o.f.core.internal.command.DbMigrate [req=?,e2e=E2E-OUT-UNKNOWN,txn=TXN-OUT-UNKNOWN] Current version of schema "public": 10
2026-09-28T23:14:37.129-04:00 INFO  [main] o.f.core.internal.command.DbMigrate [req=?,e2e=E2E-OUT-UNKNOWN,txn=TXN-OUT-UNKNOWN] Schema "public" is up to date. No migration necessary.
2026-09-28T23:14:37.140-04:00 INFO  [main] o.s.o.j.p.SpringPersistenceUnitInfo [req=?,e2e=E2E-OUT-UNKNOWN,txn=TXN-OUT-UNKNOWN] No LoadTimeWeaver setup: ignoring JPA class transformer
2026-09-28T23:14:37.146-04:00 INFO  [main] o.s.o.j.LocalContainerEntityManagerFactoryBean [req=?,e2e=E2E-OUT-UNKNOWN,txn=TXN-OUT-UNKNOWN] Initialized JPA EntityManagerFactory for persistence unit 'default'
2026-09-28T23:14:37.208-04:00 INFO  [main] i.o.reliability.ReliabilityRailConfig [req=?,e2e=E2E-OUT-UNKNOWN,txn=TXN-OUT-UNKNOWN] Synthetic reliability rail configured=false
2026-09-28T23:14:37.222-04:00 INFO  [main] o.s.s.c.a.a.c.InitializeUserDetailsBeanManagerConfigurer$InitializeUserDetailsManagerConfigurer [req=?,e2e=E2E-OUT-UNKNOWN,txn=TXN-OUT-UNKNOWN] Global AuthenticationManager configured with UserDetailsService bean with name userDetailsService
2026-09-28T23:14:37.356-04:00 INFO  [main] i.o.s.ReplayOrderingIntegrationTest [req=?,e2e=E2E-OUT-UNKNOWN,txn=TXN-OUT-UNKNOWN] Started ReplayOrderingIntegrationTest in 0.341 seconds (process running for 29.366)
2026-09-28T23:14:37.357-04:00 DEBUG [scheduling-1] i.o.shadowledger.AvailabilityBridge [req=?,e2e=?,txn=?] Core availability poll: mode=ONLINE
2026-09-28T23:14:37.360-04:00 INFO  [main] i.o.processing.saga.SagaRecoveryService [req=?,e2e=E2E-OUT-UNKNOWN,txn=TXN-OUT-UNKNOWN] Saga recovery: no in-flight sagas found at startup
2026-09-28T23:14:37.360-04:00 INFO  [main] i.o.shadowledger.BalanceSeedService [req=?,e2e=E2E-OUT-UNKNOWN,txn=TXN-OUT-UNKNOWN] Shadow Ledger startup seed: no accounts configured (openfednow.shadow-ledger.seed-accounts is empty)
2026-09-28T23:14:37.361-04:00 INFO  [main] o.s.a.r.c.CachingConnectionFactory [req=?,e2e=E2E-OUT-UNKNOWN,txn=TXN-OUT-UNKNOWN] Attempting to connect to: [localhost:64405]
2026-09-28T23:14:37.363-04:00 INFO  [main] o.s.a.r.c.CachingConnectionFactory [req=?,e2e=E2E-OUT-UNKNOWN,txn=TXN-OUT-UNKNOWN] Created new connection: rabbitConnectionFactory#4c5112ba:0/SimpleConnection@28eda519 [delegate=amqp://guest@127.0.0.1:64405/, localPort=64732]
2026-09-28T23:14:37.375-04:00 INFO  [main] i.o.shadowledger.ReconciliationService [req=?,e2e=E2E-OUT-UNKNOWN,txn=TXN-OUT-UNKNOWN] Replaying 1 transactions against core
2026-09-28T23:14:37.375-04:00 DEBUG [main] i.o.shadowledger.ReconciliationService [req=?,e2e=E2E-OUT-UNKNOWN,txn=TXN-OUT-UNKNOWN] Transaction already confirmed or not found transactionId=TXN-IDEM-001
2026-09-28T23:14:37.378-04:00 INFO  [main] i.o.shadowledger.ReconciliationService [req=?,e2e=E2E-OUT-UNKNOWN,txn=TXN-OUT-UNKNOWN] Replaying 1 transactions against core
2026-09-28T23:14:37.379-04:00 DEBUG [main] i.o.shadowledger.ReconciliationService [req=?,e2e=E2E-OUT-UNKNOWN,txn=TXN-OUT-UNKNOWN] Transaction confirmed transactionId=TXN-LISTED
2026-09-28T23:14:38.930-04:00 INFO  [main] i.o.shadowledger.AvailabilityBridge [req=?,e2e=E2E-OUT-UNKNOWN,txn=TXN-OUT-UNKNOWN] Transaction queued for core replay transactionId=E2E-CT-001
2026-09-28T23:14:38.944-04:00 INFO  [main] i.o.shadowledger.AvailabilityBridge [req=?,e2e=E2E-OUT-UNKNOWN,txn=TXN-OUT-UNKNOWN] Transaction queued for core replay transactionId=E2E-ID-PROP-001
2026-09-28T23:14:38.956-04:00 INFO  [main] i.o.shadowledger.AvailabilityBridge [req=?,e2e=E2E-OUT-UNKNOWN,txn=TXN-OUT-UNKNOWN] Transaction queued for core replay transactionId=E2E-ORDER-001
2026-09-28T23:14:38.957-04:00 INFO  [main] i.o.shadowledger.AvailabilityBridge [req=?,e2e=E2E-OUT-UNKNOWN,txn=TXN-OUT-UNKNOWN] Transaction queued for core replay transactionId=E2E-ORDER-002
2026-09-28T23:14:38.957-04:00 INFO  [main] i.o.shadowledger.AvailabilityBridge [req=?,e2e=E2E-OUT-UNKNOWN,txn=TXN-OUT-UNKNOWN] Transaction queued for core replay transactionId=E2E-ORDER-003
2026-09-28T23:14:38.957-04:00 INFO  [main] i.o.shadowledger.AvailabilityBridge [req=?,e2e=E2E-OUT-UNKNOWN,txn=TXN-OUT-UNKNOWN] Transaction queued for core replay transactionId=E2E-ORDER-004
2026-09-28T23:14:38.957-04:00 INFO  [main] i.o.shadowledger.AvailabilityBridge [req=?,e2e=E2E-OUT-UNKNOWN,txn=TXN-OUT-UNKNOWN] Transaction queued for core replay transactionId=E2E-ORDER-005
2026-09-28T23:14:38.974-04:00 INFO  [main] i.o.shadowledger.ReconciliationService [req=?,e2e=E2E-OUT-UNKNOWN,txn=TXN-OUT-UNKNOWN] Replaying 3 transactions against core
2026-09-28T23:14:38.974-04:00 DEBUG [main] i.o.shadowledger.ReconciliationService [req=?,e2e=E2E-OUT-UNKNOWN,txn=TXN-OUT-UNKNOWN] Transaction confirmed transactionId=TXN-REPLAY-A
2026-09-28T23:14:38.975-04:00 DEBUG [main] i.o.shadowledger.ReconciliationService [req=?,e2e=E2E-OUT-UNKNOWN,txn=TXN-OUT-UNKNOWN] Transaction confirmed transactionId=TXN-REPLAY-B
2026-09-28T23:14:38.975-04:00 DEBUG [main] i.o.shadowledger.ReconciliationService [req=?,e2e=E2E-OUT-UNKNOWN,txn=TXN-OUT-UNKNOWN] Transaction confirmed transactionId=TXN-REPLAY-C
2026-09-28T23:14:38.987-04:00 INFO  [main] o.s.o.j.LocalContainerEntityManagerFactoryBean [req=?,e2e=E2E-OUT-UNKNOWN,txn=TXN-OUT-UNKNOWN] Closing JPA EntityManagerFactory for persistence unit 'default'
[INFO] Tests run: 9, Failures: 0, Errors: 0, Skipped: 0, Time elapsed: 1.975 s -- in io.openfednow.shadowledger.ReplayOrderingIntegrationTest
[INFO] Running io.openfednow.shadowledger.RedisOutageIntegrationTest
2026-09-28T23:14:38.990-04:00 INFO  [main] o.s.t.c.s.AnnotationConfigContextLoaderUtils [req=?,e2e=E2E-OUT-UNKNOWN,txn=TXN-OUT-UNKNOWN] Could not detect default configuration classes for test class [io.openfednow.shadowledger.RedisOutageIntegrationTest]: RedisOutageIntegrationTest does not declare any static, non-private, non-final, nested classes annotated with @Configuration.
2026-09-28T23:14:38.991-04:00 INFO  [main] o.s.b.t.c.SpringBootTestContextBootstrapper [req=?,e2e=E2E-OUT-UNKNOWN,txn=TXN-OUT-UNKNOWN] Found @SpringBootConfiguration io.openfednow.OpenFedNowApplication for test class io.openfednow.shadowledger.RedisOutageIntegrationTest
2026-09-28T23:14:38.992-04:00 INFO  [main] tc.redis:7-alpine [req=?,e2e=E2E-OUT-UNKNOWN,txn=TXN-OUT-UNKNOWN] Creating container for image: redis:7-alpine
2026-09-28T23:14:39.024-04:00 INFO  [main] tc.redis:7-alpine [req=?,e2e=E2E-OUT-UNKNOWN,txn=TXN-OUT-UNKNOWN] Container redis:7-alpine is starting: e14ec2d16dc6609b1c366cc914b43804072a487f03d0130bb175a39c7e333acf
2026-09-28T23:14:39.150-04:00 INFO  [main] tc.redis:7-alpine [req=?,e2e=E2E-OUT-UNKNOWN,txn=TXN-OUT-UNKNOWN] Container redis:7-alpine started in PT0.157822S
2026-09-28T23:14:39.150-04:00 INFO  [main] tc.postgres:16-alpine [req=?,e2e=E2E-OUT-UNKNOWN,txn=TXN-OUT-UNKNOWN] Creating container for image: postgres:16-alpine
2026-09-28T23:14:39.178-04:00 INFO  [main] tc.postgres:16-alpine [req=?,e2e=E2E-OUT-UNKNOWN,txn=TXN-OUT-UNKNOWN] Container postgres:16-alpine is starting: 6d0dd324d7d3214bcb677f6160bdcd4758b8a5dd2a891f3d8d86596a0da24cd0
2026-09-28T23:14:39.829-04:00 INFO  [main] tc.postgres:16-alpine [req=?,e2e=E2E-OUT-UNKNOWN,txn=TXN-OUT-UNKNOWN] Container postgres:16-alpine started in PT0.678417S
2026-09-28T23:14:39.829-04:00 INFO  [main] tc.postgres:16-alpine [req=?,e2e=E2E-OUT-UNKNOWN,txn=TXN-OUT-UNKNOWN] Container is started (JDBC URL: jdbc:postgresql://localhost:64740/openfednow?loggerLevel=OFF)
2026-09-28T23:14:39.829-04:00 INFO  [main] tc.rabbitmq:3-management [req=?,e2e=E2E-OUT-UNKNOWN,txn=TXN-OUT-UNKNOWN] Creating container for image: rabbitmq:3-management
2026-09-28T23:14:39.865-04:00 INFO  [main] tc.rabbitmq:3-management [req=?,e2e=E2E-OUT-UNKNOWN,txn=TXN-OUT-UNKNOWN] Container rabbitmq:3-management is starting: 87816b98033f2be79e7710f8619b4dc23ebbd3808796124fe963e620f4effa64
2026-09-28T23:14:43.036-04:00 INFO  [main] tc.rabbitmq:3-management [req=?,e2e=E2E-OUT-UNKNOWN,txn=TXN-OUT-UNKNOWN] Container rabbitmq:3-management started in PT3.206456S

  .   ____          _            __ _ _
 /\\ / ___'_ __ _ _(_)_ __  __ _ \ \ \ \
( ( )\___ | '_ | '_| | '_ \/ _` | \ \ \ \
 \\/  ___)| |_)| | | | | || (_| |  ) ) ) )
  '  |____| .__|_| |_|_| |_\__, | / / / /
 =========|_|==============|___/=/_/_/_/

 :: Spring Boot ::               (v3.5.16)

2026-09-28T23:14:43.047-04:00 INFO  [main] i.o.s.RedisOutageIntegrationTest [req=?,e2e=E2E-OUT-UNKNOWN,txn=TXN-OUT-UNKNOWN] Starting RedisOutageIntegrationTest using Java 17.0.20.1 with PID 73107 (started by danielmori in /Users/danielmori/Developer/open-fednow-reliability)
2026-09-28T23:14:43.047-04:00 DEBUG [main] i.o.s.RedisOutageIntegrationTest [req=?,e2e=E2E-OUT-UNKNOWN,txn=TXN-OUT-UNKNOWN] Running with Spring Boot v3.5.16, Spring v6.2.19
2026-09-28T23:14:43.048-04:00 INFO  [main] i.o.s.RedisOutageIntegrationTest [req=?,e2e=E2E-OUT-UNKNOWN,txn=TXN-OUT-UNKNOWN] No active profile set, falling back to 1 default profile: "default"
2026-09-28T23:14:43.109-04:00 INFO  [main] o.s.d.r.c.RepositoryConfigurationDelegate [req=?,e2e=E2E-OUT-UNKNOWN,txn=TXN-OUT-UNKNOWN] Multiple Spring Data modules found, entering strict repository configuration mode
2026-09-28T23:14:43.109-04:00 INFO  [main] o.s.d.r.c.RepositoryConfigurationDelegate [req=?,e2e=E2E-OUT-UNKNOWN,txn=TXN-OUT-UNKNOWN] Bootstrapping Spring Data JPA repositories in DEFAULT mode.
2026-09-28T23:14:43.112-04:00 INFO  [main] o.s.d.r.c.RepositoryConfigurationDelegate [req=?,e2e=E2E-OUT-UNKNOWN,txn=TXN-OUT-UNKNOWN] Finished Spring Data repository scanning in 2 ms. Found 0 JPA repository interfaces.
2026-09-28T23:14:43.113-04:00 INFO  [main] o.s.d.r.c.RepositoryConfigurationDelegate [req=?,e2e=E2E-OUT-UNKNOWN,txn=TXN-OUT-UNKNOWN] Multiple Spring Data modules found, entering strict repository configuration mode
2026-09-28T23:14:43.113-04:00 INFO  [main] o.s.d.r.c.RepositoryConfigurationDelegate [req=?,e2e=E2E-OUT-UNKNOWN,txn=TXN-OUT-UNKNOWN] Bootstrapping Spring Data Redis repositories in DEFAULT mode.
2026-09-28T23:14:43.115-04:00 INFO  [main] o.s.d.r.c.RepositoryConfigurationDelegate [req=?,e2e=E2E-OUT-UNKNOWN,txn=TXN-OUT-UNKNOWN] Finished Spring Data repository scanning in 1 ms. Found 0 Redis repository interfaces.
2026-09-28T23:14:43.155-04:00 INFO  [main] org.flywaydb.core.FlywayExecutor [req=?,e2e=E2E-OUT-UNKNOWN,txn=TXN-OUT-UNKNOWN] Database: jdbc:postgresql://localhost:64740/openfednow?loggerLevel=OFF (PostgreSQL 16.15)
2026-09-28T23:14:43.159-04:00 INFO  [main] o.f.c.i.s.JdbcTableSchemaHistory [req=?,e2e=E2E-OUT-UNKNOWN,txn=TXN-OUT-UNKNOWN] Schema history table "public"."flyway_schema_history" does not exist yet
2026-09-28T23:14:43.160-04:00 INFO  [main] o.f.core.internal.command.DbValidate [req=?,e2e=E2E-OUT-UNKNOWN,txn=TXN-OUT-UNKNOWN] Successfully validated 10 migrations (execution time 00:00.001s)
2026-09-28T23:14:43.163-04:00 INFO  [main] o.f.c.i.s.JdbcTableSchemaHistory [req=?,e2e=E2E-OUT-UNKNOWN,txn=TXN-OUT-UNKNOWN] Creating Schema History table "public"."flyway_schema_history" ...
2026-09-28T23:14:43.174-04:00 INFO  [main] o.f.core.internal.command.DbMigrate [req=?,e2e=E2E-OUT-UNKNOWN,txn=TXN-OUT-UNKNOWN] Current version of schema "public": << Empty Schema >>
2026-09-28T23:14:43.175-04:00 INFO  [main] o.f.core.internal.command.DbMigrate [req=?,e2e=E2E-OUT-UNKNOWN,txn=TXN-OUT-UNKNOWN] Migrating schema "public" to version "1 - create shadow ledger transaction log"
2026-09-28T23:14:43.183-04:00 INFO  [main] o.f.core.internal.command.DbMigrate [req=?,e2e=E2E-OUT-UNKNOWN,txn=TXN-OUT-UNKNOWN] Migrating schema "public" to version "2 - create saga state"
2026-09-28T23:14:43.189-04:00 INFO  [main] o.f.core.internal.command.DbMigrate [req=?,e2e=E2E-OUT-UNKNOWN,txn=TXN-OUT-UNKNOWN] Migrating schema "public" to version "3 - create idempotency keys"
2026-09-28T23:14:43.193-04:00 INFO  [main] o.f.core.internal.command.DbMigrate [req=?,e2e=E2E-OUT-UNKNOWN,txn=TXN-OUT-UNKNOWN] Migrating schema "public" to version "4 - create reconciliation run"
2026-09-28T23:14:43.197-04:00 INFO  [main] o.f.core.internal.command.DbMigrate [req=?,e2e=E2E-OUT-UNKNOWN,txn=TXN-OUT-UNKNOWN] Migrating schema "public" to version "5 - add source rail to saga state"
2026-09-28T23:14:43.201-04:00 INFO  [main] o.f.core.internal.command.DbMigrate [req=?,e2e=E2E-OUT-UNKNOWN,txn=TXN-OUT-UNKNOWN] Migrating schema "public" to version "6 - create admin audit log"
2026-09-28T23:14:43.205-04:00 INFO  [main] o.f.core.internal.command.DbMigrate [req=?,e2e=E2E-OUT-UNKNOWN,txn=TXN-OUT-UNKNOWN] Migrating schema "public" to version "7 - add request id correlation"
2026-09-28T23:14:43.209-04:00 INFO  [main] o.f.core.internal.command.DbMigrate [req=?,e2e=E2E-OUT-UNKNOWN,txn=TXN-OUT-UNKNOWN] Migrating schema "public" to version "8 - outbound submission uncertainty"
2026-09-28T23:14:43.213-04:00 INFO  [main] o.f.core.internal.command.DbMigrate [req=?,e2e=E2E-OUT-UNKNOWN,txn=TXN-OUT-UNKNOWN] Migrating schema "public" to version "9 - create reliable payment reference"
2026-09-28T23:14:43.221-04:00 INFO  [main] o.f.core.internal.command.DbMigrate [req=?,e2e=E2E-OUT-UNKNOWN,txn=TXN-OUT-UNKNOWN] Migrating schema "public" to version "10 - synthetic async core ack"
2026-09-28T23:14:43.225-04:00 INFO  [main] o.f.core.internal.command.DbMigrate [req=?,e2e=E2E-OUT-UNKNOWN,txn=TXN-OUT-UNKNOWN] Successfully applied 10 migrations to schema "public", now at version v10 (execution time 00:00.021s)
2026-09-28T23:14:43.237-04:00 INFO  [main] o.s.o.j.p.SpringPersistenceUnitInfo [req=?,e2e=E2E-OUT-UNKNOWN,txn=TXN-OUT-UNKNOWN] No LoadTimeWeaver setup: ignoring JPA class transformer
2026-09-28T23:14:43.242-04:00 INFO  [main] o.s.o.j.LocalContainerEntityManagerFactoryBean [req=?,e2e=E2E-OUT-UNKNOWN,txn=TXN-OUT-UNKNOWN] Initialized JPA EntityManagerFactory for persistence unit 'default'
2026-09-28T23:14:43.310-04:00 INFO  [main] i.o.reliability.ReliabilityRailConfig [req=?,e2e=E2E-OUT-UNKNOWN,txn=TXN-OUT-UNKNOWN] Synthetic reliability rail configured=false
2026-09-28T23:14:43.326-04:00 INFO  [main] o.s.s.c.a.a.c.InitializeUserDetailsBeanManagerConfigurer$InitializeUserDetailsManagerConfigurer [req=?,e2e=E2E-OUT-UNKNOWN,txn=TXN-OUT-UNKNOWN] Global AuthenticationManager configured with UserDetailsService bean with name userDetailsService
2026-09-28T23:14:43.474-04:00 INFO  [main] i.o.s.RedisOutageIntegrationTest [req=?,e2e=E2E-OUT-UNKNOWN,txn=TXN-OUT-UNKNOWN] Started RedisOutageIntegrationTest in 0.437 seconds (process running for 35.483)
2026-09-28T23:14:43.474-04:00 DEBUG [scheduling-1] i.o.shadowledger.AvailabilityBridge [req=?,e2e=?,txn=?] Core availability poll: mode=ONLINE
2026-09-28T23:14:43.475-04:00 INFO  [main] i.o.processing.saga.SagaRecoveryService [req=?,e2e=E2E-OUT-UNKNOWN,txn=TXN-OUT-UNKNOWN] Saga recovery: no in-flight sagas found at startup
2026-09-28T23:14:43.475-04:00 INFO  [main] i.o.shadowledger.BalanceSeedService [req=?,e2e=E2E-OUT-UNKNOWN,txn=TXN-OUT-UNKNOWN] Shadow Ledger startup seed: no accounts configured (openfednow.shadow-ledger.seed-accounts is empty)
2026-09-28T23:14:43.562-04:00 INFO  [lettuce-eventExecutorLoop-69-1] i.l.core.protocol.ConnectionWatchdog [req=?,e2e=?,txn=?] Reconnecting, last destination was localhost/127.0.0.1:64738
2026-09-28T23:14:43.564-04:00 WARN  [lettuce-nioEventLoop-71-2] i.l.core.protocol.ConnectionWatchdog [req=?,e2e=?,txn=?] Cannot reconnect to [localhost/<unresolved>:64738]: Connection reset
java.net.SocketException: Connection reset
	at java.base/sun.nio.ch.SocketChannelImpl.throwConnectionReset(SocketChannelImpl.java:394)
	at java.base/sun.nio.ch.SocketChannelImpl.read(SocketChannelImpl.java:426)
	at io.netty.buffer.AdaptivePoolingAllocator$AdaptiveByteBuf.setBytes(AdaptivePoolingAllocator.java:2549)
	at io.netty.buffer.AbstractByteBuf.writeBytes(AbstractByteBuf.java:1139)
	at io.netty.channel.socket.nio.NioSocketChannel.doReadBytes(NioSocketChannel.java:350)
	at io.netty.channel.nio.AbstractNioByteChannel$NioByteUnsafe.read(AbstractNioByteChannel.java:161)
	at io.netty.channel.nio.AbstractNioChannel$AbstractNioUnsafe.handle(AbstractNioChannel.java:445)
	at io.netty.channel.nio.NioIoHandler$DefaultNioRegistration.handle(NioIoHandler.java:388)
	at io.netty.channel.nio.NioIoHandler.processSelectedKey(NioIoHandler.java:596)
	at io.netty.channel.nio.NioIoHandler.processSelectedKeysOptimized(NioIoHandler.java:571)
	at io.netty.channel.nio.NioIoHandler.processSelectedKeys(NioIoHandler.java:512)
	at io.netty.channel.nio.NioIoHandler.run(NioIoHandler.java:484)
	at io.netty.channel.SingleThreadIoEventLoop.runIo(SingleThreadIoEventLoop.java:225)
	at io.netty.channel.SingleThreadIoEventLoop.run(SingleThreadIoEventLoop.java:196)
	at io.netty.util.concurrent.SingleThreadEventExecutor$5.run(SingleThreadEventExecutor.java:1204)
	at io.netty.util.internal.ThreadExecutorMap$2.run(ThreadExecutorMap.java:74)
	at io.netty.util.concurrent.FastThreadLocalRunnable.run(FastThreadLocalRunnable.java:30)
	at java.base/java.lang.Thread.run(Thread.java:840)
2026-09-28T23:14:43.648-04:00 INFO  [main] o.s.o.j.LocalContainerEntityManagerFactoryBean [req=?,e2e=E2E-OUT-UNKNOWN,txn=TXN-OUT-UNKNOWN] Closing JPA EntityManagerFactory for persistence unit 'default'
[INFO] Tests run: 2, Failures: 0, Errors: 0, Skipped: 0, Time elapsed: 4.660 s -- in io.openfednow.shadowledger.RedisOutageIntegrationTest
[INFO] Running io.openfednow.shadowledger.ShadowLedgerEndpointIntegrationTest
2026-09-28T23:14:43.650-04:00 INFO  [main] o.s.t.c.s.AnnotationConfigContextLoaderUtils [req=?,e2e=E2E-OUT-UNKNOWN,txn=TXN-OUT-UNKNOWN] Could not detect default configuration classes for test class [io.openfednow.shadowledger.ShadowLedgerEndpointIntegrationTest]: ShadowLedgerEndpointIntegrationTest does not declare any static, non-private, non-final, nested classes annotated with @Configuration.
2026-09-28T23:14:43.652-04:00 INFO  [main] o.s.b.t.c.SpringBootTestContextBootstrapper [req=?,e2e=E2E-OUT-UNKNOWN,txn=TXN-OUT-UNKNOWN] Found @SpringBootConfiguration io.openfednow.OpenFedNowApplication for test class io.openfednow.shadowledger.ShadowLedgerEndpointIntegrationTest

  .   ____          _            __ _ _
 /\\ / ___'_ __ _ _(_)_ __  __ _ \ \ \ \
( ( )\___ | '_ | '_| | '_ \/ _` | \ \ \ \
 \\/  ___)| |_)| | | | | || (_| |  ) ) ) )
  '  |____| .__|_| |_|_| |_\__, | / / / /
 =========|_|==============|___/=/_/_/_/

 :: Spring Boot ::               (v3.5.16)

2026-09-28T23:14:43.659-04:00 INFO  [main] i.o.s.ShadowLedgerEndpointIntegrationTest [req=?,e2e=E2E-OUT-UNKNOWN,txn=TXN-OUT-UNKNOWN] Starting ShadowLedgerEndpointIntegrationTest using Java 17.0.20.1 with PID 73107 (started by danielmori in /Users/danielmori/Developer/open-fednow-reliability)
2026-09-28T23:14:43.659-04:00 DEBUG [main] i.o.s.ShadowLedgerEndpointIntegrationTest [req=?,e2e=E2E-OUT-UNKNOWN,txn=TXN-OUT-UNKNOWN] Running with Spring Boot v3.5.16, Spring v6.2.19
2026-09-28T23:14:43.659-04:00 INFO  [main] i.o.s.ShadowLedgerEndpointIntegrationTest [req=?,e2e=E2E-OUT-UNKNOWN,txn=TXN-OUT-UNKNOWN] No active profile set, falling back to 1 default profile: "default"
2026-09-28T23:14:43.715-04:00 INFO  [main] o.s.d.r.c.RepositoryConfigurationDelegate [req=?,e2e=E2E-OUT-UNKNOWN,txn=TXN-OUT-UNKNOWN] Multiple Spring Data modules found, entering strict repository configuration mode
2026-09-28T23:14:43.715-04:00 INFO  [main] o.s.d.r.c.RepositoryConfigurationDelegate [req=?,e2e=E2E-OUT-UNKNOWN,txn=TXN-OUT-UNKNOWN] Bootstrapping Spring Data JPA repositories in DEFAULT mode.
2026-09-28T23:14:43.719-04:00 INFO  [main] o.s.d.r.c.RepositoryConfigurationDelegate [req=?,e2e=E2E-OUT-UNKNOWN,txn=TXN-OUT-UNKNOWN] Finished Spring Data repository scanning in 2 ms. Found 0 JPA repository interfaces.
2026-09-28T23:14:43.719-04:00 INFO  [main] o.s.d.r.c.RepositoryConfigurationDelegate [req=?,e2e=E2E-OUT-UNKNOWN,txn=TXN-OUT-UNKNOWN] Multiple Spring Data modules found, entering strict repository configuration mode
2026-09-28T23:14:43.719-04:00 INFO  [main] o.s.d.r.c.RepositoryConfigurationDelegate [req=?,e2e=E2E-OUT-UNKNOWN,txn=TXN-OUT-UNKNOWN] Bootstrapping Spring Data Redis repositories in DEFAULT mode.
2026-09-28T23:14:43.721-04:00 INFO  [main] o.s.d.r.c.RepositoryConfigurationDelegate [req=?,e2e=E2E-OUT-UNKNOWN,txn=TXN-OUT-UNKNOWN] Finished Spring Data repository scanning in 1 ms. Found 0 Redis repository interfaces.
2026-09-28T23:14:43.756-04:00 INFO  [main] org.flywaydb.core.FlywayExecutor [req=?,e2e=E2E-OUT-UNKNOWN,txn=TXN-OUT-UNKNOWN] Database: jdbc:postgresql://localhost:64402/openfednow?loggerLevel=OFF (PostgreSQL 16.15)
2026-09-28T23:14:43.762-04:00 INFO  [main] o.f.core.internal.command.DbValidate [req=?,e2e=E2E-OUT-UNKNOWN,txn=TXN-OUT-UNKNOWN] Successfully validated 10 migrations (execution time 00:00.002s)
2026-09-28T23:14:43.771-04:00 INFO  [main] o.f.core.internal.command.DbMigrate [req=?,e2e=E2E-OUT-UNKNOWN,txn=TXN-OUT-UNKNOWN] Current version of schema "public": 10
2026-09-28T23:14:43.771-04:00 INFO  [main] o.f.core.internal.command.DbMigrate [req=?,e2e=E2E-OUT-UNKNOWN,txn=TXN-OUT-UNKNOWN] Schema "public" is up to date. No migration necessary.
2026-09-28T23:14:43.783-04:00 INFO  [main] o.s.o.j.p.SpringPersistenceUnitInfo [req=?,e2e=E2E-OUT-UNKNOWN,txn=TXN-OUT-UNKNOWN] No LoadTimeWeaver setup: ignoring JPA class transformer
2026-09-28T23:14:43.788-04:00 INFO  [main] o.s.o.j.LocalContainerEntityManagerFactoryBean [req=?,e2e=E2E-OUT-UNKNOWN,txn=TXN-OUT-UNKNOWN] Initialized JPA EntityManagerFactory for persistence unit 'default'
2026-09-28T23:14:43.859-04:00 INFO  [main] i.o.reliability.ReliabilityRailConfig [req=?,e2e=E2E-OUT-UNKNOWN,txn=TXN-OUT-UNKNOWN] Synthetic reliability rail configured=false
2026-09-28T23:14:43.876-04:00 INFO  [main] o.s.s.c.a.a.c.InitializeUserDetailsBeanManagerConfigurer$InitializeUserDetailsManagerConfigurer [req=?,e2e=E2E-OUT-UNKNOWN,txn=TXN-OUT-UNKNOWN] Global AuthenticationManager configured with UserDetailsService bean with name userDetailsService
2026-09-28T23:14:44.020-04:00 INFO  [main] i.o.s.ShadowLedgerEndpointIntegrationTest [req=?,e2e=E2E-OUT-UNKNOWN,txn=TXN-OUT-UNKNOWN] Started ShadowLedgerEndpointIntegrationTest in 0.367 seconds (process running for 36.029)
2026-09-28T23:14:44.020-04:00 DEBUG [scheduling-1] i.o.shadowledger.AvailabilityBridge [req=?,e2e=?,txn=?] Core availability poll: mode=ONLINE
2026-09-28T23:14:44.021-04:00 INFO  [main] i.o.processing.saga.SagaRecoveryService [req=?,e2e=E2E-OUT-UNKNOWN,txn=TXN-OUT-UNKNOWN] Saga recovery: no in-flight sagas found at startup
2026-09-28T23:14:44.021-04:00 INFO  [main] i.o.shadowledger.BalanceSeedService [req=?,e2e=E2E-OUT-UNKNOWN,txn=TXN-OUT-UNKNOWN] Shadow Ledger startup seed: no accounts configured (openfednow.shadow-ledger.seed-accounts is empty)
2026-09-28T23:14:44.025-04:00 INFO  [main] io.openfednow.gateway.MessageRouter [req=?,e2e=E2E-SL-DUP-002,txn=TXN-SL-DUP-002] Inbound credit transfer received amount=200.00 currency=USD sourceRail=FEDNOW
2026-09-28T23:14:44.026-04:00 INFO  [main] i.o.processing.saga.SagaOrchestrator [req=?,e2e=E2E-SL-DUP-002,txn=TXN-SL-DUP-002] Saga initiated sagaId=SAGA-5602bb21-6e8b-450b-a569-e4d157d4d16e transactionId=TXN-SL-DUP-002 e2e=E2E-SL-DUP-002 sourceRail=FEDNOW requestId=null
2026-09-28T23:14:44.027-04:00 INFO  [main] io.openfednow.shadowledger.ShadowLedger [req=?,e2e=E2E-SL-DUP-002,txn=TXN-SL-DUP-002] Shadow Ledger credit applied account=ACC-DUP-002 amount=200.00 balanceAfter=200.00
2026-09-28T23:14:44.027-04:00 DEBUG [main] i.o.processing.saga.SagaOrchestrator [req=?,e2e=E2E-SL-DUP-002,txn=TXN-SL-DUP-002] Saga advanced sagaId=SAGA-5602bb21-6e8b-450b-a569-e4d157d4d16e state=FUNDS_RESERVED
2026-09-28T23:14:44.027-04:00 DEBUG [main] i.o.processing.saga.SagaOrchestrator [req=?,e2e=E2E-SL-DUP-002,txn=TXN-SL-DUP-002] Saga advanced sagaId=SAGA-5602bb21-6e8b-450b-a569-e4d157d4d16e state=CORE_SUBMITTED
2026-09-28T23:14:44.028-04:00 DEBUG [main] i.o.processing.saga.SagaOrchestrator [req=?,e2e=E2E-SL-DUP-002,txn=TXN-SL-DUP-002] Saga advanced sagaId=SAGA-5602bb21-6e8b-450b-a569-e4d157d4d16e state=FEDNOW_CONFIRMED
2026-09-28T23:14:44.028-04:00 DEBUG [main] i.o.processing.saga.SagaOrchestrator [req=?,e2e=E2E-SL-DUP-002,txn=TXN-SL-DUP-002] Saga advanced sagaId=SAGA-5602bb21-6e8b-450b-a569-e4d157d4d16e state=COMPLETED
2026-09-28T23:14:44.028-04:00 INFO  [main] io.openfednow.gateway.MessageRouter [req=?,e2e=E2E-SL-DUP-002,txn=TXN-SL-DUP-002] Inbound credit transfer status=ACSC rejectCode=null
2026-09-28T23:14:44.029-04:00 DEBUG [main] i.o.p.idempotency.IdempotencyService [req=?,e2e=E2E-SL-DUP-002,txn=TXN-SL-DUP-002] Idempotency outcome recorded e2e=E2E-SL-DUP-002 status=ACSC
2026-09-28T23:14:44.029-04:00 INFO  [main] io.openfednow.gateway.MessageRouter [req=?,e2e=E2E-SL-DUP-002,txn=TXN-SL-DUP-002] Inbound credit transfer received amount=200.00 currency=USD sourceRail=FEDNOW
2026-09-28T23:14:44.029-04:00 DEBUG [main] i.o.p.idempotency.IdempotencyService [req=?,e2e=E2E-SL-DUP-002,txn=TXN-SL-DUP-002] Idempotency cache hit e2e=E2E-SL-DUP-002
2026-09-28T23:14:44.030-04:00 INFO  [main] io.openfednow.gateway.MessageRouter [req=?,e2e=E2E-SL-DUP-002,txn=TXN-SL-DUP-002] Duplicate inbound payment suppressed e2e=E2E-SL-DUP-002
2026-09-28T23:14:44.033-04:00 INFO  [main] io.openfednow.gateway.MessageRouter [req=?,e2e=E2E-SL-RJT-002,txn=TXN-SL-RJT-002] Inbound credit transfer received amount=100.00 currency=USD sourceRail=FEDNOW
2026-09-28T23:14:44.033-04:00 INFO  [main] i.o.processing.saga.SagaOrchestrator [req=?,e2e=E2E-SL-RJT-002,txn=TXN-SL-RJT-002] Saga initiated sagaId=SAGA-26561c31-2405-4cb4-b92b-3f9c1a17bb7d transactionId=TXN-SL-RJT-002 e2e=E2E-SL-RJT-002 sourceRail=FEDNOW requestId=null
2026-09-28T23:14:44.034-04:00 INFO  [main] i.o.processing.saga.SagaOrchestrator [req=?,e2e=E2E-SL-RJT-002,txn=TXN-SL-RJT-002] Saga compensation starting sagaId=SAGA-26561c31-2405-4cb4-b92b-3f9c1a17bb7d fromState=INITIATED reason=AC01
2026-09-28T23:14:44.034-04:00 INFO  [main] i.o.processing.saga.SagaOrchestrator [req=?,e2e=E2E-SL-RJT-002,txn=TXN-SL-RJT-002] Saga compensation complete sagaId=SAGA-26561c31-2405-4cb4-b92b-3f9c1a17bb7d
2026-09-28T23:14:44.035-04:00 INFO  [main] io.openfednow.gateway.MessageRouter [req=?,e2e=E2E-SL-RJT-002,txn=TXN-SL-RJT-002] Inbound credit transfer status=RJCT rejectCode=AC01
2026-09-28T23:14:44.035-04:00 DEBUG [main] i.o.p.idempotency.IdempotencyService [req=?,e2e=E2E-SL-RJT-002,txn=TXN-SL-RJT-002] Idempotency outcome recorded e2e=E2E-SL-RJT-002 status=RJCT
2026-09-28T23:14:44.038-04:00 INFO  [main] io.openfednow.gateway.MessageRouter [req=?,e2e=E2E-SL-003,txn=TXN-SL-003] Inbound credit transfer received amount=750.50 currency=USD sourceRail=FEDNOW
2026-09-28T23:14:44.038-04:00 INFO  [main] i.o.processing.saga.SagaOrchestrator [req=?,e2e=E2E-SL-003,txn=TXN-SL-003] Saga initiated sagaId=SAGA-097399e6-a4f2-4600-a802-5b55c6c5cbc9 transactionId=TXN-SL-003 e2e=E2E-SL-003 sourceRail=FEDNOW requestId=null
2026-09-28T23:14:44.039-04:00 INFO  [main] io.openfednow.shadowledger.ShadowLedger [req=?,e2e=E2E-SL-003,txn=TXN-SL-003] Shadow Ledger credit applied account=ACC-AMT-001 amount=750.50 balanceAfter=750.50
2026-09-28T23:14:44.039-04:00 DEBUG [main] i.o.processing.saga.SagaOrchestrator [req=?,e2e=E2E-SL-003,txn=TXN-SL-003] Saga advanced sagaId=SAGA-097399e6-a4f2-4600-a802-5b55c6c5cbc9 state=FUNDS_RESERVED
2026-09-28T23:14:44.039-04:00 DEBUG [main] i.o.processing.saga.SagaOrchestrator [req=?,e2e=E2E-SL-003,txn=TXN-SL-003] Saga advanced sagaId=SAGA-097399e6-a4f2-4600-a802-5b55c6c5cbc9 state=CORE_SUBMITTED
2026-09-28T23:14:44.040-04:00 DEBUG [main] i.o.processing.saga.SagaOrchestrator [req=?,e2e=E2E-SL-003,txn=TXN-SL-003] Saga advanced sagaId=SAGA-097399e6-a4f2-4600-a802-5b55c6c5cbc9 state=FEDNOW_CONFIRMED
2026-09-28T23:14:44.040-04:00 DEBUG [main] i.o.processing.saga.SagaOrchestrator [req=?,e2e=E2E-SL-003,txn=TXN-SL-003] Saga advanced sagaId=SAGA-097399e6-a4f2-4600-a802-5b55c6c5cbc9 state=COMPLETED
2026-09-28T23:14:44.040-04:00 INFO  [main] io.openfednow.gateway.MessageRouter [req=?,e2e=E2E-SL-003,txn=TXN-SL-003] Inbound credit transfer status=ACSC rejectCode=null
2026-09-28T23:14:44.040-04:00 DEBUG [main] i.o.p.idempotency.IdempotencyService [req=?,e2e=E2E-SL-003,txn=TXN-SL-003] Idempotency outcome recorded e2e=E2E-SL-003 status=ACSC
2026-09-28T23:14:44.043-04:00 INFO  [main] io.openfednow.gateway.MessageRouter [req=?,e2e=E2E-SL-RJT-003,txn=TXN-SL-RJT-003] Inbound credit transfer received amount=300.00 currency=USD sourceRail=FEDNOW
2026-09-28T23:14:44.044-04:00 INFO  [main] i.o.processing.saga.SagaOrchestrator [req=?,e2e=E2E-SL-RJT-003,txn=TXN-SL-RJT-003] Saga initiated sagaId=SAGA-5e934c02-1316-4729-af48-5c808090de06 transactionId=TXN-SL-RJT-003 e2e=E2E-SL-RJT-003 sourceRail=FEDNOW requestId=null
2026-09-28T23:14:44.044-04:00 INFO  [main] i.o.processing.saga.SagaOrchestrator [req=?,e2e=E2E-SL-RJT-003,txn=TXN-SL-RJT-003] Saga compensation starting sagaId=SAGA-5e934c02-1316-4729-af48-5c808090de06 fromState=INITIATED reason=AC04
2026-09-28T23:14:44.044-04:00 INFO  [main] i.o.processing.saga.SagaOrchestrator [req=?,e2e=E2E-SL-RJT-003,txn=TXN-SL-RJT-003] Saga compensation complete sagaId=SAGA-5e934c02-1316-4729-af48-5c808090de06
2026-09-28T23:14:44.045-04:00 INFO  [main] io.openfednow.gateway.MessageRouter [req=?,e2e=E2E-SL-RJT-003,txn=TXN-SL-RJT-003] Inbound credit transfer status=RJCT rejectCode=AC04
2026-09-28T23:14:44.045-04:00 DEBUG [main] i.o.p.idempotency.IdempotencyService [req=?,e2e=E2E-SL-RJT-003,txn=TXN-SL-RJT-003] Idempotency outcome recorded e2e=E2E-SL-RJT-003 status=RJCT
2026-09-28T23:14:44.045-04:00 DEBUG [main] io.openfednow.shadowledger.ShadowLedger [req=?,e2e=E2E-SL-RJT-003,txn=TXN-SL-RJT-003] Shadow Ledger balance not seeded for account=RJCT_CLOSED_ACC-001, returning 0
2026-09-28T23:14:44.047-04:00 INFO  [main] io.openfednow.gateway.MessageRouter [req=?,e2e=E2E-SL-001,txn=TXN-SL-001] Inbound credit transfer received amount=250.00 currency=USD sourceRail=FEDNOW
2026-09-28T23:14:44.048-04:00 INFO  [main] i.o.processing.saga.SagaOrchestrator [req=?,e2e=E2E-SL-001,txn=TXN-SL-001] Saga initiated sagaId=SAGA-00e3e824-d885-4749-bfc3-cfe125f464ed transactionId=TXN-SL-001 e2e=E2E-SL-001 sourceRail=FEDNOW requestId=null
2026-09-28T23:14:44.049-04:00 INFO  [main] io.openfednow.shadowledger.ShadowLedger [req=?,e2e=E2E-SL-001,txn=TXN-SL-001] Shadow Ledger credit applied account=ACC-CRED-001 amount=250.00 balanceAfter=250.00
2026-09-28T23:14:44.049-04:00 DEBUG [main] i.o.processing.saga.SagaOrchestrator [req=?,e2e=E2E-SL-001,txn=TXN-SL-001] Saga advanced sagaId=SAGA-00e3e824-d885-4749-bfc3-cfe125f464ed state=FUNDS_RESERVED
2026-09-28T23:14:44.049-04:00 DEBUG [main] i.o.processing.saga.SagaOrchestrator [req=?,e2e=E2E-SL-001,txn=TXN-SL-001] Saga advanced sagaId=SAGA-00e3e824-d885-4749-bfc3-cfe125f464ed state=CORE_SUBMITTED
2026-09-28T23:14:44.049-04:00 DEBUG [main] i.o.processing.saga.SagaOrchestrator [req=?,e2e=E2E-SL-001,txn=TXN-SL-001] Saga advanced sagaId=SAGA-00e3e824-d885-4749-bfc3-cfe125f464ed state=FEDNOW_CONFIRMED
2026-09-28T23:14:44.049-04:00 DEBUG [main] i.o.processing.saga.SagaOrchestrator [req=?,e2e=E2E-SL-001,txn=TXN-SL-001] Saga advanced sagaId=SAGA-00e3e824-d885-4749-bfc3-cfe125f464ed state=COMPLETED
2026-09-28T23:14:44.049-04:00 INFO  [main] io.openfednow.gateway.MessageRouter [req=?,e2e=E2E-SL-001,txn=TXN-SL-001] Inbound credit transfer status=ACSC rejectCode=null
2026-09-28T23:14:44.050-04:00 DEBUG [main] i.o.p.idempotency.IdempotencyService [req=?,e2e=E2E-SL-001,txn=TXN-SL-001] Idempotency outcome recorded e2e=E2E-SL-001 status=ACSC
2026-09-28T23:14:44.052-04:00 INFO  [main] io.openfednow.gateway.MessageRouter [req=?,e2e=E2E-SL-RJT-001,txn=TXN-SL-RJT-001] Inbound credit transfer received amount=250.00 currency=USD sourceRail=FEDNOW
2026-09-28T23:14:44.053-04:00 INFO  [main] i.o.processing.saga.SagaOrchestrator [req=?,e2e=E2E-SL-RJT-001,txn=TXN-SL-RJT-001] Saga initiated sagaId=SAGA-f23c0f85-b4d7-45ed-8f39-8320976192c4 transactionId=TXN-SL-RJT-001 e2e=E2E-SL-RJT-001 sourceRail=FEDNOW requestId=null
2026-09-28T23:14:44.053-04:00 INFO  [main] i.o.processing.saga.SagaOrchestrator [req=?,e2e=E2E-SL-RJT-001,txn=TXN-SL-RJT-001] Saga compensation starting sagaId=SAGA-f23c0f85-b4d7-45ed-8f39-8320976192c4 fromState=INITIATED reason=AM04
2026-09-28T23:14:44.053-04:00 INFO  [main] i.o.processing.saga.SagaOrchestrator [req=?,e2e=E2E-SL-RJT-001,txn=TXN-SL-RJT-001] Saga compensation complete sagaId=SAGA-f23c0f85-b4d7-45ed-8f39-8320976192c4
2026-09-28T23:14:44.054-04:00 INFO  [main] io.openfednow.gateway.MessageRouter [req=?,e2e=E2E-SL-RJT-001,txn=TXN-SL-RJT-001] Inbound credit transfer status=RJCT rejectCode=AM04
2026-09-28T23:14:44.054-04:00 DEBUG [main] i.o.p.idempotency.IdempotencyService [req=?,e2e=E2E-SL-RJT-001,txn=TXN-SL-RJT-001] Idempotency outcome recorded e2e=E2E-SL-RJT-001 status=RJCT
2026-09-28T23:14:44.054-04:00 DEBUG [main] io.openfednow.shadowledger.ShadowLedger [req=?,e2e=E2E-SL-RJT-001,txn=TXN-SL-RJT-001] Shadow Ledger balance not seeded for account=RJCT_FUNDS_ACC-001, returning 0
2026-09-28T23:14:44.056-04:00 INFO  [main] io.openfednow.gateway.MessageRouter [req=?,e2e=E2E-SL-002,txn=TXN-SL-002] Inbound credit transfer received amount=100.00 currency=USD sourceRail=FEDNOW
2026-09-28T23:14:44.057-04:00 INFO  [main] i.o.processing.saga.SagaOrchestrator [req=?,e2e=E2E-SL-002,txn=TXN-SL-002] Saga initiated sagaId=SAGA-dc5f1f70-d212-4765-81c2-4f0c67415849 transactionId=TXN-SL-002 e2e=E2E-SL-002 sourceRail=FEDNOW requestId=null
2026-09-28T23:14:44.057-04:00 INFO  [main] io.openfednow.shadowledger.ShadowLedger [req=?,e2e=E2E-SL-002,txn=TXN-SL-002] Shadow Ledger credit applied account=ACC-AUDIT-001 amount=100.00 balanceAfter=100.00
2026-09-28T23:14:44.057-04:00 DEBUG [main] i.o.processing.saga.SagaOrchestrator [req=?,e2e=E2E-SL-002,txn=TXN-SL-002] Saga advanced sagaId=SAGA-dc5f1f70-d212-4765-81c2-4f0c67415849 state=FUNDS_RESERVED
2026-09-28T23:14:44.058-04:00 DEBUG [main] i.o.processing.saga.SagaOrchestrator [req=?,e2e=E2E-SL-002,txn=TXN-SL-002] Saga advanced sagaId=SAGA-dc5f1f70-d212-4765-81c2-4f0c67415849 state=CORE_SUBMITTED
2026-09-28T23:14:44.058-04:00 DEBUG [main] i.o.processing.saga.SagaOrchestrator [req=?,e2e=E2E-SL-002,txn=TXN-SL-002] Saga advanced sagaId=SAGA-dc5f1f70-d212-4765-81c2-4f0c67415849 state=FEDNOW_CONFIRMED
2026-09-28T23:14:44.058-04:00 DEBUG [main] i.o.processing.saga.SagaOrchestrator [req=?,e2e=E2E-SL-002,txn=TXN-SL-002] Saga advanced sagaId=SAGA-dc5f1f70-d212-4765-81c2-4f0c67415849 state=COMPLETED
2026-09-28T23:14:44.058-04:00 INFO  [main] io.openfednow.gateway.MessageRouter [req=?,e2e=E2E-SL-002,txn=TXN-SL-002] Inbound credit transfer status=ACSC rejectCode=null
2026-09-28T23:14:44.058-04:00 DEBUG [main] i.o.p.idempotency.IdempotencyService [req=?,e2e=E2E-SL-002,txn=TXN-SL-002] Idempotency outcome recorded e2e=E2E-SL-002 status=ACSC
2026-09-28T23:14:44.061-04:00 INFO  [main] io.openfednow.gateway.MessageRouter [req=?,e2e=E2E-SL-SAGA-002,txn=TXN-SL-SAGA-002] Inbound credit transfer received amount=100.00 currency=USD sourceRail=FEDNOW
2026-09-28T23:14:44.061-04:00 INFO  [main] i.o.processing.saga.SagaOrchestrator [req=?,e2e=E2E-SL-SAGA-002,txn=TXN-SL-SAGA-002] Saga initiated sagaId=SAGA-04f428a0-77e1-481c-8ed6-a374c83056f4 transactionId=TXN-SL-SAGA-002 e2e=E2E-SL-SAGA-002 sourceRail=FEDNOW requestId=null
2026-09-28T23:14:44.062-04:00 INFO  [main] i.o.processing.saga.SagaOrchestrator [req=?,e2e=E2E-SL-SAGA-002,txn=TXN-SL-SAGA-002] Saga compensation starting sagaId=SAGA-04f428a0-77e1-481c-8ed6-a374c83056f4 fromState=INITIATED reason=AM04
2026-09-28T23:14:44.062-04:00 INFO  [main] i.o.processing.saga.SagaOrchestrator [req=?,e2e=E2E-SL-SAGA-002,txn=TXN-SL-SAGA-002] Saga compensation complete sagaId=SAGA-04f428a0-77e1-481c-8ed6-a374c83056f4
2026-09-28T23:14:44.062-04:00 INFO  [main] io.openfednow.gateway.MessageRouter [req=?,e2e=E2E-SL-SAGA-002,txn=TXN-SL-SAGA-002] Inbound credit transfer status=RJCT rejectCode=AM04
2026-09-28T23:14:44.062-04:00 DEBUG [main] i.o.p.idempotency.IdempotencyService [req=?,e2e=E2E-SL-SAGA-002,txn=TXN-SL-SAGA-002] Idempotency outcome recorded e2e=E2E-SL-SAGA-002 status=RJCT
2026-09-28T23:14:44.065-04:00 INFO  [main] io.openfednow.gateway.MessageRouter [req=?,e2e=E2E-SL-DUP-001,txn=TXN-SL-DUP-001] Inbound credit transfer received amount=500.00 currency=USD sourceRail=FEDNOW
2026-09-28T23:14:44.065-04:00 INFO  [main] i.o.processing.saga.SagaOrchestrator [req=?,e2e=E2E-SL-DUP-001,txn=TXN-SL-DUP-001] Saga initiated sagaId=SAGA-554ae032-7915-4234-bf82-3f2d79315702 transactionId=TXN-SL-DUP-001 e2e=E2E-SL-DUP-001 sourceRail=FEDNOW requestId=null
2026-09-28T23:14:44.065-04:00 INFO  [main] io.openfednow.shadowledger.ShadowLedger [req=?,e2e=E2E-SL-DUP-001,txn=TXN-SL-DUP-001] Shadow Ledger credit applied account=ACC-DUP-001 amount=500.00 balanceAfter=500.00
2026-09-28T23:14:44.066-04:00 DEBUG [main] i.o.processing.saga.SagaOrchestrator [req=?,e2e=E2E-SL-DUP-001,txn=TXN-SL-DUP-001] Saga advanced sagaId=SAGA-554ae032-7915-4234-bf82-3f2d79315702 state=FUNDS_RESERVED
2026-09-28T23:14:44.066-04:00 DEBUG [main] i.o.processing.saga.SagaOrchestrator [req=?,e2e=E2E-SL-DUP-001,txn=TXN-SL-DUP-001] Saga advanced sagaId=SAGA-554ae032-7915-4234-bf82-3f2d79315702 state=CORE_SUBMITTED
2026-09-28T23:14:44.066-04:00 DEBUG [main] i.o.processing.saga.SagaOrchestrator [req=?,e2e=E2E-SL-DUP-001,txn=TXN-SL-DUP-001] Saga advanced sagaId=SAGA-554ae032-7915-4234-bf82-3f2d79315702 state=FEDNOW_CONFIRMED
2026-09-28T23:14:44.066-04:00 DEBUG [main] i.o.processing.saga.SagaOrchestrator [req=?,e2e=E2E-SL-DUP-001,txn=TXN-SL-DUP-001] Saga advanced sagaId=SAGA-554ae032-7915-4234-bf82-3f2d79315702 state=COMPLETED
2026-09-28T23:14:44.066-04:00 INFO  [main] io.openfednow.gateway.MessageRouter [req=?,e2e=E2E-SL-DUP-001,txn=TXN-SL-DUP-001] Inbound credit transfer status=ACSC rejectCode=null
2026-09-28T23:14:44.067-04:00 DEBUG [main] i.o.p.idempotency.IdempotencyService [req=?,e2e=E2E-SL-DUP-001,txn=TXN-SL-DUP-001] Idempotency outcome recorded e2e=E2E-SL-DUP-001 status=ACSC
2026-09-28T23:14:44.067-04:00 INFO  [main] io.openfednow.gateway.MessageRouter [req=?,e2e=E2E-SL-DUP-001,txn=TXN-SL-DUP-001] Inbound credit transfer received amount=500.00 currency=USD sourceRail=FEDNOW
2026-09-28T23:14:44.067-04:00 DEBUG [main] i.o.p.idempotency.IdempotencyService [req=?,e2e=E2E-SL-DUP-001,txn=TXN-SL-DUP-001] Idempotency cache hit e2e=E2E-SL-DUP-001
2026-09-28T23:14:44.067-04:00 INFO  [main] io.openfednow.gateway.MessageRouter [req=?,e2e=E2E-SL-DUP-001,txn=TXN-SL-DUP-001] Duplicate inbound payment suppressed e2e=E2E-SL-DUP-001
2026-09-28T23:14:44.069-04:00 INFO  [main] io.openfednow.gateway.MessageRouter [req=?,e2e=E2E-SL-RECON-001,txn=TXN-SL-RECON-001] Inbound credit transfer received amount=400.00 currency=USD sourceRail=FEDNOW
2026-09-28T23:14:44.070-04:00 INFO  [main] i.o.processing.saga.SagaOrchestrator [req=?,e2e=E2E-SL-RECON-001,txn=TXN-SL-RECON-001] Saga initiated sagaId=SAGA-21befb3b-53dc-4782-9b3f-b6c777fd5f05 transactionId=TXN-SL-RECON-001 e2e=E2E-SL-RECON-001 sourceRail=FEDNOW requestId=null
2026-09-28T23:14:44.070-04:00 INFO  [main] io.openfednow.shadowledger.ShadowLedger [req=?,e2e=E2E-SL-RECON-001,txn=TXN-SL-RECON-001] Shadow Ledger credit applied account=ACC-RECON-001 amount=400.00 balanceAfter=400.00
2026-09-28T23:14:44.071-04:00 DEBUG [main] i.o.processing.saga.SagaOrchestrator [req=?,e2e=E2E-SL-RECON-001,txn=TXN-SL-RECON-001] Saga advanced sagaId=SAGA-21befb3b-53dc-4782-9b3f-b6c777fd5f05 state=FUNDS_RESERVED
2026-09-28T23:14:44.071-04:00 DEBUG [main] i.o.processing.saga.SagaOrchestrator [req=?,e2e=E2E-SL-RECON-001,txn=TXN-SL-RECON-001] Saga advanced sagaId=SAGA-21befb3b-53dc-4782-9b3f-b6c777fd5f05 state=CORE_SUBMITTED
2026-09-28T23:14:44.071-04:00 DEBUG [main] i.o.processing.saga.SagaOrchestrator [req=?,e2e=E2E-SL-RECON-001,txn=TXN-SL-RECON-001] Saga advanced sagaId=SAGA-21befb3b-53dc-4782-9b3f-b6c777fd5f05 state=FEDNOW_CONFIRMED
2026-09-28T23:14:44.071-04:00 DEBUG [main] i.o.processing.saga.SagaOrchestrator [req=?,e2e=E2E-SL-RECON-001,txn=TXN-SL-RECON-001] Saga advanced sagaId=SAGA-21befb3b-53dc-4782-9b3f-b6c777fd5f05 state=COMPLETED
2026-09-28T23:14:44.071-04:00 INFO  [main] io.openfednow.gateway.MessageRouter [req=?,e2e=E2E-SL-RECON-001,txn=TXN-SL-RECON-001] Inbound credit transfer status=ACSC rejectCode=null
2026-09-28T23:14:44.072-04:00 DEBUG [main] i.o.p.idempotency.IdempotencyService [req=?,e2e=E2E-SL-RECON-001,txn=TXN-SL-RECON-001] Idempotency outcome recorded e2e=E2E-SL-RECON-001 status=ACSC
2026-09-28T23:14:44.074-04:00 INFO  [main] io.openfednow.gateway.MessageRouter [req=?,e2e=E2E-SL-SAGA-001,txn=TXN-SL-SAGA-001] Inbound credit transfer received amount=150.00 currency=USD sourceRail=FEDNOW
2026-09-28T23:14:44.074-04:00 INFO  [main] i.o.processing.saga.SagaOrchestrator [req=?,e2e=E2E-SL-SAGA-001,txn=TXN-SL-SAGA-001] Saga initiated sagaId=SAGA-fa545fd0-aa08-4e21-876b-caf78e4f96bc transactionId=TXN-SL-SAGA-001 e2e=E2E-SL-SAGA-001 sourceRail=FEDNOW requestId=null
2026-09-28T23:14:44.075-04:00 INFO  [main] io.openfednow.shadowledger.ShadowLedger [req=?,e2e=E2E-SL-SAGA-001,txn=TXN-SL-SAGA-001] Shadow Ledger credit applied account=ACC-SAGA-001 amount=150.00 balanceAfter=150.00
2026-09-28T23:14:44.075-04:00 DEBUG [main] i.o.processing.saga.SagaOrchestrator [req=?,e2e=E2E-SL-SAGA-001,txn=TXN-SL-SAGA-001] Saga advanced sagaId=SAGA-fa545fd0-aa08-4e21-876b-caf78e4f96bc state=FUNDS_RESERVED
2026-09-28T23:14:44.075-04:00 DEBUG [main] i.o.processing.saga.SagaOrchestrator [req=?,e2e=E2E-SL-SAGA-001,txn=TXN-SL-SAGA-001] Saga advanced sagaId=SAGA-fa545fd0-aa08-4e21-876b-caf78e4f96bc state=CORE_SUBMITTED
2026-09-28T23:14:44.075-04:00 DEBUG [main] i.o.processing.saga.SagaOrchestrator [req=?,e2e=E2E-SL-SAGA-001,txn=TXN-SL-SAGA-001] Saga advanced sagaId=SAGA-fa545fd0-aa08-4e21-876b-caf78e4f96bc state=FEDNOW_CONFIRMED
2026-09-28T23:14:44.076-04:00 DEBUG [main] i.o.processing.saga.SagaOrchestrator [req=?,e2e=E2E-SL-SAGA-001,txn=TXN-SL-SAGA-001] Saga advanced sagaId=SAGA-fa545fd0-aa08-4e21-876b-caf78e4f96bc state=COMPLETED
2026-09-28T23:14:44.076-04:00 INFO  [main] io.openfednow.gateway.MessageRouter [req=?,e2e=E2E-SL-SAGA-001,txn=TXN-SL-SAGA-001] Inbound credit transfer status=ACSC rejectCode=null
2026-09-28T23:14:44.076-04:00 DEBUG [main] i.o.p.idempotency.IdempotencyService [req=?,e2e=E2E-SL-SAGA-001,txn=TXN-SL-SAGA-001] Idempotency outcome recorded e2e=E2E-SL-SAGA-001 status=ACSC
2026-09-28T23:14:44.079-04:00 INFO  [main] o.s.o.j.LocalContainerEntityManagerFactoryBean [req=?,e2e=E2E-SL-SAGA-001,txn=TXN-SL-SAGA-001] Closing JPA EntityManagerFactory for persistence unit 'default'
[INFO] Tests run: 11, Failures: 0, Errors: 0, Skipped: 0, Time elapsed: 0.469 s -- in io.openfednow.shadowledger.ShadowLedgerEndpointIntegrationTest
[INFO] Running io.openfednow.shadowledger.ShadowLedgerBalanceViewIntegrationTest
2026-09-28T23:14:44.119-04:00 INFO  [main] o.s.t.c.s.AnnotationConfigContextLoaderUtils [req=?,e2e=E2E-SL-SAGA-001,txn=TXN-SL-SAGA-001] Could not detect default configuration classes for test class [io.openfednow.shadowledger.ShadowLedgerBalanceViewIntegrationTest]: ShadowLedgerBalanceViewIntegrationTest does not declare any static, non-private, non-final, nested classes annotated with @Configuration.
2026-09-28T23:14:44.120-04:00 INFO  [main] o.s.b.t.c.SpringBootTestContextBootstrapper [req=?,e2e=E2E-SL-SAGA-001,txn=TXN-SL-SAGA-001] Found @SpringBootConfiguration io.openfednow.OpenFedNowApplication for test class io.openfednow.shadowledger.ShadowLedgerBalanceViewIntegrationTest

  .   ____          _            __ _ _
 /\\ / ___'_ __ _ _(_)_ __  __ _ \ \ \ \
( ( )\___ | '_ | '_| | '_ \/ _` | \ \ \ \
 \\/  ___)| |_)| | | | | || (_| |  ) ) ) )
  '  |____| .__|_| |_|_| |_\__, | / / / /
 =========|_|==============|___/=/_/_/_/

 :: Spring Boot ::               (v3.5.16)

2026-09-28T23:14:44.125-04:00 INFO  [main] i.o.s.ShadowLedgerBalanceViewIntegrationTest [req=?,e2e=E2E-SL-SAGA-001,txn=TXN-SL-SAGA-001] Starting ShadowLedgerBalanceViewIntegrationTest using Java 17.0.20.1 with PID 73107 (started by danielmori in /Users/danielmori/Developer/open-fednow-reliability)
2026-09-28T23:14:44.125-04:00 DEBUG [main] i.o.s.ShadowLedgerBalanceViewIntegrationTest [req=?,e2e=E2E-SL-SAGA-001,txn=TXN-SL-SAGA-001] Running with Spring Boot v3.5.16, Spring v6.2.19
2026-09-28T23:14:44.126-04:00 INFO  [main] i.o.s.ShadowLedgerBalanceViewIntegrationTest [req=?,e2e=E2E-SL-SAGA-001,txn=TXN-SL-SAGA-001] No active profile set, falling back to 1 default profile: "default"
2026-09-28T23:14:44.175-04:00 INFO  [main] o.s.d.r.c.RepositoryConfigurationDelegate [req=?,e2e=E2E-SL-SAGA-001,txn=TXN-SL-SAGA-001] Multiple Spring Data modules found, entering strict repository configuration mode
2026-09-28T23:14:44.175-04:00 INFO  [main] o.s.d.r.c.RepositoryConfigurationDelegate [req=?,e2e=E2E-SL-SAGA-001,txn=TXN-SL-SAGA-001] Bootstrapping Spring Data JPA repositories in DEFAULT mode.
2026-09-28T23:14:44.178-04:00 INFO  [main] o.s.d.r.c.RepositoryConfigurationDelegate [req=?,e2e=E2E-SL-SAGA-001,txn=TXN-SL-SAGA-001] Finished Spring Data repository scanning in 2 ms. Found 0 JPA repository interfaces.
2026-09-28T23:14:44.179-04:00 INFO  [main] o.s.d.r.c.RepositoryConfigurationDelegate [req=?,e2e=E2E-SL-SAGA-001,txn=TXN-SL-SAGA-001] Multiple Spring Data modules found, entering strict repository configuration mode
2026-09-28T23:14:44.179-04:00 INFO  [main] o.s.d.r.c.RepositoryConfigurationDelegate [req=?,e2e=E2E-SL-SAGA-001,txn=TXN-SL-SAGA-001] Bootstrapping Spring Data Redis repositories in DEFAULT mode.
2026-09-28T23:14:44.180-04:00 INFO  [main] o.s.d.r.c.RepositoryConfigurationDelegate [req=?,e2e=E2E-SL-SAGA-001,txn=TXN-SL-SAGA-001] Finished Spring Data repository scanning in 1 ms. Found 0 Redis repository interfaces.
2026-09-28T23:14:44.213-04:00 INFO  [main] org.flywaydb.core.FlywayExecutor [req=?,e2e=E2E-SL-SAGA-001,txn=TXN-SL-SAGA-001] Database: jdbc:postgresql://localhost:64402/openfednow?loggerLevel=OFF (PostgreSQL 16.15)
2026-09-28T23:14:44.218-04:00 INFO  [main] o.f.core.internal.command.DbValidate [req=?,e2e=E2E-SL-SAGA-001,txn=TXN-SL-SAGA-001] Successfully validated 10 migrations (execution time 00:00.002s)
2026-09-28T23:14:44.227-04:00 INFO  [main] o.f.core.internal.command.DbMigrate [req=?,e2e=E2E-SL-SAGA-001,txn=TXN-SL-SAGA-001] Current version of schema "public": 10
2026-09-28T23:14:44.227-04:00 INFO  [main] o.f.core.internal.command.DbMigrate [req=?,e2e=E2E-SL-SAGA-001,txn=TXN-SL-SAGA-001] Schema "public" is up to date. No migration necessary.
2026-09-28T23:14:44.239-04:00 INFO  [main] o.s.o.j.p.SpringPersistenceUnitInfo [req=?,e2e=E2E-SL-SAGA-001,txn=TXN-SL-SAGA-001] No LoadTimeWeaver setup: ignoring JPA class transformer
2026-09-28T23:14:44.244-04:00 INFO  [main] o.s.o.j.LocalContainerEntityManagerFactoryBean [req=?,e2e=E2E-SL-SAGA-001,txn=TXN-SL-SAGA-001] Initialized JPA EntityManagerFactory for persistence unit 'default'
2026-09-28T23:14:44.306-04:00 INFO  [main] i.o.reliability.ReliabilityRailConfig [req=?,e2e=E2E-SL-SAGA-001,txn=TXN-SL-SAGA-001] Synthetic reliability rail configured=false
2026-09-28T23:14:44.321-04:00 INFO  [main] o.s.s.c.a.a.c.InitializeUserDetailsBeanManagerConfigurer$InitializeUserDetailsManagerConfigurer [req=?,e2e=E2E-SL-SAGA-001,txn=TXN-SL-SAGA-001] Global AuthenticationManager configured with UserDetailsService bean with name userDetailsService
2026-09-28T23:14:44.470-04:00 INFO  [main] i.o.s.ShadowLedgerBalanceViewIntegrationTest [req=?,e2e=E2E-SL-SAGA-001,txn=TXN-SL-SAGA-001] Started ShadowLedgerBalanceViewIntegrationTest in 0.349 seconds (process running for 36.48)
2026-09-28T23:14:44.470-04:00 DEBUG [scheduling-1] i.o.shadowledger.AvailabilityBridge [req=?,e2e=?,txn=?] Core availability poll: mode=ONLINE
2026-09-28T23:14:44.474-04:00 INFO  [main] i.o.processing.saga.SagaRecoveryService [req=?,e2e=E2E-SL-SAGA-001,txn=TXN-SL-SAGA-001] Saga recovery: no in-flight sagas found at startup
2026-09-28T23:14:44.474-04:00 INFO  [main] i.o.shadowledger.BalanceSeedService [req=?,e2e=E2E-SL-SAGA-001,txn=TXN-SL-SAGA-001] Shadow Ledger startup seed: no accounts configured (openfednow.shadow-ledger.seed-accounts is empty)
2026-09-28T23:14:44.482-04:00 DEBUG [main] io.openfednow.shadowledger.ShadowLedger [req=?,e2e=E2E-SL-SAGA-001,txn=TXN-SL-SAGA-001] Shadow Ledger balance not seeded for account=ACC-TIME, returning 0
2026-09-28T23:14:44.487-04:00 DEBUG [main] io.openfednow.shadowledger.ShadowLedger [req=?,e2e=E2E-SL-SAGA-001,txn=TXN-SL-SAGA-001] Shadow Ledger balance not seeded for account=ACC-EMPTY, returning 0
2026-09-28T23:14:44.497-04:00 INFO  [main] o.s.o.j.LocalContainerEntityManagerFactoryBean [req=?,e2e=E2E-SL-SAGA-001,txn=TXN-SL-SAGA-001] Closing JPA EntityManagerFactory for persistence unit 'default'
[INFO] Tests run: 4, Failures: 0, Errors: 0, Skipped: 0, Time elapsed: 0.384 s -- in io.openfednow.shadowledger.ShadowLedgerBalanceViewIntegrationTest
[INFO] 
[INFO] Results:
[INFO] 
[INFO] Tests run: 204, Failures: 0, Errors: 0, Skipped: 0
[INFO] 
[INFO] ------------------------------------------------------------------------
[INFO] BUILD SUCCESS
[INFO] ------------------------------------------------------------------------
[INFO] Total time:  37.574 s
[INFO] Finished at: 2026-09-28T23:14:45-04:00
[INFO] ------------------------------------------------------------------------
