[INFO] Scanning for projects...
[INFO] 
[INFO] ----------------------< io.openfednow:openfednow >----------------------
[INFO] Building OpenFedNow 0.1.0-SNAPSHOT
[INFO]   from pom.xml
[INFO] --------------------------------[ jar ]---------------------------------
[INFO] 
[INFO] --- resources:3.3.1:resources (default-resources) @ openfednow ---
[INFO] Copying 4 resources from src/main/resources to target/classes
[INFO] Copying 14 resources from src/main/resources to target/classes
[INFO] 
[INFO] --- compiler:3.14.1:compile (default-compile) @ openfednow ---
[INFO] Nothing to compile - all classes are up to date.
[INFO] 
[INFO] --- resources:3.3.1:testResources (default-testResources) @ openfednow ---
[INFO] Copying 2 resources from src/test/resources to target/test-classes
[INFO] 
[INFO] --- compiler:3.14.1:testCompile (default-testCompile) @ openfednow ---
[INFO] Nothing to compile - all classes are up to date.
[INFO] 
[INFO] --- surefire:3.5.6:test (default-test) @ openfednow ---
[INFO] Using auto detected provider org.apache.maven.surefire.junitplatform.JUnitPlatformProvider
[INFO] 
[INFO] -------------------------------------------------------
[INFO]  T E S T S
[INFO] -------------------------------------------------------
[INFO] Running io.openfednow.security.pii.PiiRedactorTest
[INFO] Tests run: 15, Failures: 0, Errors: 0, Skipped: 0, Time elapsed: 0.035 s -- in io.openfednow.security.pii.PiiRedactorTest
[INFO] Running io.openfednow.security.SecurityConfigStartupGuardTest
23:13:50.198 [main] INFO org.springframework.security.config.annotation.authentication.configuration.InitializeUserDetailsBeanManagerConfigurer$InitializeUserDetailsManagerConfigurer -- Global AuthenticationManager configured with UserDetailsService bean with name userDetailsService
23:13:50.244 [main] WARN org.springframework.context.annotation.AnnotationConfigApplicationContext -- Exception encountered during context initialization - cancelling refresh attempt: org.springframework.beans.factory.BeanCreationException: Error creating bean with name 'securityConfig': Invocation of init method failed
23:13:50.253 [main] WARN org.springframework.context.annotation.AnnotationConfigApplicationContext -- Exception encountered during context initialization - cancelling refresh attempt: org.springframework.beans.factory.BeanCreationException: Error creating bean with name 'securityConfig': Invocation of init method failed
23:13:50.264 [main] INFO org.springframework.security.config.annotation.authentication.configuration.InitializeUserDetailsBeanManagerConfigurer$InitializeUserDetailsManagerConfigurer -- Global AuthenticationManager configured with UserDetailsService bean with name userDetailsService
23:13:50.275 [main] WARN org.springframework.context.annotation.AnnotationConfigApplicationContext -- Exception encountered during context initialization - cancelling refresh attempt: org.springframework.beans.factory.BeanCreationException: Error creating bean with name 'securityConfig': Invocation of init method failed
23:13:50.286 [main] INFO org.springframework.security.config.annotation.authentication.configuration.InitializeUserDetailsBeanManagerConfigurer$InitializeUserDetailsManagerConfigurer -- Global AuthenticationManager configured with UserDetailsService bean with name userDetailsService
[INFO] Tests run: 6, Failures: 0, Errors: 0, Skipped: 0, Time elapsed: 0.226 s -- in io.openfednow.security.SecurityConfigStartupGuardTest
[INFO] Running io.openfednow.security.AdminCredentialSourceTest
23:13:50.299 [main] INFO io.openfednow.security.AdminCredentialSource -- Admin credential file reloaded (mtime 1790651630298)
23:13:50.303 [main] WARN io.openfednow.security.AdminCredentialSource -- Failed to read admin credential file at /var/folders/d0/fmsh4v2s6xv2pbkqxr6y4hbr0000gn/T/junit-2975962751498531422/admin.txt — falling back to static config
java.io.IOException: Admin credential file /var/folders/d0/fmsh4v2s6xv2pbkqxr6y4hbr0000gn/T/junit-2975962751498531422/admin.txt must contain a non-blank username on line 1 and password on line 2
	at io.openfednow.security.AdminCredentialSource.readFile(AdminCredentialSource.java:87)
	at io.openfednow.security.AdminCredentialSource.current(AdminCredentialSource.java:67)
	at io.openfednow.security.AdminCredentialSourceTest.blankLinesFallBackToStaticValues(AdminCredentialSourceTest.java:95)
	at java.base/jdk.internal.reflect.NativeMethodAccessorImpl.invoke0(Native Method)
	at java.base/jdk.internal.reflect.NativeMethodAccessorImpl.invoke(NativeMethodAccessorImpl.java:77)
	at java.base/jdk.internal.reflect.DelegatingMethodAccessorImpl.invoke(DelegatingMethodAccessorImpl.java:43)
	at java.base/java.lang.reflect.Method.invoke(Method.java:569)
	at org.junit.platform.commons.util.ReflectionUtils.invokeMethod(ReflectionUtils.java:775)
	at org.junit.platform.commons.support.ReflectionSupport.invokeMethod(ReflectionSupport.java:479)
	at org.junit.jupiter.engine.execution.MethodInvocation.proceed(MethodInvocation.java:60)
	at org.junit.jupiter.engine.execution.InvocationInterceptorChain$ValidatingInvocation.proceed(InvocationInterceptorChain.java:131)
	at org.junit.jupiter.engine.extension.TimeoutExtension.intercept(TimeoutExtension.java:161)
	at org.junit.jupiter.engine.extension.TimeoutExtension.interceptTestableMethod(TimeoutExtension.java:152)
	at org.junit.jupiter.engine.extension.TimeoutExtension.interceptTestMethod(TimeoutExtension.java:91)
	at org.junit.jupiter.engine.execution.InterceptingExecutableInvoker$ReflectiveInterceptorCall.lambda$ofVoidMethod$0(InterceptingExecutableInvoker.java:112)
	at org.junit.jupiter.engine.execution.InterceptingExecutableInvoker.lambda$invoke$0(InterceptingExecutableInvoker.java:94)
	at org.junit.jupiter.engine.execution.InvocationInterceptorChain$InterceptedInvocation.proceed(InvocationInterceptorChain.java:106)
	at org.junit.jupiter.engine.execution.InvocationInterceptorChain.proceed(InvocationInterceptorChain.java:64)
	at org.junit.jupiter.engine.execution.InvocationInterceptorChain.chainAndInvoke(InvocationInterceptorChain.java:45)
	at org.junit.jupiter.engine.execution.InvocationInterceptorChain.invoke(InvocationInterceptorChain.java:37)
	at org.junit.jupiter.engine.execution.InterceptingExecutableInvoker.invoke(InterceptingExecutableInvoker.java:93)
	at org.junit.jupiter.engine.execution.InterceptingExecutableInvoker.invoke(InterceptingExecutableInvoker.java:87)
	at org.junit.jupiter.engine.descriptor.TestMethodTestDescriptor.lambda$invokeTestMethod$7(TestMethodTestDescriptor.java:216)
	at org.junit.platform.engine.support.hierarchical.ThrowableCollector.execute(ThrowableCollector.java:73)
	at org.junit.jupiter.engine.descriptor.TestMethodTestDescriptor.invokeTestMethod(TestMethodTestDescriptor.java:212)
	at org.junit.jupiter.engine.descriptor.TestMethodTestDescriptor.execute(TestMethodTestDescriptor.java:137)
	at org.junit.jupiter.engine.descriptor.TestMethodTestDescriptor.execute(TestMethodTestDescriptor.java:69)
	at org.junit.platform.engine.support.hierarchical.NodeTestTask.lambda$executeRecursively$6(NodeTestTask.java:156)
	at org.junit.platform.engine.support.hierarchical.ThrowableCollector.execute(ThrowableCollector.java:73)
	at org.junit.platform.engine.support.hierarchical.NodeTestTask.lambda$executeRecursively$8(NodeTestTask.java:146)
	at org.junit.platform.engine.support.hierarchical.Node.around(Node.java:137)
	at org.junit.platform.engine.support.hierarchical.NodeTestTask.lambda$executeRecursively$9(NodeTestTask.java:144)
	at org.junit.platform.engine.support.hierarchical.ThrowableCollector.execute(ThrowableCollector.java:73)
	at org.junit.platform.engine.support.hierarchical.NodeTestTask.executeRecursively(NodeTestTask.java:143)
	at org.junit.platform.engine.support.hierarchical.NodeTestTask.execute(NodeTestTask.java:100)
	at java.base/java.util.ArrayList.forEach(ArrayList.java:1511)
	at org.junit.platform.engine.support.hierarchical.SameThreadHierarchicalTestExecutorService.invokeAll(SameThreadHierarchicalTestExecutorService.java:41)
	at org.junit.platform.engine.support.hierarchical.NodeTestTask.lambda$executeRecursively$6(NodeTestTask.java:160)
	at org.junit.platform.engine.support.hierarchical.ThrowableCollector.execute(ThrowableCollector.java:73)
	at org.junit.platform.engine.support.hierarchical.NodeTestTask.lambda$executeRecursively$8(NodeTestTask.java:146)
	at org.junit.platform.engine.support.hierarchical.Node.around(Node.java:137)
	at org.junit.platform.engine.support.hierarchical.NodeTestTask.lambda$executeRecursively$9(NodeTestTask.java:144)
	at org.junit.platform.engine.support.hierarchical.ThrowableCollector.execute(ThrowableCollector.java:73)
	at org.junit.platform.engine.support.hierarchical.NodeTestTask.executeRecursively(NodeTestTask.java:143)
	at org.junit.platform.engine.support.hierarchical.NodeTestTask.execute(NodeTestTask.java:100)
	at java.base/java.util.ArrayList.forEach(ArrayList.java:1511)
	at org.junit.platform.engine.support.hierarchical.SameThreadHierarchicalTestExecutorService.invokeAll(SameThreadHierarchicalTestExecutorService.java:41)
	at org.junit.platform.engine.support.hierarchical.NodeTestTask.lambda$executeRecursively$6(NodeTestTask.java:160)
	at org.junit.platform.engine.support.hierarchical.ThrowableCollector.execute(ThrowableCollector.java:73)
	at org.junit.platform.engine.support.hierarchical.NodeTestTask.lambda$executeRecursively$8(NodeTestTask.java:146)
	at org.junit.platform.engine.support.hierarchical.Node.around(Node.java:137)
	at org.junit.platform.engine.support.hierarchical.NodeTestTask.lambda$executeRecursively$9(NodeTestTask.java:144)
	at org.junit.platform.engine.support.hierarchical.ThrowableCollector.execute(ThrowableCollector.java:73)
	at org.junit.platform.engine.support.hierarchical.NodeTestTask.executeRecursively(NodeTestTask.java:143)
	at org.junit.platform.engine.support.hierarchical.NodeTestTask.execute(NodeTestTask.java:100)
	at org.junit.platform.engine.support.hierarchical.SameThreadHierarchicalTestExecutorService.submit(SameThreadHierarchicalTestExecutorService.java:35)
	at org.junit.platform.engine.support.hierarchical.HierarchicalTestExecutor.execute(HierarchicalTestExecutor.java:57)
	at org.junit.platform.engine.support.hierarchical.HierarchicalTestEngine.execute(HierarchicalTestEngine.java:54)
	at org.junit.platform.launcher.core.EngineExecutionOrchestrator.execute(EngineExecutionOrchestrator.java:201)
	at org.junit.platform.launcher.core.EngineExecutionOrchestrator.execute(EngineExecutionOrchestrator.java:170)
	at org.junit.platform.launcher.core.EngineExecutionOrchestrator.execute(EngineExecutionOrchestrator.java:94)
	at org.junit.platform.launcher.core.EngineExecutionOrchestrator.lambda$execute$0(EngineExecutionOrchestrator.java:59)
	at org.junit.platform.launcher.core.EngineExecutionOrchestrator.withInterceptedStreams(EngineExecutionOrchestrator.java:142)
	at org.junit.platform.launcher.core.EngineExecutionOrchestrator.execute(EngineExecutionOrchestrator.java:58)
	at org.junit.platform.launcher.core.DefaultLauncher.execute(DefaultLauncher.java:103)
	at org.junit.platform.launcher.core.DefaultLauncher.execute(DefaultLauncher.java:85)
	at org.junit.platform.launcher.core.DelegatingLauncher.execute(DelegatingLauncher.java:47)
	at org.junit.platform.launcher.core.InterceptingLauncher.lambda$execute$1(InterceptingLauncher.java:39)
	at org.junit.platform.launcher.core.ClasspathAlignmentCheckingLauncherInterceptor.intercept(ClasspathAlignmentCheckingLauncherInterceptor.java:25)
	at org.junit.platform.launcher.core.InterceptingLauncher.execute(InterceptingLauncher.java:38)
	at org.junit.platform.launcher.core.DelegatingLauncher.execute(DelegatingLauncher.java:47)
	at org.apache.maven.surefire.junitplatform.LauncherAdapter.executeWithoutCancellationToken(LauncherAdapter.java:60)
	at org.apache.maven.surefire.junitplatform.LauncherAdapter.execute(LauncherAdapter.java:52)
	at org.apache.maven.surefire.junitplatform.JUnitPlatformProvider.execute(JUnitPlatformProvider.java:203)
	at org.apache.maven.surefire.junitplatform.JUnitPlatformProvider.invokeAllTests(JUnitPlatformProvider.java:168)
	at org.apache.maven.surefire.junitplatform.JUnitPlatformProvider.invoke(JUnitPlatformProvider.java:136)
	at org.apache.maven.surefire.booter.ForkedBooter.runSuitesInProcess(ForkedBooter.java:385)
	at org.apache.maven.surefire.booter.ForkedBooter.execute(ForkedBooter.java:162)
	at org.apache.maven.surefire.booter.ForkedBooter.run(ForkedBooter.java:507)
	at org.apache.maven.surefire.booter.ForkedBooter.main(ForkedBooter.java:495)
23:13:50.307 [main] INFO io.openfednow.security.AdminCredentialSource -- Admin credential file reloaded (mtime 1790651630306)
23:13:50.308 [main] INFO io.openfednow.security.AdminCredentialSource -- Admin credential file reloaded (mtime 1790651630308)
23:13:50.338 [main] INFO io.openfednow.security.AdminCredentialSource -- Admin credential file reloaded (mtime 1790651630338)
23:13:50.340 [main] WARN io.openfednow.security.AdminCredentialSource -- Failed to read admin credential file at /var/folders/d0/fmsh4v2s6xv2pbkqxr6y4hbr0000gn/T/junit-12812494670011097910/does-not-exist.txt — falling back to static config
java.nio.file.NoSuchFileException: /var/folders/d0/fmsh4v2s6xv2pbkqxr6y4hbr0000gn/T/junit-12812494670011097910/does-not-exist.txt
	at java.base/sun.nio.fs.UnixException.translateToIOException(UnixException.java:92)
	at java.base/sun.nio.fs.UnixException.rethrowAsIOException(UnixException.java:106)
	at java.base/sun.nio.fs.UnixException.rethrowAsIOException(UnixException.java:111)
	at java.base/sun.nio.fs.UnixFileAttributeViews$Basic.readAttributes(UnixFileAttributeViews.java:55)
	at java.base/sun.nio.fs.UnixFileSystemProvider.readAttributes(UnixFileSystemProvider.java:148)
	at java.base/java.nio.file.Files.readAttributes(Files.java:1851)
	at java.base/java.nio.file.Files.getLastModifiedTime(Files.java:2402)
	at io.openfednow.security.AdminCredentialSource.current(AdminCredentialSource.java:62)
	at io.openfednow.security.AdminCredentialSourceTest.missingFileFallsBackToStaticValues(AdminCredentialSourceTest.java:79)
	at java.base/jdk.internal.reflect.NativeMethodAccessorImpl.invoke0(Native Method)
	at java.base/jdk.internal.reflect.NativeMethodAccessorImpl.invoke(NativeMethodAccessorImpl.java:77)
	at java.base/jdk.internal.reflect.DelegatingMethodAccessorImpl.invoke(DelegatingMethodAccessorImpl.java:43)
	at java.base/java.lang.reflect.Method.invoke(Method.java:569)
	at org.junit.platform.commons.util.ReflectionUtils.invokeMethod(ReflectionUtils.java:775)
	at org.junit.platform.commons.support.ReflectionSupport.invokeMethod(ReflectionSupport.java:479)
	at org.junit.jupiter.engine.execution.MethodInvocation.proceed(MethodInvocation.java:60)
	at org.junit.jupiter.engine.execution.InvocationInterceptorChain$ValidatingInvocation.proceed(InvocationInterceptorChain.java:131)
	at org.junit.jupiter.engine.extension.TimeoutExtension.intercept(TimeoutExtension.java:161)
	at org.junit.jupiter.engine.extension.TimeoutExtension.interceptTestableMethod(TimeoutExtension.java:152)
	at org.junit.jupiter.engine.extension.TimeoutExtension.interceptTestMethod(TimeoutExtension.java:91)
	at org.junit.jupiter.engine.execution.InterceptingExecutableInvoker$ReflectiveInterceptorCall.lambda$ofVoidMethod$0(InterceptingExecutableInvoker.java:112)
	at org.junit.jupiter.engine.execution.InterceptingExecutableInvoker.lambda$invoke$0(InterceptingExecutableInvoker.java:94)
	at org.junit.jupiter.engine.execution.InvocationInterceptorChain$InterceptedInvocation.proceed(InvocationInterceptorChain.java:106)
	at org.junit.jupiter.engine.execution.InvocationInterceptorChain.proceed(InvocationInterceptorChain.java:64)
	at org.junit.jupiter.engine.execution.InvocationInterceptorChain.chainAndInvoke(InvocationInterceptorChain.java:45)
	at org.junit.jupiter.engine.execution.InvocationInterceptorChain.invoke(InvocationInterceptorChain.java:37)
	at org.junit.jupiter.engine.execution.InterceptingExecutableInvoker.invoke(InterceptingExecutableInvoker.java:93)
	at org.junit.jupiter.engine.execution.InterceptingExecutableInvoker.invoke(InterceptingExecutableInvoker.java:87)
	at org.junit.jupiter.engine.descriptor.TestMethodTestDescriptor.lambda$invokeTestMethod$7(TestMethodTestDescriptor.java:216)
	at org.junit.platform.engine.support.hierarchical.ThrowableCollector.execute(ThrowableCollector.java:73)
	at org.junit.jupiter.engine.descriptor.TestMethodTestDescriptor.invokeTestMethod(TestMethodTestDescriptor.java:212)
	at org.junit.jupiter.engine.descriptor.TestMethodTestDescriptor.execute(TestMethodTestDescriptor.java:137)
	at org.junit.jupiter.engine.descriptor.TestMethodTestDescriptor.execute(TestMethodTestDescriptor.java:69)
	at org.junit.platform.engine.support.hierarchical.NodeTestTask.lambda$executeRecursively$6(NodeTestTask.java:156)
	at org.junit.platform.engine.support.hierarchical.ThrowableCollector.execute(ThrowableCollector.java:73)
	at org.junit.platform.engine.support.hierarchical.NodeTestTask.lambda$executeRecursively$8(NodeTestTask.java:146)
	at org.junit.platform.engine.support.hierarchical.Node.around(Node.java:137)
	at org.junit.platform.engine.support.hierarchical.NodeTestTask.lambda$executeRecursively$9(NodeTestTask.java:144)
	at org.junit.platform.engine.support.hierarchical.ThrowableCollector.execute(ThrowableCollector.java:73)
	at org.junit.platform.engine.support.hierarchical.NodeTestTask.executeRecursively(NodeTestTask.java:143)
	at org.junit.platform.engine.support.hierarchical.NodeTestTask.execute(NodeTestTask.java:100)
	at java.base/java.util.ArrayList.forEach(ArrayList.java:1511)
	at org.junit.platform.engine.support.hierarchical.SameThreadHierarchicalTestExecutorService.invokeAll(SameThreadHierarchicalTestExecutorService.java:41)
	at org.junit.platform.engine.support.hierarchical.NodeTestTask.lambda$executeRecursively$6(NodeTestTask.java:160)
	at org.junit.platform.engine.support.hierarchical.ThrowableCollector.execute(ThrowableCollector.java:73)
	at org.junit.platform.engine.support.hierarchical.NodeTestTask.lambda$executeRecursively$8(NodeTestTask.java:146)
	at org.junit.platform.engine.support.hierarchical.Node.around(Node.java:137)
	at org.junit.platform.engine.support.hierarchical.NodeTestTask.lambda$executeRecursively$9(NodeTestTask.java:144)
	at org.junit.platform.engine.support.hierarchical.ThrowableCollector.execute(ThrowableCollector.java:73)
	at org.junit.platform.engine.support.hierarchical.NodeTestTask.executeRecursively(NodeTestTask.java:143)
	at org.junit.platform.engine.support.hierarchical.NodeTestTask.execute(NodeTestTask.java:100)
	at java.base/java.util.ArrayList.forEach(ArrayList.java:1511)
	at org.junit.platform.engine.support.hierarchical.SameThreadHierarchicalTestExecutorService.invokeAll(SameThreadHierarchicalTestExecutorService.java:41)
	at org.junit.platform.engine.support.hierarchical.NodeTestTask.lambda$executeRecursively$6(NodeTestTask.java:160)
	at org.junit.platform.engine.support.hierarchical.ThrowableCollector.execute(ThrowableCollector.java:73)
	at org.junit.platform.engine.support.hierarchical.NodeTestTask.lambda$executeRecursively$8(NodeTestTask.java:146)
	at org.junit.platform.engine.support.hierarchical.Node.around(Node.java:137)
	at org.junit.platform.engine.support.hierarchical.NodeTestTask.lambda$executeRecursively$9(NodeTestTask.java:144)
	at org.junit.platform.engine.support.hierarchical.ThrowableCollector.execute(ThrowableCollector.java:73)
	at org.junit.platform.engine.support.hierarchical.NodeTestTask.executeRecursively(NodeTestTask.java:143)
	at org.junit.platform.engine.support.hierarchical.NodeTestTask.execute(NodeTestTask.java:100)
	at org.junit.platform.engine.support.hierarchical.SameThreadHierarchicalTestExecutorService.submit(SameThreadHierarchicalTestExecutorService.java:35)
	at org.junit.platform.engine.support.hierarchical.HierarchicalTestExecutor.execute(HierarchicalTestExecutor.java:57)
	at org.junit.platform.engine.support.hierarchical.HierarchicalTestEngine.execute(HierarchicalTestEngine.java:54)
	at org.junit.platform.launcher.core.EngineExecutionOrchestrator.execute(EngineExecutionOrchestrator.java:201)
	at org.junit.platform.launcher.core.EngineExecutionOrchestrator.execute(EngineExecutionOrchestrator.java:170)
	at org.junit.platform.launcher.core.EngineExecutionOrchestrator.execute(EngineExecutionOrchestrator.java:94)
	at org.junit.platform.launcher.core.EngineExecutionOrchestrator.lambda$execute$0(EngineExecutionOrchestrator.java:59)
	at org.junit.platform.launcher.core.EngineExecutionOrchestrator.withInterceptedStreams(EngineExecutionOrchestrator.java:142)
	at org.junit.platform.launcher.core.EngineExecutionOrchestrator.execute(EngineExecutionOrchestrator.java:58)
	at org.junit.platform.launcher.core.DefaultLauncher.execute(DefaultLauncher.java:103)
	at org.junit.platform.launcher.core.DefaultLauncher.execute(DefaultLauncher.java:85)
	at org.junit.platform.launcher.core.DelegatingLauncher.execute(DelegatingLauncher.java:47)
	at org.junit.platform.launcher.core.InterceptingLauncher.lambda$execute$1(InterceptingLauncher.java:39)
	at org.junit.platform.launcher.core.ClasspathAlignmentCheckingLauncherInterceptor.intercept(ClasspathAlignmentCheckingLauncherInterceptor.java:25)
	at org.junit.platform.launcher.core.InterceptingLauncher.execute(InterceptingLauncher.java:38)
	at org.junit.platform.launcher.core.DelegatingLauncher.execute(DelegatingLauncher.java:47)
	at org.apache.maven.surefire.junitplatform.LauncherAdapter.executeWithoutCancellationToken(LauncherAdapter.java:60)
	at org.apache.maven.surefire.junitplatform.LauncherAdapter.execute(LauncherAdapter.java:52)
	at org.apache.maven.surefire.junitplatform.JUnitPlatformProvider.execute(JUnitPlatformProvider.java:203)
	at org.apache.maven.surefire.junitplatform.JUnitPlatformProvider.invokeAllTests(JUnitPlatformProvider.java:168)
	at org.apache.maven.surefire.junitplatform.JUnitPlatformProvider.invoke(JUnitPlatformProvider.java:136)
	at org.apache.maven.surefire.booter.ForkedBooter.runSuitesInProcess(ForkedBooter.java:385)
	at org.apache.maven.surefire.booter.ForkedBooter.execute(ForkedBooter.java:162)
	at org.apache.maven.surefire.booter.ForkedBooter.run(ForkedBooter.java:507)
	at org.apache.maven.surefire.booter.ForkedBooter.main(ForkedBooter.java:495)
[INFO] Tests run: 6, Failures: 0, Errors: 0, Skipped: 0, Time elapsed: 0.050 s -- in io.openfednow.security.AdminCredentialSourceTest
[INFO] Running io.openfednow.security.audit.AdminAuditLogCleanupServiceTest
23:13:50.492 [main] INFO org.flywaydb.core.FlywayExecutor -- Database: jdbc:h2:mem:audit_cleanup_test (H2 2.3)
23:13:50.505 [main] INFO org.flywaydb.core.internal.schemahistory.JdbcTableSchemaHistory -- Schema history table "public"."flyway_schema_history" does not exist yet
23:13:50.506 [main] INFO org.flywaydb.core.internal.command.DbValidate -- Successfully validated 10 migrations (execution time 00:00.007s)
23:13:50.509 [main] INFO org.flywaydb.core.internal.schemahistory.JdbcTableSchemaHistory -- Creating Schema History table "public"."flyway_schema_history" ...
23:13:50.529 [main] INFO org.flywaydb.core.internal.command.DbMigrate -- Current version of schema "public": << Empty Schema >>
23:13:50.534 [main] INFO org.flywaydb.core.internal.command.DbMigrate -- Migrating schema "public" to version "1 - create shadow ledger transaction log"
23:13:50.546 [main] INFO org.flywaydb.core.internal.command.DbMigrate -- Migrating schema "public" to version "2 - create saga state"
23:13:50.551 [main] INFO org.flywaydb.core.internal.command.DbMigrate -- Migrating schema "public" to version "3 - create idempotency keys"
23:13:50.556 [main] INFO org.flywaydb.core.internal.command.DbMigrate -- Migrating schema "public" to version "4 - create reconciliation run"
23:13:50.560 [main] INFO org.flywaydb.core.internal.command.DbMigrate -- Migrating schema "public" to version "5 - add source rail to saga state"
23:13:50.568 [main] INFO org.flywaydb.core.internal.command.DbMigrate -- Migrating schema "public" to version "6 - create admin audit log"
23:13:50.573 [main] INFO org.flywaydb.core.internal.command.DbMigrate -- Migrating schema "public" to version "7 - add request id correlation"
23:13:50.581 [main] INFO org.flywaydb.core.internal.command.DbMigrate -- Migrating schema "public" to version "8 - outbound submission uncertainty"
23:13:50.585 [main] INFO org.flywaydb.core.internal.command.DbMigrate -- Migrating schema "public" to version "9 - create reliable payment reference"
23:13:50.592 [main] INFO org.flywaydb.core.internal.command.DbMigrate -- Migrating schema "public" to version "10 - synthetic async core ack"
23:13:50.598 [main] INFO org.flywaydb.core.internal.command.DbMigrate -- Successfully applied 10 migrations to schema "public", now at version v10 (execution time 00:00.031s)
23:13:50.616 [main] INFO io.openfednow.security.audit.AdminAuditLogCleanupService -- Admin audit log cleanup: deleted 1 row(s) older than 1 days
23:13:50.618 [main] INFO io.openfednow.security.audit.AdminAuditLogCleanupService -- Admin audit log cleanup: deleted 2 row(s) older than 30 days
[INFO] Tests run: 8, Failures: 0, Errors: 0, Skipped: 0, Time elapsed: 0.275 s -- in io.openfednow.security.audit.AdminAuditLogCleanupServiceTest
[INFO] Running io.openfednow.security.audit.AdminAccessAuditFilterTest
23:13:50.893 [main] INFO io.openfednow.security.audit.AdminAccessAuditFilter -- admin-access principal=anonymous method=GET path=/admin/sagas status=401 result=DENIED
23:13:50.897 [main] INFO io.openfednow.security.audit.AdminAccessAuditFilter -- admin-access principal=anonymous method=GET path=/admin/audit-log status=200 result=GRANTED
23:13:50.899 [main] WARN io.openfednow.security.audit.AdminAccessAuditFilter -- Admin access audit filter failed for GET /admin/sagas
java.lang.RuntimeException: simulated
	at io.openfednow.security.audit.AdminAccessAuditFilter.doFilterInternal(AdminAccessAuditFilter.java:96)
	at org.springframework.web.filter.OncePerRequestFilter.doFilter(OncePerRequestFilter.java:116)
	at io.openfednow.security.audit.AdminAccessAuditFilterTest.auditServiceFailureDoesNotPropagateToRequest(AdminAccessAuditFilterTest.java:184)
	at java.base/jdk.internal.reflect.NativeMethodAccessorImpl.invoke0(Native Method)
	at java.base/jdk.internal.reflect.NativeMethodAccessorImpl.invoke(NativeMethodAccessorImpl.java:77)
	at java.base/jdk.internal.reflect.DelegatingMethodAccessorImpl.invoke(DelegatingMethodAccessorImpl.java:43)
	at java.base/java.lang.reflect.Method.invoke(Method.java:569)
	at org.junit.platform.commons.util.ReflectionUtils.invokeMethod(ReflectionUtils.java:775)
	at org.junit.platform.commons.support.ReflectionSupport.invokeMethod(ReflectionSupport.java:479)
	at org.junit.jupiter.engine.execution.MethodInvocation.proceed(MethodInvocation.java:60)
	at org.junit.jupiter.engine.execution.InvocationInterceptorChain$ValidatingInvocation.proceed(InvocationInterceptorChain.java:131)
	at org.junit.jupiter.engine.extension.TimeoutExtension.intercept(TimeoutExtension.java:161)
	at org.junit.jupiter.engine.extension.TimeoutExtension.interceptTestableMethod(TimeoutExtension.java:152)
	at org.junit.jupiter.engine.extension.TimeoutExtension.interceptTestMethod(TimeoutExtension.java:91)
	at org.junit.jupiter.engine.execution.InterceptingExecutableInvoker$ReflectiveInterceptorCall.lambda$ofVoidMethod$0(InterceptingExecutableInvoker.java:112)
	at org.junit.jupiter.engine.execution.InterceptingExecutableInvoker.lambda$invoke$0(InterceptingExecutableInvoker.java:94)
	at org.junit.jupiter.engine.execution.InvocationInterceptorChain$InterceptedInvocation.proceed(InvocationInterceptorChain.java:106)
	at org.junit.jupiter.engine.execution.InvocationInterceptorChain.proceed(InvocationInterceptorChain.java:64)
	at org.junit.jupiter.engine.execution.InvocationInterceptorChain.chainAndInvoke(InvocationInterceptorChain.java:45)
	at org.junit.jupiter.engine.execution.InvocationInterceptorChain.invoke(InvocationInterceptorChain.java:37)
	at org.junit.jupiter.engine.execution.InterceptingExecutableInvoker.invoke(InterceptingExecutableInvoker.java:93)
	at org.junit.jupiter.engine.execution.InterceptingExecutableInvoker.invoke(InterceptingExecutableInvoker.java:87)
	at org.junit.jupiter.engine.descriptor.TestMethodTestDescriptor.lambda$invokeTestMethod$7(TestMethodTestDescriptor.java:216)
	at org.junit.platform.engine.support.hierarchical.ThrowableCollector.execute(ThrowableCollector.java:73)
	at org.junit.jupiter.engine.descriptor.TestMethodTestDescriptor.invokeTestMethod(TestMethodTestDescriptor.java:212)
	at org.junit.jupiter.engine.descriptor.TestMethodTestDescriptor.execute(TestMethodTestDescriptor.java:137)
	at org.junit.jupiter.engine.descriptor.TestMethodTestDescriptor.execute(TestMethodTestDescriptor.java:69)
	at org.junit.platform.engine.support.hierarchical.NodeTestTask.lambda$executeRecursively$6(NodeTestTask.java:156)
	at org.junit.platform.engine.support.hierarchical.ThrowableCollector.execute(ThrowableCollector.java:73)
	at org.junit.platform.engine.support.hierarchical.NodeTestTask.lambda$executeRecursively$8(NodeTestTask.java:146)
	at org.junit.platform.engine.support.hierarchical.Node.around(Node.java:137)
	at org.junit.platform.engine.support.hierarchical.NodeTestTask.lambda$executeRecursively$9(NodeTestTask.java:144)
	at org.junit.platform.engine.support.hierarchical.ThrowableCollector.execute(ThrowableCollector.java:73)
	at org.junit.platform.engine.support.hierarchical.NodeTestTask.executeRecursively(NodeTestTask.java:143)
	at org.junit.platform.engine.support.hierarchical.NodeTestTask.execute(NodeTestTask.java:100)
	at java.base/java.util.ArrayList.forEach(ArrayList.java:1511)
	at org.junit.platform.engine.support.hierarchical.SameThreadHierarchicalTestExecutorService.invokeAll(SameThreadHierarchicalTestExecutorService.java:41)
	at org.junit.platform.engine.support.hierarchical.NodeTestTask.lambda$executeRecursively$6(NodeTestTask.java:160)
	at org.junit.platform.engine.support.hierarchical.ThrowableCollector.execute(ThrowableCollector.java:73)
	at org.junit.platform.engine.support.hierarchical.NodeTestTask.lambda$executeRecursively$8(NodeTestTask.java:146)
	at org.junit.platform.engine.support.hierarchical.Node.around(Node.java:137)
	at org.junit.platform.engine.support.hierarchical.NodeTestTask.lambda$executeRecursively$9(NodeTestTask.java:144)
	at org.junit.platform.engine.support.hierarchical.ThrowableCollector.execute(ThrowableCollector.java:73)
	at org.junit.platform.engine.support.hierarchical.NodeTestTask.executeRecursively(NodeTestTask.java:143)
	at org.junit.platform.engine.support.hierarchical.NodeTestTask.execute(NodeTestTask.java:100)
	at java.base/java.util.ArrayList.forEach(ArrayList.java:1511)
	at org.junit.platform.engine.support.hierarchical.SameThreadHierarchicalTestExecutorService.invokeAll(SameThreadHierarchicalTestExecutorService.java:41)
	at org.junit.platform.engine.support.hierarchical.NodeTestTask.lambda$executeRecursively$6(NodeTestTask.java:160)
	at org.junit.platform.engine.support.hierarchical.ThrowableCollector.execute(ThrowableCollector.java:73)
	at org.junit.platform.engine.support.hierarchical.NodeTestTask.lambda$executeRecursively$8(NodeTestTask.java:146)
	at org.junit.platform.engine.support.hierarchical.Node.around(Node.java:137)
	at org.junit.platform.engine.support.hierarchical.NodeTestTask.lambda$executeRecursively$9(NodeTestTask.java:144)
	at org.junit.platform.engine.support.hierarchical.ThrowableCollector.execute(ThrowableCollector.java:73)
	at org.junit.platform.engine.support.hierarchical.NodeTestTask.executeRecursively(NodeTestTask.java:143)
	at org.junit.platform.engine.support.hierarchical.NodeTestTask.execute(NodeTestTask.java:100)
	at org.junit.platform.engine.support.hierarchical.SameThreadHierarchicalTestExecutorService.submit(SameThreadHierarchicalTestExecutorService.java:35)
	at org.junit.platform.engine.support.hierarchical.HierarchicalTestExecutor.execute(HierarchicalTestExecutor.java:57)
	at org.junit.platform.engine.support.hierarchical.HierarchicalTestEngine.execute(HierarchicalTestEngine.java:54)
	at org.junit.platform.launcher.core.EngineExecutionOrchestrator.execute(EngineExecutionOrchestrator.java:201)
	at org.junit.platform.launcher.core.EngineExecutionOrchestrator.execute(EngineExecutionOrchestrator.java:170)
	at org.junit.platform.launcher.core.EngineExecutionOrchestrator.execute(EngineExecutionOrchestrator.java:94)
	at org.junit.platform.launcher.core.EngineExecutionOrchestrator.lambda$execute$0(EngineExecutionOrchestrator.java:59)
	at org.junit.platform.launcher.core.EngineExecutionOrchestrator.withInterceptedStreams(EngineExecutionOrchestrator.java:142)
	at org.junit.platform.launcher.core.EngineExecutionOrchestrator.execute(EngineExecutionOrchestrator.java:58)
	at org.junit.platform.launcher.core.DefaultLauncher.execute(DefaultLauncher.java:103)
	at org.junit.platform.launcher.core.DefaultLauncher.execute(DefaultLauncher.java:85)
	at org.junit.platform.launcher.core.DelegatingLauncher.execute(DelegatingLauncher.java:47)
	at org.junit.platform.launcher.core.InterceptingLauncher.lambda$execute$1(InterceptingLauncher.java:39)
	at org.junit.platform.launcher.core.ClasspathAlignmentCheckingLauncherInterceptor.intercept(ClasspathAlignmentCheckingLauncherInterceptor.java:25)
	at org.junit.platform.launcher.core.InterceptingLauncher.execute(InterceptingLauncher.java:38)
	at org.junit.platform.launcher.core.DelegatingLauncher.execute(DelegatingLauncher.java:47)
	at org.apache.maven.surefire.junitplatform.LauncherAdapter.executeWithoutCancellationToken(LauncherAdapter.java:60)
	at org.apache.maven.surefire.junitplatform.LauncherAdapter.execute(LauncherAdapter.java:52)
	at org.apache.maven.surefire.junitplatform.JUnitPlatformProvider.execute(JUnitPlatformProvider.java:203)
	at org.apache.maven.surefire.junitplatform.JUnitPlatformProvider.invokeAllTests(JUnitPlatformProvider.java:168)
	at org.apache.maven.surefire.junitplatform.JUnitPlatformProvider.invoke(JUnitPlatformProvider.java:136)
	at org.apache.maven.surefire.booter.ForkedBooter.runSuitesInProcess(ForkedBooter.java:385)
	at org.apache.maven.surefire.booter.ForkedBooter.execute(ForkedBooter.java:162)
	at org.apache.maven.surefire.booter.ForkedBooter.run(ForkedBooter.java:507)
	at org.apache.maven.surefire.booter.ForkedBooter.main(ForkedBooter.java:495)
23:13:50.899 [main] INFO io.openfednow.security.audit.AdminAccessAuditFilter -- admin-access principal=alice method=GET path=/admin/sagas status=401 result=DENIED
23:13:50.900 [main] INFO io.openfednow.security.audit.AdminAccessAuditFilter -- admin-access principal=anonymous method=POST path=/admin/reconcile status=500 result=ERROR
23:13:50.900 [main] INFO io.openfednow.security.audit.AdminAccessAuditFilter -- admin-access principal=anonymous method=GET path=/admin/sagas/UNKNOWN status=404 result=REJECTED
23:13:50.901 [main] INFO io.openfednow.security.audit.AdminAccessAuditFilter -- admin-access principal=anonymous method=GET path=/admin/sagas status=200 result=GRANTED
23:13:50.901 [main] INFO io.openfednow.security.audit.AdminAccessAuditFilter -- admin-access principal=alice method=GET path=/admin/sagas status=200 result=GRANTED
23:13:50.902 [main] INFO io.openfednow.security.audit.AdminAccessAuditFilter -- admin-access principal=anonymous method=GET path=/admin/sagas status=401 result=DENIED
23:13:50.902 [main] INFO io.openfednow.security.audit.AdminAccessAuditFilter -- admin-access principal=anonymous method=GET path=/admin/sagas status=401 result=DENIED
23:13:50.903 [main] INFO io.openfednow.security.audit.AdminAccessAuditFilter -- admin-access principal=anonymous method=GET path=/admin/sagas status=401 result=DENIED
23:13:50.903 [main] INFO io.openfednow.security.audit.AdminAccessAuditFilter -- admin-access principal=anonymous method=GET path=/admin/sagas status=200 result=GRANTED
23:13:50.904 [main] INFO io.openfednow.security.audit.AdminAccessAuditFilter -- admin-access principal=anonymous method=GET path=/admin/sagas status=200 result=GRANTED
23:13:50.904 [main] INFO io.openfednow.security.audit.AdminAccessAuditFilter -- admin-access principal=anonymous method=GET path=/admin/sagas status=403 result=DENIED
[INFO] Tests run: 17, Failures: 0, Errors: 0, Skipped: 0, Time elapsed: 0.283 s -- in io.openfednow.security.audit.AdminAccessAuditFilterTest
[INFO] Running io.openfednow.processing.cancellation.CancellationServiceTest
23:13:50.921 [main] INFO io.openfednow.processing.cancellation.CancellationService -- Cancellation request received caseId=CASE-TXN-MISSING originalTransactionId=TXN-MISSING reason=DUPL
23:13:50.921 [main] WARN io.openfednow.processing.cancellation.CancellationService -- Cancellation rejected — no saga found for transactionId=TXN-MISSING
23:13:50.922 [main] INFO io.openfednow.processing.cancellation.CancellationService -- Cancellation request received caseId=CASE-TXN-FAIL originalTransactionId=TXN-FAIL reason=DUPL
23:13:50.922 [main] INFO io.openfednow.processing.cancellation.CancellationService -- Cancellation lookup matched sagaId=SAGA-FAIL state=FAILED
23:13:50.922 [main] WARN io.openfednow.processing.cancellation.CancellationService -- Cancellation rejected — original saga is in terminal state FAILED
23:13:50.923 [main] INFO io.openfednow.processing.cancellation.CancellationService -- Cancellation request received caseId=CASE-TXN-CORE originalTransactionId=TXN-CORE reason=DUPL
23:13:50.923 [main] INFO io.openfednow.processing.cancellation.CancellationService -- Cancellation lookup matched sagaId=SAGA-CORE state=CORE_SUBMITTED
23:13:50.923 [main] WARN io.openfednow.processing.cancellation.CancellationService -- Cancellation pending — saga in state CORE_SUBMITTED; follow-up resolution required
23:13:50.930 [main] INFO io.openfednow.processing.cancellation.CancellationService -- Cancellation request received caseId=CASE-TXN-MAT-INITIATED originalTransactionId=TXN-MAT-INITIATED reason=DUPL
23:13:50.930 [main] INFO io.openfednow.processing.cancellation.CancellationService -- Cancellation lookup matched sagaId=SAGA-MAT-INITIATED state=INITIATED
23:13:50.930 [main] INFO io.openfednow.processing.cancellation.CancellationService -- Cancelling sagaId=SAGA-MAT-INITIATED reason=DUPL
23:13:50.931 [main] INFO io.openfednow.processing.cancellation.CancellationService -- Cancellation request received caseId=CASE-TXN-MAT-FUNDS_RESERVED originalTransactionId=TXN-MAT-FUNDS_RESERVED reason=DUPL
23:13:50.931 [main] INFO io.openfednow.processing.cancellation.CancellationService -- Cancellation lookup matched sagaId=SAGA-MAT-FUNDS_RESERVED state=FUNDS_RESERVED
23:13:50.931 [main] INFO io.openfednow.processing.cancellation.CancellationService -- Cancelling sagaId=SAGA-MAT-FUNDS_RESERVED reason=DUPL
23:13:50.932 [main] INFO io.openfednow.processing.cancellation.CancellationService -- Cancellation request received caseId=CASE-TXN-MAT-SUBMITTING originalTransactionId=TXN-MAT-SUBMITTING reason=DUPL
23:13:50.932 [main] INFO io.openfednow.processing.cancellation.CancellationService -- Cancellation lookup matched sagaId=SAGA-MAT-SUBMITTING state=SUBMITTING
23:13:50.932 [main] WARN io.openfednow.processing.cancellation.CancellationService -- Cancellation pending — saga in state SUBMITTING; follow-up resolution required
23:13:50.933 [main] INFO io.openfednow.processing.cancellation.CancellationService -- Cancellation request received caseId=CASE-TXN-MAT-OUTCOME_UNKNOWN originalTransactionId=TXN-MAT-OUTCOME_UNKNOWN reason=DUPL
23:13:50.933 [main] INFO io.openfednow.processing.cancellation.CancellationService -- Cancellation lookup matched sagaId=SAGA-MAT-OUTCOME_UNKNOWN state=OUTCOME_UNKNOWN
23:13:50.933 [main] WARN io.openfednow.processing.cancellation.CancellationService -- Cancellation pending — saga in state OUTCOME_UNKNOWN; follow-up resolution required
23:13:50.933 [main] INFO io.openfednow.processing.cancellation.CancellationService -- Cancellation request received caseId=CASE-TXN-MAT-CORE_SUBMITTED originalTransactionId=TXN-MAT-CORE_SUBMITTED reason=DUPL
23:13:50.933 [main] INFO io.openfednow.processing.cancellation.CancellationService -- Cancellation lookup matched sagaId=SAGA-MAT-CORE_SUBMITTED state=CORE_SUBMITTED
23:13:50.933 [main] WARN io.openfednow.processing.cancellation.CancellationService -- Cancellation pending — saga in state CORE_SUBMITTED; follow-up resolution required
23:13:50.934 [main] INFO io.openfednow.processing.cancellation.CancellationService -- Cancellation request received caseId=CASE-TXN-MAT-FEDNOW_CONFIRMED originalTransactionId=TXN-MAT-FEDNOW_CONFIRMED reason=DUPL
23:13:50.934 [main] INFO io.openfednow.processing.cancellation.CancellationService -- Cancellation lookup matched sagaId=SAGA-MAT-FEDNOW_CONFIRMED state=FEDNOW_CONFIRMED
23:13:50.934 [main] WARN io.openfednow.processing.cancellation.CancellationService -- Cancellation rejected — settlement already confirmed in state FEDNOW_CONFIRMED; originator must use pacs.004
23:13:50.935 [main] INFO io.openfednow.processing.cancellation.CancellationService -- Cancellation request received caseId=CASE-TXN-MAT-COMPLETED originalTransactionId=TXN-MAT-COMPLETED reason=DUPL
23:13:50.935 [main] INFO io.openfednow.processing.cancellation.CancellationService -- Cancellation lookup matched sagaId=SAGA-MAT-COMPLETED state=COMPLETED
23:13:50.935 [main] WARN io.openfednow.processing.cancellation.CancellationService -- Cancellation rejected — settlement already confirmed in state COMPLETED; originator must use pacs.004
23:13:50.936 [main] INFO io.openfednow.processing.cancellation.CancellationService -- Cancellation request received caseId=CASE-TXN-MAT-COMPENSATING originalTransactionId=TXN-MAT-COMPENSATING reason=DUPL
23:13:50.936 [main] INFO io.openfednow.processing.cancellation.CancellationService -- Cancellation lookup matched sagaId=SAGA-MAT-COMPENSATING state=COMPENSATING
23:13:50.936 [main] WARN io.openfednow.processing.cancellation.CancellationService -- Cancellation pending — saga in state COMPENSATING; follow-up resolution required
23:13:50.936 [main] INFO io.openfednow.processing.cancellation.CancellationService -- Cancellation request received caseId=CASE-TXN-MAT-FAILED originalTransactionId=TXN-MAT-FAILED reason=DUPL
23:13:50.936 [main] INFO io.openfednow.processing.cancellation.CancellationService -- Cancellation lookup matched sagaId=SAGA-MAT-FAILED state=FAILED
23:13:50.936 [main] WARN io.openfednow.processing.cancellation.CancellationService -- Cancellation rejected — original saga is in terminal state FAILED
23:13:50.937 [main] INFO io.openfednow.processing.cancellation.CancellationService -- Cancellation request received caseId=CASE-TXN-REASON originalTransactionId=TXN-REASON reason=FRAD
23:13:50.937 [main] INFO io.openfednow.processing.cancellation.CancellationService -- Cancellation lookup matched sagaId=SAGA-REASON state=FUNDS_RESERVED
23:13:50.937 [main] INFO io.openfednow.processing.cancellation.CancellationService -- Cancelling sagaId=SAGA-REASON reason=FRAD
23:13:50.938 [main] INFO io.openfednow.processing.cancellation.CancellationService -- Cancellation request received caseId=CASE-TXN-FUNDS originalTransactionId=TXN-FUNDS reason=DUPL
23:13:50.938 [main] INFO io.openfednow.processing.cancellation.CancellationService -- Cancellation lookup matched sagaId=SAGA-FUNDS state=FUNDS_RESERVED
23:13:50.938 [main] INFO io.openfednow.processing.cancellation.CancellationService -- Cancelling sagaId=SAGA-FUNDS reason=DUPL
23:13:50.938 [main] INFO io.openfednow.processing.cancellation.CancellationService -- Cancellation request received caseId=CASE-TXN-COMP originalTransactionId=TXN-COMP reason=DUPL
23:13:50.939 [main] INFO io.openfednow.processing.cancellation.CancellationService -- Cancellation lookup matched sagaId=SAGA-COMP state=COMPENSATING
23:13:50.939 [main] WARN io.openfednow.processing.cancellation.CancellationService -- Cancellation pending — saga in state COMPENSATING; follow-up resolution required
23:13:50.939 [main] INFO io.openfednow.processing.cancellation.CancellationService -- Cancellation request received caseId=CASE-TXN-DONE originalTransactionId=TXN-DONE reason=DUPL
23:13:50.939 [main] INFO io.openfednow.processing.cancellation.CancellationService -- Cancellation lookup matched sagaId=SAGA-DONE state=COMPLETED
23:13:50.939 [main] WARN io.openfednow.processing.cancellation.CancellationService -- Cancellation rejected — settlement already confirmed in state COMPLETED; originator must use pacs.004
23:13:50.940 [main] INFO io.openfednow.processing.cancellation.CancellationService -- Cancellation request received caseId=CASE-TXN-CONF originalTransactionId=TXN-CONF reason=DUPL
23:13:50.940 [main] INFO io.openfednow.processing.cancellation.CancellationService -- Cancellation lookup matched sagaId=SAGA-CONF state=FEDNOW_CONFIRMED
23:13:50.940 [main] WARN io.openfednow.processing.cancellation.CancellationService -- Cancellation rejected — settlement already confirmed in state FEDNOW_CONFIRMED; originator must use pacs.004
23:13:50.940 [main] INFO io.openfednow.processing.cancellation.CancellationService -- Cancellation request received caseId=CASE-TXN-INIT originalTransactionId=TXN-INIT reason=DUPL
23:13:50.941 [main] INFO io.openfednow.processing.cancellation.CancellationService -- Cancellation lookup matched sagaId=SAGA-INIT state=INITIATED
23:13:50.941 [main] INFO io.openfednow.processing.cancellation.CancellationService -- Cancelling sagaId=SAGA-INIT reason=DUPL
23:13:50.941 [main] INFO io.openfednow.processing.cancellation.CancellationService -- Cancellation request received caseId=CASE-TXN-CORR originalTransactionId=TXN-CORR reason=DUPL
23:13:50.941 [main] INFO io.openfednow.processing.cancellation.CancellationService -- Cancellation lookup matched sagaId=SAGA-CORR state=INITIATED
23:13:50.941 [main] INFO io.openfednow.processing.cancellation.CancellationService -- Cancelling sagaId=SAGA-CORR reason=DUPL
[INFO] Tests run: 19, Failures: 0, Errors: 0, Skipped: 0, Time elapsed: 0.036 s -- in io.openfednow.processing.cancellation.CancellationServiceTest
[INFO] Running io.openfednow.processing.fraud.VelocityScriptInvocationTest
23:13:51.013 [main] INFO io.openfednow.processing.fraud.DefaultFraudScreeningService -- Fraud pre-screening active maxAmount=1000000 velocity=5/120s denylistSize=0
23:13:51.016 [main] INFO io.openfednow.processing.fraud.DefaultFraudScreeningService -- Fraud pre-screening active maxAmount=1000000 velocity=10/60s denylistSize=0
23:13:51.016 [main] WARN io.openfednow.processing.fraud.DefaultFraudScreeningService -- Fraud screening BLOCKED e2e=E2E-ACC-HOT txn=TXN-ACC-HOT reason=debtor velocity 11 exceeds 10 per 60s window
23:13:51.017 [main] INFO io.openfednow.processing.fraud.DefaultFraudScreeningService -- Fraud pre-screening active maxAmount=1000000 velocity=10/60s denylistSize=0
23:13:51.018 [main] INFO io.openfednow.processing.fraud.DefaultFraudScreeningService -- Fraud pre-screening active maxAmount=1000000 velocity=10/60s denylistSize=0
23:13:51.019 [main] INFO io.openfednow.processing.fraud.DefaultFraudScreeningService -- Fraud pre-screening active maxAmount=1000000 velocity=10/60s denylistSize=0
[INFO] Tests run: 5, Failures: 0, Errors: 0, Skipped: 0, Time elapsed: 0.077 s -- in io.openfednow.processing.fraud.VelocityScriptInvocationTest
[INFO] Running io.openfednow.processing.fraud.DefaultFraudScreeningServiceTest
23:13:51.028 [main] INFO io.openfednow.processing.fraud.DefaultFraudScreeningService -- Fraud pre-screening active maxAmount=10000 velocity=1000/60s denylistSize=0
23:13:51.030 [main] INFO io.openfednow.processing.fraud.DefaultFraudScreeningService -- Fraud pre-screening active maxAmount=1000 velocity=10/60s denylistSize=3
23:13:51.031 [main] INFO io.openfednow.processing.fraud.DefaultFraudScreeningService -- Fraud pre-screening active maxAmount=25000 velocity=1000/60s denylistSize=0
23:13:51.031 [main] WARN io.openfednow.processing.fraud.DefaultFraudScreeningService -- Fraud screening BLOCKED e2e=E2E-ACC-A-ACC-B txn=TXN-ACC-A-ACC-B reason=amount 25000.01 exceeds maxSingleTransferAmount 25000
23:13:51.031 [main] INFO io.openfednow.processing.fraud.DefaultFraudScreeningService -- Fraud pre-screening active maxAmount=100000 velocity=1000/60s denylistSize=1
23:13:51.032 [main] WARN io.openfednow.processing.fraud.DefaultFraudScreeningService -- Fraud screening BLOCKED e2e=E2E-ACC-OK-BAD-CREDITOR txn=TXN-ACC-OK-BAD-CREDITOR reason=creditor account on denylist account=BAD-CREDITOR
23:13:51.032 [main] INFO io.openfednow.processing.fraud.DefaultFraudScreeningService -- Fraud pre-screening active maxAmount=10000 velocity=1000/60s denylistSize=0
23:13:51.032 [main] WARN io.openfednow.processing.fraud.DefaultFraudScreeningService -- Fraud review flagged e2e=E2E-ACC-A-ACC-B txn=TXN-ACC-A-ACC-B reason=amount 5000.00 >= 50% of maxSingleTransferAmount 10000
23:13:51.032 [main] INFO io.openfednow.processing.fraud.DefaultFraudScreeningService -- Fraud pre-screening active maxAmount=25000 velocity=1000/60s denylistSize=0
23:13:51.032 [main] WARN io.openfednow.processing.fraud.DefaultFraudScreeningService -- Fraud review flagged e2e=E2E-ACC-A-ACC-B txn=TXN-ACC-A-ACC-B reason=amount 25000.00 >= 50% of maxSingleTransferAmount 25000
23:13:51.033 [main] INFO io.openfednow.processing.fraud.DefaultFraudScreeningService -- Fraud pre-screening active maxAmount=10000 velocity=1000/60s denylistSize=0
23:13:51.034 [main] INFO io.openfednow.processing.fraud.DefaultFraudScreeningService -- Fraud pre-screening active maxAmount=1000 velocity=10/60s denylistSize=0
23:13:51.034 [main] INFO io.openfednow.processing.fraud.DefaultFraudScreeningService -- Fraud pre-screening active maxAmount=100000 velocity=1000/60s denylistSize=1
23:13:51.034 [main] WARN io.openfednow.processing.fraud.DefaultFraudScreeningService -- Fraud screening BLOCKED e2e=E2E-BAD-DEBTOR-ACC-OK txn=TXN-BAD-DEBTOR-ACC-OK reason=debtor account on denylist account=BAD-DEBTOR
23:13:51.035 [main] INFO io.openfednow.processing.fraud.DefaultFraudScreeningService -- Fraud pre-screening active maxAmount=25000 velocity=1000/60s denylistSize=0
23:13:51.035 [main] INFO io.openfednow.processing.fraud.DefaultFraudScreeningService -- Fraud pre-screening active maxAmount=100000 velocity=1000/60s denylistSize=1
23:13:51.035 [main] WARN io.openfednow.processing.fraud.DefaultFraudScreeningService -- Fraud screening BLOCKED e2e=E2E-BAD-DEBTOR-ACC-OK txn=TXN-BAD-DEBTOR-ACC-OK reason=debtor account on denylist account=BAD-DEBTOR
[INFO] Tests run: 13, Failures: 0, Errors: 0, Skipped: 0, Time elapsed: 0.016 s -- in io.openfednow.processing.fraud.DefaultFraudScreeningServiceTest
[INFO] Running io.openfednow.processing.idempotency.IdempotencyServiceTtlTest
[INFO] Tests run: 4, Failures: 0, Errors: 0, Skipped: 0, Time elapsed: 0.037 s -- in io.openfednow.processing.idempotency.IdempotencyServiceTtlTest
[INFO] Running io.openfednow.processing.idempotency.IdempotencyCleanupServiceTest
23:13:51.073 [main] INFO io.openfednow.processing.idempotency.IdempotencyCleanupService -- Idempotency cleanup: deleted 42 expired row(s)
[INFO] Tests run: 3, Failures: 0, Errors: 0, Skipped: 0, Time elapsed: 0.002 s -- in io.openfednow.processing.idempotency.IdempotencyCleanupServiceTest
[INFO] Running io.openfednow.processing.saga.CompensationRetryServiceTest
23:13:51.081 [main] INFO org.flywaydb.core.FlywayExecutor -- Database: jdbc:h2:mem:compensation_retry_test (H2 2.3)
23:13:51.084 [main] INFO org.flywaydb.core.internal.schemahistory.JdbcTableSchemaHistory -- Schema history table "public"."flyway_schema_history" does not exist yet
23:13:51.084 [main] INFO org.flywaydb.core.internal.command.DbValidate -- Successfully validated 10 migrations (execution time 00:00.001s)
23:13:51.085 [main] INFO org.flywaydb.core.internal.schemahistory.JdbcTableSchemaHistory -- Creating Schema History table "public"."flyway_schema_history" ...
23:13:51.086 [main] INFO org.flywaydb.core.internal.command.DbMigrate -- Current version of schema "public": << Empty Schema >>
23:13:51.087 [main] INFO org.flywaydb.core.internal.command.DbMigrate -- Migrating schema "public" to version "1 - create shadow ledger transaction log"
23:13:51.090 [main] INFO org.flywaydb.core.internal.command.DbMigrate -- Migrating schema "public" to version "2 - create saga state"
23:13:51.092 [main] INFO org.flywaydb.core.internal.command.DbMigrate -- Migrating schema "public" to version "3 - create idempotency keys"
23:13:51.094 [main] INFO org.flywaydb.core.internal.command.DbMigrate -- Migrating schema "public" to version "4 - create reconciliation run"
23:13:51.096 [main] INFO org.flywaydb.core.internal.command.DbMigrate -- Migrating schema "public" to version "5 - add source rail to saga state"
23:13:51.099 [main] INFO org.flywaydb.core.internal.command.DbMigrate -- Migrating schema "public" to version "6 - create admin audit log"
23:13:51.101 [main] INFO org.flywaydb.core.internal.command.DbMigrate -- Migrating schema "public" to version "7 - add request id correlation"
23:13:51.105 [main] INFO org.flywaydb.core.internal.command.DbMigrate -- Migrating schema "public" to version "8 - outbound submission uncertainty"
23:13:51.107 [main] INFO org.flywaydb.core.internal.command.DbMigrate -- Migrating schema "public" to version "9 - create reliable payment reference"
23:13:51.111 [main] INFO org.flywaydb.core.internal.command.DbMigrate -- Migrating schema "public" to version "10 - synthetic async core ack"
23:13:51.113 [main] INFO org.flywaydb.core.internal.command.DbMigrate -- Successfully applied 10 migrations to schema "public", now at version v10 (execution time 00:00.009s)
23:13:51.121 [main] INFO io.openfednow.processing.saga.CompensationRetryService -- Compensation retry: found 1 FAILED saga(s) needing reversal
23:13:51.121 [main] INFO io.openfednow.processing.saga.CompensationRetryService -- Compensation retry succeeded transactionId=TXN-SUCCESS
23:13:51.121 [main] INFO io.openfednow.processing.saga.CompensationRetryService -- Compensation retry sweep complete: 1 of 1 succeeded
23:13:51.124 [main] INFO io.openfednow.processing.saga.CompensationRetryService -- Compensation retry: found 2 FAILED saga(s) needing reversal
23:13:51.124 [main] ERROR io.openfednow.processing.saga.CompensationRetryService -- Compensation retry failed transactionId=TXN-FAIL — manual intervention may be required
java.lang.RuntimeException: simulated
	at io.openfednow.processing.saga.CompensationRetryService.retryFailedCompensations(CompensationRetryService.java:144)
	at io.openfednow.processing.saga.CompensationRetryServiceTest.failureOnOneSagaDoesNotBlockOthers(CompensationRetryServiceTest.java:228)
	at java.base/jdk.internal.reflect.NativeMethodAccessorImpl.invoke0(Native Method)
	at java.base/jdk.internal.reflect.NativeMethodAccessorImpl.invoke(NativeMethodAccessorImpl.java:77)
	at java.base/jdk.internal.reflect.DelegatingMethodAccessorImpl.invoke(DelegatingMethodAccessorImpl.java:43)
	at java.base/java.lang.reflect.Method.invoke(Method.java:569)
	at org.junit.platform.commons.util.ReflectionUtils.invokeMethod(ReflectionUtils.java:775)
	at org.junit.platform.commons.support.ReflectionSupport.invokeMethod(ReflectionSupport.java:479)
	at org.junit.jupiter.engine.execution.MethodInvocation.proceed(MethodInvocation.java:60)
	at org.junit.jupiter.engine.execution.InvocationInterceptorChain$ValidatingInvocation.proceed(InvocationInterceptorChain.java:131)
	at org.junit.jupiter.engine.extension.TimeoutExtension.intercept(TimeoutExtension.java:161)
	at org.junit.jupiter.engine.extension.TimeoutExtension.interceptTestableMethod(TimeoutExtension.java:152)
	at org.junit.jupiter.engine.extension.TimeoutExtension.interceptTestMethod(TimeoutExtension.java:91)
	at org.junit.jupiter.engine.execution.InterceptingExecutableInvoker$ReflectiveInterceptorCall.lambda$ofVoidMethod$0(InterceptingExecutableInvoker.java:112)
	at org.junit.jupiter.engine.execution.InterceptingExecutableInvoker.lambda$invoke$0(InterceptingExecutableInvoker.java:94)
	at org.junit.jupiter.engine.execution.InvocationInterceptorChain$InterceptedInvocation.proceed(InvocationInterceptorChain.java:106)
	at org.junit.jupiter.engine.execution.InvocationInterceptorChain.proceed(InvocationInterceptorChain.java:64)
	at org.junit.jupiter.engine.execution.InvocationInterceptorChain.chainAndInvoke(InvocationInterceptorChain.java:45)
	at org.junit.jupiter.engine.execution.InvocationInterceptorChain.invoke(InvocationInterceptorChain.java:37)
	at org.junit.jupiter.engine.execution.InterceptingExecutableInvoker.invoke(InterceptingExecutableInvoker.java:93)
	at org.junit.jupiter.engine.execution.InterceptingExecutableInvoker.invoke(InterceptingExecutableInvoker.java:87)
	at org.junit.jupiter.engine.descriptor.TestMethodTestDescriptor.lambda$invokeTestMethod$7(TestMethodTestDescriptor.java:216)
	at org.junit.platform.engine.support.hierarchical.ThrowableCollector.execute(ThrowableCollector.java:73)
	at org.junit.jupiter.engine.descriptor.TestMethodTestDescriptor.invokeTestMethod(TestMethodTestDescriptor.java:212)
	at org.junit.jupiter.engine.descriptor.TestMethodTestDescriptor.execute(TestMethodTestDescriptor.java:137)
	at org.junit.jupiter.engine.descriptor.TestMethodTestDescriptor.execute(TestMethodTestDescriptor.java:69)
	at org.junit.platform.engine.support.hierarchical.NodeTestTask.lambda$executeRecursively$6(NodeTestTask.java:156)
	at org.junit.platform.engine.support.hierarchical.ThrowableCollector.execute(ThrowableCollector.java:73)
	at org.junit.platform.engine.support.hierarchical.NodeTestTask.lambda$executeRecursively$8(NodeTestTask.java:146)
	at org.junit.platform.engine.support.hierarchical.Node.around(Node.java:137)
	at org.junit.platform.engine.support.hierarchical.NodeTestTask.lambda$executeRecursively$9(NodeTestTask.java:144)
	at org.junit.platform.engine.support.hierarchical.ThrowableCollector.execute(ThrowableCollector.java:73)
	at org.junit.platform.engine.support.hierarchical.NodeTestTask.executeRecursively(NodeTestTask.java:143)
	at org.junit.platform.engine.support.hierarchical.NodeTestTask.execute(NodeTestTask.java:100)
	at java.base/java.util.ArrayList.forEach(ArrayList.java:1511)
	at org.junit.platform.engine.support.hierarchical.SameThreadHierarchicalTestExecutorService.invokeAll(SameThreadHierarchicalTestExecutorService.java:41)
	at org.junit.platform.engine.support.hierarchical.NodeTestTask.lambda$executeRecursively$6(NodeTestTask.java:160)
	at org.junit.platform.engine.support.hierarchical.ThrowableCollector.execute(ThrowableCollector.java:73)
	at org.junit.platform.engine.support.hierarchical.NodeTestTask.lambda$executeRecursively$8(NodeTestTask.java:146)
	at org.junit.platform.engine.support.hierarchical.Node.around(Node.java:137)
	at org.junit.platform.engine.support.hierarchical.NodeTestTask.lambda$executeRecursively$9(NodeTestTask.java:144)
	at org.junit.platform.engine.support.hierarchical.ThrowableCollector.execute(ThrowableCollector.java:73)
	at org.junit.platform.engine.support.hierarchical.NodeTestTask.executeRecursively(NodeTestTask.java:143)
	at org.junit.platform.engine.support.hierarchical.NodeTestTask.execute(NodeTestTask.java:100)
	at java.base/java.util.ArrayList.forEach(ArrayList.java:1511)
	at org.junit.platform.engine.support.hierarchical.SameThreadHierarchicalTestExecutorService.invokeAll(SameThreadHierarchicalTestExecutorService.java:41)
	at org.junit.platform.engine.support.hierarchical.NodeTestTask.lambda$executeRecursively$6(NodeTestTask.java:160)
	at org.junit.platform.engine.support.hierarchical.ThrowableCollector.execute(ThrowableCollector.java:73)
	at org.junit.platform.engine.support.hierarchical.NodeTestTask.lambda$executeRecursively$8(NodeTestTask.java:146)
	at org.junit.platform.engine.support.hierarchical.Node.around(Node.java:137)
	at org.junit.platform.engine.support.hierarchical.NodeTestTask.lambda$executeRecursively$9(NodeTestTask.java:144)
	at org.junit.platform.engine.support.hierarchical.ThrowableCollector.execute(ThrowableCollector.java:73)
	at org.junit.platform.engine.support.hierarchical.NodeTestTask.executeRecursively(NodeTestTask.java:143)
	at org.junit.platform.engine.support.hierarchical.NodeTestTask.execute(NodeTestTask.java:100)
	at org.junit.platform.engine.support.hierarchical.SameThreadHierarchicalTestExecutorService.submit(SameThreadHierarchicalTestExecutorService.java:35)
	at org.junit.platform.engine.support.hierarchical.HierarchicalTestExecutor.execute(HierarchicalTestExecutor.java:57)
	at org.junit.platform.engine.support.hierarchical.HierarchicalTestEngine.execute(HierarchicalTestEngine.java:54)
	at org.junit.platform.launcher.core.EngineExecutionOrchestrator.execute(EngineExecutionOrchestrator.java:201)
	at org.junit.platform.launcher.core.EngineExecutionOrchestrator.execute(EngineExecutionOrchestrator.java:170)
	at org.junit.platform.launcher.core.EngineExecutionOrchestrator.execute(EngineExecutionOrchestrator.java:94)
	at org.junit.platform.launcher.core.EngineExecutionOrchestrator.lambda$execute$0(EngineExecutionOrchestrator.java:59)
	at org.junit.platform.launcher.core.EngineExecutionOrchestrator.withInterceptedStreams(EngineExecutionOrchestrator.java:142)
	at org.junit.platform.launcher.core.EngineExecutionOrchestrator.execute(EngineExecutionOrchestrator.java:58)
	at org.junit.platform.launcher.core.DefaultLauncher.execute(DefaultLauncher.java:103)
	at org.junit.platform.launcher.core.DefaultLauncher.execute(DefaultLauncher.java:85)
	at org.junit.platform.launcher.core.DelegatingLauncher.execute(DelegatingLauncher.java:47)
	at org.junit.platform.launcher.core.InterceptingLauncher.lambda$execute$1(InterceptingLauncher.java:39)
	at org.junit.platform.launcher.core.ClasspathAlignmentCheckingLauncherInterceptor.intercept(ClasspathAlignmentCheckingLauncherInterceptor.java:25)
	at org.junit.platform.launcher.core.InterceptingLauncher.execute(InterceptingLauncher.java:38)
	at org.junit.platform.launcher.core.DelegatingLauncher.execute(DelegatingLauncher.java:47)
	at org.apache.maven.surefire.junitplatform.LauncherAdapter.executeWithoutCancellationToken(LauncherAdapter.java:60)
	at org.apache.maven.surefire.junitplatform.LauncherAdapter.execute(LauncherAdapter.java:52)
	at org.apache.maven.surefire.junitplatform.JUnitPlatformProvider.execute(JUnitPlatformProvider.java:203)
	at org.apache.maven.surefire.junitplatform.JUnitPlatformProvider.invokeAllTests(JUnitPlatformProvider.java:168)
	at org.apache.maven.surefire.junitplatform.JUnitPlatformProvider.invoke(JUnitPlatformProvider.java:136)
	at org.apache.maven.surefire.booter.ForkedBooter.runSuitesInProcess(ForkedBooter.java:385)
	at org.apache.maven.surefire.booter.ForkedBooter.execute(ForkedBooter.java:162)
	at org.apache.maven.surefire.booter.ForkedBooter.run(ForkedBooter.java:507)
	at org.apache.maven.surefire.booter.ForkedBooter.main(ForkedBooter.java:495)
23:13:51.124 [main] INFO io.openfednow.processing.saga.CompensationRetryService -- Compensation retry succeeded transactionId=TXN-OK
23:13:51.124 [main] INFO io.openfednow.processing.saga.CompensationRetryService -- Compensation retry sweep complete: 1 of 2 succeeded
23:13:51.130 [main] INFO io.openfednow.processing.saga.CompensationRetryService -- Compensation retry: found 1 FAILED saga(s) needing reversal
23:13:51.130 [main] INFO io.openfednow.processing.saga.CompensationRetryService -- Compensation retry succeeded transactionId=TXN-B
23:13:51.130 [main] INFO io.openfednow.processing.saga.CompensationRetryService -- Compensation retry sweep complete: 1 of 1 succeeded
23:13:51.135 [main] INFO io.openfednow.processing.saga.CompensationRetryService -- Compensation retry: found 3 FAILED saga(s) needing reversal
23:13:51.135 [main] INFO io.openfednow.processing.saga.CompensationRetryService -- Compensation retry succeeded transactionId=TXN-000
23:13:51.135 [main] INFO io.openfednow.processing.saga.CompensationRetryService -- Compensation retry succeeded transactionId=TXN-001
23:13:51.135 [main] INFO io.openfednow.processing.saga.CompensationRetryService -- Compensation retry succeeded transactionId=TXN-002
23:13:51.135 [main] INFO io.openfednow.processing.saga.CompensationRetryService -- Compensation retry sweep complete: 3 of 3 succeeded
23:13:51.138 [main] INFO io.openfednow.processing.saga.CompensationRetryService -- Compensation retry: found 1 FAILED saga(s) needing reversal
23:13:51.139 [main] ERROR io.openfednow.processing.saga.CompensationRetryService -- Compensation retry failed transactionId=TXN-FAIL — manual intervention may be required
java.lang.RuntimeException: redis down
	at io.openfednow.processing.saga.CompensationRetryService.retryFailedCompensations(CompensationRetryService.java:144)
	at io.openfednow.processing.saga.CompensationRetryServiceTest.failureCounterAdvancesWhenLedgerThrows(CompensationRetryServiceTest.java:210)
	at java.base/jdk.internal.reflect.NativeMethodAccessorImpl.invoke0(Native Method)
	at java.base/jdk.internal.reflect.NativeMethodAccessorImpl.invoke(NativeMethodAccessorImpl.java:77)
	at java.base/jdk.internal.reflect.DelegatingMethodAccessorImpl.invoke(DelegatingMethodAccessorImpl.java:43)
	at java.base/java.lang.reflect.Method.invoke(Method.java:569)
	at org.junit.platform.commons.util.ReflectionUtils.invokeMethod(ReflectionUtils.java:775)
	at org.junit.platform.commons.support.ReflectionSupport.invokeMethod(ReflectionSupport.java:479)
	at org.junit.jupiter.engine.execution.MethodInvocation.proceed(MethodInvocation.java:60)
	at org.junit.jupiter.engine.execution.InvocationInterceptorChain$ValidatingInvocation.proceed(InvocationInterceptorChain.java:131)
	at org.junit.jupiter.engine.extension.TimeoutExtension.intercept(TimeoutExtension.java:161)
	at org.junit.jupiter.engine.extension.TimeoutExtension.interceptTestableMethod(TimeoutExtension.java:152)
	at org.junit.jupiter.engine.extension.TimeoutExtension.interceptTestMethod(TimeoutExtension.java:91)
	at org.junit.jupiter.engine.execution.InterceptingExecutableInvoker$ReflectiveInterceptorCall.lambda$ofVoidMethod$0(InterceptingExecutableInvoker.java:112)
	at org.junit.jupiter.engine.execution.InterceptingExecutableInvoker.lambda$invoke$0(InterceptingExecutableInvoker.java:94)
	at org.junit.jupiter.engine.execution.InvocationInterceptorChain$InterceptedInvocation.proceed(InvocationInterceptorChain.java:106)
	at org.junit.jupiter.engine.execution.InvocationInterceptorChain.proceed(InvocationInterceptorChain.java:64)
	at org.junit.jupiter.engine.execution.InvocationInterceptorChain.chainAndInvoke(InvocationInterceptorChain.java:45)
	at org.junit.jupiter.engine.execution.InvocationInterceptorChain.invoke(InvocationInterceptorChain.java:37)
	at org.junit.jupiter.engine.execution.InterceptingExecutableInvoker.invoke(InterceptingExecutableInvoker.java:93)
	at org.junit.jupiter.engine.execution.InterceptingExecutableInvoker.invoke(InterceptingExecutableInvoker.java:87)
	at org.junit.jupiter.engine.descriptor.TestMethodTestDescriptor.lambda$invokeTestMethod$7(TestMethodTestDescriptor.java:216)
	at org.junit.platform.engine.support.hierarchical.ThrowableCollector.execute(ThrowableCollector.java:73)
	at org.junit.jupiter.engine.descriptor.TestMethodTestDescriptor.invokeTestMethod(TestMethodTestDescriptor.java:212)
	at org.junit.jupiter.engine.descriptor.TestMethodTestDescriptor.execute(TestMethodTestDescriptor.java:137)
	at org.junit.jupiter.engine.descriptor.TestMethodTestDescriptor.execute(TestMethodTestDescriptor.java:69)
	at org.junit.platform.engine.support.hierarchical.NodeTestTask.lambda$executeRecursively$6(NodeTestTask.java:156)
	at org.junit.platform.engine.support.hierarchical.ThrowableCollector.execute(ThrowableCollector.java:73)
	at org.junit.platform.engine.support.hierarchical.NodeTestTask.lambda$executeRecursively$8(NodeTestTask.java:146)
	at org.junit.platform.engine.support.hierarchical.Node.around(Node.java:137)
	at org.junit.platform.engine.support.hierarchical.NodeTestTask.lambda$executeRecursively$9(NodeTestTask.java:144)
	at org.junit.platform.engine.support.hierarchical.ThrowableCollector.execute(ThrowableCollector.java:73)
	at org.junit.platform.engine.support.hierarchical.NodeTestTask.executeRecursively(NodeTestTask.java:143)
	at org.junit.platform.engine.support.hierarchical.NodeTestTask.execute(NodeTestTask.java:100)
	at java.base/java.util.ArrayList.forEach(ArrayList.java:1511)
	at org.junit.platform.engine.support.hierarchical.SameThreadHierarchicalTestExecutorService.invokeAll(SameThreadHierarchicalTestExecutorService.java:41)
	at org.junit.platform.engine.support.hierarchical.NodeTestTask.lambda$executeRecursively$6(NodeTestTask.java:160)
	at org.junit.platform.engine.support.hierarchical.ThrowableCollector.execute(ThrowableCollector.java:73)
	at org.junit.platform.engine.support.hierarchical.NodeTestTask.lambda$executeRecursively$8(NodeTestTask.java:146)
	at org.junit.platform.engine.support.hierarchical.Node.around(Node.java:137)
	at org.junit.platform.engine.support.hierarchical.NodeTestTask.lambda$executeRecursively$9(NodeTestTask.java:144)
	at org.junit.platform.engine.support.hierarchical.ThrowableCollector.execute(ThrowableCollector.java:73)
	at org.junit.platform.engine.support.hierarchical.NodeTestTask.executeRecursively(NodeTestTask.java:143)
	at org.junit.platform.engine.support.hierarchical.NodeTestTask.execute(NodeTestTask.java:100)
	at java.base/java.util.ArrayList.forEach(ArrayList.java:1511)
	at org.junit.platform.engine.support.hierarchical.SameThreadHierarchicalTestExecutorService.invokeAll(SameThreadHierarchicalTestExecutorService.java:41)
	at org.junit.platform.engine.support.hierarchical.NodeTestTask.lambda$executeRecursively$6(NodeTestTask.java:160)
	at org.junit.platform.engine.support.hierarchical.ThrowableCollector.execute(ThrowableCollector.java:73)
	at org.junit.platform.engine.support.hierarchical.NodeTestTask.lambda$executeRecursively$8(NodeTestTask.java:146)
	at org.junit.platform.engine.support.hierarchical.Node.around(Node.java:137)
	at org.junit.platform.engine.support.hierarchical.NodeTestTask.lambda$executeRecursively$9(NodeTestTask.java:144)
	at org.junit.platform.engine.support.hierarchical.ThrowableCollector.execute(ThrowableCollector.java:73)
	at org.junit.platform.engine.support.hierarchical.NodeTestTask.executeRecursively(NodeTestTask.java:143)
	at org.junit.platform.engine.support.hierarchical.NodeTestTask.execute(NodeTestTask.java:100)
	at org.junit.platform.engine.support.hierarchical.SameThreadHierarchicalTestExecutorService.submit(SameThreadHierarchicalTestExecutorService.java:35)
	at org.junit.platform.engine.support.hierarchical.HierarchicalTestExecutor.execute(HierarchicalTestExecutor.java:57)
	at org.junit.platform.engine.support.hierarchical.HierarchicalTestEngine.execute(HierarchicalTestEngine.java:54)
	at org.junit.platform.launcher.core.EngineExecutionOrchestrator.execute(EngineExecutionOrchestrator.java:201)
	at org.junit.platform.launcher.core.EngineExecutionOrchestrator.execute(EngineExecutionOrchestrator.java:170)
	at org.junit.platform.launcher.core.EngineExecutionOrchestrator.execute(EngineExecutionOrchestrator.java:94)
	at org.junit.platform.launcher.core.EngineExecutionOrchestrator.lambda$execute$0(EngineExecutionOrchestrator.java:59)
	at org.junit.platform.launcher.core.EngineExecutionOrchestrator.withInterceptedStreams(EngineExecutionOrchestrator.java:142)
	at org.junit.platform.launcher.core.EngineExecutionOrchestrator.execute(EngineExecutionOrchestrator.java:58)
	at org.junit.platform.launcher.core.DefaultLauncher.execute(DefaultLauncher.java:103)
	at org.junit.platform.launcher.core.DefaultLauncher.execute(DefaultLauncher.java:85)
	at org.junit.platform.launcher.core.DelegatingLauncher.execute(DelegatingLauncher.java:47)
	at org.junit.platform.launcher.core.InterceptingLauncher.lambda$execute$1(InterceptingLauncher.java:39)
	at org.junit.platform.launcher.core.ClasspathAlignmentCheckingLauncherInterceptor.intercept(ClasspathAlignmentCheckingLauncherInterceptor.java:25)
	at org.junit.platform.launcher.core.InterceptingLauncher.execute(InterceptingLauncher.java:38)
	at org.junit.platform.launcher.core.DelegatingLauncher.execute(DelegatingLauncher.java:47)
	at org.apache.maven.surefire.junitplatform.LauncherAdapter.executeWithoutCancellationToken(LauncherAdapter.java:60)
	at org.apache.maven.surefire.junitplatform.LauncherAdapter.execute(LauncherAdapter.java:52)
	at org.apache.maven.surefire.junitplatform.JUnitPlatformProvider.execute(JUnitPlatformProvider.java:203)
	at org.apache.maven.surefire.junitplatform.JUnitPlatformProvider.invokeAllTests(JUnitPlatformProvider.java:168)
	at org.apache.maven.surefire.junitplatform.JUnitPlatformProvider.invoke(JUnitPlatformProvider.java:136)
	at org.apache.maven.surefire.booter.ForkedBooter.runSuitesInProcess(ForkedBooter.java:385)
	at org.apache.maven.surefire.booter.ForkedBooter.execute(ForkedBooter.java:162)
	at org.apache.maven.surefire.booter.ForkedBooter.run(ForkedBooter.java:507)
	at org.apache.maven.surefire.booter.ForkedBooter.main(ForkedBooter.java:495)
23:13:51.139 [main] INFO io.openfednow.processing.saga.CompensationRetryService -- Compensation retry sweep complete: 0 of 1 succeeded
23:13:51.142 [main] INFO io.openfednow.processing.saga.CompensationRetryService -- Compensation retry: found 1 FAILED saga(s) needing reversal
23:13:51.142 [main] INFO io.openfednow.processing.saga.CompensationRetryService -- Compensation retry succeeded transactionId=TXN-A
23:13:51.142 [main] INFO io.openfednow.processing.saga.CompensationRetryService -- Compensation retry sweep complete: 1 of 1 succeeded
[INFO] Tests run: 14, Failures: 0, Errors: 0, Skipped: 0, Time elapsed: 0.070 s -- in io.openfednow.processing.saga.CompensationRetryServiceTest
[INFO] Running io.openfednow.processing.saga.SagaOrchestratorInitiateTest
23:13:51.145 [main] INFO io.openfednow.processing.saga.SagaOrchestrator -- Saga initiated sagaId=SAGA-55b4dfa1-0dda-4990-84f0-4684bc3f94f3 transactionId=TXN-TEST e2e=E2E-TEST sourceRail=FEDNOW requestId=req-corr-42
23:13:51.145 [main] INFO io.openfednow.processing.saga.SagaOrchestrator -- Saga initiated sagaId=SAGA-3bebea48-3dc0-41ea-9303-b270f723e21e transactionId=TXN-TEST e2e=E2E-TEST sourceRail=FEDNOW requestId=null
[INFO] Tests run: 2, Failures: 0, Errors: 0, Skipped: 0, Time elapsed: 0.002 s -- in io.openfednow.processing.saga.SagaOrchestratorInitiateTest
[INFO] Running io.openfednow.processing.saga.PaymentSagaAdvanceTest
[INFO] Tests run: 10, Failures: 0, Errors: 0, Skipped: 0, Time elapsed: 0.003 s -- in io.openfednow.processing.saga.PaymentSagaAdvanceTest
[INFO] Running io.openfednow.processing.saga.SagaTimeoutMonitorTest
23:13:51.151 [main] WARN io.openfednow.processing.saga.SagaTimeoutMonitor -- Saga timeout monitor: 2 saga(s) exceeded 30s threshold — compensating
23:13:51.151 [main] WARN io.openfednow.processing.saga.SagaTimeoutMonitor -- Saga timed out sagaId=SAGA-FAIL thresholdSeconds=30 action=COMPENSATE reason=XPIR
23:13:51.151 [main] ERROR io.openfednow.processing.saga.SagaTimeoutMonitor -- Saga timeout compensation failed for sagaId=SAGA-FAIL — manual intervention required
java.lang.RuntimeException: simulated
	at io.openfednow.processing.saga.SagaTimeoutMonitor.sweepTimedOutSagas(SagaTimeoutMonitor.java:91)
	at io.openfednow.processing.saga.SagaTimeoutMonitorTest.failureOnOneSagaDoesNotBlockOthers(SagaTimeoutMonitorTest.java:120)
	at java.base/jdk.internal.reflect.NativeMethodAccessorImpl.invoke0(Native Method)
	at java.base/jdk.internal.reflect.NativeMethodAccessorImpl.invoke(NativeMethodAccessorImpl.java:77)
	at java.base/jdk.internal.reflect.DelegatingMethodAccessorImpl.invoke(DelegatingMethodAccessorImpl.java:43)
	at java.base/java.lang.reflect.Method.invoke(Method.java:569)
	at org.junit.platform.commons.util.ReflectionUtils.invokeMethod(ReflectionUtils.java:775)
	at org.junit.platform.commons.support.ReflectionSupport.invokeMethod(ReflectionSupport.java:479)
	at org.junit.jupiter.engine.execution.MethodInvocation.proceed(MethodInvocation.java:60)
	at org.junit.jupiter.engine.execution.InvocationInterceptorChain$ValidatingInvocation.proceed(InvocationInterceptorChain.java:131)
	at org.junit.jupiter.engine.extension.TimeoutExtension.intercept(TimeoutExtension.java:161)
	at org.junit.jupiter.engine.extension.TimeoutExtension.interceptTestableMethod(TimeoutExtension.java:152)
	at org.junit.jupiter.engine.extension.TimeoutExtension.interceptTestMethod(TimeoutExtension.java:91)
	at org.junit.jupiter.engine.execution.InterceptingExecutableInvoker$ReflectiveInterceptorCall.lambda$ofVoidMethod$0(InterceptingExecutableInvoker.java:112)
	at org.junit.jupiter.engine.execution.InterceptingExecutableInvoker.lambda$invoke$0(InterceptingExecutableInvoker.java:94)
	at org.junit.jupiter.engine.execution.InvocationInterceptorChain$InterceptedInvocation.proceed(InvocationInterceptorChain.java:106)
	at org.junit.jupiter.engine.execution.InvocationInterceptorChain.proceed(InvocationInterceptorChain.java:64)
	at org.junit.jupiter.engine.execution.InvocationInterceptorChain.chainAndInvoke(InvocationInterceptorChain.java:45)
	at org.junit.jupiter.engine.execution.InvocationInterceptorChain.invoke(InvocationInterceptorChain.java:37)
	at org.junit.jupiter.engine.execution.InterceptingExecutableInvoker.invoke(InterceptingExecutableInvoker.java:93)
	at org.junit.jupiter.engine.execution.InterceptingExecutableInvoker.invoke(InterceptingExecutableInvoker.java:87)
	at org.junit.jupiter.engine.descriptor.TestMethodTestDescriptor.lambda$invokeTestMethod$7(TestMethodTestDescriptor.java:216)
	at org.junit.platform.engine.support.hierarchical.ThrowableCollector.execute(ThrowableCollector.java:73)
	at org.junit.jupiter.engine.descriptor.TestMethodTestDescriptor.invokeTestMethod(TestMethodTestDescriptor.java:212)
	at org.junit.jupiter.engine.descriptor.TestMethodTestDescriptor.execute(TestMethodTestDescriptor.java:137)
	at org.junit.jupiter.engine.descriptor.TestMethodTestDescriptor.execute(TestMethodTestDescriptor.java:69)
	at org.junit.platform.engine.support.hierarchical.NodeTestTask.lambda$executeRecursively$6(NodeTestTask.java:156)
	at org.junit.platform.engine.support.hierarchical.ThrowableCollector.execute(ThrowableCollector.java:73)
	at org.junit.platform.engine.support.hierarchical.NodeTestTask.lambda$executeRecursively$8(NodeTestTask.java:146)
	at org.junit.platform.engine.support.hierarchical.Node.around(Node.java:137)
	at org.junit.platform.engine.support.hierarchical.NodeTestTask.lambda$executeRecursively$9(NodeTestTask.java:144)
	at org.junit.platform.engine.support.hierarchical.ThrowableCollector.execute(ThrowableCollector.java:73)
	at org.junit.platform.engine.support.hierarchical.NodeTestTask.executeRecursively(NodeTestTask.java:143)
	at org.junit.platform.engine.support.hierarchical.NodeTestTask.execute(NodeTestTask.java:100)
	at java.base/java.util.ArrayList.forEach(ArrayList.java:1511)
	at org.junit.platform.engine.support.hierarchical.SameThreadHierarchicalTestExecutorService.invokeAll(SameThreadHierarchicalTestExecutorService.java:41)
	at org.junit.platform.engine.support.hierarchical.NodeTestTask.lambda$executeRecursively$6(NodeTestTask.java:160)
	at org.junit.platform.engine.support.hierarchical.ThrowableCollector.execute(ThrowableCollector.java:73)
	at org.junit.platform.engine.support.hierarchical.NodeTestTask.lambda$executeRecursively$8(NodeTestTask.java:146)
	at org.junit.platform.engine.support.hierarchical.Node.around(Node.java:137)
	at org.junit.platform.engine.support.hierarchical.NodeTestTask.lambda$executeRecursively$9(NodeTestTask.java:144)
	at org.junit.platform.engine.support.hierarchical.ThrowableCollector.execute(ThrowableCollector.java:73)
	at org.junit.platform.engine.support.hierarchical.NodeTestTask.executeRecursively(NodeTestTask.java:143)
	at org.junit.platform.engine.support.hierarchical.NodeTestTask.execute(NodeTestTask.java:100)
	at java.base/java.util.ArrayList.forEach(ArrayList.java:1511)
	at org.junit.platform.engine.support.hierarchical.SameThreadHierarchicalTestExecutorService.invokeAll(SameThreadHierarchicalTestExecutorService.java:41)
	at org.junit.platform.engine.support.hierarchical.NodeTestTask.lambda$executeRecursively$6(NodeTestTask.java:160)
	at org.junit.platform.engine.support.hierarchical.ThrowableCollector.execute(ThrowableCollector.java:73)
	at org.junit.platform.engine.support.hierarchical.NodeTestTask.lambda$executeRecursively$8(NodeTestTask.java:146)
	at org.junit.platform.engine.support.hierarchical.Node.around(Node.java:137)
	at org.junit.platform.engine.support.hierarchical.NodeTestTask.lambda$executeRecursively$9(NodeTestTask.java:144)
	at org.junit.platform.engine.support.hierarchical.ThrowableCollector.execute(ThrowableCollector.java:73)
	at org.junit.platform.engine.support.hierarchical.NodeTestTask.executeRecursively(NodeTestTask.java:143)
	at org.junit.platform.engine.support.hierarchical.NodeTestTask.execute(NodeTestTask.java:100)
	at org.junit.platform.engine.support.hierarchical.SameThreadHierarchicalTestExecutorService.submit(SameThreadHierarchicalTestExecutorService.java:35)
	at org.junit.platform.engine.support.hierarchical.HierarchicalTestExecutor.execute(HierarchicalTestExecutor.java:57)
	at org.junit.platform.engine.support.hierarchical.HierarchicalTestEngine.execute(HierarchicalTestEngine.java:54)
	at org.junit.platform.launcher.core.EngineExecutionOrchestrator.execute(EngineExecutionOrchestrator.java:201)
	at org.junit.platform.launcher.core.EngineExecutionOrchestrator.execute(EngineExecutionOrchestrator.java:170)
	at org.junit.platform.launcher.core.EngineExecutionOrchestrator.execute(EngineExecutionOrchestrator.java:94)
	at org.junit.platform.launcher.core.EngineExecutionOrchestrator.lambda$execute$0(EngineExecutionOrchestrator.java:59)
	at org.junit.platform.launcher.core.EngineExecutionOrchestrator.withInterceptedStreams(EngineExecutionOrchestrator.java:142)
	at org.junit.platform.launcher.core.EngineExecutionOrchestrator.execute(EngineExecutionOrchestrator.java:58)
	at org.junit.platform.launcher.core.DefaultLauncher.execute(DefaultLauncher.java:103)
	at org.junit.platform.launcher.core.DefaultLauncher.execute(DefaultLauncher.java:85)
	at org.junit.platform.launcher.core.DelegatingLauncher.execute(DelegatingLauncher.java:47)
	at org.junit.platform.launcher.core.InterceptingLauncher.lambda$execute$1(InterceptingLauncher.java:39)
	at org.junit.platform.launcher.core.ClasspathAlignmentCheckingLauncherInterceptor.intercept(ClasspathAlignmentCheckingLauncherInterceptor.java:25)
	at org.junit.platform.launcher.core.InterceptingLauncher.execute(InterceptingLauncher.java:38)
	at org.junit.platform.launcher.core.DelegatingLauncher.execute(DelegatingLauncher.java:47)
	at org.apache.maven.surefire.junitplatform.LauncherAdapter.executeWithoutCancellationToken(LauncherAdapter.java:60)
	at org.apache.maven.surefire.junitplatform.LauncherAdapter.execute(LauncherAdapter.java:52)
	at org.apache.maven.surefire.junitplatform.JUnitPlatformProvider.execute(JUnitPlatformProvider.java:203)
	at org.apache.maven.surefire.junitplatform.JUnitPlatformProvider.invokeAllTests(JUnitPlatformProvider.java:168)
	at org.apache.maven.surefire.junitplatform.JUnitPlatformProvider.invoke(JUnitPlatformProvider.java:136)
	at org.apache.maven.surefire.booter.ForkedBooter.runSuitesInProcess(ForkedBooter.java:385)
	at org.apache.maven.surefire.booter.ForkedBooter.execute(ForkedBooter.java:162)
	at org.apache.maven.surefire.booter.ForkedBooter.run(ForkedBooter.java:507)
	at org.apache.maven.surefire.booter.ForkedBooter.main(ForkedBooter.java:495)
23:13:51.151 [main] WARN io.openfednow.processing.saga.SagaTimeoutMonitor -- Saga timed out sagaId=SAGA-OK thresholdSeconds=30 action=COMPENSATE reason=XPIR
23:13:51.152 [main] WARN io.openfednow.processing.saga.SagaTimeoutMonitor -- Saga timeout monitor: 3 saga(s) exceeded 30s threshold — compensating
23:13:51.152 [main] WARN io.openfednow.processing.saga.SagaTimeoutMonitor -- Saga timed out sagaId=SAGA-T1 thresholdSeconds=30 action=COMPENSATE reason=XPIR
23:13:51.152 [main] WARN io.openfednow.processing.saga.SagaTimeoutMonitor -- Saga timed out sagaId=SAGA-T2 thresholdSeconds=30 action=COMPENSATE reason=XPIR
23:13:51.152 [main] WARN io.openfednow.processing.saga.SagaTimeoutMonitor -- Saga timed out sagaId=SAGA-T3 thresholdSeconds=30 action=COMPENSATE reason=XPIR
23:13:51.152 [main] WARN io.openfednow.processing.saga.SagaTimeoutMonitor -- Saga timeout monitor: 2 saga(s) exceeded 30s threshold — compensating
23:13:51.152 [main] WARN io.openfednow.processing.saga.SagaTimeoutMonitor -- Saga timed out sagaId=SAGA-T1 thresholdSeconds=30 action=COMPENSATE reason=XPIR
23:13:51.152 [main] WARN io.openfednow.processing.saga.SagaTimeoutMonitor -- Saga timed out sagaId=SAGA-T2 thresholdSeconds=30 action=COMPENSATE reason=XPIR
23:13:51.153 [main] WARN io.openfednow.processing.saga.SagaTimeoutMonitor -- Saga timeout monitor: 2 saga(s) exceeded 30s threshold — compensating
23:13:51.153 [main] WARN io.openfednow.processing.saga.SagaTimeoutMonitor -- Saga timed out sagaId=SAGA-T1 thresholdSeconds=30 action=COMPENSATE reason=XPIR
23:13:51.153 [main] WARN io.openfednow.processing.saga.SagaTimeoutMonitor -- Saga timed out sagaId=SAGA-T2 thresholdSeconds=30 action=COMPENSATE reason=XPIR
[INFO] Tests run: 10, Failures: 0, Errors: 0, Skipped: 0, Time elapsed: 0.005 s -- in io.openfednow.processing.saga.SagaTimeoutMonitorTest
[INFO] Running io.openfednow.processing.saga.SagaRecoveryServiceTest
23:13:51.156 [main] WARN io.openfednow.processing.saga.SagaRecoveryService -- Saga recovery: found 2 in-flight saga(s) — completing or compensating each
23:13:51.156 [main] INFO io.openfednow.processing.saga.SagaRecoveryService -- Recovering sagaId=SAGA-FAIL fromState=INITIATED sourceRail=FEDNOW
23:13:51.156 [main] ERROR io.openfednow.processing.saga.SagaRecoveryService -- Saga recovery failed for sagaId=SAGA-FAIL — manual intervention required
java.lang.RuntimeException: simulated
	at io.openfednow.processing.saga.SagaRecoveryService.recoverOne(SagaRecoveryService.java:122)
	at io.openfednow.processing.saga.SagaRecoveryService.recoverInflightSagas(SagaRecoveryService.java:92)
	at io.openfednow.processing.saga.SagaRecoveryServiceTest.failureOnOneSagaDoesNotBlockOthers(SagaRecoveryServiceTest.java:132)
	at java.base/jdk.internal.reflect.NativeMethodAccessorImpl.invoke0(Native Method)
	at java.base/jdk.internal.reflect.NativeMethodAccessorImpl.invoke(NativeMethodAccessorImpl.java:77)
	at java.base/jdk.internal.reflect.DelegatingMethodAccessorImpl.invoke(DelegatingMethodAccessorImpl.java:43)
	at java.base/java.lang.reflect.Method.invoke(Method.java:569)
	at org.junit.platform.commons.util.ReflectionUtils.invokeMethod(ReflectionUtils.java:775)
	at org.junit.platform.commons.support.ReflectionSupport.invokeMethod(ReflectionSupport.java:479)
	at org.junit.jupiter.engine.execution.MethodInvocation.proceed(MethodInvocation.java:60)
	at org.junit.jupiter.engine.execution.InvocationInterceptorChain$ValidatingInvocation.proceed(InvocationInterceptorChain.java:131)
	at org.junit.jupiter.engine.extension.TimeoutExtension.intercept(TimeoutExtension.java:161)
	at org.junit.jupiter.engine.extension.TimeoutExtension.interceptTestableMethod(TimeoutExtension.java:152)
	at org.junit.jupiter.engine.extension.TimeoutExtension.interceptTestMethod(TimeoutExtension.java:91)
	at org.junit.jupiter.engine.execution.InterceptingExecutableInvoker$ReflectiveInterceptorCall.lambda$ofVoidMethod$0(InterceptingExecutableInvoker.java:112)
	at org.junit.jupiter.engine.execution.InterceptingExecutableInvoker.lambda$invoke$0(InterceptingExecutableInvoker.java:94)
	at org.junit.jupiter.engine.execution.InvocationInterceptorChain$InterceptedInvocation.proceed(InvocationInterceptorChain.java:106)
	at org.junit.jupiter.engine.execution.InvocationInterceptorChain.proceed(InvocationInterceptorChain.java:64)
	at org.junit.jupiter.engine.execution.InvocationInterceptorChain.chainAndInvoke(InvocationInterceptorChain.java:45)
	at org.junit.jupiter.engine.execution.InvocationInterceptorChain.invoke(InvocationInterceptorChain.java:37)
	at org.junit.jupiter.engine.execution.InterceptingExecutableInvoker.invoke(InterceptingExecutableInvoker.java:93)
	at org.junit.jupiter.engine.execution.InterceptingExecutableInvoker.invoke(InterceptingExecutableInvoker.java:87)
	at org.junit.jupiter.engine.descriptor.TestMethodTestDescriptor.lambda$invokeTestMethod$7(TestMethodTestDescriptor.java:216)
	at org.junit.platform.engine.support.hierarchical.ThrowableCollector.execute(ThrowableCollector.java:73)
	at org.junit.jupiter.engine.descriptor.TestMethodTestDescriptor.invokeTestMethod(TestMethodTestDescriptor.java:212)
	at org.junit.jupiter.engine.descriptor.TestMethodTestDescriptor.execute(TestMethodTestDescriptor.java:137)
	at org.junit.jupiter.engine.descriptor.TestMethodTestDescriptor.execute(TestMethodTestDescriptor.java:69)
	at org.junit.platform.engine.support.hierarchical.NodeTestTask.lambda$executeRecursively$6(NodeTestTask.java:156)
	at org.junit.platform.engine.support.hierarchical.ThrowableCollector.execute(ThrowableCollector.java:73)
	at org.junit.platform.engine.support.hierarchical.NodeTestTask.lambda$executeRecursively$8(NodeTestTask.java:146)
	at org.junit.platform.engine.support.hierarchical.Node.around(Node.java:137)
	at org.junit.platform.engine.support.hierarchical.NodeTestTask.lambda$executeRecursively$9(NodeTestTask.java:144)
	at org.junit.platform.engine.support.hierarchical.ThrowableCollector.execute(ThrowableCollector.java:73)
	at org.junit.platform.engine.support.hierarchical.NodeTestTask.executeRecursively(NodeTestTask.java:143)
	at org.junit.platform.engine.support.hierarchical.NodeTestTask.execute(NodeTestTask.java:100)
	at java.base/java.util.ArrayList.forEach(ArrayList.java:1511)
	at org.junit.platform.engine.support.hierarchical.SameThreadHierarchicalTestExecutorService.invokeAll(SameThreadHierarchicalTestExecutorService.java:41)
	at org.junit.platform.engine.support.hierarchical.NodeTestTask.lambda$executeRecursively$6(NodeTestTask.java:160)
	at org.junit.platform.engine.support.hierarchical.ThrowableCollector.execute(ThrowableCollector.java:73)
	at org.junit.platform.engine.support.hierarchical.NodeTestTask.lambda$executeRecursively$8(NodeTestTask.java:146)
	at org.junit.platform.engine.support.hierarchical.Node.around(Node.java:137)
	at org.junit.platform.engine.support.hierarchical.NodeTestTask.lambda$executeRecursively$9(NodeTestTask.java:144)
	at org.junit.platform.engine.support.hierarchical.ThrowableCollector.execute(ThrowableCollector.java:73)
	at org.junit.platform.engine.support.hierarchical.NodeTestTask.executeRecursively(NodeTestTask.java:143)
	at org.junit.platform.engine.support.hierarchical.NodeTestTask.execute(NodeTestTask.java:100)
	at java.base/java.util.ArrayList.forEach(ArrayList.java:1511)
	at org.junit.platform.engine.support.hierarchical.SameThreadHierarchicalTestExecutorService.invokeAll(SameThreadHierarchicalTestExecutorService.java:41)
	at org.junit.platform.engine.support.hierarchical.NodeTestTask.lambda$executeRecursively$6(NodeTestTask.java:160)
	at org.junit.platform.engine.support.hierarchical.ThrowableCollector.execute(ThrowableCollector.java:73)
	at org.junit.platform.engine.support.hierarchical.NodeTestTask.lambda$executeRecursively$8(NodeTestTask.java:146)
	at org.junit.platform.engine.support.hierarchical.Node.around(Node.java:137)
	at org.junit.platform.engine.support.hierarchical.NodeTestTask.lambda$executeRecursively$9(NodeTestTask.java:144)
	at org.junit.platform.engine.support.hierarchical.ThrowableCollector.execute(ThrowableCollector.java:73)
	at org.junit.platform.engine.support.hierarchical.NodeTestTask.executeRecursively(NodeTestTask.java:143)
	at org.junit.platform.engine.support.hierarchical.NodeTestTask.execute(NodeTestTask.java:100)
	at org.junit.platform.engine.support.hierarchical.SameThreadHierarchicalTestExecutorService.submit(SameThreadHierarchicalTestExecutorService.java:35)
	at org.junit.platform.engine.support.hierarchical.HierarchicalTestExecutor.execute(HierarchicalTestExecutor.java:57)
	at org.junit.platform.engine.support.hierarchical.HierarchicalTestEngine.execute(HierarchicalTestEngine.java:54)
	at org.junit.platform.launcher.core.EngineExecutionOrchestrator.execute(EngineExecutionOrchestrator.java:201)
	at org.junit.platform.launcher.core.EngineExecutionOrchestrator.execute(EngineExecutionOrchestrator.java:170)
	at org.junit.platform.launcher.core.EngineExecutionOrchestrator.execute(EngineExecutionOrchestrator.java:94)
	at org.junit.platform.launcher.core.EngineExecutionOrchestrator.lambda$execute$0(EngineExecutionOrchestrator.java:59)
	at org.junit.platform.launcher.core.EngineExecutionOrchestrator.withInterceptedStreams(EngineExecutionOrchestrator.java:142)
	at org.junit.platform.launcher.core.EngineExecutionOrchestrator.execute(EngineExecutionOrchestrator.java:58)
	at org.junit.platform.launcher.core.DefaultLauncher.execute(DefaultLauncher.java:103)
	at org.junit.platform.launcher.core.DefaultLauncher.execute(DefaultLauncher.java:85)
	at org.junit.platform.launcher.core.DelegatingLauncher.execute(DelegatingLauncher.java:47)
	at org.junit.platform.launcher.core.InterceptingLauncher.lambda$execute$1(InterceptingLauncher.java:39)
	at org.junit.platform.launcher.core.ClasspathAlignmentCheckingLauncherInterceptor.intercept(ClasspathAlignmentCheckingLauncherInterceptor.java:25)
	at org.junit.platform.launcher.core.InterceptingLauncher.execute(InterceptingLauncher.java:38)
	at org.junit.platform.launcher.core.DelegatingLauncher.execute(DelegatingLauncher.java:47)
	at org.apache.maven.surefire.junitplatform.LauncherAdapter.executeWithoutCancellationToken(LauncherAdapter.java:60)
	at org.apache.maven.surefire.junitplatform.LauncherAdapter.execute(LauncherAdapter.java:52)
	at org.apache.maven.surefire.junitplatform.JUnitPlatformProvider.execute(JUnitPlatformProvider.java:203)
	at org.apache.maven.surefire.junitplatform.JUnitPlatformProvider.invokeAllTests(JUnitPlatformProvider.java:168)
	at org.apache.maven.surefire.junitplatform.JUnitPlatformProvider.invoke(JUnitPlatformProvider.java:136)
	at org.apache.maven.surefire.booter.ForkedBooter.runSuitesInProcess(ForkedBooter.java:385)
	at org.apache.maven.surefire.booter.ForkedBooter.execute(ForkedBooter.java:162)
	at org.apache.maven.surefire.booter.ForkedBooter.run(ForkedBooter.java:507)
	at org.apache.maven.surefire.booter.ForkedBooter.main(ForkedBooter.java:495)
23:13:51.156 [main] INFO io.openfednow.processing.saga.SagaRecoveryService -- Recovering sagaId=SAGA-OK fromState=INITIATED sourceRail=FEDNOW
23:13:51.156 [main] INFO io.openfednow.processing.saga.SagaRecoveryService -- Saga recovery complete: 1 of 2 saga(s) processed
23:13:51.157 [main] WARN io.openfednow.processing.saga.SagaRecoveryService -- Saga recovery: found 1 in-flight saga(s) — completing or compensating each
23:13:51.157 [main] INFO io.openfednow.processing.saga.SagaRecoveryService -- Recovering sagaId=SAGA-C fromState=CORE_SUBMITTED sourceRail=FEDNOW
23:13:51.157 [main] INFO io.openfednow.processing.saga.SagaRecoveryService -- Saga recovery complete: 1 of 1 saga(s) processed
23:13:51.157 [main] WARN io.openfednow.processing.saga.SagaRecoveryService -- Saga recovery: found 1 in-flight saga(s) — completing or compensating each
23:13:51.157 [main] INFO io.openfednow.processing.saga.SagaRecoveryService -- Recovering sagaId=SAGA-E fromState=COMPENSATING sourceRail=FEDNOW
23:13:51.157 [main] INFO io.openfednow.processing.saga.SagaRecoveryService -- Saga recovery complete: 1 of 1 saga(s) processed
23:13:51.157 [main] WARN io.openfednow.processing.saga.SagaRecoveryService -- Saga recovery: found 1 in-flight saga(s) — completing or compensating each
23:13:51.158 [main] INFO io.openfednow.processing.saga.SagaRecoveryService -- Recovering sagaId=SAGA-D fromState=FEDNOW_CONFIRMED sourceRail=FEDNOW
23:13:51.158 [main] INFO io.openfednow.processing.saga.SagaRecoveryService -- Saga recovery complete: 1 of 1 saga(s) processed
23:13:51.158 [main] WARN io.openfednow.processing.saga.SagaRecoveryService -- Saga recovery: found 1 in-flight saga(s) — completing or compensating each
23:13:51.158 [main] INFO io.openfednow.processing.saga.SagaRecoveryService -- Recovering sagaId=SAGA-B fromState=FUNDS_RESERVED sourceRail=FEDNOW
23:13:51.158 [main] INFO io.openfednow.processing.saga.SagaRecoveryService -- Saga recovery complete: 1 of 1 saga(s) processed
23:13:51.158 [main] INFO io.openfednow.processing.saga.SagaRecoveryService -- Saga recovery: no in-flight sagas found at startup
23:13:51.159 [main] WARN io.openfednow.processing.saga.SagaRecoveryService -- Saga recovery: found 2 in-flight saga(s) — completing or compensating each
23:13:51.159 [main] INFO io.openfednow.processing.saga.SagaRecoveryService -- Recovering sagaId=SAGA-INIT fromState=INITIATED sourceRail=FEDNOW
23:13:51.159 [main] INFO io.openfednow.processing.saga.SagaRecoveryService -- Recovering sagaId=SAGA-CONF fromState=FEDNOW_CONFIRMED sourceRail=FEDNOW
23:13:51.159 [main] INFO io.openfednow.processing.saga.SagaRecoveryService -- Saga recovery complete: 2 of 2 saga(s) processed
23:13:51.160 [main] WARN io.openfednow.processing.saga.SagaRecoveryService -- Saga recovery: found 1 in-flight saga(s) — completing or compensating each
23:13:51.160 [main] INFO io.openfednow.processing.saga.SagaRecoveryService -- Recovering sagaId=SAGA-A fromState=INITIATED sourceRail=FEDNOW
23:13:51.160 [main] INFO io.openfednow.processing.saga.SagaRecoveryService -- Saga recovery complete: 1 of 1 saga(s) processed
[INFO] Tests run: 8, Failures: 0, Errors: 0, Skipped: 0, Time elapsed: 0.005 s -- in io.openfednow.processing.saga.SagaRecoveryServiceTest
[INFO] Running io.openfednow.OpenFedNowApplicationTests
[INFO] Tests run: 5, Failures: 0, Errors: 0, Skipped: 0, Time elapsed: 0.002 s -- in io.openfednow.OpenFedNowApplicationTests
[INFO] Running io.openfednow.PaymentSagaStateTest
[INFO] Tests run: 13, Failures: 0, Errors: 0, Skipped: 0, Time elapsed: 0.002 s -- in io.openfednow.PaymentSagaStateTest
[INFO] Running io.openfednow.simulator.FedNowSimulatorTest
23:13:51.403 [main] INFO io.openfednow.gateway.HttpFedNowClient -- Submitting pacs.008 to FedNow endpoint=http://localhost:64372/transfers
23:13:51.466 [main] INFO io.openfednow.gateway.HttpFedNowClient -- Submitting pacs.008 to FedNow endpoint=http://localhost:64372/transfers
23:13:51.472 [main] INFO io.openfednow.gateway.HttpFedNowClient -- Submitting pacs.008 to FedNow endpoint=http://localhost:64372/transfers
23:13:52.482 [main] INFO io.openfednow.gateway.HttpFedNowClient -- Submitting pacs.008 to FedNow endpoint=http://localhost:64372/transfers
23:13:52.501 [main] INFO io.openfednow.gateway.HttpFedNowClient -- Submitting pacs.008 to FedNow endpoint=http://localhost:64372/transfers
23:13:52.508 [main] INFO io.openfednow.gateway.HttpFedNowClient -- Submitting pacs.008 to FedNow endpoint=http://localhost:64372/transfers
23:13:52.513 [main] INFO io.openfednow.gateway.HttpFedNowClient -- Submitting pacs.008 to FedNow endpoint=http://localhost:64372/transfers
[INFO] Tests run: 7, Failures: 0, Errors: 0, Skipped: 0, Time elapsed: 1.866 s -- in io.openfednow.simulator.FedNowSimulatorTest
[INFO] Running io.openfednow.db.FlywayMigrationTest
23:13:53.047 [main] INFO org.flywaydb.core.FlywayExecutor -- Database: jdbc:h2:mem:flyway_test (H2 2.3)
23:13:53.051 [main] INFO org.flywaydb.core.internal.schemahistory.JdbcTableSchemaHistory -- Schema history table "public"."flyway_schema_history" does not exist yet
23:13:53.051 [main] INFO org.flywaydb.core.internal.command.DbValidate -- Successfully validated 10 migrations (execution time 00:00.002s)
23:13:53.052 [main] INFO org.flywaydb.core.internal.schemahistory.JdbcTableSchemaHistory -- Creating Schema History table "public"."flyway_schema_history" ...
23:13:53.054 [main] INFO org.flywaydb.core.internal.command.DbMigrate -- Current version of schema "public": << Empty Schema >>
23:13:53.057 [main] INFO org.flywaydb.core.internal.command.DbMigrate -- Migrating schema "public" to version "1 - create shadow ledger transaction log"
23:13:53.061 [main] INFO org.flywaydb.core.internal.command.DbMigrate -- Migrating schema "public" to version "2 - create saga state"
23:13:53.064 [main] INFO org.flywaydb.core.internal.command.DbMigrate -- Migrating schema "public" to version "3 - create idempotency keys"
23:13:53.066 [main] INFO org.flywaydb.core.internal.command.DbMigrate -- Migrating schema "public" to version "4 - create reconciliation run"
23:13:53.069 [main] INFO org.flywaydb.core.internal.command.DbMigrate -- Migrating schema "public" to version "5 - add source rail to saga state"
23:13:53.073 [main] INFO org.flywaydb.core.internal.command.DbMigrate -- Migrating schema "public" to version "6 - create admin audit log"
23:13:53.075 [main] INFO org.flywaydb.core.internal.command.DbMigrate -- Migrating schema "public" to version "7 - add request id correlation"
23:13:53.080 [main] INFO org.flywaydb.core.internal.command.DbMigrate -- Migrating schema "public" to version "8 - outbound submission uncertainty"
23:13:53.081 [main] INFO org.flywaydb.core.internal.command.DbMigrate -- Migrating schema "public" to version "9 - create reliable payment reference"
23:13:53.087 [main] INFO org.flywaydb.core.internal.command.DbMigrate -- Migrating schema "public" to version "10 - synthetic async core ack"
23:13:53.090 [main] INFO org.flywaydb.core.internal.command.DbMigrate -- Successfully applied 10 migrations to schema "public", now at version v10 (execution time 00:00.015s)
23:13:53.118 [main] INFO org.flywaydb.core.FlywayExecutor -- Database: jdbc:h2:mem:flyway_test (H2 2.3)
23:13:53.133 [main] INFO org.flywaydb.core.FlywayExecutor -- Database: jdbc:h2:mem:flyway_test (H2 2.3)
[INFO] Tests run: 23, Failures: 0, Errors: 0, Skipped: 0, Time elapsed: 0.105 s -- in io.openfednow.db.FlywayMigrationTest
[INFO] Running io.openfednow.iso20022.Pacs004MessageTest
[INFO] Tests run: 11, Failures: 0, Errors: 0, Skipped: 0, Time elapsed: 0.004 s -- in io.openfednow.iso20022.Pacs004MessageTest
[INFO] Running io.openfednow.iso20022.Camt029MessageTest
[INFO] Tests run: 15, Failures: 0, Errors: 0, Skipped: 0, Time elapsed: 0.002 s -- in io.openfednow.iso20022.Camt029MessageTest
[INFO] Running io.openfednow.iso20022.Camt056MessageTest
[INFO] Tests run: 10, Failures: 0, Errors: 0, Skipped: 0, Time elapsed: 0.002 s -- in io.openfednow.iso20022.Camt056MessageTest
[INFO] Running io.openfednow.events.KafkaPaymentEventPublisherTest
[INFO] Tests run: 8, Failures: 0, Errors: 0, Skipped: 0, Time elapsed: 0.036 s -- in io.openfednow.events.KafkaPaymentEventPublisherTest
[INFO] Running io.openfednow.events.KafkaPaymentEventPublisherDlqTest
23:13:53.188 [main] WARN io.openfednow.events.KafkaPaymentEventPublisher -- Kafka publish failed type=INBOUND_CREDIT_APPLIED txn=TXN-METRIC-1 topic=test.topic — routing to DLQ
java.lang.RuntimeException: boom
	at io.openfednow.events.KafkaPaymentEventPublisherDlqTest.lambda$failureCounterIncrementsOnPrimaryPublishFailure$3(KafkaPaymentEventPublisherDlqTest.java:125)
	at org.mockito.internal.stubbing.StubbedInvocationMatcher.answer(StubbedInvocationMatcher.java:42)
	at org.mockito.internal.handler.MockHandlerImpl.handle(MockHandlerImpl.java:103)
	at org.mockito.internal.handler.NullResultGuardian.handle(NullResultGuardian.java:29)
	at org.mockito.internal.handler.InvocationNotifierHandler.handle(InvocationNotifierHandler.java:34)
	at org.mockito.internal.creation.bytebuddy.access.MockMethodInterceptor.doIntercept(MockMethodInterceptor.java:84)
	at org.mockito.internal.creation.bytebuddy.access.MockMethodInterceptor.doIntercept(MockMethodInterceptor.java:58)
	at org.mockito.internal.creation.bytebuddy.access.MockMethodInterceptor$DispatcherDefaultingToRealMethod.interceptSuperCallable(MockMethodInterceptor.java:147)
	at org.springframework.kafka.core.KafkaTemplate$MockitoMock$moG7BfTN.send(Unknown Source)
	at io.openfednow.events.KafkaPaymentEventPublisher.publish(KafkaPaymentEventPublisher.java:127)
	at io.openfednow.events.KafkaPaymentEventPublisherDlqTest.failureCounterIncrementsOnPrimaryPublishFailure(KafkaPaymentEventPublisherDlqTest.java:129)
	at java.base/jdk.internal.reflect.NativeMethodAccessorImpl.invoke0(Native Method)
	at java.base/jdk.internal.reflect.NativeMethodAccessorImpl.invoke(NativeMethodAccessorImpl.java:77)
	at java.base/jdk.internal.reflect.DelegatingMethodAccessorImpl.invoke(DelegatingMethodAccessorImpl.java:43)
	at java.base/java.lang.reflect.Method.invoke(Method.java:569)
	at org.junit.platform.commons.util.ReflectionUtils.invokeMethod(ReflectionUtils.java:775)
	at org.junit.platform.commons.support.ReflectionSupport.invokeMethod(ReflectionSupport.java:479)
	at org.junit.jupiter.engine.execution.MethodInvocation.proceed(MethodInvocation.java:60)
	at org.junit.jupiter.engine.execution.InvocationInterceptorChain$ValidatingInvocation.proceed(InvocationInterceptorChain.java:131)
	at org.junit.jupiter.engine.extension.TimeoutExtension.intercept(TimeoutExtension.java:161)
	at org.junit.jupiter.engine.extension.TimeoutExtension.interceptTestableMethod(TimeoutExtension.java:152)
	at org.junit.jupiter.engine.extension.TimeoutExtension.interceptTestMethod(TimeoutExtension.java:91)
	at org.junit.jupiter.engine.execution.InterceptingExecutableInvoker$ReflectiveInterceptorCall.lambda$ofVoidMethod$0(InterceptingExecutableInvoker.java:112)
	at org.junit.jupiter.engine.execution.InterceptingExecutableInvoker.lambda$invoke$0(InterceptingExecutableInvoker.java:94)
	at org.junit.jupiter.engine.execution.InvocationInterceptorChain$InterceptedInvocation.proceed(InvocationInterceptorChain.java:106)
	at org.junit.jupiter.engine.execution.InvocationInterceptorChain.proceed(InvocationInterceptorChain.java:64)
	at org.junit.jupiter.engine.execution.InvocationInterceptorChain.chainAndInvoke(InvocationInterceptorChain.java:45)
	at org.junit.jupiter.engine.execution.InvocationInterceptorChain.invoke(InvocationInterceptorChain.java:37)
	at org.junit.jupiter.engine.execution.InterceptingExecutableInvoker.invoke(InterceptingExecutableInvoker.java:93)
	at org.junit.jupiter.engine.execution.InterceptingExecutableInvoker.invoke(InterceptingExecutableInvoker.java:87)
	at org.junit.jupiter.engine.descriptor.TestMethodTestDescriptor.lambda$invokeTestMethod$7(TestMethodTestDescriptor.java:216)
	at org.junit.platform.engine.support.hierarchical.ThrowableCollector.execute(ThrowableCollector.java:73)
	at org.junit.jupiter.engine.descriptor.TestMethodTestDescriptor.invokeTestMethod(TestMethodTestDescriptor.java:212)
	at org.junit.jupiter.engine.descriptor.TestMethodTestDescriptor.execute(TestMethodTestDescriptor.java:137)
	at org.junit.jupiter.engine.descriptor.TestMethodTestDescriptor.execute(TestMethodTestDescriptor.java:69)
	at org.junit.platform.engine.support.hierarchical.NodeTestTask.lambda$executeRecursively$6(NodeTestTask.java:156)
	at org.junit.platform.engine.support.hierarchical.ThrowableCollector.execute(ThrowableCollector.java:73)
	at org.junit.platform.engine.support.hierarchical.NodeTestTask.lambda$executeRecursively$8(NodeTestTask.java:146)
	at org.junit.platform.engine.support.hierarchical.Node.around(Node.java:137)
	at org.junit.platform.engine.support.hierarchical.NodeTestTask.lambda$executeRecursively$9(NodeTestTask.java:144)
	at org.junit.platform.engine.support.hierarchical.ThrowableCollector.execute(ThrowableCollector.java:73)
	at org.junit.platform.engine.support.hierarchical.NodeTestTask.executeRecursively(NodeTestTask.java:143)
	at org.junit.platform.engine.support.hierarchical.NodeTestTask.execute(NodeTestTask.java:100)
	at java.base/java.util.ArrayList.forEach(ArrayList.java:1511)
	at org.junit.platform.engine.support.hierarchical.SameThreadHierarchicalTestExecutorService.invokeAll(SameThreadHierarchicalTestExecutorService.java:41)
	at org.junit.platform.engine.support.hierarchical.NodeTestTask.lambda$executeRecursively$6(NodeTestTask.java:160)
	at org.junit.platform.engine.support.hierarchical.ThrowableCollector.execute(ThrowableCollector.java:73)
	at org.junit.platform.engine.support.hierarchical.NodeTestTask.lambda$executeRecursively$8(NodeTestTask.java:146)
	at org.junit.platform.engine.support.hierarchical.Node.around(Node.java:137)
	at org.junit.platform.engine.support.hierarchical.NodeTestTask.lambda$executeRecursively$9(NodeTestTask.java:144)
	at org.junit.platform.engine.support.hierarchical.ThrowableCollector.execute(ThrowableCollector.java:73)
	at org.junit.platform.engine.support.hierarchical.NodeTestTask.executeRecursively(NodeTestTask.java:143)
	at org.junit.platform.engine.support.hierarchical.NodeTestTask.execute(NodeTestTask.java:100)
	at java.base/java.util.ArrayList.forEach(ArrayList.java:1511)
	at org.junit.platform.engine.support.hierarchical.SameThreadHierarchicalTestExecutorService.invokeAll(SameThreadHierarchicalTestExecutorService.java:41)
	at org.junit.platform.engine.support.hierarchical.NodeTestTask.lambda$executeRecursively$6(NodeTestTask.java:160)
	at org.junit.platform.engine.support.hierarchical.ThrowableCollector.execute(ThrowableCollector.java:73)
	at org.junit.platform.engine.support.hierarchical.NodeTestTask.lambda$executeRecursively$8(NodeTestTask.java:146)
	at org.junit.platform.engine.support.hierarchical.Node.around(Node.java:137)
	at org.junit.platform.engine.support.hierarchical.NodeTestTask.lambda$executeRecursively$9(NodeTestTask.java:144)
	at org.junit.platform.engine.support.hierarchical.ThrowableCollector.execute(ThrowableCollector.java:73)
	at org.junit.platform.engine.support.hierarchical.NodeTestTask.executeRecursively(NodeTestTask.java:143)
	at org.junit.platform.engine.support.hierarchical.NodeTestTask.execute(NodeTestTask.java:100)
	at org.junit.platform.engine.support.hierarchical.SameThreadHierarchicalTestExecutorService.submit(SameThreadHierarchicalTestExecutorService.java:35)
	at org.junit.platform.engine.support.hierarchical.HierarchicalTestExecutor.execute(HierarchicalTestExecutor.java:57)
	at org.junit.platform.engine.support.hierarchical.HierarchicalTestEngine.execute(HierarchicalTestEngine.java:54)
	at org.junit.platform.launcher.core.EngineExecutionOrchestrator.execute(EngineExecutionOrchestrator.java:201)
	at org.junit.platform.launcher.core.EngineExecutionOrchestrator.execute(EngineExecutionOrchestrator.java:170)
	at org.junit.platform.launcher.core.EngineExecutionOrchestrator.execute(EngineExecutionOrchestrator.java:94)
	at org.junit.platform.launcher.core.EngineExecutionOrchestrator.lambda$execute$0(EngineExecutionOrchestrator.java:59)
	at org.junit.platform.launcher.core.EngineExecutionOrchestrator.withInterceptedStreams(EngineExecutionOrchestrator.java:142)
	at org.junit.platform.launcher.core.EngineExecutionOrchestrator.execute(EngineExecutionOrchestrator.java:58)
	at org.junit.platform.launcher.core.DefaultLauncher.execute(DefaultLauncher.java:103)
	at org.junit.platform.launcher.core.DefaultLauncher.execute(DefaultLauncher.java:85)
	at org.junit.platform.launcher.core.DelegatingLauncher.execute(DelegatingLauncher.java:47)
	at org.junit.platform.launcher.core.InterceptingLauncher.lambda$execute$1(InterceptingLauncher.java:39)
	at org.junit.platform.launcher.core.ClasspathAlignmentCheckingLauncherInterceptor.intercept(ClasspathAlignmentCheckingLauncherInterceptor.java:25)
	at org.junit.platform.launcher.core.InterceptingLauncher.execute(InterceptingLauncher.java:38)
	at org.junit.platform.launcher.core.DelegatingLauncher.execute(DelegatingLauncher.java:47)
	at org.apache.maven.surefire.junitplatform.LauncherAdapter.executeWithoutCancellationToken(LauncherAdapter.java:60)
	at org.apache.maven.surefire.junitplatform.LauncherAdapter.execute(LauncherAdapter.java:52)
	at org.apache.maven.surefire.junitplatform.JUnitPlatformProvider.execute(JUnitPlatformProvider.java:203)
	at org.apache.maven.surefire.junitplatform.JUnitPlatformProvider.invokeAllTests(JUnitPlatformProvider.java:168)
	at org.apache.maven.surefire.junitplatform.JUnitPlatformProvider.invoke(JUnitPlatformProvider.java:136)
	at org.apache.maven.surefire.booter.ForkedBooter.runSuitesInProcess(ForkedBooter.java:385)
	at org.apache.maven.surefire.booter.ForkedBooter.execute(ForkedBooter.java:162)
	at org.apache.maven.surefire.booter.ForkedBooter.run(ForkedBooter.java:507)
	at org.apache.maven.surefire.booter.ForkedBooter.main(ForkedBooter.java:495)
23:13:53.188 [main] INFO io.openfednow.events.KafkaPaymentEventPublisher -- PaymentEvent routed to DLQ type=INBOUND_CREDIT_APPLIED txn=TXN-METRIC-1 dlqTopic=test.topic.dlq
23:13:53.189 [main] WARN io.openfednow.events.KafkaPaymentEventPublisher -- Kafka publish failed type=INBOUND_CREDIT_APPLIED txn=TXN-DLQ-HDR topic=test.topic — routing to DLQ
java.lang.RuntimeException: out of connections
	at io.openfednow.events.KafkaPaymentEventPublisherDlqTest.lambda$dlqRecordCarriesOriginalTopicAndReasonHeaders$1(KafkaPaymentEventPublisherDlqTest.java:84)
	at org.mockito.internal.stubbing.StubbedInvocationMatcher.answer(StubbedInvocationMatcher.java:42)
	at org.mockito.internal.handler.MockHandlerImpl.handle(MockHandlerImpl.java:103)
	at org.mockito.internal.handler.NullResultGuardian.handle(NullResultGuardian.java:29)
	at org.mockito.internal.handler.InvocationNotifierHandler.handle(InvocationNotifierHandler.java:34)
	at org.mockito.internal.creation.bytebuddy.access.MockMethodInterceptor.doIntercept(MockMethodInterceptor.java:84)
	at org.mockito.internal.creation.bytebuddy.access.MockMethodInterceptor.doIntercept(MockMethodInterceptor.java:58)
	at org.mockito.internal.creation.bytebuddy.access.MockMethodInterceptor$DispatcherDefaultingToRealMethod.interceptSuperCallable(MockMethodInterceptor.java:147)
	at org.springframework.kafka.core.KafkaTemplate$MockitoMock$moG7BfTN.send(Unknown Source)
	at io.openfednow.events.KafkaPaymentEventPublisher.publish(KafkaPaymentEventPublisher.java:127)
	at io.openfednow.events.KafkaPaymentEventPublisherDlqTest.dlqRecordCarriesOriginalTopicAndReasonHeaders(KafkaPaymentEventPublisherDlqTest.java:88)
	at java.base/jdk.internal.reflect.NativeMethodAccessorImpl.invoke0(Native Method)
	at java.base/jdk.internal.reflect.NativeMethodAccessorImpl.invoke(NativeMethodAccessorImpl.java:77)
	at java.base/jdk.internal.reflect.DelegatingMethodAccessorImpl.invoke(DelegatingMethodAccessorImpl.java:43)
	at java.base/java.lang.reflect.Method.invoke(Method.java:569)
	at org.junit.platform.commons.util.ReflectionUtils.invokeMethod(ReflectionUtils.java:775)
	at org.junit.platform.commons.support.ReflectionSupport.invokeMethod(ReflectionSupport.java:479)
	at org.junit.jupiter.engine.execution.MethodInvocation.proceed(MethodInvocation.java:60)
	at org.junit.jupiter.engine.execution.InvocationInterceptorChain$ValidatingInvocation.proceed(InvocationInterceptorChain.java:131)
	at org.junit.jupiter.engine.extension.TimeoutExtension.intercept(TimeoutExtension.java:161)
	at org.junit.jupiter.engine.extension.TimeoutExtension.interceptTestableMethod(TimeoutExtension.java:152)
	at org.junit.jupiter.engine.extension.TimeoutExtension.interceptTestMethod(TimeoutExtension.java:91)
	at org.junit.jupiter.engine.execution.InterceptingExecutableInvoker$ReflectiveInterceptorCall.lambda$ofVoidMethod$0(InterceptingExecutableInvoker.java:112)
	at org.junit.jupiter.engine.execution.InterceptingExecutableInvoker.lambda$invoke$0(InterceptingExecutableInvoker.java:94)
	at org.junit.jupiter.engine.execution.InvocationInterceptorChain$InterceptedInvocation.proceed(InvocationInterceptorChain.java:106)
	at org.junit.jupiter.engine.execution.InvocationInterceptorChain.proceed(InvocationInterceptorChain.java:64)
	at org.junit.jupiter.engine.execution.InvocationInterceptorChain.chainAndInvoke(InvocationInterceptorChain.java:45)
	at org.junit.jupiter.engine.execution.InvocationInterceptorChain.invoke(InvocationInterceptorChain.java:37)
	at org.junit.jupiter.engine.execution.InterceptingExecutableInvoker.invoke(InterceptingExecutableInvoker.java:93)
	at org.junit.jupiter.engine.execution.InterceptingExecutableInvoker.invoke(InterceptingExecutableInvoker.java:87)
	at org.junit.jupiter.engine.descriptor.TestMethodTestDescriptor.lambda$invokeTestMethod$7(TestMethodTestDescriptor.java:216)
	at org.junit.platform.engine.support.hierarchical.ThrowableCollector.execute(ThrowableCollector.java:73)
	at org.junit.jupiter.engine.descriptor.TestMethodTestDescriptor.invokeTestMethod(TestMethodTestDescriptor.java:212)
	at org.junit.jupiter.engine.descriptor.TestMethodTestDescriptor.execute(TestMethodTestDescriptor.java:137)
	at org.junit.jupiter.engine.descriptor.TestMethodTestDescriptor.execute(TestMethodTestDescriptor.java:69)
	at org.junit.platform.engine.support.hierarchical.NodeTestTask.lambda$executeRecursively$6(NodeTestTask.java:156)
	at org.junit.platform.engine.support.hierarchical.ThrowableCollector.execute(ThrowableCollector.java:73)
	at org.junit.platform.engine.support.hierarchical.NodeTestTask.lambda$executeRecursively$8(NodeTestTask.java:146)
	at org.junit.platform.engine.support.hierarchical.Node.around(Node.java:137)
	at org.junit.platform.engine.support.hierarchical.NodeTestTask.lambda$executeRecursively$9(NodeTestTask.java:144)
	at org.junit.platform.engine.support.hierarchical.ThrowableCollector.execute(ThrowableCollector.java:73)
	at org.junit.platform.engine.support.hierarchical.NodeTestTask.executeRecursively(NodeTestTask.java:143)
	at org.junit.platform.engine.support.hierarchical.NodeTestTask.execute(NodeTestTask.java:100)
	at java.base/java.util.ArrayList.forEach(ArrayList.java:1511)
	at org.junit.platform.engine.support.hierarchical.SameThreadHierarchicalTestExecutorService.invokeAll(SameThreadHierarchicalTestExecutorService.java:41)
	at org.junit.platform.engine.support.hierarchical.NodeTestTask.lambda$executeRecursively$6(NodeTestTask.java:160)
	at org.junit.platform.engine.support.hierarchical.ThrowableCollector.execute(ThrowableCollector.java:73)
	at org.junit.platform.engine.support.hierarchical.NodeTestTask.lambda$executeRecursively$8(NodeTestTask.java:146)
	at org.junit.platform.engine.support.hierarchical.Node.around(Node.java:137)
	at org.junit.platform.engine.support.hierarchical.NodeTestTask.lambda$executeRecursively$9(NodeTestTask.java:144)
	at org.junit.platform.engine.support.hierarchical.ThrowableCollector.execute(ThrowableCollector.java:73)
	at org.junit.platform.engine.support.hierarchical.NodeTestTask.executeRecursively(NodeTestTask.java:143)
	at org.junit.platform.engine.support.hierarchical.NodeTestTask.execute(NodeTestTask.java:100)
	at java.base/java.util.ArrayList.forEach(ArrayList.java:1511)
	at org.junit.platform.engine.support.hierarchical.SameThreadHierarchicalTestExecutorService.invokeAll(SameThreadHierarchicalTestExecutorService.java:41)
	at org.junit.platform.engine.support.hierarchical.NodeTestTask.lambda$executeRecursively$6(NodeTestTask.java:160)
	at org.junit.platform.engine.support.hierarchical.ThrowableCollector.execute(ThrowableCollector.java:73)
	at org.junit.platform.engine.support.hierarchical.NodeTestTask.lambda$executeRecursively$8(NodeTestTask.java:146)
	at org.junit.platform.engine.support.hierarchical.Node.around(Node.java:137)
	at org.junit.platform.engine.support.hierarchical.NodeTestTask.lambda$executeRecursively$9(NodeTestTask.java:144)
	at org.junit.platform.engine.support.hierarchical.ThrowableCollector.execute(ThrowableCollector.java:73)
	at org.junit.platform.engine.support.hierarchical.NodeTestTask.executeRecursively(NodeTestTask.java:143)
	at org.junit.platform.engine.support.hierarchical.NodeTestTask.execute(NodeTestTask.java:100)
	at org.junit.platform.engine.support.hierarchical.SameThreadHierarchicalTestExecutorService.submit(SameThreadHierarchicalTestExecutorService.java:35)
	at org.junit.platform.engine.support.hierarchical.HierarchicalTestExecutor.execute(HierarchicalTestExecutor.java:57)
	at org.junit.platform.engine.support.hierarchical.HierarchicalTestEngine.execute(HierarchicalTestEngine.java:54)
	at org.junit.platform.launcher.core.EngineExecutionOrchestrator.execute(EngineExecutionOrchestrator.java:201)
	at org.junit.platform.launcher.core.EngineExecutionOrchestrator.execute(EngineExecutionOrchestrator.java:170)
	at org.junit.platform.launcher.core.EngineExecutionOrchestrator.execute(EngineExecutionOrchestrator.java:94)
	at org.junit.platform.launcher.core.EngineExecutionOrchestrator.lambda$execute$0(EngineExecutionOrchestrator.java:59)
	at org.junit.platform.launcher.core.EngineExecutionOrchestrator.withInterceptedStreams(EngineExecutionOrchestrator.java:142)
	at org.junit.platform.launcher.core.EngineExecutionOrchestrator.execute(EngineExecutionOrchestrator.java:58)
	at org.junit.platform.launcher.core.DefaultLauncher.execute(DefaultLauncher.java:103)
	at org.junit.platform.launcher.core.DefaultLauncher.execute(DefaultLauncher.java:85)
	at org.junit.platform.launcher.core.DelegatingLauncher.execute(DelegatingLauncher.java:47)
	at org.junit.platform.launcher.core.InterceptingLauncher.lambda$execute$1(InterceptingLauncher.java:39)
	at org.junit.platform.launcher.core.ClasspathAlignmentCheckingLauncherInterceptor.intercept(ClasspathAlignmentCheckingLauncherInterceptor.java:25)
	at org.junit.platform.launcher.core.InterceptingLauncher.execute(InterceptingLauncher.java:38)
	at org.junit.platform.launcher.core.DelegatingLauncher.execute(DelegatingLauncher.java:47)
	at org.apache.maven.surefire.junitplatform.LauncherAdapter.executeWithoutCancellationToken(LauncherAdapter.java:60)
	at org.apache.maven.surefire.junitplatform.LauncherAdapter.execute(LauncherAdapter.java:52)
	at org.apache.maven.surefire.junitplatform.JUnitPlatformProvider.execute(JUnitPlatformProvider.java:203)
	at org.apache.maven.surefire.junitplatform.JUnitPlatformProvider.invokeAllTests(JUnitPlatformProvider.java:168)
	at org.apache.maven.surefire.junitplatform.JUnitPlatformProvider.invoke(JUnitPlatformProvider.java:136)
	at org.apache.maven.surefire.booter.ForkedBooter.runSuitesInProcess(ForkedBooter.java:385)
	at org.apache.maven.surefire.booter.ForkedBooter.execute(ForkedBooter.java:162)
	at org.apache.maven.surefire.booter.ForkedBooter.run(ForkedBooter.java:507)
	at org.apache.maven.surefire.booter.ForkedBooter.main(ForkedBooter.java:495)
23:13:53.189 [main] INFO io.openfednow.events.KafkaPaymentEventPublisher -- PaymentEvent routed to DLQ type=INBOUND_CREDIT_APPLIED txn=TXN-DLQ-HDR dlqTopic=test.topic.dlq
23:13:53.190 [main] WARN io.openfednow.events.KafkaPaymentEventPublisher -- Kafka publish failed type=INBOUND_CREDIT_APPLIED txn=TXN-METRIC-2 topic=test.topic — routing to DLQ
java.lang.RuntimeException: everything broken
	at io.openfednow.events.KafkaPaymentEventPublisherDlqTest.dlqFailedCounterIncrementsWhenDlqPublishAlsoFails(KafkaPaymentEventPublisherDlqTest.java:140)
	at java.base/jdk.internal.reflect.NativeMethodAccessorImpl.invoke0(Native Method)
	at java.base/jdk.internal.reflect.NativeMethodAccessorImpl.invoke(NativeMethodAccessorImpl.java:77)
	at java.base/jdk.internal.reflect.DelegatingMethodAccessorImpl.invoke(DelegatingMethodAccessorImpl.java:43)
	at java.base/java.lang.reflect.Method.invoke(Method.java:569)
	at org.junit.platform.commons.util.ReflectionUtils.invokeMethod(ReflectionUtils.java:775)
	at org.junit.platform.commons.support.ReflectionSupport.invokeMethod(ReflectionSupport.java:479)
	at org.junit.jupiter.engine.execution.MethodInvocation.proceed(MethodInvocation.java:60)
	at org.junit.jupiter.engine.execution.InvocationInterceptorChain$ValidatingInvocation.proceed(InvocationInterceptorChain.java:131)
	at org.junit.jupiter.engine.extension.TimeoutExtension.intercept(TimeoutExtension.java:161)
	at org.junit.jupiter.engine.extension.TimeoutExtension.interceptTestableMethod(TimeoutExtension.java:152)
	at org.junit.jupiter.engine.extension.TimeoutExtension.interceptTestMethod(TimeoutExtension.java:91)
	at org.junit.jupiter.engine.execution.InterceptingExecutableInvoker$ReflectiveInterceptorCall.lambda$ofVoidMethod$0(InterceptingExecutableInvoker.java:112)
	at org.junit.jupiter.engine.execution.InterceptingExecutableInvoker.lambda$invoke$0(InterceptingExecutableInvoker.java:94)
	at org.junit.jupiter.engine.execution.InvocationInterceptorChain$InterceptedInvocation.proceed(InvocationInterceptorChain.java:106)
	at org.junit.jupiter.engine.execution.InvocationInterceptorChain.proceed(InvocationInterceptorChain.java:64)
	at org.junit.jupiter.engine.execution.InvocationInterceptorChain.chainAndInvoke(InvocationInterceptorChain.java:45)
	at org.junit.jupiter.engine.execution.InvocationInterceptorChain.invoke(InvocationInterceptorChain.java:37)
	at org.junit.jupiter.engine.execution.InterceptingExecutableInvoker.invoke(InterceptingExecutableInvoker.java:93)
	at org.junit.jupiter.engine.execution.InterceptingExecutableInvoker.invoke(InterceptingExecutableInvoker.java:87)
	at org.junit.jupiter.engine.descriptor.TestMethodTestDescriptor.lambda$invokeTestMethod$7(TestMethodTestDescriptor.java:216)
	at org.junit.platform.engine.support.hierarchical.ThrowableCollector.execute(ThrowableCollector.java:73)
	at org.junit.jupiter.engine.descriptor.TestMethodTestDescriptor.invokeTestMethod(TestMethodTestDescriptor.java:212)
	at org.junit.jupiter.engine.descriptor.TestMethodTestDescriptor.execute(TestMethodTestDescriptor.java:137)
	at org.junit.jupiter.engine.descriptor.TestMethodTestDescriptor.execute(TestMethodTestDescriptor.java:69)
	at org.junit.platform.engine.support.hierarchical.NodeTestTask.lambda$executeRecursively$6(NodeTestTask.java:156)
	at org.junit.platform.engine.support.hierarchical.ThrowableCollector.execute(ThrowableCollector.java:73)
	at org.junit.platform.engine.support.hierarchical.NodeTestTask.lambda$executeRecursively$8(NodeTestTask.java:146)
	at org.junit.platform.engine.support.hierarchical.Node.around(Node.java:137)
	at org.junit.platform.engine.support.hierarchical.NodeTestTask.lambda$executeRecursively$9(NodeTestTask.java:144)
	at org.junit.platform.engine.support.hierarchical.ThrowableCollector.execute(ThrowableCollector.java:73)
	at org.junit.platform.engine.support.hierarchical.NodeTestTask.executeRecursively(NodeTestTask.java:143)
	at org.junit.platform.engine.support.hierarchical.NodeTestTask.execute(NodeTestTask.java:100)
	at java.base/java.util.ArrayList.forEach(ArrayList.java:1511)
	at org.junit.platform.engine.support.hierarchical.SameThreadHierarchicalTestExecutorService.invokeAll(SameThreadHierarchicalTestExecutorService.java:41)
	at org.junit.platform.engine.support.hierarchical.NodeTestTask.lambda$executeRecursively$6(NodeTestTask.java:160)
	at org.junit.platform.engine.support.hierarchical.ThrowableCollector.execute(ThrowableCollector.java:73)
	at org.junit.platform.engine.support.hierarchical.NodeTestTask.lambda$executeRecursively$8(NodeTestTask.java:146)
	at org.junit.platform.engine.support.hierarchical.Node.around(Node.java:137)
	at org.junit.platform.engine.support.hierarchical.NodeTestTask.lambda$executeRecursively$9(NodeTestTask.java:144)
	at org.junit.platform.engine.support.hierarchical.ThrowableCollector.execute(ThrowableCollector.java:73)
	at org.junit.platform.engine.support.hierarchical.NodeTestTask.executeRecursively(NodeTestTask.java:143)
	at org.junit.platform.engine.support.hierarchical.NodeTestTask.execute(NodeTestTask.java:100)
	at java.base/java.util.ArrayList.forEach(ArrayList.java:1511)
	at org.junit.platform.engine.support.hierarchical.SameThreadHierarchicalTestExecutorService.invokeAll(SameThreadHierarchicalTestExecutorService.java:41)
	at org.junit.platform.engine.support.hierarchical.NodeTestTask.lambda$executeRecursively$6(NodeTestTask.java:160)
	at org.junit.platform.engine.support.hierarchical.ThrowableCollector.execute(ThrowableCollector.java:73)
	at org.junit.platform.engine.support.hierarchical.NodeTestTask.lambda$executeRecursively$8(NodeTestTask.java:146)
	at org.junit.platform.engine.support.hierarchical.Node.around(Node.java:137)
	at org.junit.platform.engine.support.hierarchical.NodeTestTask.lambda$executeRecursively$9(NodeTestTask.java:144)
	at org.junit.platform.engine.support.hierarchical.ThrowableCollector.execute(ThrowableCollector.java:73)
	at org.junit.platform.engine.support.hierarchical.NodeTestTask.executeRecursively(NodeTestTask.java:143)
	at org.junit.platform.engine.support.hierarchical.NodeTestTask.execute(NodeTestTask.java:100)
	at org.junit.platform.engine.support.hierarchical.SameThreadHierarchicalTestExecutorService.submit(SameThreadHierarchicalTestExecutorService.java:35)
	at org.junit.platform.engine.support.hierarchical.HierarchicalTestExecutor.execute(HierarchicalTestExecutor.java:57)
	at org.junit.platform.engine.support.hierarchical.HierarchicalTestEngine.execute(HierarchicalTestEngine.java:54)
	at org.junit.platform.launcher.core.EngineExecutionOrchestrator.execute(EngineExecutionOrchestrator.java:201)
	at org.junit.platform.launcher.core.EngineExecutionOrchestrator.execute(EngineExecutionOrchestrator.java:170)
	at org.junit.platform.launcher.core.EngineExecutionOrchestrator.execute(EngineExecutionOrchestrator.java:94)
	at org.junit.platform.launcher.core.EngineExecutionOrchestrator.lambda$execute$0(EngineExecutionOrchestrator.java:59)
	at org.junit.platform.launcher.core.EngineExecutionOrchestrator.withInterceptedStreams(EngineExecutionOrchestrator.java:142)
	at org.junit.platform.launcher.core.EngineExecutionOrchestrator.execute(EngineExecutionOrchestrator.java:58)
	at org.junit.platform.launcher.core.DefaultLauncher.execute(DefaultLauncher.java:103)
	at org.junit.platform.launcher.core.DefaultLauncher.execute(DefaultLauncher.java:85)
	at org.junit.platform.launcher.core.DelegatingLauncher.execute(DelegatingLauncher.java:47)
	at org.junit.platform.launcher.core.InterceptingLauncher.lambda$execute$1(InterceptingLauncher.java:39)
	at org.junit.platform.launcher.core.ClasspathAlignmentCheckingLauncherInterceptor.intercept(ClasspathAlignmentCheckingLauncherInterceptor.java:25)
	at org.junit.platform.launcher.core.InterceptingLauncher.execute(InterceptingLauncher.java:38)
	at org.junit.platform.launcher.core.DelegatingLauncher.execute(DelegatingLauncher.java:47)
	at org.apache.maven.surefire.junitplatform.LauncherAdapter.executeWithoutCancellationToken(LauncherAdapter.java:60)
	at org.apache.maven.surefire.junitplatform.LauncherAdapter.execute(LauncherAdapter.java:52)
	at org.apache.maven.surefire.junitplatform.JUnitPlatformProvider.execute(JUnitPlatformProvider.java:203)
	at org.apache.maven.surefire.junitplatform.JUnitPlatformProvider.invokeAllTests(JUnitPlatformProvider.java:168)
	at org.apache.maven.surefire.junitplatform.JUnitPlatformProvider.invoke(JUnitPlatformProvider.java:136)
	at org.apache.maven.surefire.booter.ForkedBooter.runSuitesInProcess(ForkedBooter.java:385)
	at org.apache.maven.surefire.booter.ForkedBooter.execute(ForkedBooter.java:162)
	at org.apache.maven.surefire.booter.ForkedBooter.run(ForkedBooter.java:507)
	at org.apache.maven.surefire.booter.ForkedBooter.main(ForkedBooter.java:495)
23:13:53.190 [main] ERROR io.openfednow.events.KafkaPaymentEventPublisher -- DLQ publish also failed type=INBOUND_CREDIT_APPLIED txn=TXN-METRIC-2 dlqTopic=test.topic.dlq — event dropped
java.lang.RuntimeException: everything broken
	at io.openfednow.events.KafkaPaymentEventPublisherDlqTest.dlqFailedCounterIncrementsWhenDlqPublishAlsoFails(KafkaPaymentEventPublisherDlqTest.java:140)
	at java.base/jdk.internal.reflect.NativeMethodAccessorImpl.invoke0(Native Method)
	at java.base/jdk.internal.reflect.NativeMethodAccessorImpl.invoke(NativeMethodAccessorImpl.java:77)
	at java.base/jdk.internal.reflect.DelegatingMethodAccessorImpl.invoke(DelegatingMethodAccessorImpl.java:43)
	at java.base/java.lang.reflect.Method.invoke(Method.java:569)
	at org.junit.platform.commons.util.ReflectionUtils.invokeMethod(ReflectionUtils.java:775)
	at org.junit.platform.commons.support.ReflectionSupport.invokeMethod(ReflectionSupport.java:479)
	at org.junit.jupiter.engine.execution.MethodInvocation.proceed(MethodInvocation.java:60)
	at org.junit.jupiter.engine.execution.InvocationInterceptorChain$ValidatingInvocation.proceed(InvocationInterceptorChain.java:131)
	at org.junit.jupiter.engine.extension.TimeoutExtension.intercept(TimeoutExtension.java:161)
	at org.junit.jupiter.engine.extension.TimeoutExtension.interceptTestableMethod(TimeoutExtension.java:152)
	at org.junit.jupiter.engine.extension.TimeoutExtension.interceptTestMethod(TimeoutExtension.java:91)
	at org.junit.jupiter.engine.execution.InterceptingExecutableInvoker$ReflectiveInterceptorCall.lambda$ofVoidMethod$0(InterceptingExecutableInvoker.java:112)
	at org.junit.jupiter.engine.execution.InterceptingExecutableInvoker.lambda$invoke$0(InterceptingExecutableInvoker.java:94)
	at org.junit.jupiter.engine.execution.InvocationInterceptorChain$InterceptedInvocation.proceed(InvocationInterceptorChain.java:106)
	at org.junit.jupiter.engine.execution.InvocationInterceptorChain.proceed(InvocationInterceptorChain.java:64)
	at org.junit.jupiter.engine.execution.InvocationInterceptorChain.chainAndInvoke(InvocationInterceptorChain.java:45)
	at org.junit.jupiter.engine.execution.InvocationInterceptorChain.invoke(InvocationInterceptorChain.java:37)
	at org.junit.jupiter.engine.execution.InterceptingExecutableInvoker.invoke(InterceptingExecutableInvoker.java:93)
	at org.junit.jupiter.engine.execution.InterceptingExecutableInvoker.invoke(InterceptingExecutableInvoker.java:87)
	at org.junit.jupiter.engine.descriptor.TestMethodTestDescriptor.lambda$invokeTestMethod$7(TestMethodTestDescriptor.java:216)
	at org.junit.platform.engine.support.hierarchical.ThrowableCollector.execute(ThrowableCollector.java:73)
	at org.junit.jupiter.engine.descriptor.TestMethodTestDescriptor.invokeTestMethod(TestMethodTestDescriptor.java:212)
	at org.junit.jupiter.engine.descriptor.TestMethodTestDescriptor.execute(TestMethodTestDescriptor.java:137)
	at org.junit.jupiter.engine.descriptor.TestMethodTestDescriptor.execute(TestMethodTestDescriptor.java:69)
	at org.junit.platform.engine.support.hierarchical.NodeTestTask.lambda$executeRecursively$6(NodeTestTask.java:156)
	at org.junit.platform.engine.support.hierarchical.ThrowableCollector.execute(ThrowableCollector.java:73)
	at org.junit.platform.engine.support.hierarchical.NodeTestTask.lambda$executeRecursively$8(NodeTestTask.java:146)
	at org.junit.platform.engine.support.hierarchical.Node.around(Node.java:137)
	at org.junit.platform.engine.support.hierarchical.NodeTestTask.lambda$executeRecursively$9(NodeTestTask.java:144)
	at org.junit.platform.engine.support.hierarchical.ThrowableCollector.execute(ThrowableCollector.java:73)
	at org.junit.platform.engine.support.hierarchical.NodeTestTask.executeRecursively(NodeTestTask.java:143)
	at org.junit.platform.engine.support.hierarchical.NodeTestTask.execute(NodeTestTask.java:100)
	at java.base/java.util.ArrayList.forEach(ArrayList.java:1511)
	at org.junit.platform.engine.support.hierarchical.SameThreadHierarchicalTestExecutorService.invokeAll(SameThreadHierarchicalTestExecutorService.java:41)
	at org.junit.platform.engine.support.hierarchical.NodeTestTask.lambda$executeRecursively$6(NodeTestTask.java:160)
	at org.junit.platform.engine.support.hierarchical.ThrowableCollector.execute(ThrowableCollector.java:73)
	at org.junit.platform.engine.support.hierarchical.NodeTestTask.lambda$executeRecursively$8(NodeTestTask.java:146)
	at org.junit.platform.engine.support.hierarchical.Node.around(Node.java:137)
	at org.junit.platform.engine.support.hierarchical.NodeTestTask.lambda$executeRecursively$9(NodeTestTask.java:144)
	at org.junit.platform.engine.support.hierarchical.ThrowableCollector.execute(ThrowableCollector.java:73)
	at org.junit.platform.engine.support.hierarchical.NodeTestTask.executeRecursively(NodeTestTask.java:143)
	at org.junit.platform.engine.support.hierarchical.NodeTestTask.execute(NodeTestTask.java:100)
	at java.base/java.util.ArrayList.forEach(ArrayList.java:1511)
	at org.junit.platform.engine.support.hierarchical.SameThreadHierarchicalTestExecutorService.invokeAll(SameThreadHierarchicalTestExecutorService.java:41)
	at org.junit.platform.engine.support.hierarchical.NodeTestTask.lambda$executeRecursively$6(NodeTestTask.java:160)
	at org.junit.platform.engine.support.hierarchical.ThrowableCollector.execute(ThrowableCollector.java:73)
	at org.junit.platform.engine.support.hierarchical.NodeTestTask.lambda$executeRecursively$8(NodeTestTask.java:146)
	at org.junit.platform.engine.support.hierarchical.Node.around(Node.java:137)
	at org.junit.platform.engine.support.hierarchical.NodeTestTask.lambda$executeRecursively$9(NodeTestTask.java:144)
	at org.junit.platform.engine.support.hierarchical.ThrowableCollector.execute(ThrowableCollector.java:73)
	at org.junit.platform.engine.support.hierarchical.NodeTestTask.executeRecursively(NodeTestTask.java:143)
	at org.junit.platform.engine.support.hierarchical.NodeTestTask.execute(NodeTestTask.java:100)
	at org.junit.platform.engine.support.hierarchical.SameThreadHierarchicalTestExecutorService.submit(SameThreadHierarchicalTestExecutorService.java:35)
	at org.junit.platform.engine.support.hierarchical.HierarchicalTestExecutor.execute(HierarchicalTestExecutor.java:57)
	at org.junit.platform.engine.support.hierarchical.HierarchicalTestEngine.execute(HierarchicalTestEngine.java:54)
	at org.junit.platform.launcher.core.EngineExecutionOrchestrator.execute(EngineExecutionOrchestrator.java:201)
	at org.junit.platform.launcher.core.EngineExecutionOrchestrator.execute(EngineExecutionOrchestrator.java:170)
	at org.junit.platform.launcher.core.EngineExecutionOrchestrator.execute(EngineExecutionOrchestrator.java:94)
	at org.junit.platform.launcher.core.EngineExecutionOrchestrator.lambda$execute$0(EngineExecutionOrchestrator.java:59)
	at org.junit.platform.launcher.core.EngineExecutionOrchestrator.withInterceptedStreams(EngineExecutionOrchestrator.java:142)
	at org.junit.platform.launcher.core.EngineExecutionOrchestrator.execute(EngineExecutionOrchestrator.java:58)
	at org.junit.platform.launcher.core.DefaultLauncher.execute(DefaultLauncher.java:103)
	at org.junit.platform.launcher.core.DefaultLauncher.execute(DefaultLauncher.java:85)
	at org.junit.platform.launcher.core.DelegatingLauncher.execute(DelegatingLauncher.java:47)
	at org.junit.platform.launcher.core.InterceptingLauncher.lambda$execute$1(InterceptingLauncher.java:39)
	at org.junit.platform.launcher.core.ClasspathAlignmentCheckingLauncherInterceptor.intercept(ClasspathAlignmentCheckingLauncherInterceptor.java:25)
	at org.junit.platform.launcher.core.InterceptingLauncher.execute(InterceptingLauncher.java:38)
	at org.junit.platform.launcher.core.DelegatingLauncher.execute(DelegatingLauncher.java:47)
	at org.apache.maven.surefire.junitplatform.LauncherAdapter.executeWithoutCancellationToken(LauncherAdapter.java:60)
	at org.apache.maven.surefire.junitplatform.LauncherAdapter.execute(LauncherAdapter.java:52)
	at org.apache.maven.surefire.junitplatform.JUnitPlatformProvider.execute(JUnitPlatformProvider.java:203)
	at org.apache.maven.surefire.junitplatform.JUnitPlatformProvider.invokeAllTests(JUnitPlatformProvider.java:168)
	at org.apache.maven.surefire.junitplatform.JUnitPlatformProvider.invoke(JUnitPlatformProvider.java:136)
	at org.apache.maven.surefire.booter.ForkedBooter.runSuitesInProcess(ForkedBooter.java:385)
	at org.apache.maven.surefire.booter.ForkedBooter.execute(ForkedBooter.java:162)
	at org.apache.maven.surefire.booter.ForkedBooter.run(ForkedBooter.java:507)
	at org.apache.maven.surefire.booter.ForkedBooter.main(ForkedBooter.java:495)
23:13:53.191 [main] WARN io.openfednow.events.KafkaPaymentEventPublisher -- Kafka publish failed type=INBOUND_CREDIT_APPLIED txn=TXN-DLQ-1 topic=test.topic — routing to DLQ
java.lang.RuntimeException: broker unreachable
	at io.openfednow.events.KafkaPaymentEventPublisherDlqTest.lambda$primaryPublishFailureRoutesToDefaultDlqTopic$0(KafkaPaymentEventPublisherDlqTest.java:57)
	at org.mockito.internal.stubbing.StubbedInvocationMatcher.answer(StubbedInvocationMatcher.java:42)
	at org.mockito.internal.handler.MockHandlerImpl.handle(MockHandlerImpl.java:103)
	at org.mockito.internal.handler.NullResultGuardian.handle(NullResultGuardian.java:29)
	at org.mockito.internal.handler.InvocationNotifierHandler.handle(InvocationNotifierHandler.java:34)
	at org.mockito.internal.creation.bytebuddy.access.MockMethodInterceptor.doIntercept(MockMethodInterceptor.java:84)
	at org.mockito.internal.creation.bytebuddy.access.MockMethodInterceptor.doIntercept(MockMethodInterceptor.java:58)
	at org.mockito.internal.creation.bytebuddy.access.MockMethodInterceptor$DispatcherDefaultingToRealMethod.interceptSuperCallable(MockMethodInterceptor.java:147)
	at org.springframework.kafka.core.KafkaTemplate$MockitoMock$moG7BfTN.send(Unknown Source)
	at io.openfednow.events.KafkaPaymentEventPublisher.publish(KafkaPaymentEventPublisher.java:127)
	at io.openfednow.events.KafkaPaymentEventPublisherDlqTest.primaryPublishFailureRoutesToDefaultDlqTopic(KafkaPaymentEventPublisherDlqTest.java:61)
	at java.base/jdk.internal.reflect.NativeMethodAccessorImpl.invoke0(Native Method)
	at java.base/jdk.internal.reflect.NativeMethodAccessorImpl.invoke(NativeMethodAccessorImpl.java:77)
	at java.base/jdk.internal.reflect.DelegatingMethodAccessorImpl.invoke(DelegatingMethodAccessorImpl.java:43)
	at java.base/java.lang.reflect.Method.invoke(Method.java:569)
	at org.junit.platform.commons.util.ReflectionUtils.invokeMethod(ReflectionUtils.java:775)
	at org.junit.platform.commons.support.ReflectionSupport.invokeMethod(ReflectionSupport.java:479)
	at org.junit.jupiter.engine.execution.MethodInvocation.proceed(MethodInvocation.java:60)
	at org.junit.jupiter.engine.execution.InvocationInterceptorChain$ValidatingInvocation.proceed(InvocationInterceptorChain.java:131)
	at org.junit.jupiter.engine.extension.TimeoutExtension.intercept(TimeoutExtension.java:161)
	at org.junit.jupiter.engine.extension.TimeoutExtension.interceptTestableMethod(TimeoutExtension.java:152)
	at org.junit.jupiter.engine.extension.TimeoutExtension.interceptTestMethod(TimeoutExtension.java:91)
	at org.junit.jupiter.engine.execution.InterceptingExecutableInvoker$ReflectiveInterceptorCall.lambda$ofVoidMethod$0(InterceptingExecutableInvoker.java:112)
	at org.junit.jupiter.engine.execution.InterceptingExecutableInvoker.lambda$invoke$0(InterceptingExecutableInvoker.java:94)
	at org.junit.jupiter.engine.execution.InvocationInterceptorChain$InterceptedInvocation.proceed(InvocationInterceptorChain.java:106)
	at org.junit.jupiter.engine.execution.InvocationInterceptorChain.proceed(InvocationInterceptorChain.java:64)
	at org.junit.jupiter.engine.execution.InvocationInterceptorChain.chainAndInvoke(InvocationInterceptorChain.java:45)
	at org.junit.jupiter.engine.execution.InvocationInterceptorChain.invoke(InvocationInterceptorChain.java:37)
	at org.junit.jupiter.engine.execution.InterceptingExecutableInvoker.invoke(InterceptingExecutableInvoker.java:93)
	at org.junit.jupiter.engine.execution.InterceptingExecutableInvoker.invoke(InterceptingExecutableInvoker.java:87)
	at org.junit.jupiter.engine.descriptor.TestMethodTestDescriptor.lambda$invokeTestMethod$7(TestMethodTestDescriptor.java:216)
	at org.junit.platform.engine.support.hierarchical.ThrowableCollector.execute(ThrowableCollector.java:73)
	at org.junit.jupiter.engine.descriptor.TestMethodTestDescriptor.invokeTestMethod(TestMethodTestDescriptor.java:212)
	at org.junit.jupiter.engine.descriptor.TestMethodTestDescriptor.execute(TestMethodTestDescriptor.java:137)
	at org.junit.jupiter.engine.descriptor.TestMethodTestDescriptor.execute(TestMethodTestDescriptor.java:69)
	at org.junit.platform.engine.support.hierarchical.NodeTestTask.lambda$executeRecursively$6(NodeTestTask.java:156)
	at org.junit.platform.engine.support.hierarchical.ThrowableCollector.execute(ThrowableCollector.java:73)
	at org.junit.platform.engine.support.hierarchical.NodeTestTask.lambda$executeRecursively$8(NodeTestTask.java:146)
	at org.junit.platform.engine.support.hierarchical.Node.around(Node.java:137)
	at org.junit.platform.engine.support.hierarchical.NodeTestTask.lambda$executeRecursively$9(NodeTestTask.java:144)
	at org.junit.platform.engine.support.hierarchical.ThrowableCollector.execute(ThrowableCollector.java:73)
	at org.junit.platform.engine.support.hierarchical.NodeTestTask.executeRecursively(NodeTestTask.java:143)
	at org.junit.platform.engine.support.hierarchical.NodeTestTask.execute(NodeTestTask.java:100)
	at java.base/java.util.ArrayList.forEach(ArrayList.java:1511)
	at org.junit.platform.engine.support.hierarchical.SameThreadHierarchicalTestExecutorService.invokeAll(SameThreadHierarchicalTestExecutorService.java:41)
	at org.junit.platform.engine.support.hierarchical.NodeTestTask.lambda$executeRecursively$6(NodeTestTask.java:160)
	at org.junit.platform.engine.support.hierarchical.ThrowableCollector.execute(ThrowableCollector.java:73)
	at org.junit.platform.engine.support.hierarchical.NodeTestTask.lambda$executeRecursively$8(NodeTestTask.java:146)
	at org.junit.platform.engine.support.hierarchical.Node.around(Node.java:137)
	at org.junit.platform.engine.support.hierarchical.NodeTestTask.lambda$executeRecursively$9(NodeTestTask.java:144)
	at org.junit.platform.engine.support.hierarchical.ThrowableCollector.execute(ThrowableCollector.java:73)
	at org.junit.platform.engine.support.hierarchical.NodeTestTask.executeRecursively(NodeTestTask.java:143)
	at org.junit.platform.engine.support.hierarchical.NodeTestTask.execute(NodeTestTask.java:100)
	at java.base/java.util.ArrayList.forEach(ArrayList.java:1511)
	at org.junit.platform.engine.support.hierarchical.SameThreadHierarchicalTestExecutorService.invokeAll(SameThreadHierarchicalTestExecutorService.java:41)
	at org.junit.platform.engine.support.hierarchical.NodeTestTask.lambda$executeRecursively$6(NodeTestTask.java:160)
	at org.junit.platform.engine.support.hierarchical.ThrowableCollector.execute(ThrowableCollector.java:73)
	at org.junit.platform.engine.support.hierarchical.NodeTestTask.lambda$executeRecursively$8(NodeTestTask.java:146)
	at org.junit.platform.engine.support.hierarchical.Node.around(Node.java:137)
	at org.junit.platform.engine.support.hierarchical.NodeTestTask.lambda$executeRecursively$9(NodeTestTask.java:144)
	at org.junit.platform.engine.support.hierarchical.ThrowableCollector.execute(ThrowableCollector.java:73)
	at org.junit.platform.engine.support.hierarchical.NodeTestTask.executeRecursively(NodeTestTask.java:143)
	at org.junit.platform.engine.support.hierarchical.NodeTestTask.execute(NodeTestTask.java:100)
	at org.junit.platform.engine.support.hierarchical.SameThreadHierarchicalTestExecutorService.submit(SameThreadHierarchicalTestExecutorService.java:35)
	at org.junit.platform.engine.support.hierarchical.HierarchicalTestExecutor.execute(HierarchicalTestExecutor.java:57)
	at org.junit.platform.engine.support.hierarchical.HierarchicalTestEngine.execute(HierarchicalTestEngine.java:54)
	at org.junit.platform.launcher.core.EngineExecutionOrchestrator.execute(EngineExecutionOrchestrator.java:201)
	at org.junit.platform.launcher.core.EngineExecutionOrchestrator.execute(EngineExecutionOrchestrator.java:170)
	at org.junit.platform.launcher.core.EngineExecutionOrchestrator.execute(EngineExecutionOrchestrator.java:94)
	at org.junit.platform.launcher.core.EngineExecutionOrchestrator.lambda$execute$0(EngineExecutionOrchestrator.java:59)
	at org.junit.platform.launcher.core.EngineExecutionOrchestrator.withInterceptedStreams(EngineExecutionOrchestrator.java:142)
	at org.junit.platform.launcher.core.EngineExecutionOrchestrator.execute(EngineExecutionOrchestrator.java:58)
	at org.junit.platform.launcher.core.DefaultLauncher.execute(DefaultLauncher.java:103)
	at org.junit.platform.launcher.core.DefaultLauncher.execute(DefaultLauncher.java:85)
	at org.junit.platform.launcher.core.DelegatingLauncher.execute(DelegatingLauncher.java:47)
	at org.junit.platform.launcher.core.InterceptingLauncher.lambda$execute$1(InterceptingLauncher.java:39)
	at org.junit.platform.launcher.core.ClasspathAlignmentCheckingLauncherInterceptor.intercept(ClasspathAlignmentCheckingLauncherInterceptor.java:25)
	at org.junit.platform.launcher.core.InterceptingLauncher.execute(InterceptingLauncher.java:38)
	at org.junit.platform.launcher.core.DelegatingLauncher.execute(DelegatingLauncher.java:47)
	at org.apache.maven.surefire.junitplatform.LauncherAdapter.executeWithoutCancellationToken(LauncherAdapter.java:60)
	at org.apache.maven.surefire.junitplatform.LauncherAdapter.execute(LauncherAdapter.java:52)
	at org.apache.maven.surefire.junitplatform.JUnitPlatformProvider.execute(JUnitPlatformProvider.java:203)
	at org.apache.maven.surefire.junitplatform.JUnitPlatformProvider.invokeAllTests(JUnitPlatformProvider.java:168)
	at org.apache.maven.surefire.junitplatform.JUnitPlatformProvider.invoke(JUnitPlatformProvider.java:136)
	at org.apache.maven.surefire.booter.ForkedBooter.runSuitesInProcess(ForkedBooter.java:385)
	at org.apache.maven.surefire.booter.ForkedBooter.execute(ForkedBooter.java:162)
	at org.apache.maven.surefire.booter.ForkedBooter.run(ForkedBooter.java:507)
	at org.apache.maven.surefire.booter.ForkedBooter.main(ForkedBooter.java:495)
23:13:53.191 [main] INFO io.openfednow.events.KafkaPaymentEventPublisher -- PaymentEvent routed to DLQ type=INBOUND_CREDIT_APPLIED txn=TXN-DLQ-1 dlqTopic=test.topic.dlq
23:13:53.192 [main] WARN io.openfednow.events.KafkaPaymentEventPublisher -- Kafka publish failed type=INBOUND_CREDIT_APPLIED txn=TXN-DLQ-HEADERS topic=test.topic — routing to DLQ
java.lang.RuntimeException: fail
	at io.openfednow.events.KafkaPaymentEventPublisherDlqTest.lambda$dlqRecordPreservesSchemaVersionAndEventTypeHeaders$2(KafkaPaymentEventPublisherDlqTest.java:106)
	at org.mockito.internal.stubbing.StubbedInvocationMatcher.answer(StubbedInvocationMatcher.java:42)
	at org.mockito.internal.handler.MockHandlerImpl.handle(MockHandlerImpl.java:103)
	at org.mockito.internal.handler.NullResultGuardian.handle(NullResultGuardian.java:29)
	at org.mockito.internal.handler.InvocationNotifierHandler.handle(InvocationNotifierHandler.java:34)
	at org.mockito.internal.creation.bytebuddy.access.MockMethodInterceptor.doIntercept(MockMethodInterceptor.java:84)
	at org.mockito.internal.creation.bytebuddy.access.MockMethodInterceptor.doIntercept(MockMethodInterceptor.java:58)
	at org.mockito.internal.creation.bytebuddy.access.MockMethodInterceptor$DispatcherDefaultingToRealMethod.interceptSuperCallable(MockMethodInterceptor.java:147)
	at org.springframework.kafka.core.KafkaTemplate$MockitoMock$moG7BfTN.send(Unknown Source)
	at io.openfednow.events.KafkaPaymentEventPublisher.publish(KafkaPaymentEventPublisher.java:127)
	at io.openfednow.events.KafkaPaymentEventPublisherDlqTest.dlqRecordPreservesSchemaVersionAndEventTypeHeaders(KafkaPaymentEventPublisherDlqTest.java:110)
	at java.base/jdk.internal.reflect.NativeMethodAccessorImpl.invoke0(Native Method)
	at java.base/jdk.internal.reflect.NativeMethodAccessorImpl.invoke(NativeMethodAccessorImpl.java:77)
	at java.base/jdk.internal.reflect.DelegatingMethodAccessorImpl.invoke(DelegatingMethodAccessorImpl.java:43)
	at java.base/java.lang.reflect.Method.invoke(Method.java:569)
	at org.junit.platform.commons.util.ReflectionUtils.invokeMethod(ReflectionUtils.java:775)
	at org.junit.platform.commons.support.ReflectionSupport.invokeMethod(ReflectionSupport.java:479)
	at org.junit.jupiter.engine.execution.MethodInvocation.proceed(MethodInvocation.java:60)
	at org.junit.jupiter.engine.execution.InvocationInterceptorChain$ValidatingInvocation.proceed(InvocationInterceptorChain.java:131)
	at org.junit.jupiter.engine.extension.TimeoutExtension.intercept(TimeoutExtension.java:161)
	at org.junit.jupiter.engine.extension.TimeoutExtension.interceptTestableMethod(TimeoutExtension.java:152)
	at org.junit.jupiter.engine.extension.TimeoutExtension.interceptTestMethod(TimeoutExtension.java:91)
	at org.junit.jupiter.engine.execution.InterceptingExecutableInvoker$ReflectiveInterceptorCall.lambda$ofVoidMethod$0(InterceptingExecutableInvoker.java:112)
	at org.junit.jupiter.engine.execution.InterceptingExecutableInvoker.lambda$invoke$0(InterceptingExecutableInvoker.java:94)
	at org.junit.jupiter.engine.execution.InvocationInterceptorChain$InterceptedInvocation.proceed(InvocationInterceptorChain.java:106)
	at org.junit.jupiter.engine.execution.InvocationInterceptorChain.proceed(InvocationInterceptorChain.java:64)
	at org.junit.jupiter.engine.execution.InvocationInterceptorChain.chainAndInvoke(InvocationInterceptorChain.java:45)
	at org.junit.jupiter.engine.execution.InvocationInterceptorChain.invoke(InvocationInterceptorChain.java:37)
	at org.junit.jupiter.engine.execution.InterceptingExecutableInvoker.invoke(InterceptingExecutableInvoker.java:93)
	at org.junit.jupiter.engine.execution.InterceptingExecutableInvoker.invoke(InterceptingExecutableInvoker.java:87)
	at org.junit.jupiter.engine.descriptor.TestMethodTestDescriptor.lambda$invokeTestMethod$7(TestMethodTestDescriptor.java:216)
	at org.junit.platform.engine.support.hierarchical.ThrowableCollector.execute(ThrowableCollector.java:73)
	at org.junit.jupiter.engine.descriptor.TestMethodTestDescriptor.invokeTestMethod(TestMethodTestDescriptor.java:212)
	at org.junit.jupiter.engine.descriptor.TestMethodTestDescriptor.execute(TestMethodTestDescriptor.java:137)
	at org.junit.jupiter.engine.descriptor.TestMethodTestDescriptor.execute(TestMethodTestDescriptor.java:69)
	at org.junit.platform.engine.support.hierarchical.NodeTestTask.lambda$executeRecursively$6(NodeTestTask.java:156)
	at org.junit.platform.engine.support.hierarchical.ThrowableCollector.execute(ThrowableCollector.java:73)
	at org.junit.platform.engine.support.hierarchical.NodeTestTask.lambda$executeRecursively$8(NodeTestTask.java:146)
	at org.junit.platform.engine.support.hierarchical.Node.around(Node.java:137)
	at org.junit.platform.engine.support.hierarchical.NodeTestTask.lambda$executeRecursively$9(NodeTestTask.java:144)
	at org.junit.platform.engine.support.hierarchical.ThrowableCollector.execute(ThrowableCollector.java:73)
	at org.junit.platform.engine.support.hierarchical.NodeTestTask.executeRecursively(NodeTestTask.java:143)
	at org.junit.platform.engine.support.hierarchical.NodeTestTask.execute(NodeTestTask.java:100)
	at java.base/java.util.ArrayList.forEach(ArrayList.java:1511)
	at org.junit.platform.engine.support.hierarchical.SameThreadHierarchicalTestExecutorService.invokeAll(SameThreadHierarchicalTestExecutorService.java:41)
	at org.junit.platform.engine.support.hierarchical.NodeTestTask.lambda$executeRecursively$6(NodeTestTask.java:160)
	at org.junit.platform.engine.support.hierarchical.ThrowableCollector.execute(ThrowableCollector.java:73)
	at org.junit.platform.engine.support.hierarchical.NodeTestTask.lambda$executeRecursively$8(NodeTestTask.java:146)
	at org.junit.platform.engine.support.hierarchical.Node.around(Node.java:137)
	at org.junit.platform.engine.support.hierarchical.NodeTestTask.lambda$executeRecursively$9(NodeTestTask.java:144)
	at org.junit.platform.engine.support.hierarchical.ThrowableCollector.execute(ThrowableCollector.java:73)
	at org.junit.platform.engine.support.hierarchical.NodeTestTask.executeRecursively(NodeTestTask.java:143)
	at org.junit.platform.engine.support.hierarchical.NodeTestTask.execute(NodeTestTask.java:100)
	at java.base/java.util.ArrayList.forEach(ArrayList.java:1511)
	at org.junit.platform.engine.support.hierarchical.SameThreadHierarchicalTestExecutorService.invokeAll(SameThreadHierarchicalTestExecutorService.java:41)
	at org.junit.platform.engine.support.hierarchical.NodeTestTask.lambda$executeRecursively$6(NodeTestTask.java:160)
	at org.junit.platform.engine.support.hierarchical.ThrowableCollector.execute(ThrowableCollector.java:73)
	at org.junit.platform.engine.support.hierarchical.NodeTestTask.lambda$executeRecursively$8(NodeTestTask.java:146)
	at org.junit.platform.engine.support.hierarchical.Node.around(Node.java:137)
	at org.junit.platform.engine.support.hierarchical.NodeTestTask.lambda$executeRecursively$9(NodeTestTask.java:144)
	at org.junit.platform.engine.support.hierarchical.ThrowableCollector.execute(ThrowableCollector.java:73)
	at org.junit.platform.engine.support.hierarchical.NodeTestTask.executeRecursively(NodeTestTask.java:143)
	at org.junit.platform.engine.support.hierarchical.NodeTestTask.execute(NodeTestTask.java:100)
	at org.junit.platform.engine.support.hierarchical.SameThreadHierarchicalTestExecutorService.submit(SameThreadHierarchicalTestExecutorService.java:35)
	at org.junit.platform.engine.support.hierarchical.HierarchicalTestExecutor.execute(HierarchicalTestExecutor.java:57)
	at org.junit.platform.engine.support.hierarchical.HierarchicalTestEngine.execute(HierarchicalTestEngine.java:54)
	at org.junit.platform.launcher.core.EngineExecutionOrchestrator.execute(EngineExecutionOrchestrator.java:201)
	at org.junit.platform.launcher.core.EngineExecutionOrchestrator.execute(EngineExecutionOrchestrator.java:170)
	at org.junit.platform.launcher.core.EngineExecutionOrchestrator.execute(EngineExecutionOrchestrator.java:94)
	at org.junit.platform.launcher.core.EngineExecutionOrchestrator.lambda$execute$0(EngineExecutionOrchestrator.java:59)
	at org.junit.platform.launcher.core.EngineExecutionOrchestrator.withInterceptedStreams(EngineExecutionOrchestrator.java:142)
	at org.junit.platform.launcher.core.EngineExecutionOrchestrator.execute(EngineExecutionOrchestrator.java:58)
	at org.junit.platform.launcher.core.DefaultLauncher.execute(DefaultLauncher.java:103)
	at org.junit.platform.launcher.core.DefaultLauncher.execute(DefaultLauncher.java:85)
	at org.junit.platform.launcher.core.DelegatingLauncher.execute(DelegatingLauncher.java:47)
	at org.junit.platform.launcher.core.InterceptingLauncher.lambda$execute$1(InterceptingLauncher.java:39)
	at org.junit.platform.launcher.core.ClasspathAlignmentCheckingLauncherInterceptor.intercept(ClasspathAlignmentCheckingLauncherInterceptor.java:25)
	at org.junit.platform.launcher.core.InterceptingLauncher.execute(InterceptingLauncher.java:38)
	at org.junit.platform.launcher.core.DelegatingLauncher.execute(DelegatingLauncher.java:47)
	at org.apache.maven.surefire.junitplatform.LauncherAdapter.executeWithoutCancellationToken(LauncherAdapter.java:60)
	at org.apache.maven.surefire.junitplatform.LauncherAdapter.execute(LauncherAdapter.java:52)
	at org.apache.maven.surefire.junitplatform.JUnitPlatformProvider.execute(JUnitPlatformProvider.java:203)
	at org.apache.maven.surefire.junitplatform.JUnitPlatformProvider.invokeAllTests(JUnitPlatformProvider.java:168)
	at org.apache.maven.surefire.junitplatform.JUnitPlatformProvider.invoke(JUnitPlatformProvider.java:136)
	at org.apache.maven.surefire.booter.ForkedBooter.runSuitesInProcess(ForkedBooter.java:385)
	at org.apache.maven.surefire.booter.ForkedBooter.execute(ForkedBooter.java:162)
	at org.apache.maven.surefire.booter.ForkedBooter.run(ForkedBooter.java:507)
	at org.apache.maven.surefire.booter.ForkedBooter.main(ForkedBooter.java:495)
23:13:53.193 [main] INFO io.openfednow.events.KafkaPaymentEventPublisher -- PaymentEvent routed to DLQ type=INBOUND_CREDIT_APPLIED txn=TXN-DLQ-HEADERS dlqTopic=test.topic.dlq
23:13:53.194 [main] WARN io.openfednow.events.KafkaPaymentEventPublisher -- Kafka publish failed type=INBOUND_CREDIT_APPLIED txn=TXN-CUSTOM-DLQ topic=payments.events — routing to DLQ
java.lang.RuntimeException: fail
	at io.openfednow.events.KafkaPaymentEventPublisherDlqTest.lambda$explicitDlqTopicOverrideIsHonored$4(KafkaPaymentEventPublisherDlqTest.java:176)
	at org.mockito.internal.stubbing.StubbedInvocationMatcher.answer(StubbedInvocationMatcher.java:42)
	at org.mockito.internal.handler.MockHandlerImpl.handle(MockHandlerImpl.java:103)
	at org.mockito.internal.handler.NullResultGuardian.handle(NullResultGuardian.java:29)
	at org.mockito.internal.handler.InvocationNotifierHandler.handle(InvocationNotifierHandler.java:34)
	at org.mockito.internal.creation.bytebuddy.access.MockMethodInterceptor.doIntercept(MockMethodInterceptor.java:84)
	at org.mockito.internal.creation.bytebuddy.access.MockMethodInterceptor.doIntercept(MockMethodInterceptor.java:58)
	at org.mockito.internal.creation.bytebuddy.access.MockMethodInterceptor$DispatcherDefaultingToRealMethod.interceptSuperCallable(MockMethodInterceptor.java:147)
	at org.springframework.kafka.core.KafkaTemplate$MockitoMock$moG7BfTN.send(Unknown Source)
	at io.openfednow.events.KafkaPaymentEventPublisher.publish(KafkaPaymentEventPublisher.java:127)
	at io.openfednow.events.KafkaPaymentEventPublisherDlqTest.explicitDlqTopicOverrideIsHonored(KafkaPaymentEventPublisherDlqTest.java:180)
	at java.base/jdk.internal.reflect.NativeMethodAccessorImpl.invoke0(Native Method)
	at java.base/jdk.internal.reflect.NativeMethodAccessorImpl.invoke(NativeMethodAccessorImpl.java:77)
	at java.base/jdk.internal.reflect.DelegatingMethodAccessorImpl.invoke(DelegatingMethodAccessorImpl.java:43)
	at java.base/java.lang.reflect.Method.invoke(Method.java:569)
	at org.junit.platform.commons.util.ReflectionUtils.invokeMethod(ReflectionUtils.java:775)
	at org.junit.platform.commons.support.ReflectionSupport.invokeMethod(ReflectionSupport.java:479)
	at org.junit.jupiter.engine.execution.MethodInvocation.proceed(MethodInvocation.java:60)
	at org.junit.jupiter.engine.execution.InvocationInterceptorChain$ValidatingInvocation.proceed(InvocationInterceptorChain.java:131)
	at org.junit.jupiter.engine.extension.TimeoutExtension.intercept(TimeoutExtension.java:161)
	at org.junit.jupiter.engine.extension.TimeoutExtension.interceptTestableMethod(TimeoutExtension.java:152)
	at org.junit.jupiter.engine.extension.TimeoutExtension.interceptTestMethod(TimeoutExtension.java:91)
	at org.junit.jupiter.engine.execution.InterceptingExecutableInvoker$ReflectiveInterceptorCall.lambda$ofVoidMethod$0(InterceptingExecutableInvoker.java:112)
	at org.junit.jupiter.engine.execution.InterceptingExecutableInvoker.lambda$invoke$0(InterceptingExecutableInvoker.java:94)
	at org.junit.jupiter.engine.execution.InvocationInterceptorChain$InterceptedInvocation.proceed(InvocationInterceptorChain.java:106)
	at org.junit.jupiter.engine.execution.InvocationInterceptorChain.proceed(InvocationInterceptorChain.java:64)
	at org.junit.jupiter.engine.execution.InvocationInterceptorChain.chainAndInvoke(InvocationInterceptorChain.java:45)
	at org.junit.jupiter.engine.execution.InvocationInterceptorChain.invoke(InvocationInterceptorChain.java:37)
	at org.junit.jupiter.engine.execution.InterceptingExecutableInvoker.invoke(InterceptingExecutableInvoker.java:93)
	at org.junit.jupiter.engine.execution.InterceptingExecutableInvoker.invoke(InterceptingExecutableInvoker.java:87)
	at org.junit.jupiter.engine.descriptor.TestMethodTestDescriptor.lambda$invokeTestMethod$7(TestMethodTestDescriptor.java:216)
	at org.junit.platform.engine.support.hierarchical.ThrowableCollector.execute(ThrowableCollector.java:73)
	at org.junit.jupiter.engine.descriptor.TestMethodTestDescriptor.invokeTestMethod(TestMethodTestDescriptor.java:212)
	at org.junit.jupiter.engine.descriptor.TestMethodTestDescriptor.execute(TestMethodTestDescriptor.java:137)
	at org.junit.jupiter.engine.descriptor.TestMethodTestDescriptor.execute(TestMethodTestDescriptor.java:69)
	at org.junit.platform.engine.support.hierarchical.NodeTestTask.lambda$executeRecursively$6(NodeTestTask.java:156)
	at org.junit.platform.engine.support.hierarchical.ThrowableCollector.execute(ThrowableCollector.java:73)
	at org.junit.platform.engine.support.hierarchical.NodeTestTask.lambda$executeRecursively$8(NodeTestTask.java:146)
	at org.junit.platform.engine.support.hierarchical.Node.around(Node.java:137)
	at org.junit.platform.engine.support.hierarchical.NodeTestTask.lambda$executeRecursively$9(NodeTestTask.java:144)
	at org.junit.platform.engine.support.hierarchical.ThrowableCollector.execute(ThrowableCollector.java:73)
	at org.junit.platform.engine.support.hierarchical.NodeTestTask.executeRecursively(NodeTestTask.java:143)
	at org.junit.platform.engine.support.hierarchical.NodeTestTask.execute(NodeTestTask.java:100)
	at java.base/java.util.ArrayList.forEach(ArrayList.java:1511)
	at org.junit.platform.engine.support.hierarchical.SameThreadHierarchicalTestExecutorService.invokeAll(SameThreadHierarchicalTestExecutorService.java:41)
	at org.junit.platform.engine.support.hierarchical.NodeTestTask.lambda$executeRecursively$6(NodeTestTask.java:160)
	at org.junit.platform.engine.support.hierarchical.ThrowableCollector.execute(ThrowableCollector.java:73)
	at org.junit.platform.engine.support.hierarchical.NodeTestTask.lambda$executeRecursively$8(NodeTestTask.java:146)
	at org.junit.platform.engine.support.hierarchical.Node.around(Node.java:137)
	at org.junit.platform.engine.support.hierarchical.NodeTestTask.lambda$executeRecursively$9(NodeTestTask.java:144)
	at org.junit.platform.engine.support.hierarchical.ThrowableCollector.execute(ThrowableCollector.java:73)
	at org.junit.platform.engine.support.hierarchical.NodeTestTask.executeRecursively(NodeTestTask.java:143)
	at org.junit.platform.engine.support.hierarchical.NodeTestTask.execute(NodeTestTask.java:100)
	at java.base/java.util.ArrayList.forEach(ArrayList.java:1511)
	at org.junit.platform.engine.support.hierarchical.SameThreadHierarchicalTestExecutorService.invokeAll(SameThreadHierarchicalTestExecutorService.java:41)
	at org.junit.platform.engine.support.hierarchical.NodeTestTask.lambda$executeRecursively$6(NodeTestTask.java:160)
	at org.junit.platform.engine.support.hierarchical.ThrowableCollector.execute(ThrowableCollector.java:73)
	at org.junit.platform.engine.support.hierarchical.NodeTestTask.lambda$executeRecursively$8(NodeTestTask.java:146)
	at org.junit.platform.engine.support.hierarchical.Node.around(Node.java:137)
	at org.junit.platform.engine.support.hierarchical.NodeTestTask.lambda$executeRecursively$9(NodeTestTask.java:144)
	at org.junit.platform.engine.support.hierarchical.ThrowableCollector.execute(ThrowableCollector.java:73)
	at org.junit.platform.engine.support.hierarchical.NodeTestTask.executeRecursively(NodeTestTask.java:143)
	at org.junit.platform.engine.support.hierarchical.NodeTestTask.execute(NodeTestTask.java:100)
	at org.junit.platform.engine.support.hierarchical.SameThreadHierarchicalTestExecutorService.submit(SameThreadHierarchicalTestExecutorService.java:35)
	at org.junit.platform.engine.support.hierarchical.HierarchicalTestExecutor.execute(HierarchicalTestExecutor.java:57)
	at org.junit.platform.engine.support.hierarchical.HierarchicalTestEngine.execute(HierarchicalTestEngine.java:54)
	at org.junit.platform.launcher.core.EngineExecutionOrchestrator.execute(EngineExecutionOrchestrator.java:201)
	at org.junit.platform.launcher.core.EngineExecutionOrchestrator.execute(EngineExecutionOrchestrator.java:170)
	at org.junit.platform.launcher.core.EngineExecutionOrchestrator.execute(EngineExecutionOrchestrator.java:94)
	at org.junit.platform.launcher.core.EngineExecutionOrchestrator.lambda$execute$0(EngineExecutionOrchestrator.java:59)
	at org.junit.platform.launcher.core.EngineExecutionOrchestrator.withInterceptedStreams(EngineExecutionOrchestrator.java:142)
	at org.junit.platform.launcher.core.EngineExecutionOrchestrator.execute(EngineExecutionOrchestrator.java:58)
	at org.junit.platform.launcher.core.DefaultLauncher.execute(DefaultLauncher.java:103)
	at org.junit.platform.launcher.core.DefaultLauncher.execute(DefaultLauncher.java:85)
	at org.junit.platform.launcher.core.DelegatingLauncher.execute(DelegatingLauncher.java:47)
	at org.junit.platform.launcher.core.InterceptingLauncher.lambda$execute$1(InterceptingLauncher.java:39)
	at org.junit.platform.launcher.core.ClasspathAlignmentCheckingLauncherInterceptor.intercept(ClasspathAlignmentCheckingLauncherInterceptor.java:25)
	at org.junit.platform.launcher.core.InterceptingLauncher.execute(InterceptingLauncher.java:38)
	at org.junit.platform.launcher.core.DelegatingLauncher.execute(DelegatingLauncher.java:47)
	at org.apache.maven.surefire.junitplatform.LauncherAdapter.executeWithoutCancellationToken(LauncherAdapter.java:60)
	at org.apache.maven.surefire.junitplatform.LauncherAdapter.execute(LauncherAdapter.java:52)
	at org.apache.maven.surefire.junitplatform.JUnitPlatformProvider.execute(JUnitPlatformProvider.java:203)
	at org.apache.maven.surefire.junitplatform.JUnitPlatformProvider.invokeAllTests(JUnitPlatformProvider.java:168)
	at org.apache.maven.surefire.junitplatform.JUnitPlatformProvider.invoke(JUnitPlatformProvider.java:136)
	at org.apache.maven.surefire.booter.ForkedBooter.runSuitesInProcess(ForkedBooter.java:385)
	at org.apache.maven.surefire.booter.ForkedBooter.execute(ForkedBooter.java:162)
	at org.apache.maven.surefire.booter.ForkedBooter.run(ForkedBooter.java:507)
	at org.apache.maven.surefire.booter.ForkedBooter.main(ForkedBooter.java:495)
23:13:53.195 [main] INFO io.openfednow.events.KafkaPaymentEventPublisher -- PaymentEvent routed to DLQ type=INBOUND_CREDIT_APPLIED txn=TXN-CUSTOM-DLQ dlqTopic=payments.events.dead-letter
[INFO] Tests run: 7, Failures: 0, Errors: 0, Skipped: 0, Time elapsed: 0.008 s -- in io.openfednow.events.KafkaPaymentEventPublisherDlqTest
[INFO] Running io.openfednow.acl.core.CoreBankingHealthIndicatorTest
[INFO] Tests run: 7, Failures: 0, Errors: 0, Skipped: 0, Time elapsed: 0.007 s -- in io.openfednow.acl.core.CoreBankingHealthIndicatorTest
[INFO] Running io.openfednow.acl.core.SyncAsyncBridgeTest
23:13:53.203 [main] INFO io.openfednow.acl.core.SyncAsyncBridge -- Adapter returned TIMEOUT status — provisional acceptance e2e=E2E-001
23:13:53.203 [main] INFO io.openfednow.acl.core.SyncAsyncBridge -- Adapter returned TIMEOUT status — provisional acceptance e2e=E2E-001
23:13:53.205 [main] INFO io.openfednow.acl.core.SyncAsyncBridge -- Transaction registered for async reconciliation transactionId=TXN-001 provisionalStatus=ACSP
[INFO] Tests run: 7, Failures: 0, Errors: 0, Skipped: 0, Time elapsed: 0.003 s -- in io.openfednow.acl.core.SyncAsyncBridgeTest
[INFO] Running io.openfednow.acl.adapters.SandboxAdapterTest
[INFO] Tests run: 15, Failures: 0, Errors: 0, Skipped: 0, Time elapsed: 0.017 s -- in io.openfednow.acl.adapters.SandboxAdapterTest
[INFO] Running io.openfednow.acl.adapters.CircuitBreakerAdapterTest
[INFO] Tests run: 6, Failures: 0, Errors: 0, Skipped: 0, Time elapsed: 0.008 s -- in io.openfednow.acl.adapters.CircuitBreakerAdapterTest
[INFO] Running io.openfednow.acl.adapters.JackHenryReasonCodeMapperTest
[INFO] Tests run: 14, Failures: 0, Errors: 0, Skipped: 0, Time elapsed: 0.001 s -- in io.openfednow.acl.adapters.JackHenryReasonCodeMapperTest
[INFO] Running io.openfednow.acl.adapters.JackHenryAdapterContractTest
23:13:53.294 [main] WARN io.openfednow.acl.adapters.jackhenry.JackHenrySoapClient -- jXchange TrnAdd SOAP error for transaction TXN-CONTRACT-001: Error while extracting response for type [java.lang.String] and content type [application/octet-stream]
23:13:53.334 [main] WARN io.openfednow.acl.adapters.jackhenry.JackHenrySoapClient -- jXchange TrnAdd SOAP error for transaction TXN-CONTRACT-001: Error while extracting response for type [java.lang.String] and content type [application/octet-stream]
[INFO] Tests run: 13, Failures: 0, Errors: 0, Skipped: 0, Time elapsed: 0.106 s -- in io.openfednow.acl.adapters.JackHenryAdapterContractTest
[INFO] Running io.openfednow.acl.adapters.FiservReasonCodeMapperTest
[INFO] Tests run: 12, Failures: 0, Errors: 0, Skipped: 0, Time elapsed: 0.008 s -- in io.openfednow.acl.adapters.FiservReasonCodeMapperTest
[INFO] Running io.openfednow.acl.adapters.FisReasonCodeMapperTest
[INFO] Tests run: 12, Failures: 0, Errors: 0, Skipped: 0, Time elapsed: 0.002 s -- in io.openfednow.acl.adapters.FisReasonCodeMapperTest
[INFO] Running io.openfednow.acl.adapters.MockVendorAdapterContractTest
23:13:53.355 [main] INFO io.openfednow.acl.adapters.MockVendorAdapter -- MockVendorAdapter: simulated TIMEOUT for transactionId=TXN-CONTRACT-001
[INFO] Tests run: 22, Failures: 0, Errors: 0, Skipped: 0, Time elapsed: 0.003 s -- in io.openfednow.acl.adapters.MockVendorAdapterContractTest
[INFO] Running io.openfednow.acl.adapters.FisAdapterTest
23:13:53.393 [main] WARN io.openfednow.acl.adapters.fis.FisHttpClient -- FIS health check failed: 503 Service Unavailable: [no body]
23:13:53.399 [main] WARN io.openfednow.acl.adapters.fis.FisHttpClient -- FIS API network error posting transaction TXN-FIS-001: Error while extracting response for type [io.openfednow.acl.adapters.fis.FisTransactionResponse] and content type [application/octet-stream]
[INFO] Tests run: 11, Failures: 0, Errors: 0, Skipped: 0, Time elapsed: 0.059 s -- in io.openfednow.acl.adapters.FisAdapterTest
[INFO] Running io.openfednow.acl.adapters.JackHenryAdapterTest
23:13:53.468 [main] WARN io.openfednow.acl.adapters.jackhenry.JackHenrySoapClient -- jXchange Ping health check failed: 503 Service Unavailable: [no body]
23:13:53.483 [main] WARN io.openfednow.acl.adapters.jackhenry.JackHenrySoapClient -- jXchange TrnAdd SOAP error for transaction TXN-JH-001: Error while extracting response for type [java.lang.String] and content type [application/octet-stream]
[INFO] Tests run: 14, Failures: 0, Errors: 0, Skipped: 0, Time elapsed: 0.080 s -- in io.openfednow.acl.adapters.JackHenryAdapterTest
[INFO] Running io.openfednow.acl.adapters.SandboxAdapterContractTest
[INFO] Tests run: 13, Failures: 0, Errors: 0, Skipped: 0, Time elapsed: 0.002 s -- in io.openfednow.acl.adapters.SandboxAdapterContractTest
[INFO] Running io.openfednow.acl.adapters.FiservAdapterTest
23:13:53.506 [main] WARN io.openfednow.acl.adapters.fiserv.FiservHttpClient -- Fiserv API network error posting transaction TXN-FISERV-001: Error while extracting response for type [io.openfednow.acl.adapters.fiserv.FiservTransactionResponse] and content type [application/octet-stream]
23:13:53.537 [main] WARN io.openfednow.acl.adapters.fiserv.FiservHttpClient -- Fiserv health check failed: 503 Service Unavailable: [no body]
[INFO] Tests run: 12, Failures: 0, Errors: 0, Skipped: 0, Time elapsed: 0.053 s -- in io.openfednow.acl.adapters.FiservAdapterTest
[INFO] Running io.openfednow.acl.adapters.FiservAmountEncoderTest
[INFO] Tests run: 14, Failures: 0, Errors: 0, Skipped: 0, Time elapsed: 0.003 s -- in io.openfednow.acl.adapters.FiservAmountEncoderTest
[INFO] Running io.openfednow.gateway.HttpFedNowClientRetryTest
23:13:53.558 [main] INFO io.openfednow.gateway.HttpFedNowClient -- Submitting pacs.008 to FedNow endpoint=http://localhost:64388/transfers
23:13:53.561 [main] INFO io.openfednow.gateway.HttpFedNowClient -- Submitting pacs.008 to FedNow endpoint=http://localhost:64388/transfers
23:13:53.566 [main] INFO io.openfednow.gateway.HttpFedNowClient -- Submitting pacs.008 to FedNow endpoint=http://localhost:64388/transfers
23:13:53.569 [main] INFO io.openfednow.gateway.HttpFedNowClient -- Submitting pacs.008 to FedNow endpoint=http://localhost:64388/transfers
23:13:53.572 [main] INFO io.openfednow.gateway.HttpFedNowClient -- Submitting pacs.008 to FedNow endpoint=http://localhost:64388/transfers
23:13:53.575 [main] INFO io.openfednow.gateway.HttpFedNowClient -- Submitting synthetic pacs.004-shaped return endpoint=http://localhost:64388/returns returnId=RETURN-001
23:13:54.584 [main] INFO io.openfednow.gateway.HttpFedNowClient -- Submitting pacs.008 to FedNow endpoint=http://localhost:64388/transfers
[INFO] Tests run: 7, Failures: 0, Errors: 0, Skipped: 0, Time elapsed: 1.233 s -- in io.openfednow.gateway.HttpFedNowClientRetryTest
[INFO] Running io.openfednow.gateway.signing.JwsWireIntegrationTest
23:13:54.901 [main] INFO io.openfednow.gateway.HttpFedNowClient -- Submitting pacs.008 to FedNow endpoint=http://localhost:64392/transfers
23:13:54.906 [main] INFO io.openfednow.gateway.HttpFedNowClient -- FedNow outbound signing active — every submission carries X-JWS-Signature
23:13:54.907 [main] INFO io.openfednow.gateway.HttpFedNowClient -- Submitting pacs.008 to FedNow endpoint=http://localhost:64392/transfers
[INFO] Tests run: 2, Failures: 0, Errors: 0, Skipped: 0, Time elapsed: 0.128 s -- in io.openfednow.gateway.signing.JwsWireIntegrationTest
[INFO] Running io.openfednow.gateway.signing.FedNowJwsSigningTest
[INFO] Tests run: 15, Failures: 0, Errors: 0, Skipped: 0, Time elapsed: 0.101 s -- in io.openfednow.gateway.signing.FedNowJwsSigningTest
[INFO] Running io.openfednow.gateway.signing.JwsInboundVerificationFilterTest
23:13:55.091 [main] WARN io.openfednow.gateway.signing.JwsInboundVerificationFilter -- Inbound JWS verification failed uri=/fednow/receive reason=Missing JWS signature header
23:13:55.093 [main] WARN io.openfednow.gateway.signing.JwsInboundVerificationFilter -- Inbound JWS verification failed uri=/fednow/receive reason=No public key configured for kid=some-other-kid
23:13:55.093 [main] WARN io.openfednow.gateway.signing.JwsInboundVerificationFilter -- Inbound JWS verification failed uri=/fednow/receive reason=JWS signature verification failed for kid=filter-test-key
[INFO] Tests run: 7, Failures: 0, Errors: 0, Skipped: 0, Time elapsed: 0.077 s -- in io.openfednow.gateway.signing.JwsInboundVerificationFilterTest
[INFO] Running io.openfednow.gateway.MessageRouterScreeningPolicyTest
23:13:55.105 [main] INFO io.openfednow.gateway.MessageRouter -- Inbound credit transfer received amount=10.00 currency=USD sourceRail=FEDNOW
23:13:55.106 [main] WARN io.openfednow.gateway.MessageRouter -- Screening unavailable e2e=E2E-SCREEN cause=invalid result failOpen=false
23:13:55.106 [main] INFO io.openfednow.gateway.MessageRouter -- Outbound credit transfer received amount=10.00 currency=USD
23:13:55.107 [main] WARN io.openfednow.gateway.MessageRouter -- Screening unavailable e2e=E2E-SCREEN cause=invalid result failOpen=false
23:13:55.108 [main] INFO io.openfednow.gateway.MessageRouter -- Outbound credit transfer received amount=10.00 currency=USD
23:13:55.209 [main] WARN io.openfednow.gateway.MessageRouter -- Screening unavailable e2e=E2E-SCREEN cause=timeout failOpen=true
23:13:55.209 [main] INFO io.openfednow.gateway.MessageRouter -- Outbound payment rejected: insufficient funds account=************BTOR available=0 requested=10.00
23:13:55.211 [main] INFO io.openfednow.gateway.MessageRouter -- Outbound credit transfer received amount=10.00 currency=USD
23:13:55.211 [main] WARN io.openfednow.gateway.MessageRouter -- Screening unavailable e2e=E2E-SCREEN cause=service error failOpen=true
23:13:55.211 [main] INFO io.openfednow.gateway.MessageRouter -- Outbound payment rejected: insufficient funds account=************BTOR available=0 requested=10.00
23:13:55.212 [main] INFO io.openfednow.gateway.MessageRouter -- Inbound credit transfer received amount=10.00 currency=USD sourceRail=FEDNOW
23:13:55.213 [main] INFO io.openfednow.gateway.MessageRouter -- Outbound credit transfer received amount=10.00 currency=USD
23:13:55.213 [main] INFO io.openfednow.gateway.MessageRouter -- Outbound credit transfer received amount=10.00 currency=USD
23:13:55.214 [main] WARN io.openfednow.gateway.MessageRouter -- Screening unavailable e2e=E2E-SCREEN cause=service error failOpen=false
23:13:55.215 [main] INFO io.openfednow.gateway.MessageRouter -- Inbound credit transfer received amount=10.00 currency=USD sourceRail=FEDNOW
23:13:55.320 [main] WARN io.openfednow.gateway.MessageRouter -- Screening unavailable e2e=E2E-SCREEN cause=timeout failOpen=false
23:13:55.323 [main] INFO io.openfednow.gateway.MessageRouter -- Outbound credit transfer received amount=10.00 currency=USD
23:13:55.424 [main] WARN io.openfednow.gateway.MessageRouter -- Screening unavailable e2e=E2E-SCREEN cause=timeout failOpen=false
23:13:55.428 [main] INFO io.openfednow.gateway.MessageRouter -- Inbound credit transfer received amount=10.00 currency=USD sourceRail=FEDNOW
23:13:55.429 [main] WARN io.openfednow.gateway.MessageRouter -- Screening unavailable e2e=E2E-SCREEN cause=service error failOpen=false
23:13:55.431 [main] INFO io.openfednow.gateway.MessageRouter -- Outbound credit transfer received amount=10.00 currency=USD
23:13:55.432 [main] WARN io.openfednow.gateway.MessageRouter -- Screening unavailable e2e=E2E-SCREEN cause=service error failOpen=false
[INFO] Tests run: 11, Failures: 0, Errors: 0, Skipped: 0, Time elapsed: 0.337 s -- in io.openfednow.gateway.MessageRouterScreeningPolicyTest
[INFO] Running io.openfednow.gateway.FedNowReturnEndpointTest
23:13:55.477 [main] INFO org.hibernate.validator.internal.util.Version -- HV000001: Hibernate Validator 8.0.3.Final
23:13:55.570 [main] INFO org.springframework.mock.web.MockServletContext -- Initializing Spring TestDispatcherServlet ''
23:13:55.570 [main] INFO org.springframework.test.web.servlet.TestDispatcherServlet -- Initializing Servlet ''
23:13:55.571 [main] INFO org.springframework.test.web.servlet.TestDispatcherServlet -- Completed initialization in 1 ms
23:13:55.605 [main] INFO org.springframework.mock.web.MockServletContext -- Initializing Spring TestDispatcherServlet ''
23:13:55.605 [main] INFO org.springframework.test.web.servlet.TestDispatcherServlet -- Initializing Servlet ''
23:13:55.605 [main] INFO org.springframework.test.web.servlet.TestDispatcherServlet -- Completed initialization in 0 ms
23:13:55.612 [main] INFO org.springframework.mock.web.MockServletContext -- Initializing Spring TestDispatcherServlet ''
23:13:55.612 [main] INFO org.springframework.test.web.servlet.TestDispatcherServlet -- Initializing Servlet ''
23:13:55.613 [main] INFO org.springframework.test.web.servlet.TestDispatcherServlet -- Completed initialization in 0 ms
[INFO] Tests run: 3, Failures: 0, Errors: 0, Skipped: 0, Time elapsed: 0.193 s -- in io.openfednow.gateway.FedNowReturnEndpointTest
[INFO] Running io.openfednow.gateway.CorrelationFilterTest
[INFO] Tests run: 7, Failures: 0, Errors: 0, Skipped: 0, Time elapsed: 0.002 s -- in io.openfednow.gateway.CorrelationFilterTest
[INFO] Running io.openfednow.gateway.ratelimit.RateLimitFilterTest
23:13:55.632 [main] WARN io.openfednow.gateway.ratelimit.RateLimitFilter -- Rate limit exceeded clientId=1.2.3.4 path=/fednow/receive limitPerSecond=1
23:13:55.632 [main] WARN io.openfednow.gateway.ratelimit.RateLimitFilter -- Rate limit exceeded clientId=1.2.3.4 path=/fednow/receive limitPerSecond=1
23:13:55.632 [main] WARN io.openfednow.gateway.ratelimit.RateLimitFilter -- Rate limit exceeded clientId=1.2.3.4 path=/fednow/receive limitPerSecond=1
23:13:55.633 [main] WARN io.openfednow.gateway.ratelimit.RateLimitFilter -- Rate limit exceeded clientId=1.2.3.4 path=/fednow/receive limitPerSecond=1
23:13:55.633 [main] WARN io.openfednow.gateway.ratelimit.RateLimitFilter -- Rate limit exceeded clientId=3.3.3.3 path=/rtp/send limitPerSecond=1
23:13:55.633 [main] WARN io.openfednow.gateway.ratelimit.RateLimitFilter -- Rate limit exceeded clientId=1.2.3.4 path=/fednow/receive limitPerSecond=1
23:13:55.634 [main] WARN io.openfednow.gateway.ratelimit.RateLimitFilter -- Rate limit exceeded clientId=1.1.1.1 path=/fednow/receive limitPerSecond=1
[INFO] Tests run: 18, Failures: 0, Errors: 0, Skipped: 0, Time elapsed: 0.005 s -- in io.openfednow.gateway.ratelimit.RateLimitFilterTest
[INFO] Running io.openfednow.gateway.UncertainSubmissionReproducerTest
23:13:55.638 [main] INFO io.openfednow.gateway.MessageRouter -- Outbound credit transfer received amount=10.00 currency=USD
23:13:55.638 [main] INFO io.openfednow.gateway.HttpFedNowClient -- Submitting pacs.008 to FedNow endpoint=http://localhost:64394/transfers
23:13:56.644 [main] ERROR io.openfednow.gateway.MessageRouter -- FedNow outcome unknown; reservation retained sagaId=SAGA-UNCERTAIN
io.openfednow.gateway.SubmissionOutcomeUnknownException: Payment submission outcome unknown
	at io.openfednow.gateway.HttpFedNowClient.submitCreditTransfer(HttpFedNowClient.java:116)
	at io.openfednow.gateway.MessageRouter.routeOutbound(MessageRouter.java:433)
	at io.openfednow.gateway.UncertainSubmissionReproducerTest.delayedAcceptanceRetainsReservationAndNeedsReview(UncertainSubmissionReproducerTest.java:56)
	at java.base/jdk.internal.reflect.NativeMethodAccessorImpl.invoke0(Native Method)
	at java.base/jdk.internal.reflect.NativeMethodAccessorImpl.invoke(NativeMethodAccessorImpl.java:77)
	at java.base/jdk.internal.reflect.DelegatingMethodAccessorImpl.invoke(DelegatingMethodAccessorImpl.java:43)
	at java.base/java.lang.reflect.Method.invoke(Method.java:569)
	at org.junit.platform.commons.util.ReflectionUtils.invokeMethod(ReflectionUtils.java:775)
	at org.junit.platform.commons.support.ReflectionSupport.invokeMethod(ReflectionSupport.java:479)
	at org.junit.jupiter.engine.execution.MethodInvocation.proceed(MethodInvocation.java:60)
	at org.junit.jupiter.engine.execution.InvocationInterceptorChain$ValidatingInvocation.proceed(InvocationInterceptorChain.java:131)
	at org.junit.jupiter.engine.extension.TimeoutExtension.intercept(TimeoutExtension.java:161)
	at org.junit.jupiter.engine.extension.TimeoutExtension.interceptTestableMethod(TimeoutExtension.java:152)
	at org.junit.jupiter.engine.extension.TimeoutExtension.interceptTestMethod(TimeoutExtension.java:91)
	at org.junit.jupiter.engine.execution.InterceptingExecutableInvoker$ReflectiveInterceptorCall.lambda$ofVoidMethod$0(InterceptingExecutableInvoker.java:112)
	at org.junit.jupiter.engine.execution.InterceptingExecutableInvoker.lambda$invoke$0(InterceptingExecutableInvoker.java:94)
	at org.junit.jupiter.engine.execution.InvocationInterceptorChain$InterceptedInvocation.proceed(InvocationInterceptorChain.java:106)
	at org.junit.jupiter.engine.execution.InvocationInterceptorChain.proceed(InvocationInterceptorChain.java:64)
	at org.junit.jupiter.engine.execution.InvocationInterceptorChain.chainAndInvoke(InvocationInterceptorChain.java:45)
	at org.junit.jupiter.engine.execution.InvocationInterceptorChain.invoke(InvocationInterceptorChain.java:37)
	at org.junit.jupiter.engine.execution.InterceptingExecutableInvoker.invoke(InterceptingExecutableInvoker.java:93)
	at org.junit.jupiter.engine.execution.InterceptingExecutableInvoker.invoke(InterceptingExecutableInvoker.java:87)
	at org.junit.jupiter.engine.descriptor.TestMethodTestDescriptor.lambda$invokeTestMethod$7(TestMethodTestDescriptor.java:216)
	at org.junit.platform.engine.support.hierarchical.ThrowableCollector.execute(ThrowableCollector.java:73)
	at org.junit.jupiter.engine.descriptor.TestMethodTestDescriptor.invokeTestMethod(TestMethodTestDescriptor.java:212)
	at org.junit.jupiter.engine.descriptor.TestMethodTestDescriptor.execute(TestMethodTestDescriptor.java:137)
	at org.junit.jupiter.engine.descriptor.TestMethodTestDescriptor.execute(TestMethodTestDescriptor.java:69)
	at org.junit.platform.engine.support.hierarchical.NodeTestTask.lambda$executeRecursively$6(NodeTestTask.java:156)
	at org.junit.platform.engine.support.hierarchical.ThrowableCollector.execute(ThrowableCollector.java:73)
	at org.junit.platform.engine.support.hierarchical.NodeTestTask.lambda$executeRecursively$8(NodeTestTask.java:146)
	at org.junit.platform.engine.support.hierarchical.Node.around(Node.java:137)
	at org.junit.platform.engine.support.hierarchical.NodeTestTask.lambda$executeRecursively$9(NodeTestTask.java:144)
	at org.junit.platform.engine.support.hierarchical.ThrowableCollector.execute(ThrowableCollector.java:73)
	at org.junit.platform.engine.support.hierarchical.NodeTestTask.executeRecursively(NodeTestTask.java:143)
	at org.junit.platform.engine.support.hierarchical.NodeTestTask.execute(NodeTestTask.java:100)
	at java.base/java.util.ArrayList.forEach(ArrayList.java:1511)
	at org.junit.platform.engine.support.hierarchical.SameThreadHierarchicalTestExecutorService.invokeAll(SameThreadHierarchicalTestExecutorService.java:41)
	at org.junit.platform.engine.support.hierarchical.NodeTestTask.lambda$executeRecursively$6(NodeTestTask.java:160)
	at org.junit.platform.engine.support.hierarchical.ThrowableCollector.execute(ThrowableCollector.java:73)
	at org.junit.platform.engine.support.hierarchical.NodeTestTask.lambda$executeRecursively$8(NodeTestTask.java:146)
	at org.junit.platform.engine.support.hierarchical.Node.around(Node.java:137)
	at org.junit.platform.engine.support.hierarchical.NodeTestTask.lambda$executeRecursively$9(NodeTestTask.java:144)
	at org.junit.platform.engine.support.hierarchical.ThrowableCollector.execute(ThrowableCollector.java:73)
	at org.junit.platform.engine.support.hierarchical.NodeTestTask.executeRecursively(NodeTestTask.java:143)
	at org.junit.platform.engine.support.hierarchical.NodeTestTask.execute(NodeTestTask.java:100)
	at java.base/java.util.ArrayList.forEach(ArrayList.java:1511)
	at org.junit.platform.engine.support.hierarchical.SameThreadHierarchicalTestExecutorService.invokeAll(SameThreadHierarchicalTestExecutorService.java:41)
	at org.junit.platform.engine.support.hierarchical.NodeTestTask.lambda$executeRecursively$6(NodeTestTask.java:160)
	at org.junit.platform.engine.support.hierarchical.ThrowableCollector.execute(ThrowableCollector.java:73)
	at org.junit.platform.engine.support.hierarchical.NodeTestTask.lambda$executeRecursively$8(NodeTestTask.java:146)
	at org.junit.platform.engine.support.hierarchical.Node.around(Node.java:137)
	at org.junit.platform.engine.support.hierarchical.NodeTestTask.lambda$executeRecursively$9(NodeTestTask.java:144)
	at org.junit.platform.engine.support.hierarchical.ThrowableCollector.execute(ThrowableCollector.java:73)
	at org.junit.platform.engine.support.hierarchical.NodeTestTask.executeRecursively(NodeTestTask.java:143)
	at org.junit.platform.engine.support.hierarchical.NodeTestTask.execute(NodeTestTask.java:100)
	at org.junit.platform.engine.support.hierarchical.SameThreadHierarchicalTestExecutorService.submit(SameThreadHierarchicalTestExecutorService.java:35)
	at org.junit.platform.engine.support.hierarchical.HierarchicalTestExecutor.execute(HierarchicalTestExecutor.java:57)
	at org.junit.platform.engine.support.hierarchical.HierarchicalTestEngine.execute(HierarchicalTestEngine.java:54)
	at org.junit.platform.launcher.core.EngineExecutionOrchestrator.execute(EngineExecutionOrchestrator.java:201)
	at org.junit.platform.launcher.core.EngineExecutionOrchestrator.execute(EngineExecutionOrchestrator.java:170)
	at org.junit.platform.launcher.core.EngineExecutionOrchestrator.execute(EngineExecutionOrchestrator.java:94)
	at org.junit.platform.launcher.core.EngineExecutionOrchestrator.lambda$execute$0(EngineExecutionOrchestrator.java:59)
	at org.junit.platform.launcher.core.EngineExecutionOrchestrator.withInterceptedStreams(EngineExecutionOrchestrator.java:142)
	at org.junit.platform.launcher.core.EngineExecutionOrchestrator.execute(EngineExecutionOrchestrator.java:58)
	at org.junit.platform.launcher.core.DefaultLauncher.execute(DefaultLauncher.java:103)
	at org.junit.platform.launcher.core.DefaultLauncher.execute(DefaultLauncher.java:85)
	at org.junit.platform.launcher.core.DelegatingLauncher.execute(DelegatingLauncher.java:47)
	at org.junit.platform.launcher.core.InterceptingLauncher.lambda$execute$1(InterceptingLauncher.java:39)
	at org.junit.platform.launcher.core.ClasspathAlignmentCheckingLauncherInterceptor.intercept(ClasspathAlignmentCheckingLauncherInterceptor.java:25)
	at org.junit.platform.launcher.core.InterceptingLauncher.execute(InterceptingLauncher.java:38)
	at org.junit.platform.launcher.core.DelegatingLauncher.execute(DelegatingLauncher.java:47)
	at org.apache.maven.surefire.junitplatform.LauncherAdapter.executeWithoutCancellationToken(LauncherAdapter.java:60)
	at org.apache.maven.surefire.junitplatform.LauncherAdapter.execute(LauncherAdapter.java:52)
	at org.apache.maven.surefire.junitplatform.JUnitPlatformProvider.execute(JUnitPlatformProvider.java:203)
	at org.apache.maven.surefire.junitplatform.JUnitPlatformProvider.invokeAllTests(JUnitPlatformProvider.java:168)
	at org.apache.maven.surefire.junitplatform.JUnitPlatformProvider.invoke(JUnitPlatformProvider.java:136)
	at org.apache.maven.surefire.booter.ForkedBooter.runSuitesInProcess(ForkedBooter.java:385)
	at org.apache.maven.surefire.booter.ForkedBooter.execute(ForkedBooter.java:162)
	at org.apache.maven.surefire.booter.ForkedBooter.run(ForkedBooter.java:507)
	at org.apache.maven.surefire.booter.ForkedBooter.main(ForkedBooter.java:495)
Caused by: org.springframework.web.client.ResourceAccessException: I/O error on POST request for "http://localhost:64394/transfers": Read timed out
	at org.springframework.web.client.RestTemplate.createResourceAccessException(RestTemplate.java:926)
	at org.springframework.web.client.RestTemplate.doExecute(RestTemplate.java:906)
	at org.springframework.web.client.RestTemplate.execute(RestTemplate.java:801)
	at org.springframework.web.client.RestTemplate.postForObject(RestTemplate.java:518)
	at io.openfednow.gateway.HttpFedNowClient.submitCreditTransfer(HttpFedNowClient.java:110)
	... 79 common frames omitted
Caused by: java.net.SocketTimeoutException: Read timed out
	at java.base/sun.nio.ch.NioSocketImpl.timedRead(NioSocketImpl.java:288)
	at java.base/sun.nio.ch.NioSocketImpl.implRead(NioSocketImpl.java:314)
	at java.base/sun.nio.ch.NioSocketImpl.read(NioSocketImpl.java:355)
	at java.base/sun.nio.ch.NioSocketImpl$1.read(NioSocketImpl.java:808)
	at java.base/java.net.Socket$SocketInputStream.read(Socket.java:966)
	at java.base/java.io.BufferedInputStream.fill(BufferedInputStream.java:244)
	at java.base/java.io.BufferedInputStream.read1(BufferedInputStream.java:284)
	at java.base/java.io.BufferedInputStream.read(BufferedInputStream.java:343)
	at java.base/sun.net.www.http.HttpClient.parseHTTPHeader(HttpClient.java:834)
	at java.base/sun.net.www.http.HttpClient.parseHTTP(HttpClient.java:769)
	at java.base/sun.net.www.protocol.http.HttpURLConnection.getInputStream0(HttpURLConnection.java:1750)
	at java.base/sun.net.www.protocol.http.HttpURLConnection.getInputStream(HttpURLConnection.java:1644)
	at java.base/java.net.HttpURLConnection.getResponseCode(HttpURLConnection.java:529)
	at org.springframework.http.client.SimpleClientHttpResponse.getStatusCode(SimpleClientHttpResponse.java:56)
	at org.springframework.web.client.DefaultResponseErrorHandler.hasError(DefaultResponseErrorHandler.java:84)
	at org.springframework.web.client.RestTemplate.handleResponse(RestTemplate.java:942)
	at org.springframework.web.client.RestTemplate.doExecute(RestTemplate.java:902)
	... 82 common frames omitted
[INFO] Tests run: 1, Failures: 0, Errors: 0, Skipped: 0, Time elapsed: 1.517 s -- in io.openfednow.gateway.UncertainSubmissionReproducerTest
[INFO] Running io.openfednow.gateway.MessageRouterCurrencyGuardTest
23:13:57.155 [main] INFO io.openfednow.gateway.MessageRouter -- Inbound credit transfer received amount=100.00 currency=EUR sourceRail=FEDNOW
23:13:57.155 [main] INFO io.openfednow.gateway.MessageRouter -- Inbound rejected: currency EUR not supported by rail FEDNOW
23:13:57.157 [main] INFO io.openfednow.gateway.MessageRouter -- Outbound credit transfer received amount=100.00 currency=GBP
23:13:57.157 [main] INFO io.openfednow.gateway.MessageRouter -- Outbound rejected: currency GBP not supported by rail FEDNOW
23:13:57.158 [main] INFO io.openfednow.gateway.MessageRouter -- Outbound credit transfer received amount=100.00 currency=GBP
23:13:57.158 [main] INFO io.openfednow.gateway.MessageRouter -- Outbound rejected: currency GBP not supported by rail FEDNOW
23:13:57.159 [main] INFO io.openfednow.gateway.MessageRouter -- Inbound credit transfer received amount=100.00 currency=USD sourceRail=RTP
23:13:57.160 [main] INFO io.openfednow.gateway.MessageRouter -- Duplicate inbound payment suppressed e2e=E2E-CURR-TEST
23:13:57.160 [main] INFO io.openfednow.gateway.MessageRouter -- Inbound credit transfer received amount=100.00 currency=USD sourceRail=FEDNOW
23:13:57.161 [main] INFO io.openfednow.gateway.MessageRouter -- Duplicate inbound payment suppressed e2e=E2E-CURR-TEST
23:13:57.161 [main] INFO io.openfednow.gateway.MessageRouter -- Inbound credit transfer received amount=100.00 currency=EUR sourceRail=FEDNOW
23:13:57.161 [main] INFO io.openfednow.gateway.MessageRouter -- Inbound rejected: currency EUR not supported by rail FEDNOW
[INFO] Tests run: 6, Failures: 0, Errors: 0, Skipped: 0, Time elapsed: 0.008 s -- in io.openfednow.gateway.MessageRouterCurrencyGuardTest
[INFO] Running io.openfednow.gateway.MessageRouterBridgeSendsGuardTest
23:13:57.163 [main] INFO io.openfednow.gateway.MessageRouter -- Outbound credit transfer received amount=100.00 currency=USD
23:13:57.163 [main] INFO io.openfednow.gateway.MessageRouter -- Duplicate outbound payment suppressed e2e=E2E-COMPLETED
23:13:57.164 [main] INFO io.openfednow.gateway.MessageRouter -- Outbound credit transfer received amount=100.00 currency=USD
23:13:57.164 [main] WARN io.openfednow.gateway.MessageRouter -- Bridge-mode sends disabled by configuration — rejecting outbound during maintenance window e2e=E2E-SHORT
23:13:57.164 [main] INFO io.openfednow.gateway.MessageRouter -- Outbound credit transfer received amount=100.00 currency=USD
23:13:57.164 [main] INFO io.openfednow.gateway.MessageRouter -- Duplicate outbound payment suppressed e2e=E2E-GUARD-2
23:13:57.165 [main] INFO io.openfednow.gateway.MessageRouter -- Outbound credit transfer received amount=100.00 currency=USD
23:13:57.165 [main] INFO io.openfednow.gateway.MessageRouter -- Duplicate outbound payment suppressed e2e=E2E-GUARD-1
23:13:57.165 [main] INFO io.openfednow.gateway.MessageRouter -- Outbound credit transfer received amount=100.00 currency=USD
23:13:57.165 [main] WARN io.openfednow.gateway.MessageRouter -- Bridge-mode sends disabled by configuration — rejecting outbound during maintenance window e2e=E2E-GUARD-3
23:13:57.166 [main] INFO io.openfednow.gateway.MessageRouter -- Outbound credit transfer received amount=100.00 currency=USD
23:13:57.166 [main] WARN io.openfednow.gateway.MessageRouter -- Bridge-mode sends disabled by configuration — rejecting outbound during maintenance window e2e=E2E-METRIC-A
23:13:57.166 [main] INFO io.openfednow.gateway.MessageRouter -- Outbound credit transfer received amount=100.00 currency=USD
23:13:57.166 [main] WARN io.openfednow.gateway.MessageRouter -- Bridge-mode sends disabled by configuration — rejecting outbound during maintenance window e2e=E2E-METRIC-B
[INFO] Tests run: 6, Failures: 0, Errors: 0, Skipped: 0, Time elapsed: 0.005 s -- in io.openfednow.gateway.MessageRouterBridgeSendsGuardTest
[INFO] Running io.openfednow.gateway.RtpXmlParserTest
[Fatal Error] :1:1: Premature end of file.
[Fatal Error] :1:12: Attribute name "valid" associated with an element type "not" must be followed by the ' = ' character.
[Fatal Error] :2:10: DOCTYPE is disallowed when the feature "http://apache.org/xml/features/disallow-doctype-decl" set to true.
[INFO] Tests run: 21, Failures: 0, Errors: 0, Skipped: 0, Time elapsed: 0.019 s -- in io.openfednow.gateway.RtpXmlParserTest
[INFO] Running io.openfednow.gateway.RtpXmlSerializerTest
[INFO] Tests run: 9, Failures: 0, Errors: 0, Skipped: 0, Time elapsed: 0.003 s -- in io.openfednow.gateway.RtpXmlSerializerTest
[INFO] Running io.openfednow.gateway.RtpGatewayTest
23:13:57.199 [main] INFO org.springframework.mock.web.MockServletContext -- Initializing Spring TestDispatcherServlet ''
23:13:57.199 [main] INFO org.springframework.test.web.servlet.TestDispatcherServlet -- Initializing Servlet ''
23:13:57.199 [main] INFO org.springframework.test.web.servlet.TestDispatcherServlet -- Completed initialization in 0 ms
[INFO] Tests run: 10, Failures: 0, Errors: 0, Skipped: 0, Time elapsed: 0.027 s -- in io.openfednow.gateway.RtpGatewayTest
[INFO] Running io.openfednow.gateway.AdminControllerTest
23:13:57.227 [main] INFO org.springframework.mock.web.MockServletContext -- Initializing Spring TestDispatcherServlet ''
23:13:57.227 [main] INFO org.springframework.test.web.servlet.TestDispatcherServlet -- Initializing Servlet ''
23:13:57.227 [main] INFO org.springframework.test.web.servlet.TestDispatcherServlet -- Completed initialization in 0 ms
23:13:57.235 [main] INFO org.springframework.mock.web.MockServletContext -- Initializing Spring TestDispatcherServlet ''
23:13:57.235 [main] INFO org.springframework.test.web.servlet.TestDispatcherServlet -- Initializing Servlet ''
23:13:57.235 [main] INFO org.springframework.test.web.servlet.TestDispatcherServlet -- Completed initialization in 0 ms
23:13:57.240 [main] INFO org.springframework.mock.web.MockServletContext -- Initializing Spring TestDispatcherServlet ''
23:13:57.240 [main] INFO org.springframework.test.web.servlet.TestDispatcherServlet -- Initializing Servlet ''
23:13:57.240 [main] INFO org.springframework.test.web.servlet.TestDispatcherServlet -- Completed initialization in 0 ms
23:13:57.246 [main] INFO org.springframework.mock.web.MockServletContext -- Initializing Spring TestDispatcherServlet ''
23:13:57.246 [main] INFO org.springframework.test.web.servlet.TestDispatcherServlet -- Initializing Servlet ''
23:13:57.246 [main] INFO org.springframework.test.web.servlet.TestDispatcherServlet -- Completed initialization in 0 ms
23:13:57.249 [main] INFO org.springframework.mock.web.MockServletContext -- Initializing Spring TestDispatcherServlet ''
23:13:57.249 [main] INFO org.springframework.test.web.servlet.TestDispatcherServlet -- Initializing Servlet ''
23:13:57.249 [main] INFO org.springframework.test.web.servlet.TestDispatcherServlet -- Completed initialization in 0 ms
23:13:57.252 [main] INFO org.springframework.mock.web.MockServletContext -- Initializing Spring TestDispatcherServlet ''
23:13:57.252 [main] INFO org.springframework.test.web.servlet.TestDispatcherServlet -- Initializing Servlet ''
23:13:57.252 [main] INFO org.springframework.test.web.servlet.TestDispatcherServlet -- Completed initialization in 0 ms
23:13:57.256 [main] INFO org.springframework.mock.web.MockServletContext -- Initializing Spring TestDispatcherServlet ''
23:13:57.256 [main] INFO org.springframework.test.web.servlet.TestDispatcherServlet -- Initializing Servlet ''
23:13:57.256 [main] INFO org.springframework.test.web.servlet.TestDispatcherServlet -- Completed initialization in 0 ms
23:13:57.259 [main] INFO org.springframework.mock.web.MockServletContext -- Initializing Spring TestDispatcherServlet ''
23:13:57.259 [main] INFO org.springframework.test.web.servlet.TestDispatcherServlet -- Initializing Servlet ''
23:13:57.259 [main] INFO org.springframework.test.web.servlet.TestDispatcherServlet -- Completed initialization in 0 ms
23:13:57.262 [main] INFO org.springframework.mock.web.MockServletContext -- Initializing Spring TestDispatcherServlet ''
23:13:57.262 [main] INFO org.springframework.test.web.servlet.TestDispatcherServlet -- Initializing Servlet ''
23:13:57.262 [main] INFO org.springframework.test.web.servlet.TestDispatcherServlet -- Completed initialization in 0 ms
23:13:57.271 [main] INFO org.springframework.mock.web.MockServletContext -- Initializing Spring TestDispatcherServlet ''
23:13:57.271 [main] INFO org.springframework.test.web.servlet.TestDispatcherServlet -- Initializing Servlet ''
23:13:57.271 [main] INFO org.springframework.test.web.servlet.TestDispatcherServlet -- Completed initialization in 0 ms
23:13:57.276 [main] INFO org.springframework.mock.web.MockServletContext -- Initializing Spring TestDispatcherServlet ''
23:13:57.276 [main] INFO org.springframework.test.web.servlet.TestDispatcherServlet -- Initializing Servlet ''
23:13:57.276 [main] INFO org.springframework.test.web.servlet.TestDispatcherServlet -- Completed initialization in 0 ms
23:13:57.280 [main] INFO org.springframework.mock.web.MockServletContext -- Initializing Spring TestDispatcherServlet ''
23:13:57.280 [main] INFO org.springframework.test.web.servlet.TestDispatcherServlet -- Initializing Servlet ''
23:13:57.280 [main] INFO org.springframework.test.web.servlet.TestDispatcherServlet -- Completed initialization in 0 ms
23:13:57.283 [main] INFO org.springframework.mock.web.MockServletContext -- Initializing Spring TestDispatcherServlet ''
23:13:57.283 [main] INFO org.springframework.test.web.servlet.TestDispatcherServlet -- Initializing Servlet ''
23:13:57.283 [main] INFO org.springframework.test.web.servlet.TestDispatcherServlet -- Completed initialization in 0 ms
23:13:57.287 [main] INFO org.springframework.mock.web.MockServletContext -- Initializing Spring TestDispatcherServlet ''
23:13:57.287 [main] INFO org.springframework.test.web.servlet.TestDispatcherServlet -- Initializing Servlet ''
23:13:57.287 [main] INFO org.springframework.test.web.servlet.TestDispatcherServlet -- Completed initialization in 0 ms
23:13:57.290 [main] INFO org.springframework.mock.web.MockServletContext -- Initializing Spring TestDispatcherServlet ''
23:13:57.290 [main] INFO org.springframework.test.web.servlet.TestDispatcherServlet -- Initializing Servlet ''
23:13:57.290 [main] INFO org.springframework.test.web.servlet.TestDispatcherServlet -- Completed initialization in 0 ms
23:13:57.293 [main] INFO org.springframework.mock.web.MockServletContext -- Initializing Spring TestDispatcherServlet ''
23:13:57.294 [main] INFO org.springframework.test.web.servlet.TestDispatcherServlet -- Initializing Servlet ''
23:13:57.294 [main] INFO org.springframework.test.web.servlet.TestDispatcherServlet -- Completed initialization in 0 ms
23:13:57.297 [main] INFO org.springframework.mock.web.MockServletContext -- Initializing Spring TestDispatcherServlet ''
23:13:57.298 [main] INFO org.springframework.test.web.servlet.TestDispatcherServlet -- Initializing Servlet ''
23:13:57.298 [main] INFO org.springframework.test.web.servlet.TestDispatcherServlet -- Completed initialization in 0 ms
23:13:57.302 [main] INFO org.springframework.mock.web.MockServletContext -- Initializing Spring TestDispatcherServlet ''
23:13:57.302 [main] INFO org.springframework.test.web.servlet.TestDispatcherServlet -- Initializing Servlet ''
23:13:57.302 [main] INFO org.springframework.test.web.servlet.TestDispatcherServlet -- Completed initialization in 0 ms
23:13:57.306 [main] INFO org.springframework.mock.web.MockServletContext -- Initializing Spring TestDispatcherServlet ''
23:13:57.306 [main] INFO org.springframework.test.web.servlet.TestDispatcherServlet -- Initializing Servlet ''
23:13:57.306 [main] INFO org.springframework.test.web.servlet.TestDispatcherServlet -- Completed initialization in 0 ms
23:13:57.310 [main] INFO org.springframework.mock.web.MockServletContext -- Initializing Spring TestDispatcherServlet ''
23:13:57.310 [main] INFO org.springframework.test.web.servlet.TestDispatcherServlet -- Initializing Servlet ''
23:13:57.310 [main] INFO org.springframework.test.web.servlet.TestDispatcherServlet -- Completed initialization in 0 ms
23:13:57.313 [main] INFO org.springframework.mock.web.MockServletContext -- Initializing Spring TestDispatcherServlet ''
23:13:57.313 [main] INFO org.springframework.test.web.servlet.TestDispatcherServlet -- Initializing Servlet ''
23:13:57.313 [main] INFO org.springframework.test.web.servlet.TestDispatcherServlet -- Completed initialization in 0 ms
23:13:57.316 [main] INFO org.springframework.mock.web.MockServletContext -- Initializing Spring TestDispatcherServlet ''
23:13:57.316 [main] INFO org.springframework.test.web.servlet.TestDispatcherServlet -- Initializing Servlet ''
23:13:57.316 [main] INFO org.springframework.test.web.servlet.TestDispatcherServlet -- Completed initialization in 0 ms
23:13:57.319 [main] INFO org.springframework.mock.web.MockServletContext -- Initializing Spring TestDispatcherServlet ''
23:13:57.319 [main] INFO org.springframework.test.web.servlet.TestDispatcherServlet -- Initializing Servlet ''
23:13:57.319 [main] INFO org.springframework.test.web.servlet.TestDispatcherServlet -- Completed initialization in 0 ms
23:13:57.322 [main] INFO org.springframework.mock.web.MockServletContext -- Initializing Spring TestDispatcherServlet ''
23:13:57.322 [main] INFO org.springframework.test.web.servlet.TestDispatcherServlet -- Initializing Servlet ''
23:13:57.322 [main] INFO org.springframework.test.web.servlet.TestDispatcherServlet -- Completed initialization in 0 ms
23:13:57.325 [main] INFO org.springframework.mock.web.MockServletContext -- Initializing Spring TestDispatcherServlet ''
23:13:57.325 [main] INFO org.springframework.test.web.servlet.TestDispatcherServlet -- Initializing Servlet ''
23:13:57.325 [main] INFO org.springframework.test.web.servlet.TestDispatcherServlet -- Completed initialization in 0 ms
23:13:57.328 [main] INFO org.springframework.mock.web.MockServletContext -- Initializing Spring TestDispatcherServlet ''
23:13:57.328 [main] INFO org.springframework.test.web.servlet.TestDispatcherServlet -- Initializing Servlet ''
23:13:57.328 [main] INFO org.springframework.test.web.servlet.TestDispatcherServlet -- Completed initialization in 0 ms
[INFO] Tests run: 26, Failures: 0, Errors: 0, Skipped: 0, Time elapsed: 0.110 s -- in io.openfednow.gateway.AdminControllerTest
[INFO] Running io.openfednow.gateway.FedNowGatewayValidationTest
23:13:57.331 [main] INFO org.springframework.mock.web.MockServletContext -- Initializing Spring TestDispatcherServlet ''
23:13:57.331 [main] INFO org.springframework.test.web.servlet.TestDispatcherServlet -- Initializing Servlet ''
23:13:57.331 [main] INFO org.springframework.test.web.servlet.TestDispatcherServlet -- Completed initialization in 0 ms
23:13:57.343 [main] INFO org.springframework.mock.web.MockServletContext -- Initializing Spring TestDispatcherServlet ''
23:13:57.343 [main] INFO org.springframework.test.web.servlet.TestDispatcherServlet -- Initializing Servlet ''
23:13:57.343 [main] INFO org.springframework.test.web.servlet.TestDispatcherServlet -- Completed initialization in 0 ms
23:13:57.350 [main] INFO org.springframework.mock.web.MockServletContext -- Initializing Spring TestDispatcherServlet ''
23:13:57.350 [main] INFO org.springframework.test.web.servlet.TestDispatcherServlet -- Initializing Servlet ''
23:13:57.351 [main] INFO org.springframework.test.web.servlet.TestDispatcherServlet -- Completed initialization in 1 ms
23:13:57.367 [main] INFO org.springframework.mock.web.MockServletContext -- Initializing Spring TestDispatcherServlet ''
23:13:57.367 [main] INFO org.springframework.test.web.servlet.TestDispatcherServlet -- Initializing Servlet ''
23:13:57.367 [main] INFO org.springframework.test.web.servlet.TestDispatcherServlet -- Completed initialization in 0 ms
23:13:57.372 [main] INFO org.springframework.mock.web.MockServletContext -- Initializing Spring TestDispatcherServlet ''
23:13:57.372 [main] INFO org.springframework.test.web.servlet.TestDispatcherServlet -- Initializing Servlet ''
23:13:57.372 [main] INFO org.springframework.test.web.servlet.TestDispatcherServlet -- Completed initialization in 0 ms
23:13:57.379 [main] INFO org.springframework.mock.web.MockServletContext -- Initializing Spring TestDispatcherServlet ''
23:13:57.379 [main] INFO org.springframework.test.web.servlet.TestDispatcherServlet -- Initializing Servlet ''
23:13:57.379 [main] INFO org.springframework.test.web.servlet.TestDispatcherServlet -- Completed initialization in 0 ms
[INFO] Tests run: 6, Failures: 0, Errors: 0, Skipped: 0, Time elapsed: 0.054 s -- in io.openfednow.gateway.FedNowGatewayValidationTest
[INFO] Running io.openfednow.gateway.RtpClientBeanConfigTest
[INFO] Tests run: 2, Failures: 0, Errors: 0, Skipped: 0, Time elapsed: 0.015 s -- in io.openfednow.gateway.RtpClientBeanConfigTest
[INFO] Running io.openfednow.gateway.HttpRtpClientTest
23:13:57.402 [main] INFO io.openfednow.gateway.HttpRtpClient -- Submitting pacs.008 to RTP endpoint=http://localhost:64396/transfers
23:13:57.404 [main] INFO io.openfednow.gateway.HttpRtpClient -- Submitting pacs.008 to RTP endpoint=http://localhost:64396/transfers
23:13:57.407 [main] WARN io.openfednow.gateway.HttpRtpClient -- RTP client error: Error while extracting response for type [java.lang.String] and content type [application/octet-stream]
23:13:57.408 [main] INFO io.openfednow.gateway.HttpRtpClient -- Submitting pacs.008 to RTP endpoint=http://localhost:64396/transfers
23:13:57.410 [main] INFO io.openfednow.gateway.HttpRtpClient -- Submitting pacs.008 to RTP endpoint=http://localhost:64396/transfers
23:13:57.412 [main] WARN io.openfednow.gateway.HttpRtpClient -- RTP endpoint returned HTTP error status=503
23:13:57.413 [main] INFO io.openfednow.gateway.HttpRtpClient -- Submitting pacs.008 to RTP endpoint=http://localhost:64396/transfers
[INFO] Tests run: 5, Failures: 0, Errors: 0, Skipped: 0, Time elapsed: 0.017 s -- in io.openfednow.gateway.HttpRtpClientTest
[INFO] Running io.openfednow.shadowledger.CardAuthorizationEventListenerWiringTest
[INFO] Tests run: 2, Failures: 0, Errors: 0, Skipped: 0, Time elapsed: 0.008 s -- in io.openfednow.shadowledger.CardAuthorizationEventListenerWiringTest
[INFO] Running io.openfednow.shadowledger.ShadowLedgerHealthIndicatorTest
[INFO] Tests run: 6, Failures: 0, Errors: 0, Skipped: 0, Time elapsed: 0.001 s -- in io.openfednow.shadowledger.ShadowLedgerHealthIndicatorTest
[INFO] Running io.openfednow.shadowledger.ShadowLedgerReversalIdempotencyTest
23:13:57.433 [main] INFO org.flywaydb.core.FlywayExecutor -- Database: jdbc:h2:mem:reversal_idempotency (H2 2.3)
23:13:57.436 [main] INFO org.flywaydb.core.internal.schemahistory.JdbcTableSchemaHistory -- Schema history table "public"."flyway_schema_history" does not exist yet
23:13:57.436 [main] INFO org.flywaydb.core.internal.command.DbValidate -- Successfully validated 10 migrations (execution time 00:00.002s)
23:13:57.437 [main] INFO org.flywaydb.core.internal.schemahistory.JdbcTableSchemaHistory -- Creating Schema History table "public"."flyway_schema_history" ...
23:13:57.439 [main] INFO org.flywaydb.core.internal.command.DbMigrate -- Current version of schema "public": << Empty Schema >>
23:13:57.440 [main] INFO org.flywaydb.core.internal.command.DbMigrate -- Migrating schema "public" to version "1 - create shadow ledger transaction log"
23:13:57.443 [main] INFO org.flywaydb.core.internal.command.DbMigrate -- Migrating schema "public" to version "2 - create saga state"
23:13:57.445 [main] INFO org.flywaydb.core.internal.command.DbMigrate -- Migrating schema "public" to version "3 - create idempotency keys"
23:13:57.447 [main] INFO org.flywaydb.core.internal.command.DbMigrate -- Migrating schema "public" to version "4 - create reconciliation run"
23:13:57.448 [main] INFO org.flywaydb.core.internal.command.DbMigrate -- Migrating schema "public" to version "5 - add source rail to saga state"
23:13:57.451 [main] INFO org.flywaydb.core.internal.command.DbMigrate -- Migrating schema "public" to version "6 - create admin audit log"
23:13:57.453 [main] INFO org.flywaydb.core.internal.command.DbMigrate -- Migrating schema "public" to version "7 - add request id correlation"
23:13:57.455 [main] INFO org.flywaydb.core.internal.command.DbMigrate -- Migrating schema "public" to version "8 - outbound submission uncertainty"
23:13:57.457 [main] INFO org.flywaydb.core.internal.command.DbMigrate -- Migrating schema "public" to version "9 - create reliable payment reference"
23:13:57.460 [main] INFO org.flywaydb.core.internal.command.DbMigrate -- Migrating schema "public" to version "10 - synthetic async core ack"
23:13:57.462 [main] INFO org.flywaydb.core.internal.command.DbMigrate -- Successfully applied 10 migrations to schema "public", now at version v10 (execution time 00:00.006s)
23:13:57.464 [main] INFO io.openfednow.shadowledger.ShadowLedger -- Shadow Ledger credit reversal applied account=ACC-Y amount=50.00 balanceAfter=0.00
23:13:57.466 [main] INFO io.openfednow.shadowledger.ShadowLedger -- Shadow Ledger reversal applied account=ACC-X amount=100.00 balanceAfter=0.00
23:13:57.467 [main] WARN io.openfednow.shadowledger.ShadowLedger -- Shadow Ledger: no DEBIT found for reversal transactionId=TXN-GHOST
23:13:57.468 [main] INFO io.openfednow.shadowledger.ShadowLedger -- Shadow Ledger reversal applied account=ACC-X amount=100.00 balanceAfter=0.00
23:13:57.470 [main] INFO io.openfednow.shadowledger.ShadowLedger -- Shadow Ledger credit reversal applied account=ACC-Y amount=50.00 balanceAfter=0.00
23:13:57.471 [main] INFO io.openfednow.shadowledger.ShadowLedger -- Shadow Ledger reversal applied account=ACC-A amount=100.00 balanceAfter=0.00
23:13:57.471 [main] INFO io.openfednow.shadowledger.ShadowLedger -- Shadow Ledger reversal applied account=ACC-B amount=200.00 balanceAfter=0.00
23:13:57.472 [main] INFO io.openfednow.shadowledger.ShadowLedger -- Shadow Ledger reversal applied account=ACC-X amount=100.00 balanceAfter=0.00
23:13:57.474 [main] INFO io.openfednow.shadowledger.ShadowLedger -- Shadow Ledger reversal applied account=ACC-D amount=100.00 balanceAfter=0.00
23:13:57.474 [main] INFO io.openfednow.shadowledger.ShadowLedger -- Shadow Ledger credit reversal applied account=ACC-C amount=50.00 balanceAfter=0.00
[INFO] Tests run: 8, Failures: 0, Errors: 0, Skipped: 0, Time elapsed: 0.050 s -- in io.openfednow.shadowledger.ShadowLedgerReversalIdempotencyTest
[INFO] Running io.openfednow.shadowledger.ReconciliationPaginationTest
23:13:57.479 [main] INFO org.flywaydb.core.FlywayExecutor -- Database: jdbc:h2:mem:reconcile_pagination_test (H2 2.3)
23:13:57.480 [main] INFO org.flywaydb.core.internal.schemahistory.JdbcTableSchemaHistory -- Schema history table "public"."flyway_schema_history" does not exist yet
23:13:57.481 [main] INFO org.flywaydb.core.internal.command.DbValidate -- Successfully validated 10 migrations (execution time 00:00.001s)
23:13:57.481 [main] INFO org.flywaydb.core.internal.schemahistory.JdbcTableSchemaHistory -- Creating Schema History table "public"."flyway_schema_history" ...
23:13:57.482 [main] INFO org.flywaydb.core.internal.command.DbMigrate -- Current version of schema "public": << Empty Schema >>
23:13:57.482 [main] INFO org.flywaydb.core.internal.command.DbMigrate -- Migrating schema "public" to version "1 - create shadow ledger transaction log"
23:13:57.484 [main] INFO org.flywaydb.core.internal.command.DbMigrate -- Migrating schema "public" to version "2 - create saga state"
23:13:57.485 [main] INFO org.flywaydb.core.internal.command.DbMigrate -- Migrating schema "public" to version "3 - create idempotency keys"
23:13:57.486 [main] INFO org.flywaydb.core.internal.command.DbMigrate -- Migrating schema "public" to version "4 - create reconciliation run"
23:13:57.487 [main] INFO org.flywaydb.core.internal.command.DbMigrate -- Migrating schema "public" to version "5 - add source rail to saga state"
23:13:57.488 [main] INFO org.flywaydb.core.internal.command.DbMigrate -- Migrating schema "public" to version "6 - create admin audit log"
23:13:57.489 [main] INFO org.flywaydb.core.internal.command.DbMigrate -- Migrating schema "public" to version "7 - add request id correlation"
23:13:57.491 [main] INFO org.flywaydb.core.internal.command.DbMigrate -- Migrating schema "public" to version "8 - outbound submission uncertainty"
23:13:57.492 [main] INFO org.flywaydb.core.internal.command.DbMigrate -- Migrating schema "public" to version "9 - create reliable payment reference"
23:13:57.494 [main] INFO org.flywaydb.core.internal.command.DbMigrate -- Migrating schema "public" to version "10 - synthetic async core ack"
23:13:57.496 [main] INFO org.flywaydb.core.internal.command.DbMigrate -- Successfully applied 10 migrations to schema "public", now at version v10 (execution time 00:00.003s)
23:13:57.541 [main] INFO io.openfednow.shadowledger.ReconciliationService -- Reconciliation cycle starting
23:13:57.620 [main] INFO io.openfednow.shadowledger.ReconciliationService -- Reconciliation processed 1250 account(s) across 100-row batches
23:13:57.621 [main] INFO io.openfednow.shadowledger.ReconciliationService -- Reconciliation cycle complete replayed=1250 discrepancies=0 success=true
23:13:57.629 [main] INFO io.openfednow.shadowledger.ReconciliationService -- Reconciliation cycle starting
23:13:57.631 [main] INFO io.openfednow.shadowledger.ReconciliationService -- Reconciliation processed 25 account(s) across 10-row batches
23:13:57.631 [main] INFO io.openfednow.shadowledger.ReconciliationService -- Reconciliation cycle complete replayed=100 discrepancies=0 success=true
23:13:57.639 [main] INFO io.openfednow.shadowledger.ReconciliationService -- Reconciliation cycle starting
23:13:57.642 [main] WARN io.openfednow.shadowledger.ReconciliationService -- Balance discrepancy account=*****0050 shadow=100.00 core=50.00
23:13:57.654 [main] WARN io.openfednow.shadowledger.ReconciliationService -- Balance discrepancy account=*****0350 shadow=100.00 core=50.00
23:13:57.656 [main] INFO io.openfednow.shadowledger.ReconciliationService -- Reconciliation processed 400 account(s) across 100-row batches
23:13:57.656 [main] INFO io.openfednow.shadowledger.ReconciliationService -- Reconciliation cycle complete replayed=400 discrepancies=2 success=false
23:13:57.659 [main] INFO io.openfednow.shadowledger.ReconciliationService -- Reconciliation cycle starting
23:13:57.660 [main] ERROR io.openfednow.shadowledger.ReconciliationService -- Reconciliation failed for account=ACC-00000
java.lang.RuntimeException: simulated core failure
	at io.openfednow.shadowledger.ReconciliationService.lambda$reconcileOneAccount$1(ReconciliationService.java:307)
	at org.springframework.transaction.support.TransactionTemplate.execute(TransactionTemplate.java:140)
	at io.openfednow.shadowledger.ReconciliationService.reconcileOneAccount(ReconciliationService.java:304)
	at io.openfednow.shadowledger.ReconciliationService.reconcileLocked(ReconciliationService.java:156)
	at io.openfednow.shadowledger.ReconciliationService.reconcile(ReconciliationService.java:106)
	at io.openfednow.shadowledger.ReconciliationPaginationTest.perAccountFailureDoesNotCauseInfiniteLoop(ReconciliationPaginationTest.java:213)
	at java.base/jdk.internal.reflect.NativeMethodAccessorImpl.invoke0(Native Method)
	at java.base/jdk.internal.reflect.NativeMethodAccessorImpl.invoke(NativeMethodAccessorImpl.java:77)
	at java.base/jdk.internal.reflect.DelegatingMethodAccessorImpl.invoke(DelegatingMethodAccessorImpl.java:43)
	at java.base/java.lang.reflect.Method.invoke(Method.java:569)
	at org.junit.platform.commons.util.ReflectionUtils.invokeMethod(ReflectionUtils.java:775)
	at org.junit.platform.commons.support.ReflectionSupport.invokeMethod(ReflectionSupport.java:479)
	at org.junit.jupiter.engine.execution.MethodInvocation.proceed(MethodInvocation.java:60)
	at org.junit.jupiter.engine.execution.InvocationInterceptorChain$ValidatingInvocation.proceed(InvocationInterceptorChain.java:131)
	at org.junit.jupiter.engine.extension.TimeoutExtension.intercept(TimeoutExtension.java:161)
	at org.junit.jupiter.engine.extension.TimeoutExtension.interceptTestableMethod(TimeoutExtension.java:152)
	at org.junit.jupiter.engine.extension.TimeoutExtension.interceptTestMethod(TimeoutExtension.java:91)
	at org.junit.jupiter.engine.execution.InterceptingExecutableInvoker$ReflectiveInterceptorCall.lambda$ofVoidMethod$0(InterceptingExecutableInvoker.java:112)
	at org.junit.jupiter.engine.execution.InterceptingExecutableInvoker.lambda$invoke$0(InterceptingExecutableInvoker.java:94)
	at org.junit.jupiter.engine.execution.InvocationInterceptorChain$InterceptedInvocation.proceed(InvocationInterceptorChain.java:106)
	at org.junit.jupiter.engine.execution.InvocationInterceptorChain.proceed(InvocationInterceptorChain.java:64)
	at org.junit.jupiter.engine.execution.InvocationInterceptorChain.chainAndInvoke(InvocationInterceptorChain.java:45)
	at org.junit.jupiter.engine.execution.InvocationInterceptorChain.invoke(InvocationInterceptorChain.java:37)
	at org.junit.jupiter.engine.execution.InterceptingExecutableInvoker.invoke(InterceptingExecutableInvoker.java:93)
	at org.junit.jupiter.engine.execution.InterceptingExecutableInvoker.invoke(InterceptingExecutableInvoker.java:87)
	at org.junit.jupiter.engine.descriptor.TestMethodTestDescriptor.lambda$invokeTestMethod$7(TestMethodTestDescriptor.java:216)
	at org.junit.platform.engine.support.hierarchical.ThrowableCollector.execute(ThrowableCollector.java:73)
	at org.junit.jupiter.engine.descriptor.TestMethodTestDescriptor.invokeTestMethod(TestMethodTestDescriptor.java:212)
	at org.junit.jupiter.engine.descriptor.TestMethodTestDescriptor.execute(TestMethodTestDescriptor.java:137)
	at org.junit.jupiter.engine.descriptor.TestMethodTestDescriptor.execute(TestMethodTestDescriptor.java:69)
	at org.junit.platform.engine.support.hierarchical.NodeTestTask.lambda$executeRecursively$6(NodeTestTask.java:156)
	at org.junit.platform.engine.support.hierarchical.ThrowableCollector.execute(ThrowableCollector.java:73)
	at org.junit.platform.engine.support.hierarchical.NodeTestTask.lambda$executeRecursively$8(NodeTestTask.java:146)
	at org.junit.platform.engine.support.hierarchical.Node.around(Node.java:137)
	at org.junit.platform.engine.support.hierarchical.NodeTestTask.lambda$executeRecursively$9(NodeTestTask.java:144)
	at org.junit.platform.engine.support.hierarchical.ThrowableCollector.execute(ThrowableCollector.java:73)
	at org.junit.platform.engine.support.hierarchical.NodeTestTask.executeRecursively(NodeTestTask.java:143)
	at org.junit.platform.engine.support.hierarchical.NodeTestTask.execute(NodeTestTask.java:100)
	at java.base/java.util.ArrayList.forEach(ArrayList.java:1511)
	at org.junit.platform.engine.support.hierarchical.SameThreadHierarchicalTestExecutorService.invokeAll(SameThreadHierarchicalTestExecutorService.java:41)
	at org.junit.platform.engine.support.hierarchical.NodeTestTask.lambda$executeRecursively$6(NodeTestTask.java:160)
	at org.junit.platform.engine.support.hierarchical.ThrowableCollector.execute(ThrowableCollector.java:73)
	at org.junit.platform.engine.support.hierarchical.NodeTestTask.lambda$executeRecursively$8(NodeTestTask.java:146)
	at org.junit.platform.engine.support.hierarchical.Node.around(Node.java:137)
	at org.junit.platform.engine.support.hierarchical.NodeTestTask.lambda$executeRecursively$9(NodeTestTask.java:144)
	at org.junit.platform.engine.support.hierarchical.ThrowableCollector.execute(ThrowableCollector.java:73)
	at org.junit.platform.engine.support.hierarchical.NodeTestTask.executeRecursively(NodeTestTask.java:143)
	at org.junit.platform.engine.support.hierarchical.NodeTestTask.execute(NodeTestTask.java:100)
	at java.base/java.util.ArrayList.forEach(ArrayList.java:1511)
	at org.junit.platform.engine.support.hierarchical.SameThreadHierarchicalTestExecutorService.invokeAll(SameThreadHierarchicalTestExecutorService.java:41)
	at org.junit.platform.engine.support.hierarchical.NodeTestTask.lambda$executeRecursively$6(NodeTestTask.java:160)
	at org.junit.platform.engine.support.hierarchical.ThrowableCollector.execute(ThrowableCollector.java:73)
	at org.junit.platform.engine.support.hierarchical.NodeTestTask.lambda$executeRecursively$8(NodeTestTask.java:146)
	at org.junit.platform.engine.support.hierarchical.Node.around(Node.java:137)
	at org.junit.platform.engine.support.hierarchical.NodeTestTask.lambda$executeRecursively$9(NodeTestTask.java:144)
	at org.junit.platform.engine.support.hierarchical.ThrowableCollector.execute(ThrowableCollector.java:73)
	at org.junit.platform.engine.support.hierarchical.NodeTestTask.executeRecursively(NodeTestTask.java:143)
	at org.junit.platform.engine.support.hierarchical.NodeTestTask.execute(NodeTestTask.java:100)
	at org.junit.platform.engine.support.hierarchical.SameThreadHierarchicalTestExecutorService.submit(SameThreadHierarchicalTestExecutorService.java:35)
	at org.junit.platform.engine.support.hierarchical.HierarchicalTestExecutor.execute(HierarchicalTestExecutor.java:57)
	at org.junit.platform.engine.support.hierarchical.HierarchicalTestEngine.execute(HierarchicalTestEngine.java:54)
	at org.junit.platform.launcher.core.EngineExecutionOrchestrator.execute(EngineExecutionOrchestrator.java:201)
	at org.junit.platform.launcher.core.EngineExecutionOrchestrator.execute(EngineExecutionOrchestrator.java:170)
	at org.junit.platform.launcher.core.EngineExecutionOrchestrator.execute(EngineExecutionOrchestrator.java:94)
	at org.junit.platform.launcher.core.EngineExecutionOrchestrator.lambda$execute$0(EngineExecutionOrchestrator.java:59)
	at org.junit.platform.launcher.core.EngineExecutionOrchestrator.withInterceptedStreams(EngineExecutionOrchestrator.java:142)
	at org.junit.platform.launcher.core.EngineExecutionOrchestrator.execute(EngineExecutionOrchestrator.java:58)
	at org.junit.platform.launcher.core.DefaultLauncher.execute(DefaultLauncher.java:103)
	at org.junit.platform.launcher.core.DefaultLauncher.execute(DefaultLauncher.java:85)
	at org.junit.platform.launcher.core.DelegatingLauncher.execute(DelegatingLauncher.java:47)
	at org.junit.platform.launcher.core.InterceptingLauncher.lambda$execute$1(InterceptingLauncher.java:39)
	at org.junit.platform.launcher.core.ClasspathAlignmentCheckingLauncherInterceptor.intercept(ClasspathAlignmentCheckingLauncherInterceptor.java:25)
	at org.junit.platform.launcher.core.InterceptingLauncher.execute(InterceptingLauncher.java:38)
	at org.junit.platform.launcher.core.DelegatingLauncher.execute(DelegatingLauncher.java:47)
	at org.apache.maven.surefire.junitplatform.LauncherAdapter.executeWithoutCancellationToken(LauncherAdapter.java:60)
	at org.apache.maven.surefire.junitplatform.LauncherAdapter.execute(LauncherAdapter.java:52)
	at org.apache.maven.surefire.junitplatform.JUnitPlatformProvider.execute(JUnitPlatformProvider.java:203)
	at org.apache.maven.surefire.junitplatform.JUnitPlatformProvider.invokeAllTests(JUnitPlatformProvider.java:168)
	at org.apache.maven.surefire.junitplatform.JUnitPlatformProvider.invoke(JUnitPlatformProvider.java:136)
	at org.apache.maven.surefire.booter.ForkedBooter.runSuitesInProcess(ForkedBooter.java:385)
	at org.apache.maven.surefire.booter.ForkedBooter.execute(ForkedBooter.java:162)
	at org.apache.maven.surefire.booter.ForkedBooter.run(ForkedBooter.java:507)
	at org.apache.maven.surefire.booter.ForkedBooter.main(ForkedBooter.java:495)
23:13:57.661 [main] INFO io.openfednow.shadowledger.ReconciliationService -- Reconciliation processed 20 account(s) across 5-row batches
23:13:57.661 [main] INFO io.openfednow.shadowledger.ReconciliationService -- Reconciliation cycle complete replayed=19 discrepancies=1 success=false
23:13:57.674 [main] INFO io.openfednow.shadowledger.ReconciliationService -- Reconciliation cycle starting
23:13:57.700 [main] INFO io.openfednow.shadowledger.ReconciliationService -- Reconciliation processed 600 account(s) across 50-row batches
23:13:57.700 [main] INFO io.openfednow.shadowledger.ReconciliationService -- Reconciliation cycle complete replayed=600 discrepancies=0 success=true
23:13:57.711 [main] INFO io.openfednow.shadowledger.ReconciliationService -- Reconciliation cycle starting
23:13:57.731 [main] INFO io.openfednow.shadowledger.ReconciliationService -- Reconciliation processed 600 account(s) across 10000-row batches
23:13:57.731 [main] INFO io.openfednow.shadowledger.ReconciliationService -- Reconciliation cycle complete replayed=600 discrepancies=0 success=true
23:13:57.736 [main] INFO io.openfednow.shadowledger.ReconciliationService -- Reconciliation cycle starting
23:13:57.736 [main] INFO io.openfednow.shadowledger.ReconciliationService -- Reconciliation processed 0 account(s) across 100-row batches
23:13:57.736 [main] INFO io.openfednow.shadowledger.ReconciliationService -- Reconciliation cycle complete replayed=0 discrepancies=0 success=true
23:13:57.738 [main] INFO io.openfednow.shadowledger.ReconciliationService -- Reconciliation cycle starting
23:13:57.741 [main] INFO io.openfednow.shadowledger.ReconciliationService -- Reconciliation processed 21 account(s) across 7-row batches
23:13:57.741 [main] INFO io.openfednow.shadowledger.ReconciliationService -- Reconciliation cycle complete replayed=63 discrepancies=0 success=true
[INFO] Tests run: 10, Failures: 0, Errors: 0, Skipped: 0, Time elapsed: 0.269 s -- in io.openfednow.shadowledger.ReconciliationPaginationTest
[INFO] Running io.openfednow.shadowledger.CardAuthorizationBeanPresenceTest
23:13:57.754 [main] INFO org.springframework.test.context.support.AnnotationConfigContextLoaderUtils -- Could not detect default configuration classes for test class [io.openfednow.shadowledger.CardAuthorizationBeanPresenceTest]: CardAuthorizationBeanPresenceTest does not declare any static, non-private, non-final, nested classes annotated with @Configuration.
23:13:57.789 [main] INFO org.springframework.boot.test.context.SpringBootTestContextBootstrapper -- Found @SpringBootConfiguration io.openfednow.OpenFedNowApplication for test class io.openfednow.shadowledger.CardAuthorizationBeanPresenceTest

  .   ____          _            __ _ _
 /\\ / ___'_ __ _ _(_)_ __  __ _ \ \ \ \
( ( )\___ | '_ | '_| | '_ \/ _` | \ \ \ \
 \\/  ___)| |_)| | | | | || (_| |  ) ) ) )
  '  |____| .__|_| |_|_| |_\__, | / / / /
 =========|_|==============|___/=/_/_/_/

 :: Spring Boot ::               (v3.5.16)

2026-09-28T23:13:57.917-04:00 INFO  [main] i.o.s.CardAuthorizationBeanPresenceTest [req=?,e2e=E2E-METRIC-B,txn=TXN-E2E-METRIC-B] Starting CardAuthorizationBeanPresenceTest using Java 17.0.20.1 with PID 73057 (started by danielmori in /Users/danielmori/Developer/open-fednow-reliability)
2026-09-28T23:13:57.918-04:00 DEBUG [main] i.o.s.CardAuthorizationBeanPresenceTest [req=?,e2e=E2E-METRIC-B,txn=TXN-E2E-METRIC-B] Running with Spring Boot v3.5.16, Spring v6.2.19
2026-09-28T23:13:57.918-04:00 INFO  [main] i.o.s.CardAuthorizationBeanPresenceTest [req=?,e2e=E2E-METRIC-B,txn=TXN-E2E-METRIC-B] No active profile set, falling back to 1 default profile: "default"
2026-09-28T23:13:58.302-04:00 INFO  [main] o.s.d.r.c.RepositoryConfigurationDelegate [req=?,e2e=E2E-METRIC-B,txn=TXN-E2E-METRIC-B] Multiple Spring Data modules found, entering strict repository configuration mode
2026-09-28T23:13:58.303-04:00 INFO  [main] o.s.d.r.c.RepositoryConfigurationDelegate [req=?,e2e=E2E-METRIC-B,txn=TXN-E2E-METRIC-B] Bootstrapping Spring Data JPA repositories in DEFAULT mode.
2026-09-28T23:13:58.315-04:00 INFO  [main] o.s.d.r.c.RepositoryConfigurationDelegate [req=?,e2e=E2E-METRIC-B,txn=TXN-E2E-METRIC-B] Finished Spring Data repository scanning in 7 ms. Found 0 JPA repository interfaces.
2026-09-28T23:13:58.319-04:00 INFO  [main] o.s.d.r.c.RepositoryConfigurationDelegate [req=?,e2e=E2E-METRIC-B,txn=TXN-E2E-METRIC-B] Multiple Spring Data modules found, entering strict repository configuration mode
2026-09-28T23:13:58.320-04:00 INFO  [main] o.s.d.r.c.RepositoryConfigurationDelegate [req=?,e2e=E2E-METRIC-B,txn=TXN-E2E-METRIC-B] Bootstrapping Spring Data Redis repositories in DEFAULT mode.
2026-09-28T23:13:58.326-04:00 INFO  [main] o.s.d.r.c.RepositoryConfigurationDelegate [req=?,e2e=E2E-METRIC-B,txn=TXN-E2E-METRIC-B] Finished Spring Data repository scanning in 3 ms. Found 0 Redis repository interfaces.
2026-09-28T23:13:58.606-04:00 INFO  [main] org.flywaydb.core.FlywayExecutor [req=?,e2e=E2E-METRIC-B,txn=TXN-E2E-METRIC-B] Database: jdbc:h2:mem:test-2324f2ad-a0b4-4777-9ec8-884a5da72964 (H2 2.3)
2026-09-28T23:13:58.608-04:00 INFO  [main] o.f.c.i.s.JdbcTableSchemaHistory [req=?,e2e=E2E-METRIC-B,txn=TXN-E2E-METRIC-B] Schema history table "public"."flyway_schema_history" does not exist yet
2026-09-28T23:13:58.608-04:00 INFO  [main] o.f.core.internal.command.DbValidate [req=?,e2e=E2E-METRIC-B,txn=TXN-E2E-METRIC-B] Successfully validated 10 migrations (execution time 00:00.001s)
2026-09-28T23:13:58.608-04:00 INFO  [main] o.f.c.i.s.JdbcTableSchemaHistory [req=?,e2e=E2E-METRIC-B,txn=TXN-E2E-METRIC-B] Creating Schema History table "public"."flyway_schema_history" ...
2026-09-28T23:13:58.610-04:00 INFO  [main] o.f.core.internal.command.DbMigrate [req=?,e2e=E2E-METRIC-B,txn=TXN-E2E-METRIC-B] Current version of schema "public": << Empty Schema >>
2026-09-28T23:13:58.611-04:00 INFO  [main] o.f.core.internal.command.DbMigrate [req=?,e2e=E2E-METRIC-B,txn=TXN-E2E-METRIC-B] Migrating schema "public" to version "1 - create shadow ledger transaction log"
2026-09-28T23:13:58.613-04:00 INFO  [main] o.f.core.internal.command.DbMigrate [req=?,e2e=E2E-METRIC-B,txn=TXN-E2E-METRIC-B] Migrating schema "public" to version "2 - create saga state"
2026-09-28T23:13:58.614-04:00 INFO  [main] o.f.core.internal.command.DbMigrate [req=?,e2e=E2E-METRIC-B,txn=TXN-E2E-METRIC-B] Migrating schema "public" to version "3 - create idempotency keys"
2026-09-28T23:13:58.615-04:00 INFO  [main] o.f.core.internal.command.DbMigrate [req=?,e2e=E2E-METRIC-B,txn=TXN-E2E-METRIC-B] Migrating schema "public" to version "4 - create reconciliation run"
2026-09-28T23:13:58.616-04:00 INFO  [main] o.f.core.internal.command.DbMigrate [req=?,e2e=E2E-METRIC-B,txn=TXN-E2E-METRIC-B] Migrating schema "public" to version "5 - add source rail to saga state"
2026-09-28T23:13:58.618-04:00 INFO  [main] o.f.core.internal.command.DbMigrate [req=?,e2e=E2E-METRIC-B,txn=TXN-E2E-METRIC-B] Migrating schema "public" to version "6 - create admin audit log"
2026-09-28T23:13:58.619-04:00 INFO  [main] o.f.core.internal.command.DbMigrate [req=?,e2e=E2E-METRIC-B,txn=TXN-E2E-METRIC-B] Migrating schema "public" to version "7 - add request id correlation"
2026-09-28T23:13:58.620-04:00 INFO  [main] o.f.core.internal.command.DbMigrate [req=?,e2e=E2E-METRIC-B,txn=TXN-E2E-METRIC-B] Migrating schema "public" to version "8 - outbound submission uncertainty"
2026-09-28T23:13:58.621-04:00 INFO  [main] o.f.core.internal.command.DbMigrate [req=?,e2e=E2E-METRIC-B,txn=TXN-E2E-METRIC-B] Migrating schema "public" to version "9 - create reliable payment reference"
2026-09-28T23:13:58.622-04:00 INFO  [main] o.f.core.internal.command.DbMigrate [req=?,e2e=E2E-METRIC-B,txn=TXN-E2E-METRIC-B] Migrating schema "public" to version "10 - synthetic async core ack"
2026-09-28T23:13:58.623-04:00 INFO  [main] o.f.core.internal.command.DbMigrate [req=?,e2e=E2E-METRIC-B,txn=TXN-E2E-METRIC-B] Successfully applied 10 migrations to schema "public", now at version v10 (execution time 00:00.001s)
2026-09-28T23:13:58.764-04:00 INFO  [main] o.s.o.j.p.SpringPersistenceUnitInfo [req=?,e2e=E2E-METRIC-B,txn=TXN-E2E-METRIC-B] No LoadTimeWeaver setup: ignoring JPA class transformer
2026-09-28T23:13:58.988-04:00 INFO  [main] o.s.o.j.LocalContainerEntityManagerFactoryBean [req=?,e2e=E2E-METRIC-B,txn=TXN-E2E-METRIC-B] Initialized JPA EntityManagerFactory for persistence unit 'default'
2026-09-28T23:13:59.330-04:00 INFO  [main] i.o.reliability.ReliabilityRailConfig [req=?,e2e=E2E-METRIC-B,txn=TXN-E2E-METRIC-B] Synthetic reliability rail configured=false
2026-09-28T23:13:59.419-04:00 WARN  [main] o.s.b.a.o.j.JpaBaseConfiguration$JpaWebConfiguration [req=?,e2e=E2E-METRIC-B,txn=TXN-E2E-METRIC-B] spring.jpa.open-in-view is enabled by default. Therefore, database queries may be performed during view rendering. Explicitly configure spring.jpa.open-in-view to disable this warning
2026-09-28T23:13:59.587-04:00 INFO  [main] o.s.b.a.e.web.EndpointLinksResolver [req=?,e2e=E2E-METRIC-B,txn=TXN-E2E-METRIC-B] Exposing 3 endpoints beneath base path '/actuator'
2026-09-28T23:13:59.609-04:00 INFO  [main] o.s.s.c.a.a.c.InitializeUserDetailsBeanManagerConfigurer$InitializeUserDetailsManagerConfigurer [req=?,e2e=E2E-METRIC-B,txn=TXN-E2E-METRIC-B] Global AuthenticationManager configured with UserDetailsService bean with name userDetailsService
2026-09-28T23:14:00.133-04:00 INFO  [main] i.o.s.CardAuthorizationBeanPresenceTest [req=?,e2e=E2E-METRIC-B,txn=TXN-E2E-METRIC-B] Started CardAuthorizationBeanPresenceTest in 2.322 seconds (process running for 10.426)
2026-09-28T23:14:00.135-04:00 DEBUG [scheduling-1] i.o.shadowledger.AvailabilityBridge [req=?,e2e=?,txn=?] Core availability poll: mode=ONLINE
2026-09-28T23:14:00.153-04:00 WARN  [main] o.s.core.events.SpringDocAppInitializer [req=?,e2e=E2E-METRIC-B,txn=TXN-E2E-METRIC-B] SpringDoc /v3/api-docs endpoint is enabled by default. To disable it in production, set the property 'springdoc.api-docs.enabled=false'
2026-09-28T23:14:00.153-04:00 WARN  [main] o.s.core.events.SpringDocAppInitializer [req=?,e2e=E2E-METRIC-B,txn=TXN-E2E-METRIC-B] SpringDoc /swagger-ui.html endpoint is enabled by default. To disable it in production, set the property 'springdoc.swagger-ui.enabled=false'
2026-09-28T23:14:00.154-04:00 INFO  [main] i.o.processing.saga.SagaRecoveryService [req=?,e2e=E2E-METRIC-B,txn=TXN-E2E-METRIC-B] Saga recovery: no in-flight sagas found at startup
2026-09-28T23:14:00.154-04:00 INFO  [main] i.o.shadowledger.BalanceSeedService [req=?,e2e=E2E-METRIC-B,txn=TXN-E2E-METRIC-B] Shadow Ledger startup seed: no accounts configured (openfednow.shadow-ledger.seed-accounts is empty)
[INFO] Tests run: 1, Failures: 0, Errors: 0, Skipped: 0, Time elapsed: 2.424 s -- in io.openfednow.shadowledger.CardAuthorizationBeanPresenceTest
[INFO] Running io.openfednow.shadowledger.ReconciliationConcurrencyGuardTest
2026-09-28T23:14:00.173-04:00 INFO  [main] org.flywaydb.core.FlywayExecutor [req=?,e2e=E2E-METRIC-B,txn=TXN-E2E-METRIC-B] Database: jdbc:h2:mem:reconcile_concurrency (H2 2.3)
2026-09-28T23:14:00.175-04:00 INFO  [main] o.f.c.i.s.JdbcTableSchemaHistory [req=?,e2e=E2E-METRIC-B,txn=TXN-E2E-METRIC-B] Schema history table "public"."flyway_schema_history" does not exist yet
2026-09-28T23:14:00.175-04:00 INFO  [main] o.f.core.internal.command.DbValidate [req=?,e2e=E2E-METRIC-B,txn=TXN-E2E-METRIC-B] Successfully validated 10 migrations (execution time 00:00.001s)
2026-09-28T23:14:00.175-04:00 INFO  [main] o.f.c.i.s.JdbcTableSchemaHistory [req=?,e2e=E2E-METRIC-B,txn=TXN-E2E-METRIC-B] Creating Schema History table "public"."flyway_schema_history" ...
2026-09-28T23:14:00.176-04:00 INFO  [main] o.f.core.internal.command.DbMigrate [req=?,e2e=E2E-METRIC-B,txn=TXN-E2E-METRIC-B] Current version of schema "public": << Empty Schema >>
2026-09-28T23:14:00.177-04:00 INFO  [main] o.f.core.internal.command.DbMigrate [req=?,e2e=E2E-METRIC-B,txn=TXN-E2E-METRIC-B] Migrating schema "public" to version "1 - create shadow ledger transaction log"
2026-09-28T23:14:00.178-04:00 INFO  [main] o.f.core.internal.command.DbMigrate [req=?,e2e=E2E-METRIC-B,txn=TXN-E2E-METRIC-B] Migrating schema "public" to version "2 - create saga state"
2026-09-28T23:14:00.179-04:00 INFO  [main] o.f.core.internal.command.DbMigrate [req=?,e2e=E2E-METRIC-B,txn=TXN-E2E-METRIC-B] Migrating schema "public" to version "3 - create idempotency keys"
2026-09-28T23:14:00.180-04:00 INFO  [main] o.f.core.internal.command.DbMigrate [req=?,e2e=E2E-METRIC-B,txn=TXN-E2E-METRIC-B] Migrating schema "public" to version "4 - create reconciliation run"
2026-09-28T23:14:00.181-04:00 INFO  [main] o.f.core.internal.command.DbMigrate [req=?,e2e=E2E-METRIC-B,txn=TXN-E2E-METRIC-B] Migrating schema "public" to version "5 - add source rail to saga state"
2026-09-28T23:14:00.183-04:00 INFO  [main] o.f.core.internal.command.DbMigrate [req=?,e2e=E2E-METRIC-B,txn=TXN-E2E-METRIC-B] Migrating schema "public" to version "6 - create admin audit log"
2026-09-28T23:14:00.183-04:00 INFO  [main] o.f.core.internal.command.DbMigrate [req=?,e2e=E2E-METRIC-B,txn=TXN-E2E-METRIC-B] Migrating schema "public" to version "7 - add request id correlation"
2026-09-28T23:14:00.185-04:00 INFO  [main] o.f.core.internal.command.DbMigrate [req=?,e2e=E2E-METRIC-B,txn=TXN-E2E-METRIC-B] Migrating schema "public" to version "8 - outbound submission uncertainty"
2026-09-28T23:14:00.186-04:00 INFO  [main] o.f.core.internal.command.DbMigrate [req=?,e2e=E2E-METRIC-B,txn=TXN-E2E-METRIC-B] Migrating schema "public" to version "9 - create reliable payment reference"
2026-09-28T23:14:00.187-04:00 INFO  [main] o.f.core.internal.command.DbMigrate [req=?,e2e=E2E-METRIC-B,txn=TXN-E2E-METRIC-B] Migrating schema "public" to version "10 - synthetic async core ack"
2026-09-28T23:14:00.188-04:00 INFO  [main] o.f.core.internal.command.DbMigrate [req=?,e2e=E2E-METRIC-B,txn=TXN-E2E-METRIC-B] Successfully applied 10 migrations to schema "public", now at version v10 (execution time 00:00.002s)
2026-09-28T23:14:00.189-04:00 INFO  [pool-16-thread-1] i.o.shadowledger.ReconciliationService [req=?,e2e=?,txn=?] Reconciliation cycle starting
2026-09-28T23:14:00.243-04:00 WARN  [pool-16-thread-2] i.o.shadowledger.ReconciliationService [req=?,e2e=?,txn=?] Reconciliation cycle skipped — another invocation is already running
2026-09-28T23:14:00.700-04:00 INFO  [pool-16-thread-1] i.o.shadowledger.ReconciliationService [req=?,e2e=?,txn=?] Reconciliation processed 1 account(s) across 100-row batches
2026-09-28T23:14:00.701-04:00 INFO  [pool-16-thread-1] i.o.shadowledger.ReconciliationService [req=?,e2e=?,txn=?] Reconciliation cycle complete replayed=1 discrepancies=0 success=true
2026-09-28T23:14:00.704-04:00 INFO  [main] i.o.shadowledger.ReconciliationService [req=?,e2e=E2E-METRIC-B,txn=TXN-E2E-METRIC-B] Reconciliation cycle starting
2026-09-28T23:14:00.706-04:00 INFO  [main] i.o.shadowledger.ReconciliationService [req=?,e2e=E2E-METRIC-B,txn=TXN-E2E-METRIC-B] Reconciliation processed 1 account(s) across 100-row batches
2026-09-28T23:14:00.706-04:00 INFO  [main] i.o.shadowledger.ReconciliationService [req=?,e2e=E2E-METRIC-B,txn=TXN-E2E-METRIC-B] Reconciliation cycle complete replayed=1 discrepancies=0 success=true
2026-09-28T23:14:00.706-04:00 INFO  [main] i.o.shadowledger.ReconciliationService [req=?,e2e=E2E-METRIC-B,txn=TXN-E2E-METRIC-B] Reconciliation cycle starting
2026-09-28T23:14:00.706-04:00 INFO  [main] i.o.shadowledger.ReconciliationService [req=?,e2e=E2E-METRIC-B,txn=TXN-E2E-METRIC-B] Reconciliation processed 0 account(s) across 100-row batches
2026-09-28T23:14:00.706-04:00 INFO  [main] i.o.shadowledger.ReconciliationService [req=?,e2e=E2E-METRIC-B,txn=TXN-E2E-METRIC-B] Reconciliation cycle complete replayed=0 discrepancies=0 success=true
2026-09-28T23:14:00.706-04:00 INFO  [main] i.o.shadowledger.ReconciliationService [req=?,e2e=E2E-METRIC-B,txn=TXN-E2E-METRIC-B] Reconciliation cycle starting
2026-09-28T23:14:00.707-04:00 INFO  [main] i.o.shadowledger.ReconciliationService [req=?,e2e=E2E-METRIC-B,txn=TXN-E2E-METRIC-B] Reconciliation processed 1 account(s) across 100-row batches
2026-09-28T23:14:00.707-04:00 INFO  [main] i.o.shadowledger.ReconciliationService [req=?,e2e=E2E-METRIC-B,txn=TXN-E2E-METRIC-B] Reconciliation cycle complete replayed=1 discrepancies=0 success=true
2026-09-28T23:14:00.709-04:00 WARN  [main] i.o.shadowledger.ReconciliationService [req=?,e2e=E2E-METRIC-B,txn=TXN-E2E-METRIC-B] Reconciliation cycle skipped — another invocation is already running
[INFO] Tests run: 3, Failures: 0, Errors: 0, Skipped: 0, Time elapsed: 0.541 s -- in io.openfednow.shadowledger.ReconciliationConcurrencyGuardTest
[INFO] Running io.openfednow.shadowledger.BalanceSeedServiceTest
2026-09-28T23:14:00.711-04:00 INFO  [main] i.o.shadowledger.BalanceSeedService [req=?,e2e=E2E-METRIC-B,txn=TXN-E2E-METRIC-B] Shadow Ledger admin re-seed requested for 1 configured account(s)
2026-09-28T23:14:00.712-04:00 INFO  [main] i.o.shadowledger.BalanceSeedService [req=?,e2e=E2E-METRIC-B,txn=TXN-E2E-METRIC-B] Shadow Ledger seed complete seeded=1 skipped=0 failed=0
2026-09-28T23:14:00.713-04:00 INFO  [main] i.o.shadowledger.BalanceSeedService [req=?,e2e=E2E-METRIC-B,txn=TXN-E2E-METRIC-B] Shadow Ledger startup seed: 2 configured account(s)
2026-09-28T23:14:00.713-04:00 WARN  [main] i.o.shadowledger.BalanceSeedService [req=?,e2e=E2E-METRIC-B,txn=TXN-E2E-METRIC-B] Failed to fetch core balance for accountId=ACC-BAD (core unreachable). Skipping seed.
2026-09-28T23:14:00.713-04:00 INFO  [main] i.o.shadowledger.BalanceSeedService [req=?,e2e=E2E-METRIC-B,txn=TXN-E2E-METRIC-B] Shadow Ledger seed complete seeded=1 skipped=0 failed=1
2026-09-28T23:14:00.714-04:00 INFO  [main] i.o.shadowledger.BalanceSeedService [req=?,e2e=E2E-METRIC-B,txn=TXN-E2E-METRIC-B] Shadow Ledger startup seed: 1 configured account(s)
2026-09-28T23:14:00.714-04:00 WARN  [main] i.o.shadowledger.BalanceSeedService [req=?,e2e=E2E-METRIC-B,txn=TXN-E2E-METRIC-B] Failed to write Shadow Ledger seed for accountId=ACC-1 (redis down)
2026-09-28T23:14:00.714-04:00 INFO  [main] i.o.shadowledger.BalanceSeedService [req=?,e2e=E2E-METRIC-B,txn=TXN-E2E-METRIC-B] Shadow Ledger seed complete seeded=0 skipped=0 failed=1
2026-09-28T23:14:00.714-04:00 INFO  [main] i.o.shadowledger.BalanceSeedService [req=?,e2e=E2E-METRIC-B,txn=TXN-E2E-METRIC-B] Shadow Ledger admin re-seed requested for 3 configured account(s)
2026-09-28T23:14:00.714-04:00 WARN  [main] i.o.shadowledger.BalanceSeedService [req=?,e2e=E2E-METRIC-B,txn=TXN-E2E-METRIC-B] Failed to fetch core balance for accountId=ACC-Y (network blip). Skipping seed.
2026-09-28T23:14:00.714-04:00 INFO  [main] i.o.shadowledger.BalanceSeedService [req=?,e2e=E2E-METRIC-B,txn=TXN-E2E-METRIC-B] Shadow Ledger seed complete seeded=2 skipped=0 failed=1
2026-09-28T23:14:00.715-04:00 INFO  [main] i.o.shadowledger.BalanceSeedService [req=?,e2e=E2E-METRIC-B,txn=TXN-E2E-METRIC-B] Shadow Ledger startup seed: no accounts configured (openfednow.shadow-ledger.seed-accounts is empty)
2026-09-28T23:14:00.716-04:00 INFO  [main] i.o.shadowledger.BalanceSeedService [req=?,e2e=E2E-METRIC-B,txn=TXN-E2E-METRIC-B] Shadow Ledger startup seed: 1 configured account(s)
2026-09-28T23:14:00.716-04:00 WARN  [main] i.o.shadowledger.BalanceSeedService [req=?,e2e=E2E-METRIC-B,txn=TXN-E2E-METRIC-B] Core returned null balance for accountId=ACC-NULL. Skipping seed.
2026-09-28T23:14:00.716-04:00 INFO  [main] i.o.shadowledger.BalanceSeedService [req=?,e2e=E2E-METRIC-B,txn=TXN-E2E-METRIC-B] Shadow Ledger seed complete seeded=0 skipped=0 failed=1
2026-09-28T23:14:00.716-04:00 INFO  [main] i.o.shadowledger.BalanceSeedService [req=?,e2e=E2E-METRIC-B,txn=TXN-E2E-METRIC-B] Shadow Ledger startup seed: 1 configured account(s)
2026-09-28T23:14:00.716-04:00 INFO  [main] i.o.shadowledger.BalanceSeedService [req=?,e2e=E2E-METRIC-B,txn=TXN-E2E-METRIC-B] Shadow Ledger seed complete seeded=0 skipped=1 failed=0
2026-09-28T23:14:00.717-04:00 INFO  [main] i.o.shadowledger.BalanceSeedService [req=?,e2e=E2E-METRIC-B,txn=TXN-E2E-METRIC-B] Shadow Ledger startup seed: 2 configured account(s)
2026-09-28T23:14:00.717-04:00 INFO  [main] i.o.shadowledger.BalanceSeedService [req=?,e2e=E2E-METRIC-B,txn=TXN-E2E-METRIC-B] Shadow Ledger seed complete seeded=2 skipped=0 failed=0
[INFO] Tests run: 13, Failures: 0, Errors: 0, Skipped: 0, Time elapsed: 0.007 s -- in io.openfednow.shadowledger.BalanceSeedServiceTest
[INFO] 
[INFO] Results:
[INFO] 
[INFO] Tests run: 616, Failures: 0, Errors: 0, Skipped: 0
[INFO] 
[INFO] ------------------------------------------------------------------------
[INFO] BUILD SUCCESS
[INFO] ------------------------------------------------------------------------
[INFO] Total time:  11.586 s
[INFO] Finished at: 2026-09-28T23:14:00-04:00
[INFO] ------------------------------------------------------------------------
