[INFO] Scanning for projects...
[INFO] 
[INFO] ----------------------< io.openfednow:openfednow >----------------------
[INFO] Building OpenFedNow 0.1.0-SNAPSHOT
[INFO]   from pom.xml
[INFO] --------------------------------[ jar ]---------------------------------
[INFO] 
[INFO] --- resources:3.3.1:resources (default-resources) @ openfednow ---
[INFO] Copying 4 resources from src/main/resources to target/classes
[INFO] Copying 16 resources from src/main/resources to target/classes
[INFO] 
[INFO] --- compiler:3.14.1:compile (default-compile) @ openfednow ---
[INFO] Nothing to compile - all classes are up to date.
[INFO] 
[INFO] --- resources:3.3.1:testResources (default-testResources) @ openfednow ---
[INFO] Copying 2 resources from src/test/resources to target/test-classes
[INFO] 
[INFO] --- compiler:3.14.1:testCompile (default-testCompile) @ openfednow ---
[INFO] Nothing to compile - all classes are up to date.
[INFO] 
[INFO] --- surefire:3.5.6:test (default-test) @ openfednow ---
[INFO] Using auto detected provider org.apache.maven.surefire.junitplatform.JUnitPlatformProvider
[INFO] 
[INFO] -------------------------------------------------------
[INFO]  T E S T S
[INFO] -------------------------------------------------------
[INFO] Running io.openfednow.security.audit.AdminAuditIntegrationTest
08:07:41.481 [main] INFO org.springframework.test.context.support.AnnotationConfigContextLoaderUtils -- Could not detect default configuration classes for test class [io.openfednow.security.audit.AdminAuditIntegrationTest]: AdminAuditIntegrationTest does not declare any static, non-private, non-final, nested classes annotated with @Configuration.
08:07:41.539 [main] INFO org.springframework.boot.test.context.SpringBootTestContextBootstrapper -- Found @SpringBootConfiguration io.openfednow.OpenFedNowApplication for test class io.openfednow.security.audit.AdminAuditIntegrationTest
08:07:41.576 [main] INFO org.testcontainers.images.PullPolicy -- Image pull policy will be performed by: DefaultPullPolicy()
08:07:41.577 [main] INFO org.testcontainers.utility.ImageNameSubstitutor -- Image name substitution will be performed by: DefaultImageNameSubstitutor (composite of 'ConfigurationFileImageNameSubstitutor' and 'PrefixingImageNameSubstitutor')

  .   ____          _            __ _ _
 /\\ / ___'_ __ _ _(_)_ __  __ _ \ \ \ \
( ( )\___ | '_ | '_| | '_ \/ _` | \ \ \ \
 \\/  ___)| |_)| | | | | || (_| |  ) ) ) )
  '  |____| .__|_| |_|_| |_\__, | / / / /
 =========|_|==============|___/=/_/_/_/

 :: Spring Boot ::               (v3.5.16)

2026-09-29T08:07:41.726-04:00 INFO  [testcontainers-lifecycle-0] org.testcontainers.DockerClientFactory [req=?,e2e=?,txn=?] Testcontainers version: 1.21.4
2026-09-29T08:07:41.803-04:00 INFO  [testcontainers-lifecycle-0] o.t.d.DockerClientProviderStrategy [req=?,e2e=?,txn=?] Loaded org.testcontainers.dockerclient.UnixSocketClientProviderStrategy from ~/.testcontainers.properties, will try it first
2026-09-29T08:07:41.903-04:00 INFO  [testcontainers-lifecycle-0] o.t.d.DockerClientProviderStrategy [req=?,e2e=?,txn=?] Found Docker environment with local Unix socket (unix:///var/run/docker.sock)
2026-09-29T08:07:41.904-04:00 INFO  [testcontainers-lifecycle-0] org.testcontainers.DockerClientFactory [req=?,e2e=?,txn=?] Docker host IP address is localhost
2026-09-29T08:07:41.914-04:00 INFO  [testcontainers-lifecycle-0] org.testcontainers.DockerClientFactory [req=?,e2e=?,txn=?] Connected to docker: 
  Server Version: 29.7.2
  API Version: 1.55
  Operating System: Docker Desktop
  Total Memory: 7933 MB
  Labels: 
    com.docker.desktop.address=unix:///Users/danielmori/Library/Containers/com.docker.docker/Data/docker-cli.sock
2026-09-29T08:07:42.191-04:00 INFO  [testcontainers-lifecycle-0] tc.testcontainers/ryuk:0.12.0 [req=?,e2e=?,txn=?] Creating container for image: testcontainers/ryuk:0.12.0
2026-09-29T08:07:42.253-04:00 INFO  [testcontainers-lifecycle-0] o.t.utility.RegistryAuthLocator [req=?,e2e=?,txn=?] Credential helper/store (docker-credential-desktop) does not have credentials for https://index.docker.io/v1/
2026-09-29T08:07:42.299-04:00 INFO  [testcontainers-lifecycle-0] tc.testcontainers/ryuk:0.12.0 [req=?,e2e=?,txn=?] Container testcontainers/ryuk:0.12.0 is starting: 3f6506e55455907fdf34a2069d63e7adf774d7dc4efe2a3ad94cf3156dca34d7
2026-09-29T08:07:42.422-04:00 INFO  [testcontainers-lifecycle-0] tc.testcontainers/ryuk:0.12.0 [req=?,e2e=?,txn=?] Container testcontainers/ryuk:0.12.0 started in PT0.230229S
2026-09-29T08:07:42.424-04:00 INFO  [testcontainers-lifecycle-0] o.t.utility.RyukResourceReaper [req=?,e2e=?,txn=?] Ryuk started - will monitor and terminate Testcontainers containers on JVM exit
2026-09-29T08:07:42.425-04:00 INFO  [testcontainers-lifecycle-0] org.testcontainers.DockerClientFactory [req=?,e2e=?,txn=?] Checking the system...
2026-09-29T08:07:42.425-04:00 INFO  [testcontainers-lifecycle-0] org.testcontainers.DockerClientFactory [req=?,e2e=?,txn=?] ✔︎ Docker server version should be at least 1.6.0
2026-09-29T08:07:42.425-04:00 INFO  [testcontainers-lifecycle-0] tc.redis:7-alpine [req=?,e2e=?,txn=?] Creating container for image: redis:7-alpine
2026-09-29T08:07:42.425-04:00 INFO  [testcontainers-lifecycle-2] tc.postgres:16-alpine [req=?,e2e=?,txn=?] Creating container for image: postgres:16-alpine
2026-09-29T08:07:42.425-04:00 INFO  [testcontainers-lifecycle-1] tc.rabbitmq:3-management [req=?,e2e=?,txn=?] Creating container for image: rabbitmq:3-management
2026-09-29T08:07:42.464-04:00 INFO  [testcontainers-lifecycle-1] tc.rabbitmq:3-management [req=?,e2e=?,txn=?] Container rabbitmq:3-management is starting: 3afea7c5e80a0e2556cf56cb09733c74c24642e7e33389746ded3330b40e3621
2026-09-29T08:07:42.467-04:00 INFO  [testcontainers-lifecycle-0] tc.redis:7-alpine [req=?,e2e=?,txn=?] Container redis:7-alpine is starting: 7507b2d4808237dcce2d76b06728ba8681406930773c6dcd8949f564eff8adf1
2026-09-29T08:07:42.470-04:00 INFO  [testcontainers-lifecycle-2] tc.postgres:16-alpine [req=?,e2e=?,txn=?] Container postgres:16-alpine is starting: fc8a8432627690eca8614b3ac9893f3d383406bf86587efc7229817923b8adf8
2026-09-29T08:07:42.636-04:00 INFO  [testcontainers-lifecycle-0] tc.redis:7-alpine [req=?,e2e=?,txn=?] Container redis:7-alpine started in PT0.211135S
2026-09-29T08:07:43.168-04:00 INFO  [testcontainers-lifecycle-2] tc.postgres:16-alpine [req=?,e2e=?,txn=?] Container postgres:16-alpine started in PT0.743065S
2026-09-29T08:07:43.169-04:00 INFO  [testcontainers-lifecycle-2] tc.postgres:16-alpine [req=?,e2e=?,txn=?] Container is started (JDBC URL: jdbc:postgresql://localhost:53418/openfednow?loggerLevel=OFF)
2026-09-29T08:07:46.071-04:00 INFO  [testcontainers-lifecycle-1] tc.rabbitmq:3-management [req=?,e2e=?,txn=?] Container rabbitmq:3-management started in PT3.646389S
2026-09-29T08:07:46.085-04:00 INFO  [main] i.o.s.audit.AdminAuditIntegrationTest [req=?,e2e=?,txn=?] Starting AdminAuditIntegrationTest using Java 17.0.20.1 with PID 90640 (started by danielmori in /Users/danielmori/Developer/open-fednow-clean-eval)
2026-09-29T08:07:46.085-04:00 DEBUG [main] i.o.s.audit.AdminAuditIntegrationTest [req=?,e2e=?,txn=?] Running with Spring Boot v3.5.16, Spring v6.2.19
2026-09-29T08:07:46.086-04:00 INFO  [main] i.o.s.audit.AdminAuditIntegrationTest [req=?,e2e=?,txn=?] No active profile set, falling back to 1 default profile: "default"
2026-09-29T08:07:46.560-04:00 INFO  [main] o.s.d.r.c.RepositoryConfigurationDelegate [req=?,e2e=?,txn=?] Multiple Spring Data modules found, entering strict repository configuration mode
2026-09-29T08:07:46.561-04:00 INFO  [main] o.s.d.r.c.RepositoryConfigurationDelegate [req=?,e2e=?,txn=?] Bootstrapping Spring Data JPA repositories in DEFAULT mode.
2026-09-29T08:07:46.577-04:00 INFO  [main] o.s.d.r.c.RepositoryConfigurationDelegate [req=?,e2e=?,txn=?] Finished Spring Data repository scanning in 12 ms. Found 0 JPA repository interfaces.
2026-09-29T08:07:46.583-04:00 INFO  [main] o.s.d.r.c.RepositoryConfigurationDelegate [req=?,e2e=?,txn=?] Multiple Spring Data modules found, entering strict repository configuration mode
2026-09-29T08:07:46.584-04:00 INFO  [main] o.s.d.r.c.RepositoryConfigurationDelegate [req=?,e2e=?,txn=?] Bootstrapping Spring Data Redis repositories in DEFAULT mode.
2026-09-29T08:07:46.590-04:00 INFO  [main] o.s.d.r.c.RepositoryConfigurationDelegate [req=?,e2e=?,txn=?] Finished Spring Data repository scanning in 3 ms. Found 0 Redis repository interfaces.
2026-09-29T08:07:47.020-04:00 INFO  [main] o.s.b.w.embedded.tomcat.TomcatWebServer [req=?,e2e=?,txn=?] Tomcat initialized with port 0 (http)
2026-09-29T08:07:47.026-04:00 INFO  [main] o.apache.coyote.http11.Http11NioProtocol [req=?,e2e=?,txn=?] Initializing ProtocolHandler ["http-nio-auto-1"]
2026-09-29T08:07:47.027-04:00 INFO  [main] o.apache.catalina.core.StandardService [req=?,e2e=?,txn=?] Starting service [Tomcat]
2026-09-29T08:07:47.027-04:00 INFO  [main] org.apache.catalina.core.StandardEngine [req=?,e2e=?,txn=?] Starting Servlet engine: [Apache Tomcat/10.1.59]
2026-09-29T08:07:47.052-04:00 INFO  [main] o.a.c.c.C.[Tomcat].[localhost].[/] [req=?,e2e=?,txn=?] Initializing Spring embedded WebApplicationContext
2026-09-29T08:07:47.053-04:00 INFO  [main] o.s.b.w.s.c.ServletWebServerApplicationContext [req=?,e2e=?,txn=?] Root WebApplicationContext: initialization completed in 959 ms
2026-09-29T08:07:47.319-04:00 INFO  [main] org.flywaydb.core.FlywayExecutor [req=?,e2e=?,txn=?] Database: jdbc:postgresql://localhost:53418/openfednow?loggerLevel=OFF (PostgreSQL 16.15)
2026-09-29T08:07:47.342-04:00 INFO  [main] o.f.c.i.s.JdbcTableSchemaHistory [req=?,e2e=?,txn=?] Schema history table "public"."flyway_schema_history" does not exist yet
2026-09-29T08:07:47.344-04:00 INFO  [main] o.f.core.internal.command.DbValidate [req=?,e2e=?,txn=?] Successfully validated 12 migrations (execution time 00:00.010s)
2026-09-29T08:07:47.354-04:00 INFO  [main] o.f.c.i.s.JdbcTableSchemaHistory [req=?,e2e=?,txn=?] Creating Schema History table "public"."flyway_schema_history" ...
2026-09-29T08:07:47.394-04:00 INFO  [main] o.f.core.internal.command.DbMigrate [req=?,e2e=?,txn=?] Current version of schema "public": << Empty Schema >>
2026-09-29T08:07:47.400-04:00 INFO  [main] o.f.core.internal.command.DbMigrate [req=?,e2e=?,txn=?] Migrating schema "public" to version "1 - create shadow ledger transaction log"
2026-09-29T08:07:47.422-04:00 INFO  [main] o.f.core.internal.command.DbMigrate [req=?,e2e=?,txn=?] Migrating schema "public" to version "2 - create saga state"
2026-09-29T08:07:47.430-04:00 INFO  [main] o.f.core.internal.command.DbMigrate [req=?,e2e=?,txn=?] Migrating schema "public" to version "3 - create idempotency keys"
2026-09-29T08:07:47.437-04:00 INFO  [main] o.f.core.internal.command.DbMigrate [req=?,e2e=?,txn=?] Migrating schema "public" to version "4 - create reconciliation run"
2026-09-29T08:07:47.445-04:00 INFO  [main] o.f.core.internal.command.DbMigrate [req=?,e2e=?,txn=?] Migrating schema "public" to version "5 - add source rail to saga state"
2026-09-29T08:07:47.451-04:00 INFO  [main] o.f.core.internal.command.DbMigrate [req=?,e2e=?,txn=?] Migrating schema "public" to version "6 - create admin audit log"
2026-09-29T08:07:47.458-04:00 INFO  [main] o.f.core.internal.command.DbMigrate [req=?,e2e=?,txn=?] Migrating schema "public" to version "7 - add request id correlation"
2026-09-29T08:07:47.464-04:00 INFO  [main] o.f.core.internal.command.DbMigrate [req=?,e2e=?,txn=?] Migrating schema "public" to version "8 - outbound submission uncertainty"
2026-09-29T08:07:47.469-04:00 INFO  [main] o.f.core.internal.command.DbMigrate [req=?,e2e=?,txn=?] Migrating schema "public" to version "9 - create reliable payment reference"
2026-09-29T08:07:47.481-04:00 INFO  [main] o.f.core.internal.command.DbMigrate [req=?,e2e=?,txn=?] Migrating schema "public" to version "10 - synthetic async core ack"
2026-09-29T08:07:47.488-04:00 INFO  [main] o.f.core.internal.command.DbMigrate [req=?,e2e=?,txn=?] Migrating schema "public" to version "11 - reliability inquiry observability"
2026-09-29T08:07:47.492-04:00 INFO  [main] o.f.core.internal.command.DbMigrate [req=?,e2e=?,txn=?] Migrating schema "public" to version "12 - synthetic core availability"
2026-09-29T08:07:47.497-04:00 INFO  [main] o.f.core.internal.command.DbMigrate [req=?,e2e=?,txn=?] Successfully applied 12 migrations to schema "public", now at version v12 (execution time 00:00.041s)
2026-09-29T08:07:47.533-04:00 DEBUG [main] io.openfednow.gateway.CorrelationFilter [req=?,e2e=?,txn=?] Filter 'correlationFilter' configured for use
2026-09-29T08:07:47.534-04:00 DEBUG [main] i.o.gateway.ratelimit.RateLimitFilter [req=?,e2e=?,txn=?] Filter 'rateLimitFilter' configured for use
2026-09-29T08:07:47.534-04:00 DEBUG [main] i.o.g.s.JwsInboundVerificationFilter [req=?,e2e=?,txn=?] Filter 'jwsInboundVerificationFilter' configured for use
2026-09-29T08:07:47.534-04:00 DEBUG [main] i.o.s.audit.AdminAccessAuditFilter [req=?,e2e=?,txn=?] Filter 'adminAccessAuditFilter' configured for use
2026-09-29T08:07:47.704-04:00 INFO  [main] o.s.o.j.p.SpringPersistenceUnitInfo [req=?,e2e=?,txn=?] No LoadTimeWeaver setup: ignoring JPA class transformer
2026-09-29T08:07:47.922-04:00 INFO  [main] o.s.o.j.LocalContainerEntityManagerFactoryBean [req=?,e2e=?,txn=?] Initialized JPA EntityManagerFactory for persistence unit 'default'
2026-09-29T08:07:48.255-04:00 INFO  [main] i.o.reliability.ReliabilityRailConfig [req=?,e2e=?,txn=?] Synthetic reliability rail configured=false
2026-09-29T08:07:48.350-04:00 WARN  [main] o.s.b.a.o.j.JpaBaseConfiguration$JpaWebConfiguration [req=?,e2e=?,txn=?] spring.jpa.open-in-view is enabled by default. Therefore, database queries may be performed during view rendering. Explicitly configure spring.jpa.open-in-view to disable this warning
2026-09-29T08:07:48.528-04:00 INFO  [main] o.s.b.a.e.web.EndpointLinksResolver [req=?,e2e=?,txn=?] Exposing 3 endpoints beneath base path '/actuator'
2026-09-29T08:07:48.554-04:00 INFO  [main] o.s.s.c.a.a.c.InitializeUserDetailsBeanManagerConfigurer$InitializeUserDetailsManagerConfigurer [req=?,e2e=?,txn=?] Global AuthenticationManager configured with UserDetailsService bean with name userDetailsService
2026-09-29T08:07:49.140-04:00 INFO  [main] o.apache.coyote.http11.Http11NioProtocol [req=?,e2e=?,txn=?] Starting ProtocolHandler ["http-nio-auto-1"]
2026-09-29T08:07:49.145-04:00 INFO  [main] o.s.b.w.embedded.tomcat.TomcatWebServer [req=?,e2e=?,txn=?] Tomcat started on port 53434 (http) with context path '/'
2026-09-29T08:07:49.158-04:00 INFO  [main] i.o.s.audit.AdminAuditIntegrationTest [req=?,e2e=?,txn=?] Started AdminAuditIntegrationTest in 7.565 seconds (process running for 8.058)
2026-09-29T08:07:49.160-04:00 DEBUG [scheduling-1] i.o.shadowledger.AvailabilityBridge [req=?,e2e=?,txn=?] Core availability poll: mode=ONLINE
2026-09-29T08:07:49.177-04:00 WARN  [main] o.s.core.events.SpringDocAppInitializer [req=?,e2e=?,txn=?] SpringDoc /v3/api-docs endpoint is enabled by default. To disable it in production, set the property 'springdoc.api-docs.enabled=false'
2026-09-29T08:07:49.177-04:00 WARN  [main] o.s.core.events.SpringDocAppInitializer [req=?,e2e=?,txn=?] SpringDoc /swagger-ui.html endpoint is enabled by default. To disable it in production, set the property 'springdoc.swagger-ui.enabled=false'
2026-09-29T08:07:49.182-04:00 INFO  [main] i.o.processing.saga.SagaRecoveryService [req=?,e2e=?,txn=?] Saga recovery: no in-flight sagas found at startup
2026-09-29T08:07:49.183-04:00 INFO  [main] i.o.shadowledger.BalanceSeedService [req=?,e2e=?,txn=?] Shadow Ledger startup seed: no accounts configured (openfednow.shadow-ledger.seed-accounts is empty)
2026-09-29T08:07:49.477-04:00 INFO  [http-nio-auto-1-exec-1] o.a.c.c.C.[Tomcat].[localhost].[/] [req=?,e2e=?,txn=?] Initializing Spring DispatcherServlet 'dispatcherServlet'
2026-09-29T08:07:49.478-04:00 INFO  [http-nio-auto-1-exec-1] o.s.web.servlet.DispatcherServlet [req=?,e2e=?,txn=?] Initializing Servlet 'dispatcherServlet'
2026-09-29T08:07:49.478-04:00 INFO  [http-nio-auto-1-exec-1] o.s.web.servlet.DispatcherServlet [req=?,e2e=?,txn=?] Completed initialization in 0 ms
2026-09-29T08:07:49.693-04:00 INFO  [http-nio-auto-1-exec-1] i.o.s.audit.AdminAccessAuditFilter [req=21e650b7-ca21-472d-a79d-767c29fb85b2,e2e=?,txn=?] admin-access principal=admin method=GET path=/admin/sagas status=200 result=GRANTED
2026-09-29T08:07:49.734-04:00 INFO  [http-nio-auto-1-exec-2] i.o.s.audit.AdminAccessAuditFilter [req=ffc1a119-b404-4693-83c2-5d6185c13234,e2e=?,txn=?] admin-access principal=anonymous method=POST path=/admin/reconcile status=401 result=DENIED
2026-09-29T08:07:49.808-04:00 INFO  [http-nio-auto-1-exec-3] i.o.s.audit.AdminAccessAuditFilter [req=2a7c9e7e-16a1-4e39-a0f9-8dd6195fe6d8,e2e=?,txn=?] admin-access principal=alice method=POST path=/admin/reconcile status=401 result=DENIED
2026-09-29T08:07:49.823-04:00 INFO  [main] o.s.b.w.embedded.tomcat.GracefulShutdown [req=?,e2e=?,txn=?] Commencing graceful shutdown. Waiting for active requests to complete
2026-09-29T08:07:49.824-04:00 INFO  [tomcat-shutdown] o.apache.coyote.http11.Http11NioProtocol [req=?,e2e=?,txn=?] Pausing ProtocolHandler ["http-nio-auto-1-53434"]
2026-09-29T08:07:49.828-04:00 INFO  [tomcat-shutdown] o.s.b.w.embedded.tomcat.GracefulShutdown [req=?,e2e=?,txn=?] Graceful shutdown complete
2026-09-29T08:07:49.829-04:00 INFO  [main] o.apache.coyote.http11.Http11NioProtocol [req=?,e2e=?,txn=?] Stopping ProtocolHandler ["http-nio-auto-1"]
2026-09-29T08:07:49.839-04:00 INFO  [main] o.s.o.j.LocalContainerEntityManagerFactoryBean [req=?,e2e=?,txn=?] Closing JPA EntityManagerFactory for persistence unit 'default'
[INFO] Tests run: 4, Failures: 0, Errors: 0, Skipped: 0, Time elapsed: 8.391 s -- in io.openfednow.security.audit.AdminAuditIntegrationTest
[INFO] Running io.openfednow.security.AdminEndpointSecurityTest
2026-09-29T08:07:49.847-04:00 INFO  [main] o.s.t.c.s.AnnotationConfigContextLoaderUtils [req=?,e2e=?,txn=?] Could not detect default configuration classes for test class [io.openfednow.security.AdminEndpointSecurityTest]: AdminEndpointSecurityTest does not declare any static, non-private, non-final, nested classes annotated with @Configuration.
2026-09-29T08:07:49.853-04:00 INFO  [main] o.s.b.t.c.SpringBootTestContextBootstrapper [req=?,e2e=?,txn=?] Found @SpringBootConfiguration io.openfednow.OpenFedNowApplication for test class io.openfednow.security.AdminEndpointSecurityTest

  .   ____          _            __ _ _
 /\\ / ___'_ __ _ _(_)_ __  __ _ \ \ \ \
( ( )\___ | '_ | '_| | '_ \/ _` | \ \ \ \
 \\/  ___)| |_)| | | | | || (_| |  ) ) ) )
  '  |____| .__|_| |_|_| |_\__, | / / / /
 =========|_|==============|___/=/_/_/_/

 :: Spring Boot ::               (v3.5.16)

2026-09-29T08:07:49.871-04:00 INFO  [main] i.o.security.AdminEndpointSecurityTest [req=?,e2e=?,txn=?] Starting AdminEndpointSecurityTest using Java 17.0.20.1 with PID 90640 (started by danielmori in /Users/danielmori/Developer/open-fednow-clean-eval)
2026-09-29T08:07:49.871-04:00 DEBUG [main] i.o.security.AdminEndpointSecurityTest [req=?,e2e=?,txn=?] Running with Spring Boot v3.5.16, Spring v6.2.19
2026-09-29T08:07:49.871-04:00 INFO  [main] i.o.security.AdminEndpointSecurityTest [req=?,e2e=?,txn=?] No active profile set, falling back to 1 default profile: "default"
2026-09-29T08:07:49.981-04:00 INFO  [main] o.s.d.r.c.RepositoryConfigurationDelegate [req=?,e2e=?,txn=?] Multiple Spring Data modules found, entering strict repository configuration mode
2026-09-29T08:07:49.981-04:00 INFO  [main] o.s.d.r.c.RepositoryConfigurationDelegate [req=?,e2e=?,txn=?] Bootstrapping Spring Data JPA repositories in DEFAULT mode.
2026-09-29T08:07:49.985-04:00 INFO  [main] o.s.d.r.c.RepositoryConfigurationDelegate [req=?,e2e=?,txn=?] Finished Spring Data repository scanning in 4 ms. Found 0 JPA repository interfaces.
2026-09-29T08:07:49.986-04:00 INFO  [main] o.s.d.r.c.RepositoryConfigurationDelegate [req=?,e2e=?,txn=?] Multiple Spring Data modules found, entering strict repository configuration mode
2026-09-29T08:07:49.986-04:00 INFO  [main] o.s.d.r.c.RepositoryConfigurationDelegate [req=?,e2e=?,txn=?] Bootstrapping Spring Data Redis repositories in DEFAULT mode.
2026-09-29T08:07:49.990-04:00 INFO  [main] o.s.d.r.c.RepositoryConfigurationDelegate [req=?,e2e=?,txn=?] Finished Spring Data repository scanning in 2 ms. Found 0 Redis repository interfaces.
2026-09-29T08:07:50.044-04:00 INFO  [main] o.s.b.w.embedded.tomcat.TomcatWebServer [req=?,e2e=?,txn=?] Tomcat initialized with port 0 (http)
2026-09-29T08:07:50.044-04:00 INFO  [main] o.apache.coyote.http11.Http11NioProtocol [req=?,e2e=?,txn=?] Initializing ProtocolHandler ["http-nio-auto-2"]
2026-09-29T08:07:50.044-04:00 INFO  [main] o.apache.catalina.core.StandardService [req=?,e2e=?,txn=?] Starting service [Tomcat]
2026-09-29T08:07:50.044-04:00 INFO  [main] org.apache.catalina.core.StandardEngine [req=?,e2e=?,txn=?] Starting Servlet engine: [Apache Tomcat/10.1.59]
2026-09-29T08:07:50.052-04:00 INFO  [main] o.a.c.c.C.[Tomcat].[localhost].[/] [req=?,e2e=?,txn=?] Initializing Spring embedded WebApplicationContext
2026-09-29T08:07:50.052-04:00 INFO  [main] o.s.b.w.s.c.ServletWebServerApplicationContext [req=?,e2e=?,txn=?] Root WebApplicationContext: initialization completed in 181 ms
2026-09-29T08:07:50.125-04:00 INFO  [main] org.flywaydb.core.FlywayExecutor [req=?,e2e=?,txn=?] Database: jdbc:postgresql://localhost:53418/openfednow?loggerLevel=OFF (PostgreSQL 16.15)
2026-09-29T08:07:50.139-04:00 INFO  [main] o.f.core.internal.command.DbValidate [req=?,e2e=?,txn=?] Successfully validated 12 migrations (execution time 00:00.006s)
2026-09-29T08:07:50.153-04:00 INFO  [main] o.f.core.internal.command.DbMigrate [req=?,e2e=?,txn=?] Current version of schema "public": 12
2026-09-29T08:07:50.153-04:00 INFO  [main] o.f.core.internal.command.DbMigrate [req=?,e2e=?,txn=?] Schema "public" is up to date. No migration necessary.
2026-09-29T08:07:50.166-04:00 DEBUG [main] io.openfednow.gateway.CorrelationFilter [req=?,e2e=?,txn=?] Filter 'correlationFilter' configured for use
2026-09-29T08:07:50.166-04:00 DEBUG [main] i.o.gateway.ratelimit.RateLimitFilter [req=?,e2e=?,txn=?] Filter 'rateLimitFilter' configured for use
2026-09-29T08:07:50.166-04:00 DEBUG [main] i.o.g.s.JwsInboundVerificationFilter [req=?,e2e=?,txn=?] Filter 'jwsInboundVerificationFilter' configured for use
2026-09-29T08:07:50.166-04:00 DEBUG [main] i.o.s.audit.AdminAccessAuditFilter [req=?,e2e=?,txn=?] Filter 'adminAccessAuditFilter' configured for use
2026-09-29T08:07:50.186-04:00 INFO  [main] o.s.o.j.p.SpringPersistenceUnitInfo [req=?,e2e=?,txn=?] No LoadTimeWeaver setup: ignoring JPA class transformer
2026-09-29T08:07:50.197-04:00 INFO  [main] o.s.o.j.LocalContainerEntityManagerFactoryBean [req=?,e2e=?,txn=?] Initialized JPA EntityManagerFactory for persistence unit 'default'
2026-09-29T08:07:50.271-04:00 INFO  [main] i.o.reliability.ReliabilityRailConfig [req=?,e2e=?,txn=?] Synthetic reliability rail configured=false
2026-09-29T08:07:50.313-04:00 WARN  [main] o.s.b.a.o.j.JpaBaseConfiguration$JpaWebConfiguration [req=?,e2e=?,txn=?] spring.jpa.open-in-view is enabled by default. Therefore, database queries may be performed during view rendering. Explicitly configure spring.jpa.open-in-view to disable this warning
2026-09-29T08:07:50.376-04:00 INFO  [main] o.s.b.a.e.web.EndpointLinksResolver [req=?,e2e=?,txn=?] Exposing 3 endpoints beneath base path '/actuator'
2026-09-29T08:07:50.385-04:00 INFO  [main] o.s.s.c.a.a.c.InitializeUserDetailsBeanManagerConfigurer$InitializeUserDetailsManagerConfigurer [req=?,e2e=?,txn=?] Global AuthenticationManager configured with UserDetailsService bean with name userDetailsService
2026-09-29T08:07:50.619-04:00 INFO  [main] o.apache.coyote.http11.Http11NioProtocol [req=?,e2e=?,txn=?] Starting ProtocolHandler ["http-nio-auto-2"]
2026-09-29T08:07:50.620-04:00 INFO  [main] o.s.b.w.embedded.tomcat.TomcatWebServer [req=?,e2e=?,txn=?] Tomcat started on port 53449 (http) with context path '/'
2026-09-29T08:07:50.624-04:00 DEBUG [scheduling-1] i.o.shadowledger.AvailabilityBridge [req=?,e2e=?,txn=?] Core availability poll: mode=ONLINE
2026-09-29T08:07:50.624-04:00 INFO  [main] i.o.security.AdminEndpointSecurityTest [req=?,e2e=?,txn=?] Started AdminEndpointSecurityTest in 0.769 seconds (process running for 9.524)
2026-09-29T08:07:50.625-04:00 WARN  [main] o.s.core.events.SpringDocAppInitializer [req=?,e2e=?,txn=?] SpringDoc /v3/api-docs endpoint is enabled by default. To disable it in production, set the property 'springdoc.api-docs.enabled=false'
2026-09-29T08:07:50.625-04:00 WARN  [main] o.s.core.events.SpringDocAppInitializer [req=?,e2e=?,txn=?] SpringDoc /swagger-ui.html endpoint is enabled by default. To disable it in production, set the property 'springdoc.swagger-ui.enabled=false'
2026-09-29T08:07:50.628-04:00 INFO  [main] i.o.processing.saga.SagaRecoveryService [req=?,e2e=?,txn=?] Saga recovery: no in-flight sagas found at startup
2026-09-29T08:07:50.628-04:00 INFO  [main] i.o.shadowledger.BalanceSeedService [req=?,e2e=?,txn=?] Shadow Ledger startup seed: no accounts configured (openfednow.shadow-ledger.seed-accounts is empty)
2026-09-29T08:07:50.633-04:00 INFO  [http-nio-auto-2-exec-1] o.a.c.c.C.[Tomcat].[localhost].[/] [req=?,e2e=?,txn=?] Initializing Spring DispatcherServlet 'dispatcherServlet'
2026-09-29T08:07:50.633-04:00 INFO  [http-nio-auto-2-exec-1] o.s.web.servlet.DispatcherServlet [req=?,e2e=?,txn=?] Initializing Servlet 'dispatcherServlet'
2026-09-29T08:07:50.634-04:00 INFO  [http-nio-auto-2-exec-1] o.s.web.servlet.DispatcherServlet [req=?,e2e=?,txn=?] Completed initialization in 1 ms
2026-09-29T08:07:50.646-04:00 INFO  [http-nio-auto-2-exec-2] o.s.a.r.c.CachingConnectionFactory [req=c086abd3-475f-47fa-bc07-1978caade081,e2e=?,txn=?] Attempting to connect to: [localhost:53422]
2026-09-29T08:07:50.663-04:00 INFO  [http-nio-auto-2-exec-2] o.s.a.r.c.CachingConnectionFactory [req=c086abd3-475f-47fa-bc07-1978caade081,e2e=?,txn=?] Created new connection: rabbitConnectionFactory#6b10123f:0/SimpleConnection@66e5605d [delegate=amqp://guest@127.0.0.1:53422/, localPort=53451]
2026-09-29T08:07:50.991-04:00 INFO  [http-nio-auto-2-exec-3] i.o.s.audit.AdminAccessAuditFilter [req=6b1e4382-33ea-4ff6-a78f-950b08008ae7,e2e=?,txn=?] admin-access principal=admin method=POST path=/admin/reconcile status=401 result=DENIED
2026-09-29T08:07:50.999-04:00 INFO  [http-nio-auto-2-exec-4] i.o.s.audit.AdminAccessAuditFilter [req=10c92b89-19fd-492a-b7ce-44d5e5d7d2be,e2e=?,txn=?] admin-access principal=anonymous method=POST path=/admin/reconcile status=401 result=DENIED
2026-09-29T08:07:51.119-04:00 INFO  [http-nio-auto-2-exec-6] i.o.shadowledger.ReconciliationService [req=1e70d8fe-b30d-4f69-9ffa-f6873917b881,e2e=?,txn=?] Reconciliation cycle starting
2026-09-29T08:07:51.123-04:00 INFO  [http-nio-auto-2-exec-6] i.o.shadowledger.ReconciliationService [req=1e70d8fe-b30d-4f69-9ffa-f6873917b881,e2e=?,txn=?] Reconciliation processed 0 account(s) across 500-row batches
2026-09-29T08:07:51.124-04:00 INFO  [http-nio-auto-2-exec-6] i.o.shadowledger.ReconciliationService [req=1e70d8fe-b30d-4f69-9ffa-f6873917b881,e2e=?,txn=?] Reconciliation cycle complete replayed=0 discrepancies=0 success=true
2026-09-29T08:07:51.126-04:00 INFO  [http-nio-auto-2-exec-6] i.o.s.audit.AdminAccessAuditFilter [req=1e70d8fe-b30d-4f69-9ffa-f6873917b881,e2e=?,txn=?] admin-access principal=admin method=POST path=/admin/reconcile status=200 result=GRANTED
2026-09-29T08:07:51.186-04:00 INFO  [http-nio-auto-2-exec-7] i.o.s.audit.AdminAccessAuditFilter [req=c4244831-1329-4300-bbe3-fd6b1c48353e,e2e=?,txn=?] admin-access principal=unknown method=POST path=/admin/reconcile status=401 result=DENIED
2026-09-29T08:07:51.190-04:00 INFO  [main] o.s.b.w.embedded.tomcat.GracefulShutdown [req=?,e2e=?,txn=?] Commencing graceful shutdown. Waiting for active requests to complete
2026-09-29T08:07:51.190-04:00 INFO  [tomcat-shutdown] o.apache.coyote.http11.Http11NioProtocol [req=?,e2e=?,txn=?] Pausing ProtocolHandler ["http-nio-auto-2-53449"]
2026-09-29T08:07:51.192-04:00 INFO  [tomcat-shutdown] o.s.b.w.embedded.tomcat.GracefulShutdown [req=?,e2e=?,txn=?] Graceful shutdown complete
2026-09-29T08:07:51.192-04:00 INFO  [main] o.apache.coyote.http11.Http11NioProtocol [req=?,e2e=?,txn=?] Stopping ProtocolHandler ["http-nio-auto-2"]
2026-09-29T08:07:51.200-04:00 INFO  [main] o.s.o.j.LocalContainerEntityManagerFactoryBean [req=?,e2e=?,txn=?] Closing JPA EntityManagerFactory for persistence unit 'default'
[INFO] Tests run: 7, Failures: 0, Errors: 0, Skipped: 0, Time elapsed: 1.356 s -- in io.openfednow.security.AdminEndpointSecurityTest
[INFO] Running io.openfednow.security.SecurityHeadersTest
2026-09-29T08:07:51.204-04:00 INFO  [main] o.s.t.c.s.AnnotationConfigContextLoaderUtils [req=?,e2e=?,txn=?] Could not detect default configuration classes for test class [io.openfednow.security.SecurityHeadersTest]: SecurityHeadersTest does not declare any static, non-private, non-final, nested classes annotated with @Configuration.
2026-09-29T08:07:51.208-04:00 INFO  [main] o.s.b.t.c.SpringBootTestContextBootstrapper [req=?,e2e=?,txn=?] Found @SpringBootConfiguration io.openfednow.OpenFedNowApplication for test class io.openfednow.security.SecurityHeadersTest

  .   ____          _            __ _ _
 /\\ / ___'_ __ _ _(_)_ __  __ _ \ \ \ \
( ( )\___ | '_ | '_| | '_ \/ _` | \ \ \ \
 \\/  ___)| |_)| | | | | || (_| |  ) ) ) )
  '  |____| .__|_| |_|_| |_\__, | / / / /
 =========|_|==============|___/=/_/_/_/

 :: Spring Boot ::               (v3.5.16)

2026-09-29T08:07:51.221-04:00 INFO  [main] i.o.security.SecurityHeadersTest [req=?,e2e=?,txn=?] Starting SecurityHeadersTest using Java 17.0.20.1 with PID 90640 (started by danielmori in /Users/danielmori/Developer/open-fednow-clean-eval)
2026-09-29T08:07:51.221-04:00 DEBUG [main] i.o.security.SecurityHeadersTest [req=?,e2e=?,txn=?] Running with Spring Boot v3.5.16, Spring v6.2.19
2026-09-29T08:07:51.221-04:00 INFO  [main] i.o.security.SecurityHeadersTest [req=?,e2e=?,txn=?] No active profile set, falling back to 1 default profile: "default"
2026-09-29T08:07:51.331-04:00 INFO  [main] o.s.d.r.c.RepositoryConfigurationDelegate [req=?,e2e=?,txn=?] Multiple Spring Data modules found, entering strict repository configuration mode
2026-09-29T08:07:51.331-04:00 INFO  [main] o.s.d.r.c.RepositoryConfigurationDelegate [req=?,e2e=?,txn=?] Bootstrapping Spring Data JPA repositories in DEFAULT mode.
2026-09-29T08:07:51.336-04:00 INFO  [main] o.s.d.r.c.RepositoryConfigurationDelegate [req=?,e2e=?,txn=?] Finished Spring Data repository scanning in 3 ms. Found 0 JPA repository interfaces.
2026-09-29T08:07:51.336-04:00 INFO  [main] o.s.d.r.c.RepositoryConfigurationDelegate [req=?,e2e=?,txn=?] Multiple Spring Data modules found, entering strict repository configuration mode
2026-09-29T08:07:51.336-04:00 INFO  [main] o.s.d.r.c.RepositoryConfigurationDelegate [req=?,e2e=?,txn=?] Bootstrapping Spring Data Redis repositories in DEFAULT mode.
2026-09-29T08:07:51.339-04:00 INFO  [main] o.s.d.r.c.RepositoryConfigurationDelegate [req=?,e2e=?,txn=?] Finished Spring Data repository scanning in 2 ms. Found 0 Redis repository interfaces.
2026-09-29T08:07:51.392-04:00 INFO  [main] o.s.b.w.embedded.tomcat.TomcatWebServer [req=?,e2e=?,txn=?] Tomcat initialized with port 0 (http)
2026-09-29T08:07:51.392-04:00 INFO  [main] o.apache.coyote.http11.Http11NioProtocol [req=?,e2e=?,txn=?] Initializing ProtocolHandler ["http-nio-auto-3"]
2026-09-29T08:07:51.392-04:00 INFO  [main] o.apache.catalina.core.StandardService [req=?,e2e=?,txn=?] Starting service [Tomcat]
2026-09-29T08:07:51.392-04:00 INFO  [main] org.apache.catalina.core.StandardEngine [req=?,e2e=?,txn=?] Starting Servlet engine: [Apache Tomcat/10.1.59]
2026-09-29T08:07:51.399-04:00 INFO  [main] o.a.c.c.C.[Tomcat].[localhost].[/] [req=?,e2e=?,txn=?] Initializing Spring embedded WebApplicationContext
2026-09-29T08:07:51.399-04:00 INFO  [main] o.s.b.w.s.c.ServletWebServerApplicationContext [req=?,e2e=?,txn=?] Root WebApplicationContext: initialization completed in 177 ms
2026-09-29T08:07:51.455-04:00 INFO  [main] org.flywaydb.core.FlywayExecutor [req=?,e2e=?,txn=?] Database: jdbc:postgresql://localhost:53418/openfednow?loggerLevel=OFF (PostgreSQL 16.15)
2026-09-29T08:07:51.465-04:00 INFO  [main] o.f.core.internal.command.DbValidate [req=?,e2e=?,txn=?] Successfully validated 12 migrations (execution time 00:00.004s)
2026-09-29T08:07:51.478-04:00 INFO  [main] o.f.core.internal.command.DbMigrate [req=?,e2e=?,txn=?] Current version of schema "public": 12
2026-09-29T08:07:51.478-04:00 INFO  [main] o.f.core.internal.command.DbMigrate [req=?,e2e=?,txn=?] Schema "public" is up to date. No migration necessary.
2026-09-29T08:07:51.491-04:00 DEBUG [main] io.openfednow.gateway.CorrelationFilter [req=?,e2e=?,txn=?] Filter 'correlationFilter' configured for use
2026-09-29T08:07:51.491-04:00 DEBUG [main] i.o.gateway.ratelimit.RateLimitFilter [req=?,e2e=?,txn=?] Filter 'rateLimitFilter' configured for use
2026-09-29T08:07:51.491-04:00 DEBUG [main] i.o.g.s.JwsInboundVerificationFilter [req=?,e2e=?,txn=?] Filter 'jwsInboundVerificationFilter' configured for use
2026-09-29T08:07:51.491-04:00 DEBUG [main] i.o.s.audit.AdminAccessAuditFilter [req=?,e2e=?,txn=?] Filter 'adminAccessAuditFilter' configured for use
2026-09-29T08:07:51.510-04:00 INFO  [main] o.s.o.j.p.SpringPersistenceUnitInfo [req=?,e2e=?,txn=?] No LoadTimeWeaver setup: ignoring JPA class transformer
2026-09-29T08:07:51.520-04:00 INFO  [main] o.s.o.j.LocalContainerEntityManagerFactoryBean [req=?,e2e=?,txn=?] Initialized JPA EntityManagerFactory for persistence unit 'default'
2026-09-29T08:07:51.589-04:00 INFO  [main] i.o.reliability.ReliabilityRailConfig [req=?,e2e=?,txn=?] Synthetic reliability rail configured=false
2026-09-29T08:07:51.625-04:00 WARN  [main] o.s.b.a.o.j.JpaBaseConfiguration$JpaWebConfiguration [req=?,e2e=?,txn=?] spring.jpa.open-in-view is enabled by default. Therefore, database queries may be performed during view rendering. Explicitly configure spring.jpa.open-in-view to disable this warning
2026-09-29T08:07:51.684-04:00 INFO  [main] o.s.b.a.e.web.EndpointLinksResolver [req=?,e2e=?,txn=?] Exposing 3 endpoints beneath base path '/actuator'
2026-09-29T08:07:51.693-04:00 INFO  [main] o.s.s.c.a.a.c.InitializeUserDetailsBeanManagerConfigurer$InitializeUserDetailsManagerConfigurer [req=?,e2e=?,txn=?] Global AuthenticationManager configured with UserDetailsService bean with name userDetailsService
2026-09-29T08:07:51.923-04:00 DEBUG [main] io.openfednow.gateway.CorrelationFilter [req=?,e2e=?,txn=?] Filter 'correlationFilter' configured for use
2026-09-29T08:07:51.923-04:00 DEBUG [main] i.o.s.audit.AdminAccessAuditFilter [req=?,e2e=?,txn=?] Filter 'adminAccessAuditFilter' configured for use
2026-09-29T08:07:51.923-04:00 DEBUG [main] i.o.gateway.ratelimit.RateLimitFilter [req=?,e2e=?,txn=?] Filter 'rateLimitFilter' configured for use
2026-09-29T08:07:51.923-04:00 DEBUG [main] i.o.g.s.JwsInboundVerificationFilter [req=?,e2e=?,txn=?] Filter 'jwsInboundVerificationFilter' configured for use
2026-09-29T08:07:51.923-04:00 INFO  [main] o.a.c.c.C.[Tomcat].[localhost].[/] [req=?,e2e=?,txn=?] Initializing Spring TestDispatcherServlet ''
2026-09-29T08:07:51.923-04:00 INFO  [main] o.s.t.web.servlet.TestDispatcherServlet [req=?,e2e=?,txn=?] Initializing Servlet ''
2026-09-29T08:07:51.924-04:00 INFO  [main] o.s.t.web.servlet.TestDispatcherServlet [req=?,e2e=?,txn=?] Completed initialization in 1 ms
2026-09-29T08:07:51.939-04:00 INFO  [main] o.apache.coyote.http11.Http11NioProtocol [req=?,e2e=?,txn=?] Starting ProtocolHandler ["http-nio-auto-3"]
2026-09-29T08:07:51.940-04:00 INFO  [main] o.s.b.w.embedded.tomcat.TomcatWebServer [req=?,e2e=?,txn=?] Tomcat started on port 53467 (http) with context path '/'
2026-09-29T08:07:51.943-04:00 DEBUG [scheduling-1] i.o.shadowledger.AvailabilityBridge [req=?,e2e=?,txn=?] Core availability poll: mode=ONLINE
2026-09-29T08:07:51.943-04:00 INFO  [main] i.o.security.SecurityHeadersTest [req=?,e2e=?,txn=?] Started SecurityHeadersTest in 0.734 seconds (process running for 10.843)
2026-09-29T08:07:51.944-04:00 WARN  [main] o.s.core.events.SpringDocAppInitializer [req=?,e2e=?,txn=?] SpringDoc /v3/api-docs endpoint is enabled by default. To disable it in production, set the property 'springdoc.api-docs.enabled=false'
2026-09-29T08:07:51.944-04:00 WARN  [main] o.s.core.events.SpringDocAppInitializer [req=?,e2e=?,txn=?] SpringDoc /swagger-ui.html endpoint is enabled by default. To disable it in production, set the property 'springdoc.swagger-ui.enabled=false'
2026-09-29T08:07:51.946-04:00 INFO  [main] i.o.processing.saga.SagaRecoveryService [req=?,e2e=?,txn=?] Saga recovery: no in-flight sagas found at startup
2026-09-29T08:07:51.946-04:00 INFO  [main] i.o.shadowledger.BalanceSeedService [req=?,e2e=?,txn=?] Shadow Ledger startup seed: no accounts configured (openfednow.shadow-ledger.seed-accounts is empty)
2026-09-29T08:07:51.950-04:00 INFO  [http-nio-auto-3-exec-1] o.a.c.c.C.[Tomcat].[localhost].[/] [req=?,e2e=?,txn=?] Initializing Spring DispatcherServlet 'dispatcherServlet'
2026-09-29T08:07:51.951-04:00 INFO  [http-nio-auto-3-exec-1] o.s.web.servlet.DispatcherServlet [req=?,e2e=?,txn=?] Initializing Servlet 'dispatcherServlet'
2026-09-29T08:07:51.951-04:00 INFO  [http-nio-auto-3-exec-1] o.s.web.servlet.DispatcherServlet [req=?,e2e=?,txn=?] Completed initialization in 0 ms
2026-09-29T08:07:51.952-04:00 INFO  [http-nio-auto-3-exec-1] o.s.a.r.c.CachingConnectionFactory [req=21610dd3-92e8-4644-ad65-8604e57a381c,e2e=?,txn=?] Attempting to connect to: [localhost:53422]
2026-09-29T08:07:51.956-04:00 INFO  [http-nio-auto-3-exec-1] o.s.a.r.c.CachingConnectionFactory [req=21610dd3-92e8-4644-ad65-8604e57a381c,e2e=?,txn=?] Created new connection: rabbitConnectionFactory#5db505ad:0/SimpleConnection@584b886c [delegate=amqp://guest@127.0.0.1:53422/, localPort=53469]
2026-09-29T08:07:52.004-04:00 INFO  [main] o.s.b.w.embedded.tomcat.GracefulShutdown [req=?,e2e=?,txn=?] Commencing graceful shutdown. Waiting for active requests to complete
2026-09-29T08:07:52.004-04:00 INFO  [tomcat-shutdown] o.apache.coyote.http11.Http11NioProtocol [req=?,e2e=?,txn=?] Pausing ProtocolHandler ["http-nio-auto-3-53467"]
2026-09-29T08:07:52.006-04:00 INFO  [tomcat-shutdown] o.s.b.w.embedded.tomcat.GracefulShutdown [req=?,e2e=?,txn=?] Graceful shutdown complete
2026-09-29T08:07:52.006-04:00 INFO  [main] o.apache.coyote.http11.Http11NioProtocol [req=?,e2e=?,txn=?] Stopping ProtocolHandler ["http-nio-auto-3"]
2026-09-29T08:07:52.011-04:00 INFO  [main] o.s.o.j.LocalContainerEntityManagerFactoryBean [req=?,e2e=?,txn=?] Closing JPA EntityManagerFactory for persistence unit 'default'
[INFO] Tests run: 6, Failures: 0, Errors: 0, Skipped: 0, Time elapsed: 0.809 s -- in io.openfednow.security.SecurityHeadersTest
[INFO] Running io.openfednow.processing.cancellation.CancellationIntegrationTest
2026-09-29T08:07:52.014-04:00 INFO  [main] o.s.t.c.s.AnnotationConfigContextLoaderUtils [req=?,e2e=?,txn=?] Could not detect default configuration classes for test class [io.openfednow.processing.cancellation.CancellationIntegrationTest]: CancellationIntegrationTest does not declare any static, non-private, non-final, nested classes annotated with @Configuration.
2026-09-29T08:07:52.019-04:00 INFO  [main] o.s.b.t.c.SpringBootTestContextBootstrapper [req=?,e2e=?,txn=?] Found @SpringBootConfiguration io.openfednow.OpenFedNowApplication for test class io.openfednow.processing.cancellation.CancellationIntegrationTest

  .   ____          _            __ _ _
 /\\ / ___'_ __ _ _(_)_ __  __ _ \ \ \ \
( ( )\___ | '_ | '_| | '_ \/ _` | \ \ \ \
 \\/  ___)| |_)| | | | | || (_| |  ) ) ) )
  '  |____| .__|_| |_|_| |_\__, | / / / /
 =========|_|==============|___/=/_/_/_/

 :: Spring Boot ::               (v3.5.16)

2026-09-29T08:07:52.031-04:00 INFO  [main] i.o.p.c.CancellationIntegrationTest [req=?,e2e=?,txn=?] Starting CancellationIntegrationTest using Java 17.0.20.1 with PID 90640 (started by danielmori in /Users/danielmori/Developer/open-fednow-clean-eval)
2026-09-29T08:07:52.032-04:00 DEBUG [main] i.o.p.c.CancellationIntegrationTest [req=?,e2e=?,txn=?] Running with Spring Boot v3.5.16, Spring v6.2.19
2026-09-29T08:07:52.032-04:00 INFO  [main] i.o.p.c.CancellationIntegrationTest [req=?,e2e=?,txn=?] No active profile set, falling back to 1 default profile: "default"
2026-09-29T08:07:52.109-04:00 INFO  [main] o.s.d.r.c.RepositoryConfigurationDelegate [req=?,e2e=?,txn=?] Multiple Spring Data modules found, entering strict repository configuration mode
2026-09-29T08:07:52.110-04:00 INFO  [main] o.s.d.r.c.RepositoryConfigurationDelegate [req=?,e2e=?,txn=?] Bootstrapping Spring Data JPA repositories in DEFAULT mode.
2026-09-29T08:07:52.113-04:00 INFO  [main] o.s.d.r.c.RepositoryConfigurationDelegate [req=?,e2e=?,txn=?] Finished Spring Data repository scanning in 3 ms. Found 0 JPA repository interfaces.
2026-09-29T08:07:52.114-04:00 INFO  [main] o.s.d.r.c.RepositoryConfigurationDelegate [req=?,e2e=?,txn=?] Multiple Spring Data modules found, entering strict repository configuration mode
2026-09-29T08:07:52.114-04:00 INFO  [main] o.s.d.r.c.RepositoryConfigurationDelegate [req=?,e2e=?,txn=?] Bootstrapping Spring Data Redis repositories in DEFAULT mode.
2026-09-29T08:07:52.117-04:00 INFO  [main] o.s.d.r.c.RepositoryConfigurationDelegate [req=?,e2e=?,txn=?] Finished Spring Data repository scanning in 2 ms. Found 0 Redis repository interfaces.
2026-09-29T08:07:52.167-04:00 INFO  [main] org.flywaydb.core.FlywayExecutor [req=?,e2e=?,txn=?] Database: jdbc:postgresql://localhost:53418/openfednow?loggerLevel=OFF (PostgreSQL 16.15)
2026-09-29T08:07:52.176-04:00 INFO  [main] o.f.core.internal.command.DbValidate [req=?,e2e=?,txn=?] Successfully validated 12 migrations (execution time 00:00.004s)
2026-09-29T08:07:52.187-04:00 INFO  [main] o.f.core.internal.command.DbMigrate [req=?,e2e=?,txn=?] Current version of schema "public": 12
2026-09-29T08:07:52.187-04:00 INFO  [main] o.f.core.internal.command.DbMigrate [req=?,e2e=?,txn=?] Schema "public" is up to date. No migration necessary.
2026-09-29T08:07:52.202-04:00 INFO  [main] o.s.o.j.p.SpringPersistenceUnitInfo [req=?,e2e=?,txn=?] No LoadTimeWeaver setup: ignoring JPA class transformer
2026-09-29T08:07:52.210-04:00 INFO  [main] o.s.o.j.LocalContainerEntityManagerFactoryBean [req=?,e2e=?,txn=?] Initialized JPA EntityManagerFactory for persistence unit 'default'
2026-09-29T08:07:52.290-04:00 INFO  [main] i.o.reliability.ReliabilityRailConfig [req=?,e2e=?,txn=?] Synthetic reliability rail configured=false
2026-09-29T08:07:52.319-04:00 INFO  [main] o.s.s.c.a.a.c.InitializeUserDetailsBeanManagerConfigurer$InitializeUserDetailsManagerConfigurer [req=?,e2e=?,txn=?] Global AuthenticationManager configured with UserDetailsService bean with name userDetailsService
2026-09-29T08:07:52.501-04:00 INFO  [main] i.o.p.c.CancellationIntegrationTest [req=?,e2e=?,txn=?] Started CancellationIntegrationTest in 0.481 seconds (process running for 11.401)
2026-09-29T08:07:52.501-04:00 DEBUG [scheduling-1] i.o.shadowledger.AvailabilityBridge [req=?,e2e=?,txn=?] Core availability poll: mode=ONLINE
2026-09-29T08:07:52.503-04:00 INFO  [main] i.o.processing.saga.SagaRecoveryService [req=?,e2e=?,txn=?] Saga recovery: no in-flight sagas found at startup
2026-09-29T08:07:52.503-04:00 INFO  [main] i.o.shadowledger.BalanceSeedService [req=?,e2e=?,txn=?] Shadow Ledger startup seed: no accounts configured (openfednow.shadow-ledger.seed-accounts is empty)
2026-09-29T08:07:52.519-04:00 INFO  [main] i.o.processing.saga.SagaOrchestrator [req=?,e2e=?,txn=?] Saga initiated sagaId=SAGA-6330860e-68cd-4f1a-ab50-02018dbc83da transactionId=TXN-INIT e2e=E2E-INIT sourceRail=FEDNOW requestId=null
2026-09-29T08:07:52.519-04:00 INFO  [main] i.o.p.cancellation.CancellationService [req=?,e2e=?,txn=?] Cancellation request received caseId=CASE-TXN-INIT originalTransactionId=TXN-INIT reason=CUST
2026-09-29T08:07:52.520-04:00 INFO  [main] i.o.p.cancellation.CancellationService [req=?,e2e=?,txn=?] Cancellation lookup matched sagaId=SAGA-6330860e-68cd-4f1a-ab50-02018dbc83da state=INITIATED
2026-09-29T08:07:52.520-04:00 INFO  [main] i.o.p.cancellation.CancellationService [req=?,e2e=?,txn=?] Cancelling sagaId=SAGA-6330860e-68cd-4f1a-ab50-02018dbc83da reason=CUST
2026-09-29T08:07:52.523-04:00 INFO  [main] i.o.processing.saga.SagaOrchestrator [req=?,e2e=?,txn=?] Inbound saga cancellation starting sagaId=SAGA-6330860e-68cd-4f1a-ab50-02018dbc83da fromState=INITIATED reason=CUST
2026-09-29T08:07:52.524-04:00 INFO  [main] i.o.processing.saga.SagaOrchestrator [req=?,e2e=?,txn=?] Inbound saga cancellation complete sagaId=SAGA-6330860e-68cd-4f1a-ab50-02018dbc83da
2026-09-29T08:07:52.531-04:00 INFO  [main] i.o.processing.saga.SagaOrchestrator [req=?,e2e=?,txn=?] Saga initiated sagaId=SAGA-374bfbb4-cdf0-451c-aede-816a142c6207 transactionId=TXN-FRAUD e2e=E2E-FRAUD sourceRail=FEDNOW requestId=null
2026-09-29T08:07:52.533-04:00 INFO  [main] io.openfednow.shadowledger.ShadowLedger [req=?,e2e=?,txn=?] Shadow Ledger credit applied account=ACC-FRAUD amount=100.00 balanceAfter=200.00
2026-09-29T08:07:52.534-04:00 DEBUG [main] i.o.processing.saga.SagaOrchestrator [req=?,e2e=?,txn=?] Saga advanced sagaId=SAGA-374bfbb4-cdf0-451c-aede-816a142c6207 state=FUNDS_RESERVED
2026-09-29T08:07:52.534-04:00 INFO  [main] i.o.p.cancellation.CancellationService [req=?,e2e=?,txn=?] Cancellation request received caseId=CASE-TXN-FRAUD originalTransactionId=TXN-FRAUD reason=FRAD
2026-09-29T08:07:52.534-04:00 INFO  [main] i.o.p.cancellation.CancellationService [req=?,e2e=?,txn=?] Cancellation lookup matched sagaId=SAGA-374bfbb4-cdf0-451c-aede-816a142c6207 state=FUNDS_RESERVED
2026-09-29T08:07:52.534-04:00 INFO  [main] i.o.p.cancellation.CancellationService [req=?,e2e=?,txn=?] Cancelling sagaId=SAGA-374bfbb4-cdf0-451c-aede-816a142c6207 reason=FRAD
2026-09-29T08:07:52.535-04:00 INFO  [main] i.o.processing.saga.SagaOrchestrator [req=?,e2e=?,txn=?] Inbound saga cancellation starting sagaId=SAGA-374bfbb4-cdf0-451c-aede-816a142c6207 fromState=FUNDS_RESERVED reason=FRAD
2026-09-29T08:07:52.536-04:00 INFO  [main] io.openfednow.shadowledger.ShadowLedger [req=?,e2e=?,txn=?] Shadow Ledger credit reversal applied account=ACC-FRAUD amount=100.00 balanceAfter=100.00
2026-09-29T08:07:52.536-04:00 INFO  [main] i.o.processing.saga.SagaOrchestrator [req=?,e2e=?,txn=?] Shadow Ledger credit reversed sagaId=SAGA-374bfbb4-cdf0-451c-aede-816a142c6207 transactionId=TXN-FRAUD
2026-09-29T08:07:52.537-04:00 INFO  [main] i.o.processing.saga.SagaOrchestrator [req=?,e2e=?,txn=?] Inbound saga cancellation complete sagaId=SAGA-374bfbb4-cdf0-451c-aede-816a142c6207
2026-09-29T08:07:52.542-04:00 INFO  [main] i.o.processing.saga.SagaOrchestrator [req=?,e2e=?,txn=?] Saga initiated sagaId=SAGA-2a2cf8ca-950c-4ba1-b970-73163a6c2c9e transactionId=TXN-CNCL e2e=E2E-CNCL sourceRail=FEDNOW requestId=null
2026-09-29T08:07:52.543-04:00 INFO  [main] io.openfednow.shadowledger.ShadowLedger [req=?,e2e=?,txn=?] Shadow Ledger credit applied account=ACC-CNCL amount=250.00 balanceAfter=350.00
2026-09-29T08:07:52.543-04:00 DEBUG [main] i.o.processing.saga.SagaOrchestrator [req=?,e2e=?,txn=?] Saga advanced sagaId=SAGA-2a2cf8ca-950c-4ba1-b970-73163a6c2c9e state=FUNDS_RESERVED
2026-09-29T08:07:52.544-04:00 INFO  [main] i.o.p.cancellation.CancellationService [req=?,e2e=?,txn=?] Cancellation request received caseId=CASE-TXN-CNCL originalTransactionId=TXN-CNCL reason=DUPL
2026-09-29T08:07:52.544-04:00 INFO  [main] i.o.p.cancellation.CancellationService [req=?,e2e=?,txn=?] Cancellation lookup matched sagaId=SAGA-2a2cf8ca-950c-4ba1-b970-73163a6c2c9e state=FUNDS_RESERVED
2026-09-29T08:07:52.544-04:00 INFO  [main] i.o.p.cancellation.CancellationService [req=?,e2e=?,txn=?] Cancelling sagaId=SAGA-2a2cf8ca-950c-4ba1-b970-73163a6c2c9e reason=DUPL
2026-09-29T08:07:52.545-04:00 INFO  [main] i.o.processing.saga.SagaOrchestrator [req=?,e2e=?,txn=?] Inbound saga cancellation starting sagaId=SAGA-2a2cf8ca-950c-4ba1-b970-73163a6c2c9e fromState=FUNDS_RESERVED reason=DUPL
2026-09-29T08:07:52.547-04:00 INFO  [main] io.openfednow.shadowledger.ShadowLedger [req=?,e2e=?,txn=?] Shadow Ledger credit reversal applied account=ACC-CNCL amount=250.00 balanceAfter=100.00
2026-09-29T08:07:52.547-04:00 INFO  [main] i.o.processing.saga.SagaOrchestrator [req=?,e2e=?,txn=?] Shadow Ledger credit reversed sagaId=SAGA-2a2cf8ca-950c-4ba1-b970-73163a6c2c9e transactionId=TXN-CNCL
2026-09-29T08:07:52.548-04:00 INFO  [main] i.o.processing.saga.SagaOrchestrator [req=?,e2e=?,txn=?] Inbound saga cancellation complete sagaId=SAGA-2a2cf8ca-950c-4ba1-b970-73163a6c2c9e
2026-09-29T08:07:52.552-04:00 INFO  [main] i.o.p.cancellation.CancellationService [req=?,e2e=?,txn=?] Cancellation request received caseId=CASE-TXN-DOES-NOT-EXIST originalTransactionId=TXN-DOES-NOT-EXIST reason=DUPL
2026-09-29T08:07:52.553-04:00 WARN  [main] i.o.p.cancellation.CancellationService [req=?,e2e=?,txn=?] Cancellation rejected — no saga found for transactionId=TXN-DOES-NOT-EXIST
2026-09-29T08:07:52.556-04:00 INFO  [main] i.o.processing.saga.SagaOrchestrator [req=?,e2e=?,txn=?] Saga initiated sagaId=SAGA-a3216d17-f4f3-41a6-bd67-96a5dd1f1441 transactionId=TXN-AUDIT e2e=E2E-AUDIT sourceRail=FEDNOW requestId=null
2026-09-29T08:07:52.557-04:00 INFO  [main] io.openfednow.shadowledger.ShadowLedger [req=?,e2e=?,txn=?] Shadow Ledger credit applied account=ACC-AUDIT amount=75.00 balanceAfter=175.00
2026-09-29T08:07:52.557-04:00 DEBUG [main] i.o.processing.saga.SagaOrchestrator [req=?,e2e=?,txn=?] Saga advanced sagaId=SAGA-a3216d17-f4f3-41a6-bd67-96a5dd1f1441 state=FUNDS_RESERVED
2026-09-29T08:07:52.557-04:00 INFO  [main] i.o.p.cancellation.CancellationService [req=?,e2e=?,txn=?] Cancellation request received caseId=CASE-TXN-AUDIT originalTransactionId=TXN-AUDIT reason=DUPL
2026-09-29T08:07:52.558-04:00 INFO  [main] i.o.p.cancellation.CancellationService [req=?,e2e=?,txn=?] Cancellation lookup matched sagaId=SAGA-a3216d17-f4f3-41a6-bd67-96a5dd1f1441 state=FUNDS_RESERVED
2026-09-29T08:07:52.558-04:00 INFO  [main] i.o.p.cancellation.CancellationService [req=?,e2e=?,txn=?] Cancelling sagaId=SAGA-a3216d17-f4f3-41a6-bd67-96a5dd1f1441 reason=DUPL
2026-09-29T08:07:52.558-04:00 INFO  [main] i.o.processing.saga.SagaOrchestrator [req=?,e2e=?,txn=?] Inbound saga cancellation starting sagaId=SAGA-a3216d17-f4f3-41a6-bd67-96a5dd1f1441 fromState=FUNDS_RESERVED reason=DUPL
2026-09-29T08:07:52.560-04:00 INFO  [main] io.openfednow.shadowledger.ShadowLedger [req=?,e2e=?,txn=?] Shadow Ledger credit reversal applied account=ACC-AUDIT amount=75.00 balanceAfter=100.00
2026-09-29T08:07:52.560-04:00 INFO  [main] i.o.processing.saga.SagaOrchestrator [req=?,e2e=?,txn=?] Shadow Ledger credit reversed sagaId=SAGA-a3216d17-f4f3-41a6-bd67-96a5dd1f1441 transactionId=TXN-AUDIT
2026-09-29T08:07:52.560-04:00 INFO  [main] i.o.processing.saga.SagaOrchestrator [req=?,e2e=?,txn=?] Inbound saga cancellation complete sagaId=SAGA-a3216d17-f4f3-41a6-bd67-96a5dd1f1441
2026-09-29T08:07:52.566-04:00 INFO  [main] i.o.processing.saga.SagaOrchestrator [req=?,e2e=?,txn=?] Saga initiated sagaId=SAGA-eee04a78-a212-4653-a996-7f3b4d4afdd0 transactionId=TXN-DONE e2e=E2E-DONE sourceRail=FEDNOW requestId=null
2026-09-29T08:07:52.567-04:00 DEBUG [main] i.o.processing.saga.SagaOrchestrator [req=?,e2e=?,txn=?] Saga advanced sagaId=SAGA-eee04a78-a212-4653-a996-7f3b4d4afdd0 state=FUNDS_RESERVED
2026-09-29T08:07:52.567-04:00 DEBUG [main] i.o.processing.saga.SagaOrchestrator [req=?,e2e=?,txn=?] Saga advanced sagaId=SAGA-eee04a78-a212-4653-a996-7f3b4d4afdd0 state=CORE_SUBMITTED
2026-09-29T08:07:52.567-04:00 DEBUG [main] i.o.processing.saga.SagaOrchestrator [req=?,e2e=?,txn=?] Saga advanced sagaId=SAGA-eee04a78-a212-4653-a996-7f3b4d4afdd0 state=FEDNOW_CONFIRMED
2026-09-29T08:07:52.568-04:00 DEBUG [main] i.o.processing.saga.SagaOrchestrator [req=?,e2e=?,txn=?] Saga advanced sagaId=SAGA-eee04a78-a212-4653-a996-7f3b4d4afdd0 state=COMPLETED
2026-09-29T08:07:52.568-04:00 INFO  [main] i.o.p.cancellation.CancellationService [req=?,e2e=?,txn=?] Cancellation request received caseId=CASE-TXN-DONE originalTransactionId=TXN-DONE reason=DUPL
2026-09-29T08:07:52.568-04:00 INFO  [main] i.o.p.cancellation.CancellationService [req=?,e2e=?,txn=?] Cancellation lookup matched sagaId=SAGA-eee04a78-a212-4653-a996-7f3b4d4afdd0 state=COMPLETED
2026-09-29T08:07:52.568-04:00 WARN  [main] i.o.p.cancellation.CancellationService [req=?,e2e=?,txn=?] Cancellation rejected — settlement already confirmed in state COMPLETED; originator must use pacs.004
2026-09-29T08:07:52.571-04:00 INFO  [main] i.o.processing.saga.SagaOrchestrator [req=?,e2e=?,txn=?] Saga initiated sagaId=SAGA-45ae6d34-daaf-4480-b049-ba6d5b56f92e transactionId=TXN-CORE e2e=E2E-CORE sourceRail=FEDNOW requestId=null
2026-09-29T08:07:52.571-04:00 DEBUG [main] i.o.processing.saga.SagaOrchestrator [req=?,e2e=?,txn=?] Saga advanced sagaId=SAGA-45ae6d34-daaf-4480-b049-ba6d5b56f92e state=FUNDS_RESERVED
2026-09-29T08:07:52.572-04:00 DEBUG [main] i.o.processing.saga.SagaOrchestrator [req=?,e2e=?,txn=?] Saga advanced sagaId=SAGA-45ae6d34-daaf-4480-b049-ba6d5b56f92e state=CORE_SUBMITTED
2026-09-29T08:07:52.572-04:00 INFO  [main] i.o.p.cancellation.CancellationService [req=?,e2e=?,txn=?] Cancellation request received caseId=CASE-TXN-CORE originalTransactionId=TXN-CORE reason=DUPL
2026-09-29T08:07:52.572-04:00 INFO  [main] i.o.p.cancellation.CancellationService [req=?,e2e=?,txn=?] Cancellation lookup matched sagaId=SAGA-45ae6d34-daaf-4480-b049-ba6d5b56f92e state=CORE_SUBMITTED
2026-09-29T08:07:52.572-04:00 WARN  [main] i.o.p.cancellation.CancellationService [req=?,e2e=?,txn=?] Cancellation pending — saga in state CORE_SUBMITTED; follow-up resolution required
2026-09-29T08:07:52.576-04:00 INFO  [main] o.s.o.j.LocalContainerEntityManagerFactoryBean [req=?,e2e=?,txn=?] Closing JPA EntityManagerFactory for persistence unit 'default'
[INFO] Tests run: 7, Failures: 0, Errors: 0, Skipped: 0, Time elapsed: 0.568 s -- in io.openfednow.processing.cancellation.CancellationIntegrationTest
[INFO] Running io.openfednow.processing.fraud.DefaultFraudScreeningIntegrationTest
2026-09-29T08:07:52.583-04:00 INFO  [main] o.s.t.c.s.AnnotationConfigContextLoaderUtils [req=?,e2e=?,txn=?] Could not detect default configuration classes for test class [io.openfednow.processing.fraud.DefaultFraudScreeningIntegrationTest]: DefaultFraudScreeningIntegrationTest does not declare any static, non-private, non-final, nested classes annotated with @Configuration.
2026-09-29T08:07:52.587-04:00 INFO  [main] o.s.b.t.c.SpringBootTestContextBootstrapper [req=?,e2e=?,txn=?] Found @SpringBootConfiguration io.openfednow.OpenFedNowApplication for test class io.openfednow.processing.fraud.DefaultFraudScreeningIntegrationTest

  .   ____          _            __ _ _
 /\\ / ___'_ __ _ _(_)_ __  __ _ \ \ \ \
( ( )\___ | '_ | '_| | '_ \/ _` | \ \ \ \
 \\/  ___)| |_)| | | | | || (_| |  ) ) ) )
  '  |____| .__|_| |_|_| |_\__, | / / / /
 =========|_|==============|___/=/_/_/_/

 :: Spring Boot ::               (v3.5.16)

2026-09-29T08:07:52.597-04:00 INFO  [main] i.o.p.f.DefaultFraudScreeningIntegrationTest [req=?,e2e=?,txn=?] Starting DefaultFraudScreeningIntegrationTest using Java 17.0.20.1 with PID 90640 (started by danielmori in /Users/danielmori/Developer/open-fednow-clean-eval)
2026-09-29T08:07:52.598-04:00 DEBUG [main] i.o.p.f.DefaultFraudScreeningIntegrationTest [req=?,e2e=?,txn=?] Running with Spring Boot v3.5.16, Spring v6.2.19
2026-09-29T08:07:52.598-04:00 INFO  [main] i.o.p.f.DefaultFraudScreeningIntegrationTest [req=?,e2e=?,txn=?] No active profile set, falling back to 1 default profile: "default"
2026-09-29T08:07:52.667-04:00 INFO  [main] o.s.d.r.c.RepositoryConfigurationDelegate [req=?,e2e=?,txn=?] Multiple Spring Data modules found, entering strict repository configuration mode
2026-09-29T08:07:52.667-04:00 INFO  [main] o.s.d.r.c.RepositoryConfigurationDelegate [req=?,e2e=?,txn=?] Bootstrapping Spring Data JPA repositories in DEFAULT mode.
2026-09-29T08:07:52.671-04:00 INFO  [main] o.s.d.r.c.RepositoryConfigurationDelegate [req=?,e2e=?,txn=?] Finished Spring Data repository scanning in 3 ms. Found 0 JPA repository interfaces.
2026-09-29T08:07:52.672-04:00 INFO  [main] o.s.d.r.c.RepositoryConfigurationDelegate [req=?,e2e=?,txn=?] Multiple Spring Data modules found, entering strict repository configuration mode
2026-09-29T08:07:52.672-04:00 INFO  [main] o.s.d.r.c.RepositoryConfigurationDelegate [req=?,e2e=?,txn=?] Bootstrapping Spring Data Redis repositories in DEFAULT mode.
2026-09-29T08:07:52.675-04:00 INFO  [main] o.s.d.r.c.RepositoryConfigurationDelegate [req=?,e2e=?,txn=?] Finished Spring Data repository scanning in 2 ms. Found 0 Redis repository interfaces.
2026-09-29T08:07:52.721-04:00 INFO  [main] org.flywaydb.core.FlywayExecutor [req=?,e2e=?,txn=?] Database: jdbc:postgresql://localhost:53418/openfednow?loggerLevel=OFF (PostgreSQL 16.15)
2026-09-29T08:07:52.729-04:00 INFO  [main] o.f.core.internal.command.DbValidate [req=?,e2e=?,txn=?] Successfully validated 12 migrations (execution time 00:00.003s)
2026-09-29T08:07:52.741-04:00 INFO  [main] o.f.core.internal.command.DbMigrate [req=?,e2e=?,txn=?] Current version of schema "public": 12
2026-09-29T08:07:52.741-04:00 INFO  [main] o.f.core.internal.command.DbMigrate [req=?,e2e=?,txn=?] Schema "public" is up to date. No migration necessary.
2026-09-29T08:07:52.757-04:00 INFO  [main] o.s.o.j.p.SpringPersistenceUnitInfo [req=?,e2e=?,txn=?] No LoadTimeWeaver setup: ignoring JPA class transformer
2026-09-29T08:07:52.765-04:00 INFO  [main] o.s.o.j.LocalContainerEntityManagerFactoryBean [req=?,e2e=?,txn=?] Initialized JPA EntityManagerFactory for persistence unit 'default'
2026-09-29T08:07:52.852-04:00 INFO  [main] i.o.reliability.ReliabilityRailConfig [req=?,e2e=?,txn=?] Synthetic reliability rail configured=false
2026-09-29T08:07:52.878-04:00 INFO  [main] o.s.s.c.a.a.c.InitializeUserDetailsBeanManagerConfigurer$InitializeUserDetailsManagerConfigurer [req=?,e2e=?,txn=?] Global AuthenticationManager configured with UserDetailsService bean with name userDetailsService
2026-09-29T08:07:53.051-04:00 INFO  [main] i.o.p.f.DefaultFraudScreeningIntegrationTest [req=?,e2e=?,txn=?] Started DefaultFraudScreeningIntegrationTest in 0.463 seconds (process running for 11.95)
2026-09-29T08:07:53.051-04:00 DEBUG [scheduling-1] i.o.shadowledger.AvailabilityBridge [req=?,e2e=?,txn=?] Core availability poll: mode=ONLINE
2026-09-29T08:07:53.053-04:00 WARN  [main] i.o.processing.saga.SagaRecoveryService [req=?,e2e=?,txn=?] Saga recovery: found 1 in-flight saga(s) — completing or compensating each
2026-09-29T08:07:53.054-04:00 INFO  [main] i.o.processing.saga.SagaRecoveryService [req=?,e2e=?,txn=?] Recovering sagaId=SAGA-45ae6d34-daaf-4480-b049-ba6d5b56f92e fromState=CORE_SUBMITTED sourceRail=FEDNOW
2026-09-29T08:07:53.055-04:00 INFO  [main] i.o.processing.saga.SagaOrchestrator [req=?,e2e=?,txn=?] Saga compensation starting sagaId=SAGA-45ae6d34-daaf-4480-b049-ba6d5b56f92e fromState=CORE_SUBMITTED reason=NARR
2026-09-29T08:07:53.057-04:00 WARN  [main] io.openfednow.shadowledger.ShadowLedger [req=?,e2e=?,txn=?] Shadow Ledger: no DEBIT found for reversal transactionId=TXN-CORE
2026-09-29T08:07:53.057-04:00 INFO  [main] i.o.processing.saga.SagaOrchestrator [req=?,e2e=?,txn=?] Shadow Ledger debit reversed sagaId=SAGA-45ae6d34-daaf-4480-b049-ba6d5b56f92e transactionId=TXN-CORE
2026-09-29T08:07:53.058-04:00 INFO  [main] i.o.processing.saga.SagaOrchestrator [req=?,e2e=?,txn=?] Saga compensation complete sagaId=SAGA-45ae6d34-daaf-4480-b049-ba6d5b56f92e
2026-09-29T08:07:53.058-04:00 INFO  [main] i.o.processing.saga.SagaRecoveryService [req=?,e2e=?,txn=?] Saga recovery complete: 1 of 1 saga(s) processed
2026-09-29T08:07:53.058-04:00 INFO  [main] i.o.shadowledger.BalanceSeedService [req=?,e2e=?,txn=?] Shadow Ledger startup seed: no accounts configured (openfednow.shadow-ledger.seed-accounts is empty)
2026-09-29T08:07:53.064-04:00 INFO  [main] i.o.p.fraud.DefaultFraudScreeningService [req=?,e2e=?,txn=?] Fraud pre-screening active maxAmount=1000000 velocity=2/1s denylistSize=0
2026-09-29T08:07:53.081-04:00 DEBUG [main] i.o.p.fraud.DefaultFraudScreeningService [req=?,e2e=?,txn=?] Fraud screening passed e2e=E2E-TXN-1 amount=100.00
2026-09-29T08:07:53.082-04:00 DEBUG [main] i.o.p.fraud.DefaultFraudScreeningService [req=?,e2e=?,txn=?] Fraud screening passed e2e=E2E-TXN-2 amount=100.00
2026-09-29T08:07:53.083-04:00 WARN  [main] i.o.p.fraud.DefaultFraudScreeningService [req=?,e2e=?,txn=?] Fraud screening BLOCKED e2e=E2E-TXN-3 txn=TXN-3 reason=debtor velocity 3 exceeds 2 per 1s window
2026-09-29T08:07:54.596-04:00 DEBUG [main] i.o.p.fraud.DefaultFraudScreeningService [req=?,e2e=?,txn=?] Fraud screening passed e2e=E2E-TXN-4 amount=100.00
2026-09-29T08:07:54.607-04:00 INFO  [main] i.o.p.fraud.DefaultFraudScreeningService [req=?,e2e=?,txn=?] Fraud pre-screening active maxAmount=1000000 velocity=3/60s denylistSize=0
2026-09-29T08:07:54.609-04:00 DEBUG [main] i.o.p.fraud.DefaultFraudScreeningService [req=?,e2e=?,txn=?] Fraud screening passed e2e=E2E-TXN-0 amount=100.00
2026-09-29T08:07:54.610-04:00 DEBUG [main] i.o.p.fraud.DefaultFraudScreeningService [req=?,e2e=?,txn=?] Fraud screening passed e2e=E2E-TXN-1 amount=100.00
2026-09-29T08:07:54.611-04:00 DEBUG [main] i.o.p.fraud.DefaultFraudScreeningService [req=?,e2e=?,txn=?] Fraud screening passed e2e=E2E-TXN-2 amount=100.00
2026-09-29T08:07:54.612-04:00 WARN  [main] i.o.p.fraud.DefaultFraudScreeningService [req=?,e2e=?,txn=?] Fraud screening BLOCKED e2e=E2E-TXN-4 txn=TXN-4 reason=debtor velocity 4 exceeds 3 per 60s window
2026-09-29T08:07:54.619-04:00 INFO  [main] i.o.p.fraud.DefaultFraudScreeningService [req=?,e2e=?,txn=?] Fraud pre-screening active maxAmount=1000000 velocity=5/60s denylistSize=0
2026-09-29T08:07:54.620-04:00 DEBUG [main] i.o.p.fraud.DefaultFraudScreeningService [req=?,e2e=?,txn=?] Fraud screening passed e2e=E2E-TXN-TTL amount=100.00
2026-09-29T08:07:54.630-04:00 INFO  [main] i.o.p.fraud.DefaultFraudScreeningService [req=?,e2e=?,txn=?] Fraud pre-screening active maxAmount=1000000 velocity=1/60s denylistSize=0
2026-09-29T08:07:54.631-04:00 DEBUG [main] i.o.p.fraud.DefaultFraudScreeningService [req=?,e2e=?,txn=?] Fraud screening passed e2e=E2E-TXN-A1 amount=100.00
2026-09-29T08:07:54.632-04:00 WARN  [main] i.o.p.fraud.DefaultFraudScreeningService [req=?,e2e=?,txn=?] Fraud screening BLOCKED e2e=E2E-TXN-A2 txn=TXN-A2 reason=debtor velocity 2 exceeds 1 per 60s window
2026-09-29T08:07:54.633-04:00 DEBUG [main] i.o.p.fraud.DefaultFraudScreeningService [req=?,e2e=?,txn=?] Fraud screening passed e2e=E2E-TXN-B1 amount=100.00
2026-09-29T08:07:54.640-04:00 INFO  [main] o.s.o.j.LocalContainerEntityManagerFactoryBean [req=?,e2e=?,txn=?] Closing JPA EntityManagerFactory for persistence unit 'default'
[INFO] Tests run: 4, Failures: 0, Errors: 0, Skipped: 0, Time elapsed: 2.059 s -- in io.openfednow.processing.fraud.DefaultFraudScreeningIntegrationTest
[INFO] Running io.openfednow.processing.fraud.FraudRoutingIntegrationTest
2026-09-29T08:07:54.648-04:00 INFO  [main] o.s.b.t.c.SpringBootTestContextBootstrapper [req=?,e2e=?,txn=?] Found @SpringBootConfiguration io.openfednow.OpenFedNowApplication for test class io.openfednow.processing.fraud.FraudRoutingIntegrationTest

  .   ____          _            __ _ _
 /\\ / ___'_ __ _ _(_)_ __  __ _ \ \ \ \
( ( )\___ | '_ | '_| | '_ \/ _` | \ \ \ \
 \\/  ___)| |_)| | | | | || (_| |  ) ) ) )
  '  |____| .__|_| |_|_| |_\__, | / / / /
 =========|_|==============|___/=/_/_/_/

 :: Spring Boot ::               (v3.5.16)

2026-09-29T08:07:54.659-04:00 INFO  [main] i.o.p.fraud.FraudRoutingIntegrationTest [req=?,e2e=?,txn=?] Starting FraudRoutingIntegrationTest using Java 17.0.20.1 with PID 90640 (started by danielmori in /Users/danielmori/Developer/open-fednow-clean-eval)
2026-09-29T08:07:54.659-04:00 DEBUG [main] i.o.p.fraud.FraudRoutingIntegrationTest [req=?,e2e=?,txn=?] Running with Spring Boot v3.5.16, Spring v6.2.19
2026-09-29T08:07:54.659-04:00 INFO  [main] i.o.p.fraud.FraudRoutingIntegrationTest [req=?,e2e=?,txn=?] No active profile set, falling back to 1 default profile: "default"
2026-09-29T08:07:54.728-04:00 INFO  [main] o.s.d.r.c.RepositoryConfigurationDelegate [req=?,e2e=?,txn=?] Multiple Spring Data modules found, entering strict repository configuration mode
2026-09-29T08:07:54.728-04:00 INFO  [main] o.s.d.r.c.RepositoryConfigurationDelegate [req=?,e2e=?,txn=?] Bootstrapping Spring Data JPA repositories in DEFAULT mode.
2026-09-29T08:07:54.732-04:00 INFO  [main] o.s.d.r.c.RepositoryConfigurationDelegate [req=?,e2e=?,txn=?] Finished Spring Data repository scanning in 3 ms. Found 0 JPA repository interfaces.
2026-09-29T08:07:54.733-04:00 INFO  [main] o.s.d.r.c.RepositoryConfigurationDelegate [req=?,e2e=?,txn=?] Multiple Spring Data modules found, entering strict repository configuration mode
2026-09-29T08:07:54.733-04:00 INFO  [main] o.s.d.r.c.RepositoryConfigurationDelegate [req=?,e2e=?,txn=?] Bootstrapping Spring Data Redis repositories in DEFAULT mode.
2026-09-29T08:07:54.735-04:00 INFO  [main] o.s.d.r.c.RepositoryConfigurationDelegate [req=?,e2e=?,txn=?] Finished Spring Data repository scanning in 2 ms. Found 0 Redis repository interfaces.
2026-09-29T08:07:54.784-04:00 INFO  [main] org.flywaydb.core.FlywayExecutor [req=?,e2e=?,txn=?] Database: jdbc:postgresql://localhost:53418/openfednow?loggerLevel=OFF (PostgreSQL 16.15)
2026-09-29T08:07:54.791-04:00 INFO  [main] o.f.core.internal.command.DbValidate [req=?,e2e=?,txn=?] Successfully validated 12 migrations (execution time 00:00.003s)
2026-09-29T08:07:54.801-04:00 INFO  [main] o.f.core.internal.command.DbMigrate [req=?,e2e=?,txn=?] Current version of schema "public": 12
2026-09-29T08:07:54.802-04:00 INFO  [main] o.f.core.internal.command.DbMigrate [req=?,e2e=?,txn=?] Schema "public" is up to date. No migration necessary.
2026-09-29T08:07:54.816-04:00 INFO  [main] o.s.o.j.p.SpringPersistenceUnitInfo [req=?,e2e=?,txn=?] No LoadTimeWeaver setup: ignoring JPA class transformer
2026-09-29T08:07:54.824-04:00 INFO  [main] o.s.o.j.LocalContainerEntityManagerFactoryBean [req=?,e2e=?,txn=?] Initialized JPA EntityManagerFactory for persistence unit 'default'
2026-09-29T08:07:54.903-04:00 INFO  [main] i.o.reliability.ReliabilityRailConfig [req=?,e2e=?,txn=?] Synthetic reliability rail configured=false
2026-09-29T08:07:54.927-04:00 INFO  [main] o.s.s.c.a.a.c.InitializeUserDetailsBeanManagerConfigurer$InitializeUserDetailsManagerConfigurer [req=?,e2e=?,txn=?] Global AuthenticationManager configured with UserDetailsService bean with name userDetailsService
2026-09-29T08:07:55.092-04:00 INFO  [main] i.o.p.fraud.FraudRoutingIntegrationTest [req=?,e2e=?,txn=?] Started FraudRoutingIntegrationTest in 0.443 seconds (process running for 13.992)
2026-09-29T08:07:55.092-04:00 DEBUG [scheduling-1] i.o.shadowledger.AvailabilityBridge [req=?,e2e=?,txn=?] Core availability poll: mode=ONLINE
2026-09-29T08:07:55.094-04:00 INFO  [main] i.o.processing.saga.SagaRecoveryService [req=?,e2e=?,txn=?] Saga recovery: no in-flight sagas found at startup
2026-09-29T08:07:55.094-04:00 INFO  [main] i.o.shadowledger.BalanceSeedService [req=?,e2e=?,txn=?] Shadow Ledger startup seed: no accounts configured (openfednow.shadow-ledger.seed-accounts is empty)
2026-09-29T08:07:55.101-04:00 INFO  [main] io.openfednow.gateway.MessageRouter [req=?,e2e=E2E-INB-PASS,txn=TXN-INB-PASS] Inbound credit transfer received amount=100.00 currency=USD sourceRail=FEDNOW
2026-09-29T08:07:55.103-04:00 INFO  [main] i.o.processing.saga.SagaOrchestrator [req=?,e2e=E2E-INB-PASS,txn=TXN-INB-PASS] Saga initiated sagaId=SAGA-2975c077-a448-4441-94a0-55bee7bf31e4 transactionId=TXN-INB-PASS e2e=E2E-INB-PASS sourceRail=FEDNOW requestId=null
2026-09-29T08:07:55.105-04:00 INFO  [main] io.openfednow.shadowledger.ShadowLedger [req=?,e2e=E2E-INB-PASS,txn=TXN-INB-PASS] Shadow Ledger credit applied account=ACC-CREDITOR amount=100.00 balanceAfter=100.00
2026-09-29T08:07:55.105-04:00 DEBUG [main] i.o.processing.saga.SagaOrchestrator [req=?,e2e=E2E-INB-PASS,txn=TXN-INB-PASS] Saga advanced sagaId=SAGA-2975c077-a448-4441-94a0-55bee7bf31e4 state=FUNDS_RESERVED
2026-09-29T08:07:55.106-04:00 DEBUG [main] i.o.processing.saga.SagaOrchestrator [req=?,e2e=E2E-INB-PASS,txn=TXN-INB-PASS] Saga advanced sagaId=SAGA-2975c077-a448-4441-94a0-55bee7bf31e4 state=CORE_SUBMITTED
2026-09-29T08:07:55.106-04:00 DEBUG [main] i.o.processing.saga.SagaOrchestrator [req=?,e2e=E2E-INB-PASS,txn=TXN-INB-PASS] Saga advanced sagaId=SAGA-2975c077-a448-4441-94a0-55bee7bf31e4 state=FEDNOW_CONFIRMED
2026-09-29T08:07:55.106-04:00 DEBUG [main] i.o.processing.saga.SagaOrchestrator [req=?,e2e=E2E-INB-PASS,txn=TXN-INB-PASS] Saga advanced sagaId=SAGA-2975c077-a448-4441-94a0-55bee7bf31e4 state=COMPLETED
2026-09-29T08:07:55.107-04:00 INFO  [main] io.openfednow.gateway.MessageRouter [req=?,e2e=E2E-INB-PASS,txn=TXN-INB-PASS] Inbound credit transfer status=ACSC rejectCode=null
2026-09-29T08:07:55.110-04:00 DEBUG [main] i.o.p.idempotency.IdempotencyService [req=?,e2e=E2E-INB-PASS,txn=TXN-INB-PASS] Idempotency outcome recorded e2e=E2E-INB-PASS status=ACSC
2026-09-29T08:07:55.114-04:00 INFO  [main] io.openfednow.gateway.MessageRouter [req=?,e2e=E2E-INB-REVIEW,txn=TXN-INB-REVIEW] Inbound credit transfer received amount=100.00 currency=USD sourceRail=FEDNOW
2026-09-29T08:07:55.116-04:00 INFO  [main] i.o.processing.saga.SagaOrchestrator [req=?,e2e=E2E-INB-REVIEW,txn=TXN-INB-REVIEW] Saga initiated sagaId=SAGA-d58dade2-54bc-47e3-8b1a-a82b9570bada transactionId=TXN-INB-REVIEW e2e=E2E-INB-REVIEW sourceRail=FEDNOW requestId=null
2026-09-29T08:07:55.117-04:00 INFO  [main] io.openfednow.shadowledger.ShadowLedger [req=?,e2e=E2E-INB-REVIEW,txn=TXN-INB-REVIEW] Shadow Ledger credit applied account=ACC-CREDITOR amount=100.00 balanceAfter=100.00
2026-09-29T08:07:55.117-04:00 DEBUG [main] i.o.processing.saga.SagaOrchestrator [req=?,e2e=E2E-INB-REVIEW,txn=TXN-INB-REVIEW] Saga advanced sagaId=SAGA-d58dade2-54bc-47e3-8b1a-a82b9570bada state=FUNDS_RESERVED
2026-09-29T08:07:55.118-04:00 DEBUG [main] i.o.processing.saga.SagaOrchestrator [req=?,e2e=E2E-INB-REVIEW,txn=TXN-INB-REVIEW] Saga advanced sagaId=SAGA-d58dade2-54bc-47e3-8b1a-a82b9570bada state=CORE_SUBMITTED
2026-09-29T08:07:55.118-04:00 DEBUG [main] i.o.processing.saga.SagaOrchestrator [req=?,e2e=E2E-INB-REVIEW,txn=TXN-INB-REVIEW] Saga advanced sagaId=SAGA-d58dade2-54bc-47e3-8b1a-a82b9570bada state=FEDNOW_CONFIRMED
2026-09-29T08:07:55.118-04:00 DEBUG [main] i.o.processing.saga.SagaOrchestrator [req=?,e2e=E2E-INB-REVIEW,txn=TXN-INB-REVIEW] Saga advanced sagaId=SAGA-d58dade2-54bc-47e3-8b1a-a82b9570bada state=COMPLETED
2026-09-29T08:07:55.118-04:00 INFO  [main] io.openfednow.gateway.MessageRouter [req=?,e2e=E2E-INB-REVIEW,txn=TXN-INB-REVIEW] Inbound credit transfer status=ACSC rejectCode=null
2026-09-29T08:07:55.119-04:00 DEBUG [main] i.o.p.idempotency.IdempotencyService [req=?,e2e=E2E-INB-REVIEW,txn=TXN-INB-REVIEW] Idempotency outcome recorded e2e=E2E-INB-REVIEW status=ACSC
2026-09-29T08:07:55.123-04:00 INFO  [main] io.openfednow.gateway.MessageRouter [req=?,e2e=E2E-INB-BLOCK,txn=TXN-INB-BLOCK] Inbound credit transfer received amount=100.00 currency=USD sourceRail=FEDNOW
2026-09-29T08:07:55.125-04:00 DEBUG [main] i.o.p.idempotency.IdempotencyService [req=?,e2e=E2E-INB-BLOCK,txn=TXN-INB-BLOCK] Idempotency outcome recorded e2e=E2E-INB-BLOCK status=RJCT
2026-09-29T08:07:55.129-04:00 INFO  [main] io.openfednow.gateway.MessageRouter [req=?,e2e=E2E-OUT-BLOCK,txn=TXN-OUT-BLOCK] Outbound credit transfer received amount=100.00 currency=USD
2026-09-29T08:07:55.131-04:00 DEBUG [main] i.o.p.idempotency.IdempotencyService [req=?,e2e=E2E-OUT-BLOCK,txn=TXN-OUT-BLOCK] Idempotency outcome recorded e2e=E2E-OUT-BLOCK status=RJCT
2026-09-29T08:07:55.135-04:00 INFO  [main] o.s.o.j.LocalContainerEntityManagerFactoryBean [req=?,e2e=E2E-OUT-BLOCK,txn=TXN-OUT-BLOCK] Closing JPA EntityManagerFactory for persistence unit 'default'
[INFO] Tests run: 4, Failures: 0, Errors: 0, Skipped: 0, Time elapsed: 0.528 s -- in io.openfednow.processing.fraud.FraudRoutingIntegrationTest
[INFO] Running io.openfednow.processing.fraud.FraudTimeoutIntegrationTest
2026-09-29T08:07:55.173-04:00 INFO  [main] o.s.b.t.c.SpringBootTestContextBootstrapper [req=?,e2e=E2E-OUT-BLOCK,txn=TXN-OUT-BLOCK] Found @SpringBootConfiguration io.openfednow.OpenFedNowApplication for test class io.openfednow.processing.fraud.FraudTimeoutIntegrationTest

  .   ____          _            __ _ _
 /\\ / ___'_ __ _ _(_)_ __  __ _ \ \ \ \
( ( )\___ | '_ | '_| | '_ \/ _` | \ \ \ \
 \\/  ___)| |_)| | | | | || (_| |  ) ) ) )
  '  |____| .__|_| |_|_| |_\__, | / / / /
 =========|_|==============|___/=/_/_/_/

 :: Spring Boot ::               (v3.5.16)

2026-09-29T08:07:55.182-04:00 INFO  [main] i.o.p.fraud.FraudTimeoutIntegrationTest [req=?,e2e=E2E-OUT-BLOCK,txn=TXN-OUT-BLOCK] Starting FraudTimeoutIntegrationTest using Java 17.0.20.1 with PID 90640 (started by danielmori in /Users/danielmori/Developer/open-fednow-clean-eval)
2026-09-29T08:07:55.183-04:00 DEBUG [main] i.o.p.fraud.FraudTimeoutIntegrationTest [req=?,e2e=E2E-OUT-BLOCK,txn=TXN-OUT-BLOCK] Running with Spring Boot v3.5.16, Spring v6.2.19
2026-09-29T08:07:55.183-04:00 INFO  [main] i.o.p.fraud.FraudTimeoutIntegrationTest [req=?,e2e=E2E-OUT-BLOCK,txn=TXN-OUT-BLOCK] No active profile set, falling back to 1 default profile: "default"
2026-09-29T08:07:55.246-04:00 INFO  [main] o.s.d.r.c.RepositoryConfigurationDelegate [req=?,e2e=E2E-OUT-BLOCK,txn=TXN-OUT-BLOCK] Multiple Spring Data modules found, entering strict repository configuration mode
2026-09-29T08:07:55.246-04:00 INFO  [main] o.s.d.r.c.RepositoryConfigurationDelegate [req=?,e2e=E2E-OUT-BLOCK,txn=TXN-OUT-BLOCK] Bootstrapping Spring Data JPA repositories in DEFAULT mode.
2026-09-29T08:07:55.250-04:00 INFO  [main] o.s.d.r.c.RepositoryConfigurationDelegate [req=?,e2e=E2E-OUT-BLOCK,txn=TXN-OUT-BLOCK] Finished Spring Data repository scanning in 3 ms. Found 0 JPA repository interfaces.
2026-09-29T08:07:55.251-04:00 INFO  [main] o.s.d.r.c.RepositoryConfigurationDelegate [req=?,e2e=E2E-OUT-BLOCK,txn=TXN-OUT-BLOCK] Multiple Spring Data modules found, entering strict repository configuration mode
2026-09-29T08:07:55.251-04:00 INFO  [main] o.s.d.r.c.RepositoryConfigurationDelegate [req=?,e2e=E2E-OUT-BLOCK,txn=TXN-OUT-BLOCK] Bootstrapping Spring Data Redis repositories in DEFAULT mode.
2026-09-29T08:07:55.253-04:00 INFO  [main] o.s.d.r.c.RepositoryConfigurationDelegate [req=?,e2e=E2E-OUT-BLOCK,txn=TXN-OUT-BLOCK] Finished Spring Data repository scanning in 1 ms. Found 0 Redis repository interfaces.
2026-09-29T08:07:55.299-04:00 INFO  [main] org.flywaydb.core.FlywayExecutor [req=?,e2e=E2E-OUT-BLOCK,txn=TXN-OUT-BLOCK] Database: jdbc:postgresql://localhost:53418/openfednow?loggerLevel=OFF (PostgreSQL 16.15)
2026-09-29T08:07:55.306-04:00 INFO  [main] o.f.core.internal.command.DbValidate [req=?,e2e=E2E-OUT-BLOCK,txn=TXN-OUT-BLOCK] Successfully validated 12 migrations (execution time 00:00.003s)
2026-09-29T08:07:55.317-04:00 INFO  [main] o.f.core.internal.command.DbMigrate [req=?,e2e=E2E-OUT-BLOCK,txn=TXN-OUT-BLOCK] Current version of schema "public": 12
2026-09-29T08:07:55.317-04:00 INFO  [main] o.f.core.internal.command.DbMigrate [req=?,e2e=E2E-OUT-BLOCK,txn=TXN-OUT-BLOCK] Schema "public" is up to date. No migration necessary.
2026-09-29T08:07:55.331-04:00 INFO  [main] o.s.o.j.p.SpringPersistenceUnitInfo [req=?,e2e=E2E-OUT-BLOCK,txn=TXN-OUT-BLOCK] No LoadTimeWeaver setup: ignoring JPA class transformer
2026-09-29T08:07:55.338-04:00 INFO  [main] o.s.o.j.LocalContainerEntityManagerFactoryBean [req=?,e2e=E2E-OUT-BLOCK,txn=TXN-OUT-BLOCK] Initialized JPA EntityManagerFactory for persistence unit 'default'
2026-09-29T08:07:55.416-04:00 INFO  [main] i.o.reliability.ReliabilityRailConfig [req=?,e2e=E2E-OUT-BLOCK,txn=TXN-OUT-BLOCK] Synthetic reliability rail configured=false
2026-09-29T08:07:55.438-04:00 INFO  [main] o.s.s.c.a.a.c.InitializeUserDetailsBeanManagerConfigurer$InitializeUserDetailsManagerConfigurer [req=?,e2e=E2E-OUT-BLOCK,txn=TXN-OUT-BLOCK] Global AuthenticationManager configured with UserDetailsService bean with name userDetailsService
2026-09-29T08:07:55.616-04:00 INFO  [main] i.o.p.fraud.FraudTimeoutIntegrationTest [req=?,e2e=E2E-OUT-BLOCK,txn=TXN-OUT-BLOCK] Started FraudTimeoutIntegrationTest in 0.441 seconds (process running for 14.516)
2026-09-29T08:07:55.616-04:00 DEBUG [scheduling-1] i.o.shadowledger.AvailabilityBridge [req=?,e2e=?,txn=?] Core availability poll: mode=ONLINE
2026-09-29T08:07:55.617-04:00 INFO  [main] i.o.processing.saga.SagaRecoveryService [req=?,e2e=E2E-OUT-BLOCK,txn=TXN-OUT-BLOCK] Saga recovery: no in-flight sagas found at startup
2026-09-29T08:07:55.618-04:00 INFO  [main] i.o.shadowledger.BalanceSeedService [req=?,e2e=E2E-OUT-BLOCK,txn=TXN-OUT-BLOCK] Shadow Ledger startup seed: no accounts configured (openfednow.shadow-ledger.seed-accounts is empty)
2026-09-29T08:07:55.625-04:00 INFO  [main] io.openfednow.gateway.MessageRouter [req=?,e2e=E2E-TIMEOUT,txn=TXN-TIMEOUT] Inbound credit transfer received amount=50.00 currency=USD sourceRail=FEDNOW
2026-09-29T08:07:55.733-04:00 WARN  [main] io.openfednow.gateway.MessageRouter [req=?,e2e=E2E-TIMEOUT,txn=TXN-TIMEOUT] Screening unavailable e2e=E2E-TIMEOUT cause=timeout failOpen=false
2026-09-29T08:07:55.735-04:00 DEBUG [main] i.o.p.idempotency.IdempotencyService [req=?,e2e=E2E-TIMEOUT,txn=TXN-TIMEOUT] Idempotency outcome recorded e2e=E2E-TIMEOUT status=RJCT
2026-09-29T08:07:55.739-04:00 INFO  [main] io.openfednow.gateway.MessageRouter [req=?,e2e=E2E-FAST,txn=TXN-FAST] Inbound credit transfer received amount=50.00 currency=USD sourceRail=FEDNOW
2026-09-29T08:07:55.740-04:00 INFO  [main] i.o.processing.saga.SagaOrchestrator [req=?,e2e=E2E-FAST,txn=TXN-FAST] Saga initiated sagaId=SAGA-bcfbacf7-7c15-4c83-a580-0090ac6cb76a transactionId=TXN-FAST e2e=E2E-FAST sourceRail=FEDNOW requestId=null
2026-09-29T08:07:55.741-04:00 INFO  [main] io.openfednow.shadowledger.ShadowLedger [req=?,e2e=E2E-FAST,txn=TXN-FAST] Shadow Ledger credit applied account=ACC-CREDITOR amount=50.00 balanceAfter=50.00
2026-09-29T08:07:55.742-04:00 DEBUG [main] i.o.processing.saga.SagaOrchestrator [req=?,e2e=E2E-FAST,txn=TXN-FAST] Saga advanced sagaId=SAGA-bcfbacf7-7c15-4c83-a580-0090ac6cb76a state=FUNDS_RESERVED
2026-09-29T08:07:55.742-04:00 DEBUG [main] i.o.processing.saga.SagaOrchestrator [req=?,e2e=E2E-FAST,txn=TXN-FAST] Saga advanced sagaId=SAGA-bcfbacf7-7c15-4c83-a580-0090ac6cb76a state=CORE_SUBMITTED
2026-09-29T08:07:55.742-04:00 DEBUG [main] i.o.processing.saga.SagaOrchestrator [req=?,e2e=E2E-FAST,txn=TXN-FAST] Saga advanced sagaId=SAGA-bcfbacf7-7c15-4c83-a580-0090ac6cb76a state=FEDNOW_CONFIRMED
2026-09-29T08:07:55.743-04:00 DEBUG [main] i.o.processing.saga.SagaOrchestrator [req=?,e2e=E2E-FAST,txn=TXN-FAST] Saga advanced sagaId=SAGA-bcfbacf7-7c15-4c83-a580-0090ac6cb76a state=COMPLETED
2026-09-29T08:07:55.743-04:00 INFO  [main] io.openfednow.gateway.MessageRouter [req=?,e2e=E2E-FAST,txn=TXN-FAST] Inbound credit transfer status=ACSC rejectCode=null
2026-09-29T08:07:55.743-04:00 DEBUG [main] i.o.p.idempotency.IdempotencyService [req=?,e2e=E2E-FAST,txn=TXN-FAST] Idempotency outcome recorded e2e=E2E-FAST status=ACSC
2026-09-29T08:07:55.747-04:00 INFO  [main] io.openfednow.gateway.MessageRouter [req=?,e2e=E2E-THROW,txn=TXN-THROW] Inbound credit transfer received amount=50.00 currency=USD sourceRail=FEDNOW
2026-09-29T08:07:55.748-04:00 WARN  [main] io.openfednow.gateway.MessageRouter [req=?,e2e=E2E-THROW,txn=TXN-THROW] Screening unavailable e2e=E2E-THROW cause=service error failOpen=false
2026-09-29T08:07:55.749-04:00 DEBUG [main] i.o.p.idempotency.IdempotencyService [req=?,e2e=E2E-THROW,txn=TXN-THROW] Idempotency outcome recorded e2e=E2E-THROW status=RJCT
2026-09-29T08:07:55.753-04:00 INFO  [main] o.s.o.j.LocalContainerEntityManagerFactoryBean [req=?,e2e=E2E-THROW,txn=TXN-THROW] Closing JPA EntityManagerFactory for persistence unit 'default'
[INFO] Tests run: 3, Failures: 0, Errors: 0, Skipped: 0, Time elapsed: 0.583 s -- in io.openfednow.processing.fraud.FraudTimeoutIntegrationTest
[INFO] Running io.openfednow.processing.idempotency.IdempotencyCleanupServiceIntegrationTest
2026-09-29T08:07:55.755-04:00 INFO  [main] o.s.t.c.s.AnnotationConfigContextLoaderUtils [req=?,e2e=E2E-THROW,txn=TXN-THROW] Could not detect default configuration classes for test class [io.openfednow.processing.idempotency.IdempotencyCleanupServiceIntegrationTest]: IdempotencyCleanupServiceIntegrationTest does not declare any static, non-private, non-final, nested classes annotated with @Configuration.
2026-09-29T08:07:55.760-04:00 INFO  [main] o.s.b.t.c.SpringBootTestContextBootstrapper [req=?,e2e=E2E-THROW,txn=TXN-THROW] Found @SpringBootConfiguration io.openfednow.OpenFedNowApplication for test class io.openfednow.processing.idempotency.IdempotencyCleanupServiceIntegrationTest

  .   ____          _            __ _ _
 /\\ / ___'_ __ _ _(_)_ __  __ _ \ \ \ \
( ( )\___ | '_ | '_| | '_ \/ _` | \ \ \ \
 \\/  ___)| |_)| | | | | || (_| |  ) ) ) )
  '  |____| .__|_| |_|_| |_\__, | / / / /
 =========|_|==============|___/=/_/_/_/

 :: Spring Boot ::               (v3.5.16)

2026-09-29T08:07:55.768-04:00 INFO  [main] i.o.p.i.IdempotencyCleanupServiceIntegrationTest [req=?,e2e=E2E-THROW,txn=TXN-THROW] Starting IdempotencyCleanupServiceIntegrationTest using Java 17.0.20.1 with PID 90640 (started by danielmori in /Users/danielmori/Developer/open-fednow-clean-eval)
2026-09-29T08:07:55.768-04:00 DEBUG [main] i.o.p.i.IdempotencyCleanupServiceIntegrationTest [req=?,e2e=E2E-THROW,txn=TXN-THROW] Running with Spring Boot v3.5.16, Spring v6.2.19
2026-09-29T08:07:55.768-04:00 INFO  [main] i.o.p.i.IdempotencyCleanupServiceIntegrationTest [req=?,e2e=E2E-THROW,txn=TXN-THROW] No active profile set, falling back to 1 default profile: "default"
2026-09-29T08:07:55.835-04:00 INFO  [main] o.s.d.r.c.RepositoryConfigurationDelegate [req=?,e2e=E2E-THROW,txn=TXN-THROW] Multiple Spring Data modules found, entering strict repository configuration mode
2026-09-29T08:07:55.835-04:00 INFO  [main] o.s.d.r.c.RepositoryConfigurationDelegate [req=?,e2e=E2E-THROW,txn=TXN-THROW] Bootstrapping Spring Data JPA repositories in DEFAULT mode.
2026-09-29T08:07:55.838-04:00 INFO  [main] o.s.d.r.c.RepositoryConfigurationDelegate [req=?,e2e=E2E-THROW,txn=TXN-THROW] Finished Spring Data repository scanning in 3 ms. Found 0 JPA repository interfaces.
2026-09-29T08:07:55.839-04:00 INFO  [main] o.s.d.r.c.RepositoryConfigurationDelegate [req=?,e2e=E2E-THROW,txn=TXN-THROW] Multiple Spring Data modules found, entering strict repository configuration mode
2026-09-29T08:07:55.839-04:00 INFO  [main] o.s.d.r.c.RepositoryConfigurationDelegate [req=?,e2e=E2E-THROW,txn=TXN-THROW] Bootstrapping Spring Data Redis repositories in DEFAULT mode.
2026-09-29T08:07:55.841-04:00 INFO  [main] o.s.d.r.c.RepositoryConfigurationDelegate [req=?,e2e=E2E-THROW,txn=TXN-THROW] Finished Spring Data repository scanning in 2 ms. Found 0 Redis repository interfaces.
2026-09-29T08:07:55.884-04:00 INFO  [main] org.flywaydb.core.FlywayExecutor [req=?,e2e=E2E-THROW,txn=TXN-THROW] Database: jdbc:postgresql://localhost:53418/openfednow?loggerLevel=OFF (PostgreSQL 16.15)
2026-09-29T08:07:55.890-04:00 INFO  [main] o.f.core.internal.command.DbValidate [req=?,e2e=E2E-THROW,txn=TXN-THROW] Successfully validated 12 migrations (execution time 00:00.003s)
2026-09-29T08:07:55.901-04:00 INFO  [main] o.f.core.internal.command.DbMigrate [req=?,e2e=E2E-THROW,txn=TXN-THROW] Current version of schema "public": 12
2026-09-29T08:07:55.901-04:00 INFO  [main] o.f.core.internal.command.DbMigrate [req=?,e2e=E2E-THROW,txn=TXN-THROW] Schema "public" is up to date. No migration necessary.
2026-09-29T08:07:55.914-04:00 INFO  [main] o.s.o.j.p.SpringPersistenceUnitInfo [req=?,e2e=E2E-THROW,txn=TXN-THROW] No LoadTimeWeaver setup: ignoring JPA class transformer
2026-09-29T08:07:55.922-04:00 INFO  [main] o.s.o.j.LocalContainerEntityManagerFactoryBean [req=?,e2e=E2E-THROW,txn=TXN-THROW] Initialized JPA EntityManagerFactory for persistence unit 'default'
2026-09-29T08:07:55.995-04:00 INFO  [main] i.o.reliability.ReliabilityRailConfig [req=?,e2e=E2E-THROW,txn=TXN-THROW] Synthetic reliability rail configured=false
2026-09-29T08:07:56.017-04:00 INFO  [main] o.s.s.c.a.a.c.InitializeUserDetailsBeanManagerConfigurer$InitializeUserDetailsManagerConfigurer [req=?,e2e=E2E-THROW,txn=TXN-THROW] Global AuthenticationManager configured with UserDetailsService bean with name userDetailsService
2026-09-29T08:07:56.178-04:00 INFO  [main] i.o.p.i.IdempotencyCleanupServiceIntegrationTest [req=?,e2e=E2E-THROW,txn=TXN-THROW] Started IdempotencyCleanupServiceIntegrationTest in 0.417 seconds (process running for 15.077)
2026-09-29T08:07:56.178-04:00 DEBUG [scheduling-1] i.o.shadowledger.AvailabilityBridge [req=?,e2e=?,txn=?] Core availability poll: mode=ONLINE
2026-09-29T08:07:56.180-04:00 INFO  [main] i.o.processing.saga.SagaRecoveryService [req=?,e2e=E2E-THROW,txn=TXN-THROW] Saga recovery: no in-flight sagas found at startup
2026-09-29T08:07:56.180-04:00 INFO  [main] i.o.shadowledger.BalanceSeedService [req=?,e2e=E2E-THROW,txn=TXN-THROW] Shadow Ledger startup seed: no accounts configured (openfednow.shadow-ledger.seed-accounts is empty)
2026-09-29T08:07:56.192-04:00 DEBUG [main] i.o.p.idempotency.IdempotencyService [req=?,e2e=E2E-THROW,txn=TXN-THROW] Idempotency outcome recorded e2e=E2E-MIX-NEW status=ACSC
2026-09-29T08:07:56.193-04:00 INFO  [main] i.o.p.i.IdempotencyCleanupService [req=?,e2e=E2E-THROW,txn=TXN-THROW] Idempotency cleanup: deleted 1 expired row(s)
2026-09-29T08:07:56.198-04:00 INFO  [main] i.o.p.i.IdempotencyCleanupService [req=?,e2e=E2E-THROW,txn=TXN-THROW] Idempotency cleanup: deleted 1 expired row(s)
2026-09-29T08:07:56.201-04:00 INFO  [main] i.o.p.i.IdempotencyCleanupService [req=?,e2e=E2E-THROW,txn=TXN-THROW] Idempotency cleanup: deleted 1 expired row(s)
2026-09-29T08:07:56.204-04:00 DEBUG [main] i.o.p.idempotency.IdempotencyService [req=?,e2e=E2E-THROW,txn=TXN-THROW] Idempotency outcome recorded e2e=E2E-RESUBMIT status=ACSC
2026-09-29T08:07:56.207-04:00 DEBUG [main] i.o.p.i.IdempotencyCleanupService [req=?,e2e=E2E-THROW,txn=TXN-THROW] Idempotency cleanup: no expired rows
2026-09-29T08:07:56.211-04:00 DEBUG [main] i.o.p.idempotency.IdempotencyService [req=?,e2e=E2E-THROW,txn=TXN-THROW] Idempotency outcome recorded e2e=E2E-LIVE status=ACSC
2026-09-29T08:07:56.211-04:00 DEBUG [main] i.o.p.i.IdempotencyCleanupService [req=?,e2e=E2E-THROW,txn=TXN-THROW] Idempotency cleanup: no expired rows
2026-09-29T08:07:56.215-04:00 INFO  [main] o.s.o.j.LocalContainerEntityManagerFactoryBean [req=?,e2e=E2E-THROW,txn=TXN-THROW] Closing JPA EntityManagerFactory for persistence unit 'default'
[INFO] Tests run: 5, Failures: 0, Errors: 0, Skipped: 0, Time elapsed: 0.500 s -- in io.openfednow.processing.idempotency.IdempotencyCleanupServiceIntegrationTest
[INFO] Running io.openfednow.processing.idempotency.IdempotencyServiceIntegrationTest
2026-09-29T08:07:56.255-04:00 INFO  [main] o.s.t.c.s.AnnotationConfigContextLoaderUtils [req=?,e2e=E2E-THROW,txn=TXN-THROW] Could not detect default configuration classes for test class [io.openfednow.processing.idempotency.IdempotencyServiceIntegrationTest]: IdempotencyServiceIntegrationTest does not declare any static, non-private, non-final, nested classes annotated with @Configuration.
2026-09-29T08:07:56.256-04:00 INFO  [main] o.s.b.t.c.SpringBootTestContextBootstrapper [req=?,e2e=E2E-THROW,txn=TXN-THROW] Found @SpringBootConfiguration io.openfednow.OpenFedNowApplication for test class io.openfednow.processing.idempotency.IdempotencyServiceIntegrationTest

  .   ____          _            __ _ _
 /\\ / ___'_ __ _ _(_)_ __  __ _ \ \ \ \
( ( )\___ | '_ | '_| | '_ \/ _` | \ \ \ \
 \\/  ___)| |_)| | | | | || (_| |  ) ) ) )
  '  |____| .__|_| |_|_| |_\__, | / / / /
 =========|_|==============|___/=/_/_/_/

 :: Spring Boot ::               (v3.5.16)

2026-09-29T08:07:56.263-04:00 INFO  [main] i.o.p.i.IdempotencyServiceIntegrationTest [req=?,e2e=E2E-THROW,txn=TXN-THROW] Starting IdempotencyServiceIntegrationTest using Java 17.0.20.1 with PID 90640 (started by danielmori in /Users/danielmori/Developer/open-fednow-clean-eval)
2026-09-29T08:07:56.264-04:00 DEBUG [main] i.o.p.i.IdempotencyServiceIntegrationTest [req=?,e2e=E2E-THROW,txn=TXN-THROW] Running with Spring Boot v3.5.16, Spring v6.2.19
2026-09-29T08:07:56.264-04:00 INFO  [main] i.o.p.i.IdempotencyServiceIntegrationTest [req=?,e2e=E2E-THROW,txn=TXN-THROW] No active profile set, falling back to 1 default profile: "default"
2026-09-29T08:07:56.324-04:00 INFO  [main] o.s.d.r.c.RepositoryConfigurationDelegate [req=?,e2e=E2E-THROW,txn=TXN-THROW] Multiple Spring Data modules found, entering strict repository configuration mode
2026-09-29T08:07:56.324-04:00 INFO  [main] o.s.d.r.c.RepositoryConfigurationDelegate [req=?,e2e=E2E-THROW,txn=TXN-THROW] Bootstrapping Spring Data JPA repositories in DEFAULT mode.
2026-09-29T08:07:56.328-04:00 INFO  [main] o.s.d.r.c.RepositoryConfigurationDelegate [req=?,e2e=E2E-THROW,txn=TXN-THROW] Finished Spring Data repository scanning in 2 ms. Found 0 JPA repository interfaces.
2026-09-29T08:07:56.328-04:00 INFO  [main] o.s.d.r.c.RepositoryConfigurationDelegate [req=?,e2e=E2E-THROW,txn=TXN-THROW] Multiple Spring Data modules found, entering strict repository configuration mode
2026-09-29T08:07:56.328-04:00 INFO  [main] o.s.d.r.c.RepositoryConfigurationDelegate [req=?,e2e=E2E-THROW,txn=TXN-THROW] Bootstrapping Spring Data Redis repositories in DEFAULT mode.
2026-09-29T08:07:56.330-04:00 INFO  [main] o.s.d.r.c.RepositoryConfigurationDelegate [req=?,e2e=E2E-THROW,txn=TXN-THROW] Finished Spring Data repository scanning in 1 ms. Found 0 Redis repository interfaces.
2026-09-29T08:07:56.374-04:00 INFO  [main] org.flywaydb.core.FlywayExecutor [req=?,e2e=E2E-THROW,txn=TXN-THROW] Database: jdbc:postgresql://localhost:53418/openfednow?loggerLevel=OFF (PostgreSQL 16.15)
2026-09-29T08:07:56.380-04:00 INFO  [main] o.f.core.internal.command.DbValidate [req=?,e2e=E2E-THROW,txn=TXN-THROW] Successfully validated 12 migrations (execution time 00:00.003s)
2026-09-29T08:07:56.391-04:00 INFO  [main] o.f.core.internal.command.DbMigrate [req=?,e2e=E2E-THROW,txn=TXN-THROW] Current version of schema "public": 12
2026-09-29T08:07:56.391-04:00 INFO  [main] o.f.core.internal.command.DbMigrate [req=?,e2e=E2E-THROW,txn=TXN-THROW] Schema "public" is up to date. No migration necessary.
2026-09-29T08:07:56.405-04:00 INFO  [main] o.s.o.j.p.SpringPersistenceUnitInfo [req=?,e2e=E2E-THROW,txn=TXN-THROW] No LoadTimeWeaver setup: ignoring JPA class transformer
2026-09-29T08:07:56.412-04:00 INFO  [main] o.s.o.j.LocalContainerEntityManagerFactoryBean [req=?,e2e=E2E-THROW,txn=TXN-THROW] Initialized JPA EntityManagerFactory for persistence unit 'default'
2026-09-29T08:07:56.486-04:00 INFO  [main] i.o.reliability.ReliabilityRailConfig [req=?,e2e=E2E-THROW,txn=TXN-THROW] Synthetic reliability rail configured=false
2026-09-29T08:07:56.509-04:00 INFO  [main] o.s.s.c.a.a.c.InitializeUserDetailsBeanManagerConfigurer$InitializeUserDetailsManagerConfigurer [req=?,e2e=E2E-THROW,txn=TXN-THROW] Global AuthenticationManager configured with UserDetailsService bean with name userDetailsService
2026-09-29T08:07:56.667-04:00 INFO  [main] i.o.p.i.IdempotencyServiceIntegrationTest [req=?,e2e=E2E-THROW,txn=TXN-THROW] Started IdempotencyServiceIntegrationTest in 0.41 seconds (process running for 15.566)
2026-09-29T08:07:56.667-04:00 DEBUG [scheduling-1] i.o.shadowledger.AvailabilityBridge [req=?,e2e=?,txn=?] Core availability poll: mode=ONLINE
2026-09-29T08:07:56.669-04:00 INFO  [main] i.o.processing.saga.SagaRecoveryService [req=?,e2e=E2E-THROW,txn=TXN-THROW] Saga recovery: no in-flight sagas found at startup
2026-09-29T08:07:56.669-04:00 INFO  [main] i.o.shadowledger.BalanceSeedService [req=?,e2e=E2E-THROW,txn=TXN-THROW] Shadow Ledger startup seed: no accounts configured (openfednow.shadow-ledger.seed-accounts is empty)
2026-09-29T08:07:56.677-04:00 DEBUG [main] i.o.p.idempotency.IdempotencyService [req=?,e2e=E2E-THROW,txn=TXN-THROW] Idempotency outcome recorded e2e=E2E-001 status=ACSC
2026-09-29T08:07:56.677-04:00 DEBUG [main] i.o.p.idempotency.IdempotencyService [req=?,e2e=E2E-THROW,txn=TXN-THROW] Idempotency cache hit e2e=E2E-001
2026-09-29T08:07:56.684-04:00 DEBUG [main] i.o.p.idempotency.IdempotencyService [req=?,e2e=E2E-THROW,txn=TXN-THROW] Idempotency outcome recorded e2e=E2E-003 status=ACSP
2026-09-29T08:07:56.684-04:00 DEBUG [main] i.o.p.idempotency.IdempotencyService [req=?,e2e=E2E-THROW,txn=TXN-THROW] Idempotency cache hit e2e=E2E-003
2026-09-29T08:07:56.688-04:00 DEBUG [main] i.o.p.idempotency.IdempotencyService [req=?,e2e=E2E-THROW,txn=TXN-THROW] Idempotency outcome recorded e2e=E2E-DB status=ACSC
2026-09-29T08:07:56.698-04:00 DEBUG [main] i.o.p.idempotency.IdempotencyService [req=?,e2e=E2E-THROW,txn=TXN-THROW] Idempotency outcome recorded e2e=E2E-TTL status=ACSC
2026-09-29T08:07:56.702-04:00 DEBUG [main] i.o.p.idempotency.IdempotencyService [req=?,e2e=E2E-THROW,txn=TXN-THROW] Idempotency outcome recorded e2e=E2E-FALLBACK status=ACSC
2026-09-29T08:07:56.704-04:00 DEBUG [main] i.o.p.idempotency.IdempotencyService [req=?,e2e=E2E-THROW,txn=TXN-THROW] Idempotency DB hit e2e=E2E-FALLBACK
2026-09-29T08:07:56.710-04:00 DEBUG [pool-36-thread-7] i.o.p.idempotency.IdempotencyService [req=?,e2e=?,txn=?] Idempotency outcome recorded e2e=E2E-CONCURRENT status=ACSC
2026-09-29T08:07:56.710-04:00 DEBUG [pool-36-thread-3] i.o.p.idempotency.IdempotencyService [req=?,e2e=?,txn=?] Idempotency outcome recorded e2e=E2E-CONCURRENT status=ACSC
2026-09-29T08:07:56.710-04:00 DEBUG [pool-36-thread-1] i.o.p.idempotency.IdempotencyService [req=?,e2e=?,txn=?] Idempotency outcome recorded e2e=E2E-CONCURRENT status=ACSC
2026-09-29T08:07:56.711-04:00 DEBUG [pool-36-thread-4] i.o.p.idempotency.IdempotencyService [req=?,e2e=?,txn=?] Idempotency outcome recorded e2e=E2E-CONCURRENT status=ACSC
2026-09-29T08:07:56.711-04:00 DEBUG [pool-36-thread-2] i.o.p.idempotency.IdempotencyService [req=?,e2e=?,txn=?] Idempotency outcome recorded e2e=E2E-CONCURRENT status=ACSC
2026-09-29T08:07:56.711-04:00 DEBUG [pool-36-thread-6] i.o.p.idempotency.IdempotencyService [req=?,e2e=?,txn=?] Idempotency outcome recorded e2e=E2E-CONCURRENT status=ACSC
2026-09-29T08:07:56.711-04:00 DEBUG [pool-36-thread-5] i.o.p.idempotency.IdempotencyService [req=?,e2e=?,txn=?] Idempotency outcome recorded e2e=E2E-CONCURRENT status=ACSC
2026-09-29T08:07:56.711-04:00 DEBUG [pool-36-thread-8] i.o.p.idempotency.IdempotencyService [req=?,e2e=?,txn=?] Idempotency outcome recorded e2e=E2E-CONCURRENT status=ACSC
2026-09-29T08:07:56.711-04:00 DEBUG [pool-36-thread-9] i.o.p.idempotency.IdempotencyService [req=?,e2e=?,txn=?] Idempotency outcome recorded e2e=E2E-CONCURRENT status=ACSC
2026-09-29T08:07:56.711-04:00 DEBUG [pool-36-thread-10] i.o.p.idempotency.IdempotencyService [req=?,e2e=?,txn=?] Idempotency outcome recorded e2e=E2E-CONCURRENT status=ACSC
2026-09-29T08:07:56.714-04:00 DEBUG [main] i.o.p.idempotency.IdempotencyService [req=?,e2e=E2E-THROW,txn=TXN-THROW] Idempotency outcome recorded e2e=E2E-DB-TTL status=ACSC
2026-09-29T08:07:56.718-04:00 DEBUG [main] i.o.p.idempotency.IdempotencyService [req=?,e2e=E2E-THROW,txn=TXN-THROW] Idempotency outcome recorded e2e=E2E-FALLBACK-RJCT status=RJCT
2026-09-29T08:07:56.719-04:00 DEBUG [main] i.o.p.idempotency.IdempotencyService [req=?,e2e=E2E-THROW,txn=TXN-THROW] Idempotency DB hit e2e=E2E-FALLBACK-RJCT
2026-09-29T08:07:56.722-04:00 DEBUG [main] i.o.p.idempotency.IdempotencyService [req=?,e2e=E2E-THROW,txn=TXN-THROW] Idempotency outcome recorded e2e=E2E-DUPE-DB status=ACSC
2026-09-29T08:07:56.723-04:00 DEBUG [main] i.o.p.idempotency.IdempotencyService [req=?,e2e=E2E-THROW,txn=TXN-THROW] Idempotency outcome recorded e2e=E2E-DUPE-DB status=ACSC
2026-09-29T08:07:56.727-04:00 DEBUG [main] i.o.p.idempotency.IdempotencyService [req=?,e2e=E2E-THROW,txn=TXN-THROW] Idempotency outcome recorded e2e=E2E-002 status=RJCT
2026-09-29T08:07:56.727-04:00 DEBUG [main] i.o.p.idempotency.IdempotencyService [req=?,e2e=E2E-THROW,txn=TXN-THROW] Idempotency cache hit e2e=E2E-002
2026-09-29T08:07:56.732-04:00 INFO  [main] o.s.o.j.LocalContainerEntityManagerFactoryBean [req=?,e2e=E2E-THROW,txn=TXN-THROW] Closing JPA EntityManagerFactory for persistence unit 'default'
[INFO] Tests run: 12, Failures: 0, Errors: 0, Skipped: 0, Time elapsed: 0.508 s -- in io.openfednow.processing.idempotency.IdempotencyServiceIntegrationTest
[INFO] Running io.openfednow.processing.saga.SagaRecoveryServiceIntegrationTest
2026-09-29T08:07:56.763-04:00 INFO  [main] o.s.t.c.s.AnnotationConfigContextLoaderUtils [req=?,e2e=E2E-THROW,txn=TXN-THROW] Could not detect default configuration classes for test class [io.openfednow.processing.saga.SagaRecoveryServiceIntegrationTest]: SagaRecoveryServiceIntegrationTest does not declare any static, non-private, non-final, nested classes annotated with @Configuration.
2026-09-29T08:07:56.768-04:00 INFO  [main] o.s.b.t.c.SpringBootTestContextBootstrapper [req=?,e2e=E2E-THROW,txn=TXN-THROW] Found @SpringBootConfiguration io.openfednow.OpenFedNowApplication for test class io.openfednow.processing.saga.SagaRecoveryServiceIntegrationTest

  .   ____          _            __ _ _
 /\\ / ___'_ __ _ _(_)_ __  __ _ \ \ \ \
( ( )\___ | '_ | '_| | '_ \/ _` | \ \ \ \
 \\/  ___)| |_)| | | | | || (_| |  ) ) ) )
  '  |____| .__|_| |_|_| |_\__, | / / / /
 =========|_|==============|___/=/_/_/_/

 :: Spring Boot ::               (v3.5.16)

2026-09-29T08:07:56.776-04:00 INFO  [main] i.o.p.s.SagaRecoveryServiceIntegrationTest [req=?,e2e=E2E-THROW,txn=TXN-THROW] Starting SagaRecoveryServiceIntegrationTest using Java 17.0.20.1 with PID 90640 (started by danielmori in /Users/danielmori/Developer/open-fednow-clean-eval)
2026-09-29T08:07:56.776-04:00 DEBUG [main] i.o.p.s.SagaRecoveryServiceIntegrationTest [req=?,e2e=E2E-THROW,txn=TXN-THROW] Running with Spring Boot v3.5.16, Spring v6.2.19
2026-09-29T08:07:56.776-04:00 INFO  [main] i.o.p.s.SagaRecoveryServiceIntegrationTest [req=?,e2e=E2E-THROW,txn=TXN-THROW] No active profile set, falling back to 1 default profile: "default"
2026-09-29T08:07:56.837-04:00 INFO  [main] o.s.d.r.c.RepositoryConfigurationDelegate [req=?,e2e=E2E-THROW,txn=TXN-THROW] Multiple Spring Data modules found, entering strict repository configuration mode
2026-09-29T08:07:56.837-04:00 INFO  [main] o.s.d.r.c.RepositoryConfigurationDelegate [req=?,e2e=E2E-THROW,txn=TXN-THROW] Bootstrapping Spring Data JPA repositories in DEFAULT mode.
2026-09-29T08:07:56.841-04:00 INFO  [main] o.s.d.r.c.RepositoryConfigurationDelegate [req=?,e2e=E2E-THROW,txn=TXN-THROW] Finished Spring Data repository scanning in 3 ms. Found 0 JPA repository interfaces.
2026-09-29T08:07:56.841-04:00 INFO  [main] o.s.d.r.c.RepositoryConfigurationDelegate [req=?,e2e=E2E-THROW,txn=TXN-THROW] Multiple Spring Data modules found, entering strict repository configuration mode
2026-09-29T08:07:56.841-04:00 INFO  [main] o.s.d.r.c.RepositoryConfigurationDelegate [req=?,e2e=E2E-THROW,txn=TXN-THROW] Bootstrapping Spring Data Redis repositories in DEFAULT mode.
2026-09-29T08:07:56.844-04:00 INFO  [main] o.s.d.r.c.RepositoryConfigurationDelegate [req=?,e2e=E2E-THROW,txn=TXN-THROW] Finished Spring Data repository scanning in 2 ms. Found 0 Redis repository interfaces.
2026-09-29T08:07:56.888-04:00 INFO  [main] org.flywaydb.core.FlywayExecutor [req=?,e2e=E2E-THROW,txn=TXN-THROW] Database: jdbc:postgresql://localhost:53418/openfednow?loggerLevel=OFF (PostgreSQL 16.15)
2026-09-29T08:07:56.896-04:00 INFO  [main] o.f.core.internal.command.DbValidate [req=?,e2e=E2E-THROW,txn=TXN-THROW] Successfully validated 12 migrations (execution time 00:00.002s)
2026-09-29T08:07:56.907-04:00 INFO  [main] o.f.core.internal.command.DbMigrate [req=?,e2e=E2E-THROW,txn=TXN-THROW] Current version of schema "public": 12
2026-09-29T08:07:56.907-04:00 INFO  [main] o.f.core.internal.command.DbMigrate [req=?,e2e=E2E-THROW,txn=TXN-THROW] Schema "public" is up to date. No migration necessary.
2026-09-29T08:07:56.920-04:00 INFO  [main] o.s.o.j.p.SpringPersistenceUnitInfo [req=?,e2e=E2E-THROW,txn=TXN-THROW] No LoadTimeWeaver setup: ignoring JPA class transformer
2026-09-29T08:07:56.927-04:00 INFO  [main] o.s.o.j.LocalContainerEntityManagerFactoryBean [req=?,e2e=E2E-THROW,txn=TXN-THROW] Initialized JPA EntityManagerFactory for persistence unit 'default'
2026-09-29T08:07:56.997-04:00 INFO  [main] i.o.reliability.ReliabilityRailConfig [req=?,e2e=E2E-THROW,txn=TXN-THROW] Synthetic reliability rail configured=false
2026-09-29T08:07:57.020-04:00 INFO  [main] o.s.s.c.a.a.c.InitializeUserDetailsBeanManagerConfigurer$InitializeUserDetailsManagerConfigurer [req=?,e2e=E2E-THROW,txn=TXN-THROW] Global AuthenticationManager configured with UserDetailsService bean with name userDetailsService
2026-09-29T08:07:57.182-04:00 INFO  [main] i.o.p.s.SagaRecoveryServiceIntegrationTest [req=?,e2e=E2E-THROW,txn=TXN-THROW] Started SagaRecoveryServiceIntegrationTest in 0.413 seconds (process running for 16.082)
2026-09-29T08:07:57.182-04:00 DEBUG [scheduling-1] i.o.shadowledger.AvailabilityBridge [req=?,e2e=?,txn=?] Core availability poll: mode=ONLINE
2026-09-29T08:07:57.184-04:00 INFO  [main] i.o.processing.saga.SagaRecoveryService [req=?,e2e=E2E-THROW,txn=TXN-THROW] Saga recovery: no in-flight sagas found at startup
2026-09-29T08:07:57.184-04:00 INFO  [main] i.o.shadowledger.BalanceSeedService [req=?,e2e=E2E-THROW,txn=TXN-THROW] Shadow Ledger startup seed: no accounts configured (openfednow.shadow-ledger.seed-accounts is empty)
2026-09-29T08:07:57.190-04:00 INFO  [main] i.o.processing.saga.SagaOrchestrator [req=?,e2e=E2E-THROW,txn=TXN-THROW] Saga initiated sagaId=SAGA-cfde65c2-09e9-4bf3-8314-8440782e01c9 transactionId=TXN-DONE e2e=E2E-DONE sourceRail=FEDNOW requestId=null
2026-09-29T08:07:57.191-04:00 DEBUG [main] i.o.processing.saga.SagaOrchestrator [req=?,e2e=E2E-THROW,txn=TXN-THROW] Saga advanced sagaId=SAGA-cfde65c2-09e9-4bf3-8314-8440782e01c9 state=FUNDS_RESERVED
2026-09-29T08:07:57.191-04:00 DEBUG [main] i.o.processing.saga.SagaOrchestrator [req=?,e2e=E2E-THROW,txn=TXN-THROW] Saga advanced sagaId=SAGA-cfde65c2-09e9-4bf3-8314-8440782e01c9 state=CORE_SUBMITTED
2026-09-29T08:07:57.191-04:00 DEBUG [main] i.o.processing.saga.SagaOrchestrator [req=?,e2e=E2E-THROW,txn=TXN-THROW] Saga advanced sagaId=SAGA-cfde65c2-09e9-4bf3-8314-8440782e01c9 state=FEDNOW_CONFIRMED
2026-09-29T08:07:57.191-04:00 DEBUG [main] i.o.processing.saga.SagaOrchestrator [req=?,e2e=E2E-THROW,txn=TXN-THROW] Saga advanced sagaId=SAGA-cfde65c2-09e9-4bf3-8314-8440782e01c9 state=COMPLETED
2026-09-29T08:07:57.192-04:00 INFO  [main] i.o.processing.saga.SagaRecoveryService [req=?,e2e=E2E-THROW,txn=TXN-THROW] Saga recovery: no in-flight sagas found at startup
2026-09-29T08:07:57.195-04:00 INFO  [main] i.o.processing.saga.SagaOrchestrator [req=?,e2e=E2E-THROW,txn=TXN-THROW] Saga initiated sagaId=SAGA-830b8506-7686-4014-a338-0325c4e88941 transactionId=TXN-REC-INIT e2e=E2E-REC-INIT sourceRail=FEDNOW requestId=null
2026-09-29T08:07:57.195-04:00 WARN  [main] i.o.processing.saga.SagaRecoveryService [req=?,e2e=E2E-THROW,txn=TXN-THROW] Saga recovery: found 1 in-flight saga(s) — completing or compensating each
2026-09-29T08:07:57.196-04:00 INFO  [main] i.o.processing.saga.SagaRecoveryService [req=?,e2e=E2E-THROW,txn=TXN-THROW] Recovering sagaId=SAGA-830b8506-7686-4014-a338-0325c4e88941 fromState=INITIATED sourceRail=FEDNOW
2026-09-29T08:07:57.196-04:00 INFO  [main] i.o.processing.saga.SagaOrchestrator [req=?,e2e=E2E-THROW,txn=TXN-THROW] Saga compensation starting sagaId=SAGA-830b8506-7686-4014-a338-0325c4e88941 fromState=INITIATED reason=NARR
2026-09-29T08:07:57.197-04:00 INFO  [main] i.o.processing.saga.SagaOrchestrator [req=?,e2e=E2E-THROW,txn=TXN-THROW] Saga compensation complete sagaId=SAGA-830b8506-7686-4014-a338-0325c4e88941
2026-09-29T08:07:57.197-04:00 INFO  [main] i.o.processing.saga.SagaRecoveryService [req=?,e2e=E2E-THROW,txn=TXN-THROW] Saga recovery complete: 1 of 1 saga(s) processed
2026-09-29T08:07:57.200-04:00 INFO  [main] i.o.processing.saga.SagaOrchestrator [req=?,e2e=E2E-THROW,txn=TXN-THROW] Saga initiated sagaId=SAGA-3bc3bfa8-dba9-49f4-9209-c6d90d004afb transactionId=TXN-REC-COMP e2e=E2E-REC-COMP sourceRail=FEDNOW requestId=null
2026-09-29T08:07:57.201-04:00 WARN  [main] i.o.processing.saga.SagaRecoveryService [req=?,e2e=E2E-THROW,txn=TXN-THROW] Saga recovery: found 1 in-flight saga(s) — completing or compensating each
2026-09-29T08:07:57.201-04:00 INFO  [main] i.o.processing.saga.SagaRecoveryService [req=?,e2e=E2E-THROW,txn=TXN-THROW] Recovering sagaId=SAGA-3bc3bfa8-dba9-49f4-9209-c6d90d004afb fromState=COMPENSATING sourceRail=FEDNOW
2026-09-29T08:07:57.201-04:00 DEBUG [main] i.o.processing.saga.SagaOrchestrator [req=?,e2e=E2E-THROW,txn=TXN-THROW] Saga advanced sagaId=SAGA-3bc3bfa8-dba9-49f4-9209-c6d90d004afb state=FAILED
2026-09-29T08:07:57.201-04:00 INFO  [main] i.o.processing.saga.SagaRecoveryService [req=?,e2e=E2E-THROW,txn=TXN-THROW] Saga recovery complete: 1 of 1 saga(s) processed
2026-09-29T08:07:57.205-04:00 INFO  [main] i.o.processing.saga.SagaOrchestrator [req=?,e2e=E2E-THROW,txn=TXN-THROW] Saga initiated sagaId=SAGA-d8cb5d35-b273-43e0-938c-a15a23a488fe transactionId=TXN-REC-CORE e2e=E2E-REC-CORE sourceRail=RTP requestId=null
2026-09-29T08:07:57.211-04:00 INFO  [main] io.openfednow.shadowledger.ShadowLedger [req=?,e2e=E2E-THROW,txn=TXN-THROW] Shadow Ledger debit applied account=ACC-REC-CORE amount=75.00 balanceAfter=125.00
2026-09-29T08:07:57.211-04:00 DEBUG [main] i.o.processing.saga.SagaOrchestrator [req=?,e2e=E2E-THROW,txn=TXN-THROW] Saga advanced sagaId=SAGA-d8cb5d35-b273-43e0-938c-a15a23a488fe state=FUNDS_RESERVED
2026-09-29T08:07:57.211-04:00 DEBUG [main] i.o.processing.saga.SagaOrchestrator [req=?,e2e=E2E-THROW,txn=TXN-THROW] Saga advanced sagaId=SAGA-d8cb5d35-b273-43e0-938c-a15a23a488fe state=CORE_SUBMITTED
2026-09-29T08:07:57.212-04:00 WARN  [main] i.o.processing.saga.SagaRecoveryService [req=?,e2e=E2E-THROW,txn=TXN-THROW] Saga recovery: found 1 in-flight saga(s) — completing or compensating each
2026-09-29T08:07:57.212-04:00 INFO  [main] i.o.processing.saga.SagaRecoveryService [req=?,e2e=E2E-THROW,txn=TXN-THROW] Recovering sagaId=SAGA-d8cb5d35-b273-43e0-938c-a15a23a488fe fromState=CORE_SUBMITTED sourceRail=RTP
2026-09-29T08:07:57.212-04:00 INFO  [main] i.o.processing.saga.SagaOrchestrator [req=?,e2e=E2E-THROW,txn=TXN-THROW] Saga compensation starting sagaId=SAGA-d8cb5d35-b273-43e0-938c-a15a23a488fe fromState=CORE_SUBMITTED reason=NARR
2026-09-29T08:07:57.214-04:00 INFO  [main] io.openfednow.shadowledger.ShadowLedger [req=?,e2e=E2E-THROW,txn=TXN-THROW] Shadow Ledger reversal applied account=ACC-REC-CORE amount=75.00 balanceAfter=200.00
2026-09-29T08:07:57.214-04:00 INFO  [main] i.o.processing.saga.SagaOrchestrator [req=?,e2e=E2E-THROW,txn=TXN-THROW] Shadow Ledger debit reversed sagaId=SAGA-d8cb5d35-b273-43e0-938c-a15a23a488fe transactionId=TXN-REC-CORE
2026-09-29T08:07:57.215-04:00 INFO  [main] i.o.processing.saga.SagaOrchestrator [req=?,e2e=E2E-THROW,txn=TXN-THROW] Saga compensation complete sagaId=SAGA-d8cb5d35-b273-43e0-938c-a15a23a488fe
2026-09-29T08:07:57.215-04:00 INFO  [main] i.o.processing.saga.SagaRecoveryService [req=?,e2e=E2E-THROW,txn=TXN-THROW] Saga recovery complete: 1 of 1 saga(s) processed
2026-09-29T08:07:57.218-04:00 INFO  [main] i.o.processing.saga.SagaRecoveryService [req=?,e2e=E2E-THROW,txn=TXN-THROW] Saga recovery: no in-flight sagas found at startup
2026-09-29T08:07:57.220-04:00 INFO  [main] i.o.processing.saga.SagaOrchestrator [req=?,e2e=E2E-THROW,txn=TXN-THROW] Saga initiated sagaId=SAGA-2ecd7a3f-e85e-443b-94c6-c7cf71a1a6f3 transactionId=TXN-IDEMP e2e=E2E-IDEMP sourceRail=FEDNOW requestId=null
2026-09-29T08:07:57.221-04:00 WARN  [main] i.o.processing.saga.SagaRecoveryService [req=?,e2e=E2E-THROW,txn=TXN-THROW] Saga recovery: found 1 in-flight saga(s) — completing or compensating each
2026-09-29T08:07:57.221-04:00 INFO  [main] i.o.processing.saga.SagaRecoveryService [req=?,e2e=E2E-THROW,txn=TXN-THROW] Recovering sagaId=SAGA-2ecd7a3f-e85e-443b-94c6-c7cf71a1a6f3 fromState=INITIATED sourceRail=FEDNOW
2026-09-29T08:07:57.221-04:00 INFO  [main] i.o.processing.saga.SagaOrchestrator [req=?,e2e=E2E-THROW,txn=TXN-THROW] Saga compensation starting sagaId=SAGA-2ecd7a3f-e85e-443b-94c6-c7cf71a1a6f3 fromState=INITIATED reason=NARR
2026-09-29T08:07:57.222-04:00 INFO  [main] i.o.processing.saga.SagaOrchestrator [req=?,e2e=E2E-THROW,txn=TXN-THROW] Saga compensation complete sagaId=SAGA-2ecd7a3f-e85e-443b-94c6-c7cf71a1a6f3
2026-09-29T08:07:57.222-04:00 INFO  [main] i.o.processing.saga.SagaRecoveryService [req=?,e2e=E2E-THROW,txn=TXN-THROW] Saga recovery complete: 1 of 1 saga(s) processed
2026-09-29T08:07:57.223-04:00 INFO  [main] i.o.processing.saga.SagaRecoveryService [req=?,e2e=E2E-THROW,txn=TXN-THROW] Saga recovery: no in-flight sagas found at startup
2026-09-29T08:07:57.226-04:00 INFO  [main] i.o.processing.saga.SagaOrchestrator [req=?,e2e=E2E-THROW,txn=TXN-THROW] Saga initiated sagaId=SAGA-21de1758-59ee-4629-9062-1b8753d2d5a2 transactionId=TXN-REC-CONF e2e=E2E-REC-CONF sourceRail=FEDNOW requestId=null
2026-09-29T08:07:57.229-04:00 INFO  [main] io.openfednow.shadowledger.ShadowLedger [req=?,e2e=E2E-THROW,txn=TXN-THROW] Shadow Ledger debit applied account=ACC-REC-CONF amount=50.00 balanceAfter=250.00
2026-09-29T08:07:57.230-04:00 DEBUG [main] i.o.processing.saga.SagaOrchestrator [req=?,e2e=E2E-THROW,txn=TXN-THROW] Saga advanced sagaId=SAGA-21de1758-59ee-4629-9062-1b8753d2d5a2 state=FUNDS_RESERVED
2026-09-29T08:07:57.230-04:00 DEBUG [main] i.o.processing.saga.SagaOrchestrator [req=?,e2e=E2E-THROW,txn=TXN-THROW] Saga advanced sagaId=SAGA-21de1758-59ee-4629-9062-1b8753d2d5a2 state=CORE_SUBMITTED
2026-09-29T08:07:57.230-04:00 DEBUG [main] i.o.processing.saga.SagaOrchestrator [req=?,e2e=E2E-THROW,txn=TXN-THROW] Saga advanced sagaId=SAGA-21de1758-59ee-4629-9062-1b8753d2d5a2 state=FEDNOW_CONFIRMED
2026-09-29T08:07:57.230-04:00 WARN  [main] i.o.processing.saga.SagaRecoveryService [req=?,e2e=E2E-THROW,txn=TXN-THROW] Saga recovery: found 1 in-flight saga(s) — completing or compensating each
2026-09-29T08:07:57.231-04:00 INFO  [main] i.o.processing.saga.SagaRecoveryService [req=?,e2e=E2E-THROW,txn=TXN-THROW] Recovering sagaId=SAGA-21de1758-59ee-4629-9062-1b8753d2d5a2 fromState=FEDNOW_CONFIRMED sourceRail=FEDNOW
2026-09-29T08:07:57.231-04:00 DEBUG [main] i.o.processing.saga.SagaOrchestrator [req=?,e2e=E2E-THROW,txn=TXN-THROW] Saga advanced sagaId=SAGA-21de1758-59ee-4629-9062-1b8753d2d5a2 state=COMPLETED
2026-09-29T08:07:57.231-04:00 INFO  [main] i.o.processing.saga.SagaRecoveryService [req=?,e2e=E2E-THROW,txn=TXN-THROW] Saga recovery complete: 1 of 1 saga(s) processed
2026-09-29T08:07:57.235-04:00 INFO  [main] i.o.processing.saga.SagaOrchestrator [req=?,e2e=E2E-THROW,txn=TXN-THROW] Saga initiated sagaId=SAGA-4548d0ca-50bb-4ee8-abcd-9b4966bfff26 transactionId=TXN-REC-UNKNOWN e2e=E2E-REC-UNKNOWN sourceRail=FEDNOW requestId=null
2026-09-29T08:07:57.238-04:00 INFO  [main] io.openfednow.shadowledger.ShadowLedger [req=?,e2e=E2E-THROW,txn=TXN-THROW] Shadow Ledger debit applied account=ACC-REC-UNKNOWN amount=75.00 balanceAfter=125.00
2026-09-29T08:07:57.239-04:00 DEBUG [main] i.o.processing.saga.SagaOrchestrator [req=?,e2e=E2E-THROW,txn=TXN-THROW] Saga advanced sagaId=SAGA-4548d0ca-50bb-4ee8-abcd-9b4966bfff26 state=FUNDS_RESERVED
2026-09-29T08:07:57.239-04:00 DEBUG [main] i.o.processing.saga.SagaOrchestrator [req=?,e2e=E2E-THROW,txn=TXN-THROW] Saga advanced sagaId=SAGA-4548d0ca-50bb-4ee8-abcd-9b4966bfff26 state=SUBMITTING
2026-09-29T08:07:57.239-04:00 WARN  [main] i.o.processing.saga.SagaRecoveryService [req=?,e2e=E2E-THROW,txn=TXN-THROW] Saga recovery: found 1 in-flight saga(s) — completing or compensating each
2026-09-29T08:07:57.240-04:00 INFO  [main] i.o.processing.saga.SagaRecoveryService [req=?,e2e=E2E-THROW,txn=TXN-THROW] Recovering sagaId=SAGA-4548d0ca-50bb-4ee8-abcd-9b4966bfff26 fromState=SUBMITTING sourceRail=FEDNOW
2026-09-29T08:07:57.240-04:00 WARN  [main] i.o.processing.saga.SagaRecoveryService [req=?,e2e=E2E-THROW,txn=TXN-THROW] Submission may have reached rail sagaId=SAGA-4548d0ca-50bb-4ee8-abcd-9b4966bfff26 action=QUARANTINE
2026-09-29T08:07:57.240-04:00 DEBUG [main] i.o.processing.saga.SagaOrchestrator [req=?,e2e=E2E-THROW,txn=TXN-THROW] Saga advanced sagaId=SAGA-4548d0ca-50bb-4ee8-abcd-9b4966bfff26 state=OUTCOME_UNKNOWN
2026-09-29T08:07:57.240-04:00 INFO  [main] i.o.processing.saga.SagaRecoveryService [req=?,e2e=E2E-THROW,txn=TXN-THROW] Saga recovery complete: 1 of 1 saga(s) processed
2026-09-29T08:07:57.243-04:00 INFO  [main] i.o.processing.saga.SagaRecoveryService [req=?,e2e=E2E-THROW,txn=TXN-THROW] Saga recovery: no in-flight sagas found at startup
2026-09-29T08:07:57.247-04:00 INFO  [main] i.o.processing.saga.SagaOrchestrator [req=?,e2e=E2E-THROW,txn=TXN-THROW] Saga initiated sagaId=SAGA-aadcc995-3960-4b90-b5db-fa8f5a0380e1 transactionId=TXN-REC-FUNDS e2e=E2E-REC-FUNDS sourceRail=FEDNOW requestId=null
2026-09-29T08:07:57.251-04:00 INFO  [main] io.openfednow.shadowledger.ShadowLedger [req=?,e2e=E2E-THROW,txn=TXN-THROW] Shadow Ledger debit applied account=ACC-REC-FUNDS amount=100.00 balanceAfter=0.00
2026-09-29T08:07:57.251-04:00 DEBUG [main] i.o.processing.saga.SagaOrchestrator [req=?,e2e=E2E-THROW,txn=TXN-THROW] Saga advanced sagaId=SAGA-aadcc995-3960-4b90-b5db-fa8f5a0380e1 state=FUNDS_RESERVED
2026-09-29T08:07:57.251-04:00 WARN  [main] i.o.processing.saga.SagaRecoveryService [req=?,e2e=E2E-THROW,txn=TXN-THROW] Saga recovery: found 1 in-flight saga(s) — completing or compensating each
2026-09-29T08:07:57.252-04:00 INFO  [main] i.o.processing.saga.SagaRecoveryService [req=?,e2e=E2E-THROW,txn=TXN-THROW] Recovering sagaId=SAGA-aadcc995-3960-4b90-b5db-fa8f5a0380e1 fromState=FUNDS_RESERVED sourceRail=FEDNOW
2026-09-29T08:07:57.252-04:00 INFO  [main] i.o.processing.saga.SagaOrchestrator [req=?,e2e=E2E-THROW,txn=TXN-THROW] Saga compensation starting sagaId=SAGA-aadcc995-3960-4b90-b5db-fa8f5a0380e1 fromState=FUNDS_RESERVED reason=NARR
2026-09-29T08:07:57.253-04:00 INFO  [main] io.openfednow.shadowledger.ShadowLedger [req=?,e2e=E2E-THROW,txn=TXN-THROW] Shadow Ledger reversal applied account=ACC-REC-FUNDS amount=100.00 balanceAfter=100.00
2026-09-29T08:07:57.253-04:00 INFO  [main] i.o.processing.saga.SagaOrchestrator [req=?,e2e=E2E-THROW,txn=TXN-THROW] Shadow Ledger debit reversed sagaId=SAGA-aadcc995-3960-4b90-b5db-fa8f5a0380e1 transactionId=TXN-REC-FUNDS
2026-09-29T08:07:57.253-04:00 INFO  [main] i.o.processing.saga.SagaOrchestrator [req=?,e2e=E2E-THROW,txn=TXN-THROW] Saga compensation complete sagaId=SAGA-aadcc995-3960-4b90-b5db-fa8f5a0380e1
2026-09-29T08:07:57.254-04:00 INFO  [main] i.o.processing.saga.SagaRecoveryService [req=?,e2e=E2E-THROW,txn=TXN-THROW] Saga recovery complete: 1 of 1 saga(s) processed
2026-09-29T08:07:57.258-04:00 INFO  [main] i.o.processing.saga.SagaOrchestrator [req=?,e2e=E2E-THROW,txn=TXN-THROW] Saga initiated sagaId=SAGA-d1b0a470-522b-4d8f-8d06-e7a95581a108 transactionId=TXN-MIX-INIT e2e=E2E-MIX-INIT sourceRail=FEDNOW requestId=null
2026-09-29T08:07:57.258-04:00 INFO  [main] i.o.processing.saga.SagaOrchestrator [req=?,e2e=E2E-THROW,txn=TXN-THROW] Saga initiated sagaId=SAGA-6331e480-7319-4a37-9d97-318cb4b204f4 transactionId=TXN-MIX-CONF e2e=E2E-MIX-CONF sourceRail=FEDNOW requestId=null
2026-09-29T08:07:57.258-04:00 DEBUG [main] i.o.processing.saga.SagaOrchestrator [req=?,e2e=E2E-THROW,txn=TXN-THROW] Saga advanced sagaId=SAGA-6331e480-7319-4a37-9d97-318cb4b204f4 state=FUNDS_RESERVED
2026-09-29T08:07:57.259-04:00 DEBUG [main] i.o.processing.saga.SagaOrchestrator [req=?,e2e=E2E-THROW,txn=TXN-THROW] Saga advanced sagaId=SAGA-6331e480-7319-4a37-9d97-318cb4b204f4 state=CORE_SUBMITTED
2026-09-29T08:07:57.259-04:00 DEBUG [main] i.o.processing.saga.SagaOrchestrator [req=?,e2e=E2E-THROW,txn=TXN-THROW] Saga advanced sagaId=SAGA-6331e480-7319-4a37-9d97-318cb4b204f4 state=FEDNOW_CONFIRMED
2026-09-29T08:07:57.259-04:00 WARN  [main] i.o.processing.saga.SagaRecoveryService [req=?,e2e=E2E-THROW,txn=TXN-THROW] Saga recovery: found 2 in-flight saga(s) — completing or compensating each
2026-09-29T08:07:57.259-04:00 INFO  [main] i.o.processing.saga.SagaRecoveryService [req=?,e2e=E2E-THROW,txn=TXN-THROW] Recovering sagaId=SAGA-d1b0a470-522b-4d8f-8d06-e7a95581a108 fromState=INITIATED sourceRail=FEDNOW
2026-09-29T08:07:57.260-04:00 INFO  [main] i.o.processing.saga.SagaOrchestrator [req=?,e2e=E2E-THROW,txn=TXN-THROW] Saga compensation starting sagaId=SAGA-d1b0a470-522b-4d8f-8d06-e7a95581a108 fromState=INITIATED reason=NARR
2026-09-29T08:07:57.260-04:00 INFO  [main] i.o.processing.saga.SagaOrchestrator [req=?,e2e=E2E-THROW,txn=TXN-THROW] Saga compensation complete sagaId=SAGA-d1b0a470-522b-4d8f-8d06-e7a95581a108
2026-09-29T08:07:57.260-04:00 INFO  [main] i.o.processing.saga.SagaRecoveryService [req=?,e2e=E2E-THROW,txn=TXN-THROW] Recovering sagaId=SAGA-6331e480-7319-4a37-9d97-318cb4b204f4 fromState=FEDNOW_CONFIRMED sourceRail=FEDNOW
2026-09-29T08:07:57.261-04:00 DEBUG [main] i.o.processing.saga.SagaOrchestrator [req=?,e2e=E2E-THROW,txn=TXN-THROW] Saga advanced sagaId=SAGA-6331e480-7319-4a37-9d97-318cb4b204f4 state=COMPLETED
2026-09-29T08:07:57.261-04:00 INFO  [main] i.o.processing.saga.SagaRecoveryService [req=?,e2e=E2E-THROW,txn=TXN-THROW] Saga recovery complete: 2 of 2 saga(s) processed
2026-09-29T08:07:57.264-04:00 INFO  [main] o.s.o.j.LocalContainerEntityManagerFactoryBean [req=?,e2e=E2E-THROW,txn=TXN-THROW] Closing JPA EntityManagerFactory for persistence unit 'default'
[INFO] Tests run: 10, Failures: 0, Errors: 0, Skipped: 0, Time elapsed: 0.535 s -- in io.openfednow.processing.saga.SagaRecoveryServiceIntegrationTest
[INFO] Running io.openfednow.processing.saga.SagaTimeoutIntegrationTest
2026-09-29T08:07:57.300-04:00 INFO  [main] o.s.t.c.s.AnnotationConfigContextLoaderUtils [req=?,e2e=E2E-THROW,txn=TXN-THROW] Could not detect default configuration classes for test class [io.openfednow.processing.saga.SagaTimeoutIntegrationTest]: SagaTimeoutIntegrationTest does not declare any static, non-private, non-final, nested classes annotated with @Configuration.
2026-09-29T08:07:57.301-04:00 INFO  [main] o.s.b.t.c.SpringBootTestContextBootstrapper [req=?,e2e=E2E-THROW,txn=TXN-THROW] Found @SpringBootConfiguration io.openfednow.OpenFedNowApplication for test class io.openfednow.processing.saga.SagaTimeoutIntegrationTest

  .   ____          _            __ _ _
 /\\ / ___'_ __ _ _(_)_ __  __ _ \ \ \ \
( ( )\___ | '_ | '_| | '_ \/ _` | \ \ \ \
 \\/  ___)| |_)| | | | | || (_| |  ) ) ) )
  '  |____| .__|_| |_|_| |_\__, | / / / /
 =========|_|==============|___/=/_/_/_/

 :: Spring Boot ::               (v3.5.16)

2026-09-29T08:07:57.309-04:00 INFO  [main] i.o.p.saga.SagaTimeoutIntegrationTest [req=?,e2e=E2E-THROW,txn=TXN-THROW] Starting SagaTimeoutIntegrationTest using Java 17.0.20.1 with PID 90640 (started by danielmori in /Users/danielmori/Developer/open-fednow-clean-eval)
2026-09-29T08:07:57.309-04:00 DEBUG [main] i.o.p.saga.SagaTimeoutIntegrationTest [req=?,e2e=E2E-THROW,txn=TXN-THROW] Running with Spring Boot v3.5.16, Spring v6.2.19
2026-09-29T08:07:57.309-04:00 INFO  [main] i.o.p.saga.SagaTimeoutIntegrationTest [req=?,e2e=E2E-THROW,txn=TXN-THROW] No active profile set, falling back to 1 default profile: "default"
2026-09-29T08:07:57.368-04:00 INFO  [main] o.s.d.r.c.RepositoryConfigurationDelegate [req=?,e2e=E2E-THROW,txn=TXN-THROW] Multiple Spring Data modules found, entering strict repository configuration mode
2026-09-29T08:07:57.368-04:00 INFO  [main] o.s.d.r.c.RepositoryConfigurationDelegate [req=?,e2e=E2E-THROW,txn=TXN-THROW] Bootstrapping Spring Data JPA repositories in DEFAULT mode.
2026-09-29T08:07:57.372-04:00 INFO  [main] o.s.d.r.c.RepositoryConfigurationDelegate [req=?,e2e=E2E-THROW,txn=TXN-THROW] Finished Spring Data repository scanning in 3 ms. Found 0 JPA repository interfaces.
2026-09-29T08:07:57.372-04:00 INFO  [main] o.s.d.r.c.RepositoryConfigurationDelegate [req=?,e2e=E2E-THROW,txn=TXN-THROW] Multiple Spring Data modules found, entering strict repository configuration mode
2026-09-29T08:07:57.372-04:00 INFO  [main] o.s.d.r.c.RepositoryConfigurationDelegate [req=?,e2e=E2E-THROW,txn=TXN-THROW] Bootstrapping Spring Data Redis repositories in DEFAULT mode.
2026-09-29T08:07:57.375-04:00 INFO  [main] o.s.d.r.c.RepositoryConfigurationDelegate [req=?,e2e=E2E-THROW,txn=TXN-THROW] Finished Spring Data repository scanning in 2 ms. Found 0 Redis repository interfaces.
2026-09-29T08:07:57.419-04:00 INFO  [main] org.flywaydb.core.FlywayExecutor [req=?,e2e=E2E-THROW,txn=TXN-THROW] Database: jdbc:postgresql://localhost:53418/openfednow?loggerLevel=OFF (PostgreSQL 16.15)
2026-09-29T08:07:57.427-04:00 INFO  [main] o.f.core.internal.command.DbValidate [req=?,e2e=E2E-THROW,txn=TXN-THROW] Successfully validated 12 migrations (execution time 00:00.003s)
2026-09-29T08:07:57.436-04:00 INFO  [main] o.f.core.internal.command.DbMigrate [req=?,e2e=E2E-THROW,txn=TXN-THROW] Current version of schema "public": 12
2026-09-29T08:07:57.436-04:00 INFO  [main] o.f.core.internal.command.DbMigrate [req=?,e2e=E2E-THROW,txn=TXN-THROW] Schema "public" is up to date. No migration necessary.
2026-09-29T08:07:57.450-04:00 INFO  [main] o.s.o.j.p.SpringPersistenceUnitInfo [req=?,e2e=E2E-THROW,txn=TXN-THROW] No LoadTimeWeaver setup: ignoring JPA class transformer
2026-09-29T08:07:57.456-04:00 INFO  [main] o.s.o.j.LocalContainerEntityManagerFactoryBean [req=?,e2e=E2E-THROW,txn=TXN-THROW] Initialized JPA EntityManagerFactory for persistence unit 'default'
2026-09-29T08:07:57.529-04:00 INFO  [main] i.o.reliability.ReliabilityRailConfig [req=?,e2e=E2E-THROW,txn=TXN-THROW] Synthetic reliability rail configured=false
2026-09-29T08:07:57.551-04:00 INFO  [main] o.s.s.c.a.a.c.InitializeUserDetailsBeanManagerConfigurer$InitializeUserDetailsManagerConfigurer [req=?,e2e=E2E-THROW,txn=TXN-THROW] Global AuthenticationManager configured with UserDetailsService bean with name userDetailsService
2026-09-29T08:07:57.706-04:00 INFO  [main] i.o.p.saga.SagaTimeoutIntegrationTest [req=?,e2e=E2E-THROW,txn=TXN-THROW] Started SagaTimeoutIntegrationTest in 0.404 seconds (process running for 16.606)
2026-09-29T08:07:57.706-04:00 DEBUG [scheduling-1] i.o.shadowledger.AvailabilityBridge [req=?,e2e=?,txn=?] Core availability poll: mode=ONLINE
2026-09-29T08:07:57.709-04:00 INFO  [main] i.o.processing.saga.SagaRecoveryService [req=?,e2e=E2E-THROW,txn=TXN-THROW] Saga recovery: no in-flight sagas found at startup
2026-09-29T08:07:57.709-04:00 INFO  [main] i.o.shadowledger.BalanceSeedService [req=?,e2e=E2E-THROW,txn=TXN-THROW] Shadow Ledger startup seed: no accounts configured (openfednow.shadow-ledger.seed-accounts is empty)
2026-09-29T08:07:57.716-04:00 INFO  [main] i.o.processing.saga.SagaOrchestrator [req=?,e2e=E2E-THROW,txn=TXN-THROW] Saga initiated sagaId=SAGA-8dd22f98-fdb7-4971-b225-8f1ca98c16f6 transactionId=TXN-FRESH-S e2e=E2E-FRESH-S sourceRail=FEDNOW requestId=null
2026-09-29T08:07:57.716-04:00 DEBUG [main] i.o.processing.saga.SagaTimeoutMonitor [req=?,e2e=E2E-THROW,txn=TXN-THROW] Saga timeout monitor: no sagas exceeded 30s threshold
2026-09-29T08:07:57.720-04:00 INFO  [main] i.o.processing.saga.SagaOrchestrator [req=?,e2e=E2E-THROW,txn=TXN-THROW] Saga initiated sagaId=SAGA-b613e47b-2df4-4a9e-9641-03c3dc7a3a97 transactionId=TXN-TIMEOUT e2e=E2E-TIMEOUT sourceRail=FEDNOW requestId=null
2026-09-29T08:07:57.725-04:00 INFO  [main] io.openfednow.shadowledger.ShadowLedger [req=?,e2e=E2E-THROW,txn=TXN-THROW] Shadow Ledger debit applied account=ACC-TIMEOUT amount=100.00 balanceAfter=0.00
2026-09-29T08:07:57.725-04:00 DEBUG [main] i.o.processing.saga.SagaOrchestrator [req=?,e2e=E2E-THROW,txn=TXN-THROW] Saga advanced sagaId=SAGA-b613e47b-2df4-4a9e-9641-03c3dc7a3a97 state=FUNDS_RESERVED
2026-09-29T08:07:57.726-04:00 WARN  [main] i.o.processing.saga.SagaTimeoutMonitor [req=?,e2e=E2E-THROW,txn=TXN-THROW] Saga timeout monitor: 1 saga(s) exceeded 30s threshold — compensating
2026-09-29T08:07:57.726-04:00 WARN  [main] i.o.processing.saga.SagaTimeoutMonitor [req=?,e2e=E2E-THROW,txn=TXN-THROW] Saga timed out sagaId=SAGA-b613e47b-2df4-4a9e-9641-03c3dc7a3a97 thresholdSeconds=30 action=COMPENSATE reason=XPIR
2026-09-29T08:07:57.727-04:00 INFO  [main] i.o.processing.saga.SagaOrchestrator [req=?,e2e=E2E-THROW,txn=TXN-THROW] Saga compensation starting sagaId=SAGA-b613e47b-2df4-4a9e-9641-03c3dc7a3a97 fromState=FUNDS_RESERVED reason=XPIR
2026-09-29T08:07:57.728-04:00 INFO  [main] io.openfednow.shadowledger.ShadowLedger [req=?,e2e=E2E-THROW,txn=TXN-THROW] Shadow Ledger reversal applied account=ACC-TIMEOUT amount=100.00 balanceAfter=100.00
2026-09-29T08:07:57.728-04:00 INFO  [main] i.o.processing.saga.SagaOrchestrator [req=?,e2e=E2E-THROW,txn=TXN-THROW] Shadow Ledger debit reversed sagaId=SAGA-b613e47b-2df4-4a9e-9641-03c3dc7a3a97 transactionId=TXN-TIMEOUT
2026-09-29T08:07:57.728-04:00 INFO  [main] i.o.processing.saga.SagaOrchestrator [req=?,e2e=E2E-THROW,txn=TXN-THROW] Saga compensation complete sagaId=SAGA-b613e47b-2df4-4a9e-9641-03c3dc7a3a97
2026-09-29T08:07:57.734-04:00 INFO  [main] i.o.processing.saga.SagaOrchestrator [req=?,e2e=E2E-THROW,txn=TXN-THROW] Saga initiated sagaId=SAGA-368fde20-49ce-4234-bf45-c8a8bd6396df transactionId=TXN-DONE e2e=E2E-DONE sourceRail=FEDNOW requestId=null
2026-09-29T08:07:57.734-04:00 DEBUG [main] i.o.processing.saga.SagaOrchestrator [req=?,e2e=E2E-THROW,txn=TXN-THROW] Saga advanced sagaId=SAGA-368fde20-49ce-4234-bf45-c8a8bd6396df state=FUNDS_RESERVED
2026-09-29T08:07:57.734-04:00 DEBUG [main] i.o.processing.saga.SagaOrchestrator [req=?,e2e=E2E-THROW,txn=TXN-THROW] Saga advanced sagaId=SAGA-368fde20-49ce-4234-bf45-c8a8bd6396df state=CORE_SUBMITTED
2026-09-29T08:07:57.735-04:00 DEBUG [main] i.o.processing.saga.SagaOrchestrator [req=?,e2e=E2E-THROW,txn=TXN-THROW] Saga advanced sagaId=SAGA-368fde20-49ce-4234-bf45-c8a8bd6396df state=FEDNOW_CONFIRMED
2026-09-29T08:07:57.735-04:00 DEBUG [main] i.o.processing.saga.SagaOrchestrator [req=?,e2e=E2E-THROW,txn=TXN-THROW] Saga advanced sagaId=SAGA-368fde20-49ce-4234-bf45-c8a8bd6396df state=COMPLETED
2026-09-29T08:07:57.735-04:00 INFO  [main] i.o.processing.saga.SagaOrchestrator [req=?,e2e=E2E-THROW,txn=TXN-THROW] Saga initiated sagaId=SAGA-2656bde9-f2c8-47f2-af76-907e8d092ea1 transactionId=TXN-FAILED e2e=E2E-FAILED sourceRail=FEDNOW requestId=null
2026-09-29T08:07:57.736-04:00 INFO  [main] i.o.processing.saga.SagaOrchestrator [req=?,e2e=E2E-THROW,txn=TXN-THROW] Saga compensation starting sagaId=SAGA-2656bde9-f2c8-47f2-af76-907e8d092ea1 fromState=INITIATED reason=AM04
2026-09-29T08:07:57.736-04:00 INFO  [main] i.o.processing.saga.SagaOrchestrator [req=?,e2e=E2E-THROW,txn=TXN-THROW] Saga compensation complete sagaId=SAGA-2656bde9-f2c8-47f2-af76-907e8d092ea1
2026-09-29T08:07:57.737-04:00 INFO  [main] i.o.processing.saga.SagaOrchestrator [req=?,e2e=E2E-THROW,txn=TXN-THROW] Saga initiated sagaId=SAGA-1cee5d05-cb8a-4b1e-84f8-8634d2f48be4 transactionId=TXN-INCOMP e2e=E2E-INCOMP sourceRail=FEDNOW requestId=null
2026-09-29T08:07:57.738-04:00 INFO  [main] i.o.processing.saga.SagaOrchestrator [req=?,e2e=E2E-THROW,txn=TXN-THROW] Saga initiated sagaId=SAGA-de4e405c-3f94-4130-a317-99147937b109 transactionId=TXN-CONFIRMED e2e=E2E-CONFIRMED sourceRail=FEDNOW requestId=null
2026-09-29T08:07:57.738-04:00 DEBUG [main] i.o.processing.saga.SagaOrchestrator [req=?,e2e=E2E-THROW,txn=TXN-THROW] Saga advanced sagaId=SAGA-de4e405c-3f94-4130-a317-99147937b109 state=FUNDS_RESERVED
2026-09-29T08:07:57.738-04:00 DEBUG [main] i.o.processing.saga.SagaOrchestrator [req=?,e2e=E2E-THROW,txn=TXN-THROW] Saga advanced sagaId=SAGA-de4e405c-3f94-4130-a317-99147937b109 state=CORE_SUBMITTED
2026-09-29T08:07:57.739-04:00 DEBUG [main] i.o.processing.saga.SagaOrchestrator [req=?,e2e=E2E-THROW,txn=TXN-THROW] Saga advanced sagaId=SAGA-de4e405c-3f94-4130-a317-99147937b109 state=FEDNOW_CONFIRMED
2026-09-29T08:07:57.745-04:00 INFO  [main] i.o.processing.saga.SagaOrchestrator [req=?,e2e=E2E-THROW,txn=TXN-THROW] Saga initiated sagaId=SAGA-7201fc39-cfeb-4d29-b207-4cacbbe7a5d6 transactionId=TXN-AGED e2e=E2E-AGED sourceRail=FEDNOW requestId=null
2026-09-29T08:07:57.749-04:00 INFO  [main] i.o.processing.saga.SagaOrchestrator [req=?,e2e=E2E-THROW,txn=TXN-THROW] Saga initiated sagaId=SAGA-65ab3aad-f114-4bbd-931f-1580c3292136 transactionId=TXN-FRESH e2e=E2E-FRESH sourceRail=FEDNOW requestId=null
2026-09-29T08:07:57.755-04:00 INFO  [main] o.s.o.j.LocalContainerEntityManagerFactoryBean [req=?,e2e=E2E-THROW,txn=TXN-THROW] Closing JPA EntityManagerFactory for persistence unit 'default'
[INFO] Tests run: 6, Failures: 0, Errors: 0, Skipped: 0, Time elapsed: 0.500 s -- in io.openfednow.processing.saga.SagaTimeoutIntegrationTest
[INFO] Running io.openfednow.processing.saga.SagaCompensationIntegrationTest
2026-09-29T08:07:57.800-04:00 INFO  [main] o.s.t.c.s.AnnotationConfigContextLoaderUtils [req=?,e2e=E2E-THROW,txn=TXN-THROW] Could not detect default configuration classes for test class [io.openfednow.processing.saga.SagaCompensationIntegrationTest]: SagaCompensationIntegrationTest does not declare any static, non-private, non-final, nested classes annotated with @Configuration.
2026-09-29T08:07:57.801-04:00 INFO  [main] o.s.b.t.c.SpringBootTestContextBootstrapper [req=?,e2e=E2E-THROW,txn=TXN-THROW] Found @SpringBootConfiguration io.openfednow.OpenFedNowApplication for test class io.openfednow.processing.saga.SagaCompensationIntegrationTest

  .   ____          _            __ _ _
 /\\ / ___'_ __ _ _(_)_ __  __ _ \ \ \ \
( ( )\___ | '_ | '_| | '_ \/ _` | \ \ \ \
 \\/  ___)| |_)| | | | | || (_| |  ) ) ) )
  '  |____| .__|_| |_|_| |_\__, | / / / /
 =========|_|==============|___/=/_/_/_/

 :: Spring Boot ::               (v3.5.16)

2026-09-29T08:07:57.808-04:00 INFO  [main] i.o.p.s.SagaCompensationIntegrationTest [req=?,e2e=E2E-THROW,txn=TXN-THROW] Starting SagaCompensationIntegrationTest using Java 17.0.20.1 with PID 90640 (started by danielmori in /Users/danielmori/Developer/open-fednow-clean-eval)
2026-09-29T08:07:57.808-04:00 DEBUG [main] i.o.p.s.SagaCompensationIntegrationTest [req=?,e2e=E2E-THROW,txn=TXN-THROW] Running with Spring Boot v3.5.16, Spring v6.2.19
2026-09-29T08:07:57.808-04:00 INFO  [main] i.o.p.s.SagaCompensationIntegrationTest [req=?,e2e=E2E-THROW,txn=TXN-THROW] No active profile set, falling back to 1 default profile: "default"
2026-09-29T08:07:57.868-04:00 INFO  [main] o.s.d.r.c.RepositoryConfigurationDelegate [req=?,e2e=E2E-THROW,txn=TXN-THROW] Multiple Spring Data modules found, entering strict repository configuration mode
2026-09-29T08:07:57.868-04:00 INFO  [main] o.s.d.r.c.RepositoryConfigurationDelegate [req=?,e2e=E2E-THROW,txn=TXN-THROW] Bootstrapping Spring Data JPA repositories in DEFAULT mode.
2026-09-29T08:07:57.871-04:00 INFO  [main] o.s.d.r.c.RepositoryConfigurationDelegate [req=?,e2e=E2E-THROW,txn=TXN-THROW] Finished Spring Data repository scanning in 2 ms. Found 0 JPA repository interfaces.
2026-09-29T08:07:57.871-04:00 INFO  [main] o.s.d.r.c.RepositoryConfigurationDelegate [req=?,e2e=E2E-THROW,txn=TXN-THROW] Multiple Spring Data modules found, entering strict repository configuration mode
2026-09-29T08:07:57.871-04:00 INFO  [main] o.s.d.r.c.RepositoryConfigurationDelegate [req=?,e2e=E2E-THROW,txn=TXN-THROW] Bootstrapping Spring Data Redis repositories in DEFAULT mode.
2026-09-29T08:07:57.874-04:00 INFO  [main] o.s.d.r.c.RepositoryConfigurationDelegate [req=?,e2e=E2E-THROW,txn=TXN-THROW] Finished Spring Data repository scanning in 2 ms. Found 0 Redis repository interfaces.
2026-09-29T08:07:57.917-04:00 INFO  [main] org.flywaydb.core.FlywayExecutor [req=?,e2e=E2E-THROW,txn=TXN-THROW] Database: jdbc:postgresql://localhost:53418/openfednow?loggerLevel=OFF (PostgreSQL 16.15)
2026-09-29T08:07:57.923-04:00 INFO  [main] o.f.core.internal.command.DbValidate [req=?,e2e=E2E-THROW,txn=TXN-THROW] Successfully validated 12 migrations (execution time 00:00.003s)
2026-09-29T08:07:57.933-04:00 INFO  [main] o.f.core.internal.command.DbMigrate [req=?,e2e=E2E-THROW,txn=TXN-THROW] Current version of schema "public": 12
2026-09-29T08:07:57.933-04:00 INFO  [main] o.f.core.internal.command.DbMigrate [req=?,e2e=E2E-THROW,txn=TXN-THROW] Schema "public" is up to date. No migration necessary.
2026-09-29T08:07:57.946-04:00 INFO  [main] o.s.o.j.p.SpringPersistenceUnitInfo [req=?,e2e=E2E-THROW,txn=TXN-THROW] No LoadTimeWeaver setup: ignoring JPA class transformer
2026-09-29T08:07:57.953-04:00 INFO  [main] o.s.o.j.LocalContainerEntityManagerFactoryBean [req=?,e2e=E2E-THROW,txn=TXN-THROW] Initialized JPA EntityManagerFactory for persistence unit 'default'
2026-09-29T08:07:58.021-04:00 INFO  [main] i.o.reliability.ReliabilityRailConfig [req=?,e2e=E2E-THROW,txn=TXN-THROW] Synthetic reliability rail configured=false
2026-09-29T08:07:58.044-04:00 INFO  [main] o.s.s.c.a.a.c.InitializeUserDetailsBeanManagerConfigurer$InitializeUserDetailsManagerConfigurer [req=?,e2e=E2E-THROW,txn=TXN-THROW] Global AuthenticationManager configured with UserDetailsService bean with name userDetailsService
2026-09-29T08:07:58.205-04:00 INFO  [main] i.o.p.s.SagaCompensationIntegrationTest [req=?,e2e=E2E-THROW,txn=TXN-THROW] Started SagaCompensationIntegrationTest in 0.403 seconds (process running for 17.104)
2026-09-29T08:07:58.205-04:00 DEBUG [scheduling-1] i.o.shadowledger.AvailabilityBridge [req=?,e2e=?,txn=?] Core availability poll: mode=ONLINE
2026-09-29T08:07:58.208-04:00 WARN  [main] i.o.processing.saga.SagaRecoveryService [req=?,e2e=E2E-THROW,txn=TXN-THROW] Saga recovery: found 1 in-flight saga(s) — completing or compensating each
2026-09-29T08:07:58.208-04:00 INFO  [main] i.o.processing.saga.SagaRecoveryService [req=?,e2e=E2E-THROW,txn=TXN-THROW] Recovering sagaId=SAGA-65ab3aad-f114-4bbd-931f-1580c3292136 fromState=INITIATED sourceRail=FEDNOW
2026-09-29T08:07:58.209-04:00 INFO  [main] i.o.processing.saga.SagaOrchestrator [req=?,e2e=E2E-THROW,txn=TXN-THROW] Saga compensation starting sagaId=SAGA-65ab3aad-f114-4bbd-931f-1580c3292136 fromState=INITIATED reason=NARR
2026-09-29T08:07:58.210-04:00 INFO  [main] i.o.processing.saga.SagaOrchestrator [req=?,e2e=E2E-THROW,txn=TXN-THROW] Saga compensation complete sagaId=SAGA-65ab3aad-f114-4bbd-931f-1580c3292136
2026-09-29T08:07:58.210-04:00 INFO  [main] i.o.processing.saga.SagaRecoveryService [req=?,e2e=E2E-THROW,txn=TXN-THROW] Saga recovery complete: 1 of 1 saga(s) processed
2026-09-29T08:07:58.210-04:00 INFO  [main] i.o.shadowledger.BalanceSeedService [req=?,e2e=E2E-THROW,txn=TXN-THROW] Shadow Ledger startup seed: no accounts configured (openfednow.shadow-ledger.seed-accounts is empty)
2026-09-29T08:07:58.216-04:00 INFO  [main] i.o.processing.saga.SagaOrchestrator [req=?,e2e=E2E-THROW,txn=TXN-THROW] Saga initiated sagaId=SAGA-ae0062c0-092f-4f76-ae55-cf7632c60d30 transactionId=TXN-INIT-001 e2e=E2E-INIT-001 sourceRail=FEDNOW requestId=null
2026-09-29T08:07:58.220-04:00 INFO  [main] i.o.processing.saga.SagaOrchestrator [req=?,e2e=E2E-THROW,txn=TXN-THROW] Saga initiated sagaId=SAGA-413884a8-cbbc-4520-977e-cdefcd633b9a transactionId=TXN-INIT-002 e2e=E2E-INIT-002 sourceRail=FEDNOW requestId=null
2026-09-29T08:07:58.227-04:00 INFO  [main] i.o.processing.saga.SagaOrchestrator [req=?,e2e=E2E-THROW,txn=TXN-THROW] Saga initiated sagaId=SAGA-678f2dc6-db1d-4525-b44f-8dfd735b9532 transactionId=TXN-COMP-001 e2e=E2E-COMP-001 sourceRail=FEDNOW requestId=null
2026-09-29T08:07:58.231-04:00 INFO  [main] io.openfednow.shadowledger.ShadowLedger [req=?,e2e=E2E-THROW,txn=TXN-THROW] Shadow Ledger debit applied account=ACC-COMP-001 amount=100.00 balanceAfter=0.00
2026-09-29T08:07:58.232-04:00 DEBUG [main] i.o.processing.saga.SagaOrchestrator [req=?,e2e=E2E-THROW,txn=TXN-THROW] Saga advanced sagaId=SAGA-678f2dc6-db1d-4525-b44f-8dfd735b9532 state=FUNDS_RESERVED
2026-09-29T08:07:58.232-04:00 INFO  [main] i.o.processing.saga.SagaOrchestrator [req=?,e2e=E2E-THROW,txn=TXN-THROW] Saga compensation starting sagaId=SAGA-678f2dc6-db1d-4525-b44f-8dfd735b9532 fromState=FUNDS_RESERVED reason=AM04
2026-09-29T08:07:58.234-04:00 INFO  [main] io.openfednow.shadowledger.ShadowLedger [req=?,e2e=E2E-THROW,txn=TXN-THROW] Shadow Ledger reversal applied account=ACC-COMP-001 amount=100.00 balanceAfter=100.00
2026-09-29T08:07:58.234-04:00 INFO  [main] i.o.processing.saga.SagaOrchestrator [req=?,e2e=E2E-THROW,txn=TXN-THROW] Shadow Ledger debit reversed sagaId=SAGA-678f2dc6-db1d-4525-b44f-8dfd735b9532 transactionId=TXN-COMP-001
2026-09-29T08:07:58.234-04:00 INFO  [main] i.o.processing.saga.SagaOrchestrator [req=?,e2e=E2E-THROW,txn=TXN-THROW] Saga compensation complete sagaId=SAGA-678f2dc6-db1d-4525-b44f-8dfd735b9532
2026-09-29T08:07:58.238-04:00 INFO  [main] i.o.processing.saga.SagaOrchestrator [req=?,e2e=E2E-THROW,txn=TXN-THROW] Saga initiated sagaId=SAGA-d781990d-e62f-49da-88f8-cfc633fe2a43 transactionId=TXN-COMPLETE-001 e2e=E2E-COMPLETE-001 sourceRail=FEDNOW requestId=null
2026-09-29T08:07:58.239-04:00 DEBUG [main] i.o.processing.saga.SagaOrchestrator [req=?,e2e=E2E-THROW,txn=TXN-THROW] Saga advanced sagaId=SAGA-d781990d-e62f-49da-88f8-cfc633fe2a43 state=FUNDS_RESERVED
2026-09-29T08:07:58.239-04:00 DEBUG [main] i.o.processing.saga.SagaOrchestrator [req=?,e2e=E2E-THROW,txn=TXN-THROW] Saga advanced sagaId=SAGA-d781990d-e62f-49da-88f8-cfc633fe2a43 state=CORE_SUBMITTED
2026-09-29T08:07:58.240-04:00 DEBUG [main] i.o.processing.saga.SagaOrchestrator [req=?,e2e=E2E-THROW,txn=TXN-THROW] Saga advanced sagaId=SAGA-d781990d-e62f-49da-88f8-cfc633fe2a43 state=FEDNOW_CONFIRMED
2026-09-29T08:07:58.240-04:00 DEBUG [main] i.o.processing.saga.SagaOrchestrator [req=?,e2e=E2E-THROW,txn=TXN-THROW] Saga advanced sagaId=SAGA-d781990d-e62f-49da-88f8-cfc633fe2a43 state=COMPLETED
2026-09-29T08:07:58.243-04:00 INFO  [main] i.o.processing.saga.SagaOrchestrator [req=?,e2e=E2E-THROW,txn=TXN-THROW] Saga initiated sagaId=SAGA-f864a31d-2773-4d1b-bfa6-5fd70b9386ff transactionId=TXN-RESUME-001 e2e=E2E-RESUME-001 sourceRail=FEDNOW requestId=null
2026-09-29T08:07:58.243-04:00 DEBUG [main] i.o.processing.saga.SagaOrchestrator [req=?,e2e=E2E-THROW,txn=TXN-THROW] Saga advanced sagaId=SAGA-f864a31d-2773-4d1b-bfa6-5fd70b9386ff state=FUNDS_RESERVED
2026-09-29T08:07:58.246-04:00 INFO  [main] i.o.processing.saga.SagaOrchestrator [req=?,e2e=E2E-THROW,txn=TXN-THROW] Saga initiated sagaId=SAGA-15ea2831-929a-4342-9f1e-3642c40f70e2 transactionId=TXN-AUDIT-001 e2e=E2E-AUDIT-001 sourceRail=FEDNOW requestId=null
2026-09-29T08:07:58.251-04:00 INFO  [main] io.openfednow.shadowledger.ShadowLedger [req=?,e2e=E2E-THROW,txn=TXN-THROW] Shadow Ledger debit applied account=ACC-AUDIT-001 amount=200.00 balanceAfter=0.00
2026-09-29T08:07:58.251-04:00 DEBUG [main] i.o.processing.saga.SagaOrchestrator [req=?,e2e=E2E-THROW,txn=TXN-THROW] Saga advanced sagaId=SAGA-15ea2831-929a-4342-9f1e-3642c40f70e2 state=FUNDS_RESERVED
2026-09-29T08:07:58.251-04:00 INFO  [main] i.o.processing.saga.SagaOrchestrator [req=?,e2e=E2E-THROW,txn=TXN-THROW] Saga compensation starting sagaId=SAGA-15ea2831-929a-4342-9f1e-3642c40f70e2 fromState=FUNDS_RESERVED reason=AM04
2026-09-29T08:07:58.253-04:00 INFO  [main] io.openfednow.shadowledger.ShadowLedger [req=?,e2e=E2E-THROW,txn=TXN-THROW] Shadow Ledger reversal applied account=ACC-AUDIT-001 amount=200.00 balanceAfter=200.00
2026-09-29T08:07:58.253-04:00 INFO  [main] i.o.processing.saga.SagaOrchestrator [req=?,e2e=E2E-THROW,txn=TXN-THROW] Shadow Ledger debit reversed sagaId=SAGA-15ea2831-929a-4342-9f1e-3642c40f70e2 transactionId=TXN-AUDIT-001
2026-09-29T08:07:58.253-04:00 INFO  [main] i.o.processing.saga.SagaOrchestrator [req=?,e2e=E2E-THROW,txn=TXN-THROW] Saga compensation complete sagaId=SAGA-15ea2831-929a-4342-9f1e-3642c40f70e2
2026-09-29T08:07:58.258-04:00 INFO  [main] i.o.processing.saga.SagaOrchestrator [req=?,e2e=E2E-THROW,txn=TXN-THROW] Saga initiated sagaId=SAGA-bb04189e-c477-45e0-835f-e7fb0b9f2ae2 transactionId=TXN-COMP-002 e2e=E2E-COMP-002 sourceRail=FEDNOW requestId=null
2026-09-29T08:07:58.261-04:00 INFO  [main] io.openfednow.shadowledger.ShadowLedger [req=?,e2e=E2E-THROW,txn=TXN-THROW] Shadow Ledger debit applied account=ACC-COMP-002 amount=50.00 balanceAfter=0.00
2026-09-29T08:07:58.261-04:00 DEBUG [main] i.o.processing.saga.SagaOrchestrator [req=?,e2e=E2E-THROW,txn=TXN-THROW] Saga advanced sagaId=SAGA-bb04189e-c477-45e0-835f-e7fb0b9f2ae2 state=FUNDS_RESERVED
2026-09-29T08:07:58.262-04:00 INFO  [main] i.o.processing.saga.SagaOrchestrator [req=?,e2e=E2E-THROW,txn=TXN-THROW] Saga compensation starting sagaId=SAGA-bb04189e-c477-45e0-835f-e7fb0b9f2ae2 fromState=FUNDS_RESERVED reason=AC04
2026-09-29T08:07:58.263-04:00 INFO  [main] io.openfednow.shadowledger.ShadowLedger [req=?,e2e=E2E-THROW,txn=TXN-THROW] Shadow Ledger reversal applied account=ACC-COMP-002 amount=50.00 balanceAfter=50.00
2026-09-29T08:07:58.263-04:00 INFO  [main] i.o.processing.saga.SagaOrchestrator [req=?,e2e=E2E-THROW,txn=TXN-THROW] Shadow Ledger debit reversed sagaId=SAGA-bb04189e-c477-45e0-835f-e7fb0b9f2ae2 transactionId=TXN-COMP-002
2026-09-29T08:07:58.264-04:00 INFO  [main] i.o.processing.saga.SagaOrchestrator [req=?,e2e=E2E-THROW,txn=TXN-THROW] Saga compensation complete sagaId=SAGA-bb04189e-c477-45e0-835f-e7fb0b9f2ae2
2026-09-29T08:07:58.268-04:00 INFO  [main] i.o.processing.saga.SagaOrchestrator [req=?,e2e=E2E-THROW,txn=TXN-THROW] Saga initiated sagaId=SAGA-56194607-f8d8-456b-bf03-11d6b3b10915 transactionId=TXN-RAIL-RTP e2e=E2E-RAIL-RTP sourceRail=RTP requestId=null
2026-09-29T08:07:58.271-04:00 INFO  [main] i.o.processing.saga.SagaOrchestrator [req=?,e2e=E2E-THROW,txn=TXN-THROW] Saga initiated sagaId=SAGA-22f5c515-1acc-4f32-8f13-3e2b4bb73c21 transactionId=TXN-GUARD-001 e2e=E2E-GUARD-001 sourceRail=FEDNOW requestId=null
2026-09-29T08:07:58.272-04:00 INFO  [main] i.o.processing.saga.SagaOrchestrator [req=?,e2e=E2E-THROW,txn=TXN-THROW] Saga compensation starting sagaId=SAGA-22f5c515-1acc-4f32-8f13-3e2b4bb73c21 fromState=INITIATED reason=NARR
2026-09-29T08:07:58.272-04:00 INFO  [main] i.o.processing.saga.SagaOrchestrator [req=?,e2e=E2E-THROW,txn=TXN-THROW] Saga compensation complete sagaId=SAGA-22f5c515-1acc-4f32-8f13-3e2b4bb73c21
2026-09-29T08:07:58.273-04:00 WARN  [main] i.o.processing.saga.SagaOrchestrator [req=?,e2e=E2E-THROW,txn=TXN-THROW] Saga already in terminal/compensating state — skipping sagaId=SAGA-22f5c515-1acc-4f32-8f13-3e2b4bb73c21 state=FAILED
2026-09-29T08:07:58.276-04:00 INFO  [main] i.o.processing.saga.SagaOrchestrator [req=?,e2e=E2E-THROW,txn=TXN-THROW] Saga initiated sagaId=SAGA-79aaf231-06a7-41b4-b61a-2e93fb3e225a transactionId=TXN-RAIL-FED e2e=E2E-RAIL-FED sourceRail=FEDNOW requestId=null
2026-09-29T08:07:58.278-04:00 INFO  [main] i.o.processing.saga.SagaOrchestrator [req=?,e2e=E2E-THROW,txn=TXN-THROW] Saga initiated sagaId=SAGA-42b95dfc-e942-4906-ba57-c0aed46be175 transactionId=TXN-Q-LOOKUP e2e=E2E-Q-LOOKUP sourceRail=RTP requestId=null
2026-09-29T08:07:58.281-04:00 INFO  [main] i.o.processing.saga.SagaOrchestrator [req=?,e2e=E2E-THROW,txn=TXN-THROW] Saga initiated sagaId=SAGA-c7384dbc-69dc-40b7-9642-96dbbe1650af transactionId=TXN-Q-INFLIGHT e2e=E2E-Q-INFLIGHT sourceRail=FEDNOW requestId=null
2026-09-29T08:07:58.282-04:00 INFO  [main] i.o.processing.saga.SagaOrchestrator [req=?,e2e=E2E-THROW,txn=TXN-THROW] Saga initiated sagaId=SAGA-852903ec-0e25-41eb-b0db-aefcef448b6c transactionId=TXN-Q-DONE e2e=E2E-Q-DONE sourceRail=FEDNOW requestId=null
2026-09-29T08:07:58.282-04:00 DEBUG [main] i.o.processing.saga.SagaOrchestrator [req=?,e2e=E2E-THROW,txn=TXN-THROW] Saga advanced sagaId=SAGA-852903ec-0e25-41eb-b0db-aefcef448b6c state=FUNDS_RESERVED
2026-09-29T08:07:58.282-04:00 DEBUG [main] i.o.processing.saga.SagaOrchestrator [req=?,e2e=E2E-THROW,txn=TXN-THROW] Saga advanced sagaId=SAGA-852903ec-0e25-41eb-b0db-aefcef448b6c state=CORE_SUBMITTED
2026-09-29T08:07:58.282-04:00 DEBUG [main] i.o.processing.saga.SagaOrchestrator [req=?,e2e=E2E-THROW,txn=TXN-THROW] Saga advanced sagaId=SAGA-852903ec-0e25-41eb-b0db-aefcef448b6c state=FEDNOW_CONFIRMED
2026-09-29T08:07:58.283-04:00 DEBUG [main] i.o.processing.saga.SagaOrchestrator [req=?,e2e=E2E-THROW,txn=TXN-THROW] Saga advanced sagaId=SAGA-852903ec-0e25-41eb-b0db-aefcef448b6c state=COMPLETED
2026-09-29T08:07:58.286-04:00 INFO  [main] i.o.processing.saga.SagaOrchestrator [req=?,e2e=E2E-THROW,txn=TXN-THROW] Saga initiated sagaId=SAGA-35403624-4d7c-4c7e-b8f2-1abe34c08c51 transactionId=TXN-NOFUND-001 e2e=E2E-NOFUND-001 sourceRail=FEDNOW requestId=null
2026-09-29T08:07:58.286-04:00 INFO  [main] i.o.processing.saga.SagaOrchestrator [req=?,e2e=E2E-THROW,txn=TXN-THROW] Saga compensation starting sagaId=SAGA-35403624-4d7c-4c7e-b8f2-1abe34c08c51 fromState=INITIATED reason=NARR
2026-09-29T08:07:58.287-04:00 INFO  [main] i.o.processing.saga.SagaOrchestrator [req=?,e2e=E2E-THROW,txn=TXN-THROW] Saga compensation complete sagaId=SAGA-35403624-4d7c-4c7e-b8f2-1abe34c08c51
2026-09-29T08:07:58.290-04:00 INFO  [main] i.o.processing.saga.SagaOrchestrator [req=?,e2e=E2E-THROW,txn=TXN-THROW] Saga initiated sagaId=SAGA-821a4bdc-bf9c-4aa1-aefe-eb977766399a transactionId=TXN-RAIL-RESUME e2e=E2E-RAIL-RESUME sourceRail=RTP requestId=null
2026-09-29T08:07:58.293-04:00 INFO  [main] i.o.processing.saga.SagaOrchestrator [req=?,e2e=E2E-THROW,txn=TXN-THROW] Saga initiated sagaId=SAGA-1b9ee1d3-b2ec-4c5c-8a85-de4ec4a350a4 transactionId=TXN-NOFUND-002 e2e=E2E-NOFUND-002 sourceRail=FEDNOW requestId=null
2026-09-29T08:07:58.293-04:00 INFO  [main] i.o.processing.saga.SagaOrchestrator [req=?,e2e=E2E-THROW,txn=TXN-THROW] Saga compensation starting sagaId=SAGA-1b9ee1d3-b2ec-4c5c-8a85-de4ec4a350a4 fromState=INITIATED reason=NARR
2026-09-29T08:07:58.294-04:00 INFO  [main] i.o.processing.saga.SagaOrchestrator [req=?,e2e=E2E-THROW,txn=TXN-THROW] Saga compensation complete sagaId=SAGA-1b9ee1d3-b2ec-4c5c-8a85-de4ec4a350a4
2026-09-29T08:07:58.298-04:00 INFO  [main] o.s.o.j.LocalContainerEntityManagerFactoryBean [req=?,e2e=E2E-THROW,txn=TXN-THROW] Closing JPA EntityManagerFactory for persistence unit 'default'
[INFO] Tests run: 16, Failures: 0, Errors: 0, Skipped: 0, Time elapsed: 0.541 s -- in io.openfednow.processing.saga.SagaCompensationIntegrationTest
[INFO] Running io.openfednow.reliability.ReliablePaymentIntegrationTest
2026-09-29T08:07:58.342-04:00 INFO  [main] o.s.t.c.s.AnnotationConfigContextLoaderUtils [req=?,e2e=E2E-THROW,txn=TXN-THROW] Could not detect default configuration classes for test class [io.openfednow.reliability.ReliablePaymentIntegrationTest]: ReliablePaymentIntegrationTest does not declare any static, non-private, non-final, nested classes annotated with @Configuration.
2026-09-29T08:07:58.347-04:00 INFO  [main] o.s.b.t.c.SpringBootTestContextBootstrapper [req=?,e2e=E2E-THROW,txn=TXN-THROW] Found @SpringBootConfiguration io.openfednow.OpenFedNowApplication for test class io.openfednow.reliability.ReliablePaymentIntegrationTest

  .   ____          _            __ _ _
 /\\ / ___'_ __ _ _(_)_ __  __ _ \ \ \ \
( ( )\___ | '_ | '_| | '_ \/ _` | \ \ \ \
 \\/  ___)| |_)| | | | | || (_| |  ) ) ) )
  '  |____| .__|_| |_|_| |_\__, | / / / /
 =========|_|==============|___/=/_/_/_/

 :: Spring Boot ::               (v3.5.16)

2026-09-29T08:07:58.354-04:00 INFO  [main] i.o.r.ReliablePaymentIntegrationTest [req=?,e2e=E2E-THROW,txn=TXN-THROW] Starting ReliablePaymentIntegrationTest using Java 17.0.20.1 with PID 90640 (started by danielmori in /Users/danielmori/Developer/open-fednow-clean-eval)
2026-09-29T08:07:58.354-04:00 DEBUG [main] i.o.r.ReliablePaymentIntegrationTest [req=?,e2e=E2E-THROW,txn=TXN-THROW] Running with Spring Boot v3.5.16, Spring v6.2.19
2026-09-29T08:07:58.354-04:00 INFO  [main] i.o.r.ReliablePaymentIntegrationTest [req=?,e2e=E2E-THROW,txn=TXN-THROW] No active profile set, falling back to 1 default profile: "default"
2026-09-29T08:07:58.413-04:00 INFO  [main] o.s.d.r.c.RepositoryConfigurationDelegate [req=?,e2e=E2E-THROW,txn=TXN-THROW] Multiple Spring Data modules found, entering strict repository configuration mode
2026-09-29T08:07:58.413-04:00 INFO  [main] o.s.d.r.c.RepositoryConfigurationDelegate [req=?,e2e=E2E-THROW,txn=TXN-THROW] Bootstrapping Spring Data JPA repositories in DEFAULT mode.
2026-09-29T08:07:58.417-04:00 INFO  [main] o.s.d.r.c.RepositoryConfigurationDelegate [req=?,e2e=E2E-THROW,txn=TXN-THROW] Finished Spring Data repository scanning in 3 ms. Found 0 JPA repository interfaces.
2026-09-29T08:07:58.417-04:00 INFO  [main] o.s.d.r.c.RepositoryConfigurationDelegate [req=?,e2e=E2E-THROW,txn=TXN-THROW] Multiple Spring Data modules found, entering strict repository configuration mode
2026-09-29T08:07:58.417-04:00 INFO  [main] o.s.d.r.c.RepositoryConfigurationDelegate [req=?,e2e=E2E-THROW,txn=TXN-THROW] Bootstrapping Spring Data Redis repositories in DEFAULT mode.
2026-09-29T08:07:58.420-04:00 INFO  [main] o.s.d.r.c.RepositoryConfigurationDelegate [req=?,e2e=E2E-THROW,txn=TXN-THROW] Finished Spring Data repository scanning in 1 ms. Found 0 Redis repository interfaces.
2026-09-29T08:07:58.493-04:00 INFO  [main] org.flywaydb.core.FlywayExecutor [req=?,e2e=E2E-THROW,txn=TXN-THROW] Database: jdbc:postgresql://localhost:53418/openfednow?loggerLevel=OFF (PostgreSQL 16.15)
2026-09-29T08:07:58.502-04:00 INFO  [main] o.f.core.internal.command.DbValidate [req=?,e2e=E2E-THROW,txn=TXN-THROW] Successfully validated 12 migrations (execution time 00:00.004s)
2026-09-29T08:07:58.513-04:00 INFO  [main] o.f.core.internal.command.DbMigrate [req=?,e2e=E2E-THROW,txn=TXN-THROW] Current version of schema "public": 12
2026-09-29T08:07:58.514-04:00 INFO  [main] o.f.core.internal.command.DbMigrate [req=?,e2e=E2E-THROW,txn=TXN-THROW] Schema "public" is up to date. No migration necessary.
2026-09-29T08:07:58.527-04:00 INFO  [main] o.s.o.j.p.SpringPersistenceUnitInfo [req=?,e2e=E2E-THROW,txn=TXN-THROW] No LoadTimeWeaver setup: ignoring JPA class transformer
2026-09-29T08:07:58.534-04:00 INFO  [main] o.s.o.j.LocalContainerEntityManagerFactoryBean [req=?,e2e=E2E-THROW,txn=TXN-THROW] Initialized JPA EntityManagerFactory for persistence unit 'default'
2026-09-29T08:07:58.622-04:00 INFO  [main] o.s.s.c.a.a.c.InitializeUserDetailsBeanManagerConfigurer$InitializeUserDetailsManagerConfigurer [req=?,e2e=E2E-THROW,txn=TXN-THROW] Global AuthenticationManager configured with UserDetailsService bean with name userDetailsService
2026-09-29T08:07:58.810-04:00 INFO  [main] i.o.r.ReliablePaymentIntegrationTest [req=?,e2e=E2E-THROW,txn=TXN-THROW] Started ReliablePaymentIntegrationTest in 0.462 seconds (process running for 17.71)
2026-09-29T08:07:58.810-04:00 DEBUG [scheduling-1] i.o.shadowledger.AvailabilityBridge [req=?,e2e=?,txn=?] Core availability poll: mode=ONLINE
2026-09-29T08:07:58.812-04:00 INFO  [main] i.o.processing.saga.SagaRecoveryService [req=?,e2e=E2E-THROW,txn=TXN-THROW] Saga recovery: no in-flight sagas found at startup
2026-09-29T08:07:58.812-04:00 INFO  [main] i.o.shadowledger.BalanceSeedService [req=?,e2e=E2E-THROW,txn=TXN-THROW] Shadow Ledger startup seed: no accounts configured (openfednow.shadow-ledger.seed-accounts is empty)
2026-09-29T08:07:59.013-04:00 INFO  [main] o.s.o.j.LocalContainerEntityManagerFactoryBean [req=?,e2e=E2E-THROW,txn=TXN-THROW] Closing JPA EntityManagerFactory for persistence unit 'default'
[INFO] Tests run: 17, Failures: 0, Errors: 0, Skipped: 0, Time elapsed: 0.673 s -- in io.openfednow.reliability.ReliablePaymentIntegrationTest
[INFO] Running io.openfednow.events.KafkaEventBusIntegrationTest
2026-09-29T08:07:59.018-04:00 INFO  [main] tc.confluentinc/cp-kafka:7.6.0 [req=?,e2e=E2E-THROW,txn=TXN-THROW] Creating container for image: confluentinc/cp-kafka:7.6.0
2026-09-29T08:07:59.053-04:00 INFO  [main] tc.confluentinc/cp-kafka:7.6.0 [req=?,e2e=E2E-THROW,txn=TXN-THROW] Container confluentinc/cp-kafka:7.6.0 is starting: 760c4ac905cee311c5f42823e0185fba76095ea802ed30aa8e3d7abd57db1869
2026-09-29T08:08:00.882-04:00 INFO  [main] tc.confluentinc/cp-kafka:7.6.0 [req=?,e2e=E2E-THROW,txn=TXN-THROW] Container confluentinc/cp-kafka:7.6.0 started in PT1.864252S
2026-09-29T08:08:00.883-04:00 INFO  [main] o.s.t.c.s.AnnotationConfigContextLoaderUtils [req=?,e2e=E2E-THROW,txn=TXN-THROW] Could not detect default configuration classes for test class [io.openfednow.events.KafkaEventBusIntegrationTest]: KafkaEventBusIntegrationTest does not declare any static, non-private, non-final, nested classes annotated with @Configuration.
2026-09-29T08:08:00.890-04:00 INFO  [main] o.s.b.t.c.SpringBootTestContextBootstrapper [req=?,e2e=E2E-THROW,txn=TXN-THROW] Found @SpringBootConfiguration io.openfednow.OpenFedNowApplication for test class io.openfednow.events.KafkaEventBusIntegrationTest

  .   ____          _            __ _ _
 /\\ / ___'_ __ _ _(_)_ __  __ _ \ \ \ \
( ( )\___ | '_ | '_| | '_ \/ _` | \ \ \ \
 \\/  ___)| |_)| | | | | || (_| |  ) ) ) )
  '  |____| .__|_| |_|_| |_\__, | / / / /
 =========|_|==============|___/=/_/_/_/

 :: Spring Boot ::               (v3.5.16)

2026-09-29T08:08:00.897-04:00 INFO  [main] i.o.events.KafkaEventBusIntegrationTest [req=?,e2e=E2E-THROW,txn=TXN-THROW] Starting KafkaEventBusIntegrationTest using Java 17.0.20.1 with PID 90640 (started by danielmori in /Users/danielmori/Developer/open-fednow-clean-eval)
2026-09-29T08:08:00.897-04:00 DEBUG [main] i.o.events.KafkaEventBusIntegrationTest [req=?,e2e=E2E-THROW,txn=TXN-THROW] Running with Spring Boot v3.5.16, Spring v6.2.19
2026-09-29T08:08:00.897-04:00 INFO  [main] i.o.events.KafkaEventBusIntegrationTest [req=?,e2e=E2E-THROW,txn=TXN-THROW] No active profile set, falling back to 1 default profile: "default"
2026-09-29T08:08:00.960-04:00 INFO  [main] o.s.d.r.c.RepositoryConfigurationDelegate [req=?,e2e=E2E-THROW,txn=TXN-THROW] Multiple Spring Data modules found, entering strict repository configuration mode
2026-09-29T08:08:00.960-04:00 INFO  [main] o.s.d.r.c.RepositoryConfigurationDelegate [req=?,e2e=E2E-THROW,txn=TXN-THROW] Bootstrapping Spring Data JPA repositories in DEFAULT mode.
2026-09-29T08:08:00.963-04:00 INFO  [main] o.s.d.r.c.RepositoryConfigurationDelegate [req=?,e2e=E2E-THROW,txn=TXN-THROW] Finished Spring Data repository scanning in 3 ms. Found 0 JPA repository interfaces.
2026-09-29T08:08:00.964-04:00 INFO  [main] o.s.d.r.c.RepositoryConfigurationDelegate [req=?,e2e=E2E-THROW,txn=TXN-THROW] Multiple Spring Data modules found, entering strict repository configuration mode
2026-09-29T08:08:00.964-04:00 INFO  [main] o.s.d.r.c.RepositoryConfigurationDelegate [req=?,e2e=E2E-THROW,txn=TXN-THROW] Bootstrapping Spring Data Redis repositories in DEFAULT mode.
2026-09-29T08:08:00.966-04:00 INFO  [main] o.s.d.r.c.RepositoryConfigurationDelegate [req=?,e2e=E2E-THROW,txn=TXN-THROW] Finished Spring Data repository scanning in 2 ms. Found 0 Redis repository interfaces.
2026-09-29T08:08:01.016-04:00 INFO  [main] org.flywaydb.core.FlywayExecutor [req=?,e2e=E2E-THROW,txn=TXN-THROW] Database: jdbc:postgresql://localhost:53418/openfednow?loggerLevel=OFF (PostgreSQL 16.15)
2026-09-29T08:08:01.022-04:00 INFO  [main] o.f.core.internal.command.DbValidate [req=?,e2e=E2E-THROW,txn=TXN-THROW] Successfully validated 12 migrations (execution time 00:00.002s)
2026-09-29T08:08:01.031-04:00 INFO  [main] o.f.core.internal.command.DbMigrate [req=?,e2e=E2E-THROW,txn=TXN-THROW] Current version of schema "public": 12
2026-09-29T08:08:01.031-04:00 INFO  [main] o.f.core.internal.command.DbMigrate [req=?,e2e=E2E-THROW,txn=TXN-THROW] Schema "public" is up to date. No migration necessary.
2026-09-29T08:08:01.045-04:00 INFO  [main] o.s.o.j.p.SpringPersistenceUnitInfo [req=?,e2e=E2E-THROW,txn=TXN-THROW] No LoadTimeWeaver setup: ignoring JPA class transformer
2026-09-29T08:08:01.052-04:00 INFO  [main] o.s.o.j.LocalContainerEntityManagerFactoryBean [req=?,e2e=E2E-THROW,txn=TXN-THROW] Initialized JPA EntityManagerFactory for persistence unit 'default'
2026-09-29T08:08:01.136-04:00 INFO  [main] i.o.reliability.ReliabilityRailConfig [req=?,e2e=E2E-THROW,txn=TXN-THROW] Synthetic reliability rail configured=false
2026-09-29T08:08:01.158-04:00 INFO  [main] o.s.s.c.a.a.c.InitializeUserDetailsBeanManagerConfigurer$InitializeUserDetailsManagerConfigurer [req=?,e2e=E2E-THROW,txn=TXN-THROW] Global AuthenticationManager configured with UserDetailsService bean with name userDetailsService
2026-09-29T08:08:01.318-04:00 INFO  [main] o.a.k.clients.admin.AdminClientConfig [req=?,e2e=E2E-THROW,txn=TXN-THROW] AdminClientConfig values: 
	auto.include.jmx.reporter = true
	bootstrap.controllers = []
	bootstrap.servers = [PLAINTEXT://localhost:53582]
	client.dns.lookup = use_all_dns_ips
	client.id = openfednow-admin-0
	connections.max.idle.ms = 300000
	default.api.timeout.ms = 60000
	enable.metrics.push = true
	metadata.max.age.ms = 300000
	metadata.recovery.strategy = none
	metric.reporters = []
	metrics.num.samples = 2
	metrics.recording.level = INFO
	metrics.sample.window.ms = 30000
	receive.buffer.bytes = 65536
	reconnect.backoff.max.ms = 1000
	reconnect.backoff.ms = 50
	request.timeout.ms = 30000
	retries = 2147483647
	retry.backoff.max.ms = 1000
	retry.backoff.ms = 100
	sasl.client.callback.handler.class = null
	sasl.jaas.config = null
	sasl.kerberos.kinit.cmd = /usr/bin/kinit
	sasl.kerberos.min.time.before.relogin = 60000
	sasl.kerberos.service.name = null
	sasl.kerberos.ticket.renew.jitter = 0.05
	sasl.kerberos.ticket.renew.window.factor = 0.8
	sasl.login.callback.handler.class = null
	sasl.login.class = null
	sasl.login.connect.timeout.ms = null
	sasl.login.read.timeout.ms = null
	sasl.login.refresh.buffer.seconds = 300
	sasl.login.refresh.min.period.seconds = 60
	sasl.login.refresh.window.factor = 0.8
	sasl.login.refresh.window.jitter = 0.05
	sasl.login.retry.backoff.max.ms = 10000
	sasl.login.retry.backoff.ms = 100
	sasl.mechanism = GSSAPI
	sasl.oauthbearer.clock.skew.seconds = 30
	sasl.oauthbearer.expected.audience = null
	sasl.oauthbearer.expected.issuer = null
	sasl.oauthbearer.header.urlencode = false
	sasl.oauthbearer.jwks.endpoint.refresh.ms = 3600000
	sasl.oauthbearer.jwks.endpoint.retry.backoff.max.ms = 10000
	sasl.oauthbearer.jwks.endpoint.retry.backoff.ms = 100
	sasl.oauthbearer.jwks.endpoint.url = null
	sasl.oauthbearer.scope.claim.name = scope
	sasl.oauthbearer.sub.claim.name = sub
	sasl.oauthbearer.token.endpoint.url = null
	security.protocol = PLAINTEXT
	security.providers = null
	send.buffer.bytes = 131072
	socket.connection.setup.timeout.max.ms = 30000
	socket.connection.setup.timeout.ms = 10000
	ssl.cipher.suites = null
	ssl.enabled.protocols = [TLSv1.2, TLSv1.3]
	ssl.endpoint.identification.algorithm = https
	ssl.engine.factory.class = null
	ssl.key.password = null
	ssl.keymanager.algorithm = SunX509
	ssl.keystore.certificate.chain = null
	ssl.keystore.key = null
	ssl.keystore.location = null
	ssl.keystore.password = null
	ssl.keystore.type = JKS
	ssl.protocol = TLSv1.3
	ssl.provider = null
	ssl.secure.random.implementation = null
	ssl.trustmanager.algorithm = PKIX
	ssl.truststore.certificates = null
	ssl.truststore.location = null
	ssl.truststore.password = null
	ssl.truststore.type = JKS

2026-09-29T08:08:01.337-04:00 INFO  [main] o.a.kafka.common.utils.AppInfoParser [req=?,e2e=E2E-THROW,txn=TXN-THROW] Kafka version: 3.9.2
2026-09-29T08:08:01.337-04:00 INFO  [main] o.a.kafka.common.utils.AppInfoParser [req=?,e2e=E2E-THROW,txn=TXN-THROW] Kafka commitId: 5e9866f43ab8e7e4
2026-09-29T08:08:01.337-04:00 INFO  [main] o.a.kafka.common.utils.AppInfoParser [req=?,e2e=E2E-THROW,txn=TXN-THROW] Kafka startTimeMs: 1790683681337
2026-09-29T08:08:01.560-04:00 INFO  [kafka-admin-client-thread | openfednow-admin-0] o.a.kafka.common.utils.AppInfoParser [req=?,e2e=?,txn=?] App info kafka.admin.client for openfednow-admin-0 unregistered
2026-09-29T08:08:01.561-04:00 INFO  [kafka-admin-client-thread | openfednow-admin-0] org.apache.kafka.common.metrics.Metrics [req=?,e2e=?,txn=?] Metrics scheduler closed
2026-09-29T08:08:01.561-04:00 INFO  [kafka-admin-client-thread | openfednow-admin-0] org.apache.kafka.common.metrics.Metrics [req=?,e2e=?,txn=?] Closing reporter org.apache.kafka.common.metrics.JmxReporter
2026-09-29T08:08:01.561-04:00 INFO  [kafka-admin-client-thread | openfednow-admin-0] org.apache.kafka.common.metrics.Metrics [req=?,e2e=?,txn=?] Metrics reporters closed
2026-09-29T08:08:01.564-04:00 INFO  [main] i.o.events.KafkaEventBusIntegrationTest [req=?,e2e=E2E-THROW,txn=TXN-THROW] Started KafkaEventBusIntegrationTest in 0.673 seconds (process running for 20.464)
2026-09-29T08:08:01.564-04:00 DEBUG [scheduling-1] i.o.shadowledger.AvailabilityBridge [req=?,e2e=?,txn=?] Core availability poll: mode=ONLINE
2026-09-29T08:08:01.566-04:00 INFO  [main] i.o.processing.saga.SagaRecoveryService [req=?,e2e=E2E-THROW,txn=TXN-THROW] Saga recovery: no in-flight sagas found at startup
2026-09-29T08:08:01.566-04:00 INFO  [main] i.o.shadowledger.BalanceSeedService [req=?,e2e=E2E-THROW,txn=TXN-THROW] Shadow Ledger startup seed: no accounts configured (openfednow.shadow-ledger.seed-accounts is empty)
2026-09-29T08:08:01.575-04:00 INFO  [main] o.a.k.clients.consumer.ConsumerConfig [req=?,e2e=E2E-THROW,txn=TXN-THROW] ConsumerConfig values: 
	allow.auto.create.topics = true
	auto.commit.interval.ms = 5000
	auto.include.jmx.reporter = true
	auto.offset.reset = earliest
	bootstrap.servers = [PLAINTEXT://localhost:53582]
	check.crcs = true
	client.dns.lookup = use_all_dns_ips
	client.id = consumer-test-kafka-event-bus-1790683681572-1
	client.rack = 
	connections.max.idle.ms = 540000
	default.api.timeout.ms = 60000
	enable.auto.commit = true
	enable.metrics.push = true
	exclude.internal.topics = true
	fetch.max.bytes = 52428800
	fetch.max.wait.ms = 500
	fetch.min.bytes = 1
	group.id = test-kafka-event-bus-1790683681572
	group.instance.id = null
	group.protocol = classic
	group.remote.assignor = null
	heartbeat.interval.ms = 3000
	interceptor.classes = []
	internal.leave.group.on.close = true
	internal.throw.on.fetch.stable.offset.unsupported = false
	isolation.level = read_uncommitted
	key.deserializer = class org.apache.kafka.common.serialization.StringDeserializer
	max.partition.fetch.bytes = 1048576
	max.poll.interval.ms = 300000
	max.poll.records = 500
	metadata.max.age.ms = 300000
	metadata.recovery.strategy = none
	metric.reporters = []
	metrics.num.samples = 2
	metrics.recording.level = INFO
	metrics.sample.window.ms = 30000
	partition.assignment.strategy = [class org.apache.kafka.clients.consumer.RangeAssignor, class org.apache.kafka.clients.consumer.CooperativeStickyAssignor]
	receive.buffer.bytes = 65536
	reconnect.backoff.max.ms = 1000
	reconnect.backoff.ms = 50
	request.timeout.ms = 30000
	retry.backoff.max.ms = 1000
	retry.backoff.ms = 100
	sasl.client.callback.handler.class = null
	sasl.jaas.config = null
	sasl.kerberos.kinit.cmd = /usr/bin/kinit
	sasl.kerberos.min.time.before.relogin = 60000
	sasl.kerberos.service.name = null
	sasl.kerberos.ticket.renew.jitter = 0.05
	sasl.kerberos.ticket.renew.window.factor = 0.8
	sasl.login.callback.handler.class = null
	sasl.login.class = null
	sasl.login.connect.timeout.ms = null
	sasl.login.read.timeout.ms = null
	sasl.login.refresh.buffer.seconds = 300
	sasl.login.refresh.min.period.seconds = 60
	sasl.login.refresh.window.factor = 0.8
	sasl.login.refresh.window.jitter = 0.05
	sasl.login.retry.backoff.max.ms = 10000
	sasl.login.retry.backoff.ms = 100
	sasl.mechanism = GSSAPI
	sasl.oauthbearer.clock.skew.seconds = 30
	sasl.oauthbearer.expected.audience = null
	sasl.oauthbearer.expected.issuer = null
	sasl.oauthbearer.header.urlencode = false
	sasl.oauthbearer.jwks.endpoint.refresh.ms = 3600000
	sasl.oauthbearer.jwks.endpoint.retry.backoff.max.ms = 10000
	sasl.oauthbearer.jwks.endpoint.retry.backoff.ms = 100
	sasl.oauthbearer.jwks.endpoint.url = null
	sasl.oauthbearer.scope.claim.name = scope
	sasl.oauthbearer.sub.claim.name = sub
	sasl.oauthbearer.token.endpoint.url = null
	security.protocol = PLAINTEXT
	security.providers = null
	send.buffer.bytes = 131072
	session.timeout.ms = 45000
	socket.connection.setup.timeout.max.ms = 30000
	socket.connection.setup.timeout.ms = 10000
	ssl.cipher.suites = null
	ssl.enabled.protocols = [TLSv1.2, TLSv1.3]
	ssl.endpoint.identification.algorithm = https
	ssl.engine.factory.class = null
	ssl.key.password = null
	ssl.keymanager.algorithm = SunX509
	ssl.keystore.certificate.chain = null
	ssl.keystore.key = null
	ssl.keystore.location = null
	ssl.keystore.password = null
	ssl.keystore.type = JKS
	ssl.protocol = TLSv1.3
	ssl.provider = null
	ssl.secure.random.implementation = null
	ssl.trustmanager.algorithm = PKIX
	ssl.truststore.certificates = null
	ssl.truststore.location = null
	ssl.truststore.password = null
	ssl.truststore.type = JKS
	value.deserializer = class org.apache.kafka.common.serialization.StringDeserializer

2026-09-29T08:08:01.586-04:00 INFO  [main] o.a.k.c.t.i.KafkaMetricsCollector [req=?,e2e=E2E-THROW,txn=TXN-THROW] initializing Kafka metrics collector
2026-09-29T08:08:01.602-04:00 INFO  [main] o.a.kafka.common.utils.AppInfoParser [req=?,e2e=E2E-THROW,txn=TXN-THROW] Kafka version: 3.9.2
2026-09-29T08:08:01.602-04:00 INFO  [main] o.a.kafka.common.utils.AppInfoParser [req=?,e2e=E2E-THROW,txn=TXN-THROW] Kafka commitId: 5e9866f43ab8e7e4
2026-09-29T08:08:01.602-04:00 INFO  [main] o.a.kafka.common.utils.AppInfoParser [req=?,e2e=E2E-THROW,txn=TXN-THROW] Kafka startTimeMs: 1790683681602
2026-09-29T08:08:01.603-04:00 INFO  [main] o.a.k.c.c.internals.ClassicKafkaConsumer [req=?,e2e=E2E-THROW,txn=TXN-THROW] [Consumer clientId=consumer-test-kafka-event-bus-1790683681572-1, groupId=test-kafka-event-bus-1790683681572] Subscribed to topic(s): openfednow.payment.events
2026-09-29T08:08:01.603-04:00 INFO  [main] io.openfednow.gateway.MessageRouter [req=?,e2e=E2E-KFK-OUT-NSF-001,txn=TXN-KFK-OUT-NSF-001] Outbound credit transfer received amount=9999.00 currency=USD
2026-09-29T08:08:01.605-04:00 INFO  [main] io.openfednow.gateway.MessageRouter [req=?,e2e=E2E-KFK-OUT-NSF-001,txn=TXN-KFK-OUT-NSF-001] Outbound payment rejected: insufficient funds account=****************-001 available=1000.00 requested=9999.00
2026-09-29T08:08:01.607-04:00 DEBUG [main] i.o.p.idempotency.IdempotencyService [req=?,e2e=E2E-KFK-OUT-NSF-001,txn=TXN-KFK-OUT-NSF-001] Idempotency outcome recorded e2e=E2E-KFK-OUT-NSF-001 status=RJCT
2026-09-29T08:08:01.611-04:00 INFO  [main] o.a.k.clients.producer.ProducerConfig [req=?,e2e=E2E-KFK-OUT-NSF-001,txn=TXN-KFK-OUT-NSF-001] ProducerConfig values: 
	acks = -1
	auto.include.jmx.reporter = true
	batch.size = 16384
	bootstrap.servers = [PLAINTEXT://localhost:53582]
	buffer.memory = 33554432
	client.dns.lookup = use_all_dns_ips
	client.id = openfednow-producer-1
	compression.gzip.level = -1
	compression.lz4.level = 9
	compression.type = none
	compression.zstd.level = 3
	connections.max.idle.ms = 540000
	delivery.timeout.ms = 120000
	enable.idempotence = true
	enable.metrics.push = true
	interceptor.classes = []
	key.serializer = class org.apache.kafka.common.serialization.StringSerializer
	linger.ms = 0
	max.block.ms = 60000
	max.in.flight.requests.per.connection = 5
	max.request.size = 1048576
	metadata.max.age.ms = 300000
	metadata.max.idle.ms = 300000
	metadata.recovery.strategy = none
	metric.reporters = []
	metrics.num.samples = 2
	metrics.recording.level = INFO
	metrics.sample.window.ms = 30000
	partitioner.adaptive.partitioning.enable = true
	partitioner.availability.timeout.ms = 0
	partitioner.class = null
	partitioner.ignore.keys = false
	receive.buffer.bytes = 32768
	reconnect.backoff.max.ms = 1000
	reconnect.backoff.ms = 50
	request.timeout.ms = 30000
	retries = 3
	retry.backoff.max.ms = 1000
	retry.backoff.ms = 100
	sasl.client.callback.handler.class = null
	sasl.jaas.config = null
	sasl.kerberos.kinit.cmd = /usr/bin/kinit
	sasl.kerberos.min.time.before.relogin = 60000
	sasl.kerberos.service.name = null
	sasl.kerberos.ticket.renew.jitter = 0.05
	sasl.kerberos.ticket.renew.window.factor = 0.8
	sasl.login.callback.handler.class = null
	sasl.login.class = null
	sasl.login.connect.timeout.ms = null
	sasl.login.read.timeout.ms = null
	sasl.login.refresh.buffer.seconds = 300
	sasl.login.refresh.min.period.seconds = 60
	sasl.login.refresh.window.factor = 0.8
	sasl.login.refresh.window.jitter = 0.05
	sasl.login.retry.backoff.max.ms = 10000
	sasl.login.retry.backoff.ms = 100
	sasl.mechanism = GSSAPI
	sasl.oauthbearer.clock.skew.seconds = 30
	sasl.oauthbearer.expected.audience = null
	sasl.oauthbearer.expected.issuer = null
	sasl.oauthbearer.header.urlencode = false
	sasl.oauthbearer.jwks.endpoint.refresh.ms = 3600000
	sasl.oauthbearer.jwks.endpoint.retry.backoff.max.ms = 10000
	sasl.oauthbearer.jwks.endpoint.retry.backoff.ms = 100
	sasl.oauthbearer.jwks.endpoint.url = null
	sasl.oauthbearer.scope.claim.name = scope
	sasl.oauthbearer.sub.claim.name = sub
	sasl.oauthbearer.token.endpoint.url = null
	security.protocol = PLAINTEXT
	security.providers = null
	send.buffer.bytes = 131072
	socket.connection.setup.timeout.max.ms = 30000
	socket.connection.setup.timeout.ms = 10000
	ssl.cipher.suites = null
	ssl.enabled.protocols = [TLSv1.2, TLSv1.3]
	ssl.endpoint.identification.algorithm = https
	ssl.engine.factory.class = null
	ssl.key.password = null
	ssl.keymanager.algorithm = SunX509
	ssl.keystore.certificate.chain = null
	ssl.keystore.key = null
	ssl.keystore.location = null
	ssl.keystore.password = null
	ssl.keystore.type = JKS
	ssl.protocol = TLSv1.3
	ssl.provider = null
	ssl.secure.random.implementation = null
	ssl.trustmanager.algorithm = PKIX
	ssl.truststore.certificates = null
	ssl.truststore.location = null
	ssl.truststore.password = null
	ssl.truststore.type = JKS
	transaction.timeout.ms = 60000
	transactional.id = null
	value.serializer = class org.apache.kafka.common.serialization.StringSerializer

2026-09-29T08:08:01.611-04:00 INFO  [main] o.a.k.c.t.i.KafkaMetricsCollector [req=?,e2e=E2E-KFK-OUT-NSF-001,txn=TXN-KFK-OUT-NSF-001] initializing Kafka metrics collector
2026-09-29T08:08:01.616-04:00 INFO  [main] o.a.kafka.clients.producer.KafkaProducer [req=?,e2e=E2E-KFK-OUT-NSF-001,txn=TXN-KFK-OUT-NSF-001] [Producer clientId=openfednow-producer-1] Instantiated an idempotent producer.
2026-09-29T08:08:01.620-04:00 INFO  [main] o.a.kafka.common.utils.AppInfoParser [req=?,e2e=E2E-KFK-OUT-NSF-001,txn=TXN-KFK-OUT-NSF-001] Kafka version: 3.9.2
2026-09-29T08:08:01.620-04:00 INFO  [main] o.a.kafka.common.utils.AppInfoParser [req=?,e2e=E2E-KFK-OUT-NSF-001,txn=TXN-KFK-OUT-NSF-001] Kafka commitId: 5e9866f43ab8e7e4
2026-09-29T08:08:01.620-04:00 INFO  [main] o.a.kafka.common.utils.AppInfoParser [req=?,e2e=E2E-KFK-OUT-NSF-001,txn=TXN-KFK-OUT-NSF-001] Kafka startTimeMs: 1790683681620
2026-09-29T08:08:01.628-04:00 INFO  [kafka-producer-network-thread | openfednow-producer-1] org.apache.kafka.clients.Metadata [req=?,e2e=?,txn=?] [Producer clientId=openfednow-producer-1] Cluster ID: GlIL3K-GQrq1i8WXC36HhA
2026-09-29T08:08:01.638-04:00 INFO  [main] org.apache.kafka.clients.Metadata [req=?,e2e=E2E-KFK-OUT-NSF-001,txn=TXN-KFK-OUT-NSF-001] [Consumer clientId=consumer-test-kafka-event-bus-1790683681572-1, groupId=test-kafka-event-bus-1790683681572] Cluster ID: GlIL3K-GQrq1i8WXC36HhA
2026-09-29T08:08:01.734-04:00 INFO  [kafka-producer-network-thread | openfednow-producer-1] o.a.k.c.p.internals.TransactionManager [req=?,e2e=?,txn=?] [Producer clientId=openfednow-producer-1] ProducerId set to 0 with epoch 0
2026-09-29T08:08:01.745-04:00 INFO  [main] o.a.k.c.c.internals.ConsumerCoordinator [req=?,e2e=E2E-KFK-OUT-NSF-001,txn=TXN-KFK-OUT-NSF-001] [Consumer clientId=consumer-test-kafka-event-bus-1790683681572-1, groupId=test-kafka-event-bus-1790683681572] Discovered group coordinator localhost:53582 (id: 2147483646 rack: null)
2026-09-29T08:08:01.747-04:00 INFO  [main] o.a.k.c.c.internals.ConsumerCoordinator [req=?,e2e=E2E-KFK-OUT-NSF-001,txn=TXN-KFK-OUT-NSF-001] [Consumer clientId=consumer-test-kafka-event-bus-1790683681572-1, groupId=test-kafka-event-bus-1790683681572] (Re-)joining group
2026-09-29T08:08:01.759-04:00 INFO  [main] o.a.k.c.c.internals.ConsumerCoordinator [req=?,e2e=E2E-KFK-OUT-NSF-001,txn=TXN-KFK-OUT-NSF-001] [Consumer clientId=consumer-test-kafka-event-bus-1790683681572-1, groupId=test-kafka-event-bus-1790683681572] Request joining group due to: need to re-join with the given member-id: consumer-test-kafka-event-bus-1790683681572-1-6da0e221-599f-459d-902c-3f2d4b467a7b
2026-09-29T08:08:01.759-04:00 INFO  [main] o.a.k.c.c.internals.ConsumerCoordinator [req=?,e2e=E2E-KFK-OUT-NSF-001,txn=TXN-KFK-OUT-NSF-001] [Consumer clientId=consumer-test-kafka-event-bus-1790683681572-1, groupId=test-kafka-event-bus-1790683681572] (Re-)joining group
2026-09-29T08:08:01.761-04:00 DEBUG [kafka-producer-network-thread | openfednow-producer-1] i.o.events.KafkaPaymentEventPublisher [req=?,e2e=?,txn=?] PaymentEvent published type=OUTBOUND_PAYMENT_REJECTED txn=TXN-KFK-OUT-NSF-001 schemaVersion=1.0 partition=2 offset=0
2026-09-29T08:08:01.771-04:00 INFO  [main] o.a.k.c.c.internals.ConsumerCoordinator [req=?,e2e=E2E-KFK-OUT-NSF-001,txn=TXN-KFK-OUT-NSF-001] [Consumer clientId=consumer-test-kafka-event-bus-1790683681572-1, groupId=test-kafka-event-bus-1790683681572] Successfully joined group with generation Generation{generationId=1, memberId='consumer-test-kafka-event-bus-1790683681572-1-6da0e221-599f-459d-902c-3f2d4b467a7b', protocol='range'}
2026-09-29T08:08:01.773-04:00 INFO  [main] o.a.k.c.c.internals.ConsumerCoordinator [req=?,e2e=E2E-KFK-OUT-NSF-001,txn=TXN-KFK-OUT-NSF-001] [Consumer clientId=consumer-test-kafka-event-bus-1790683681572-1, groupId=test-kafka-event-bus-1790683681572] Finished assignment for group at generation 1: {consumer-test-kafka-event-bus-1790683681572-1-6da0e221-599f-459d-902c-3f2d4b467a7b=Assignment(partitions=[openfednow.payment.events-0, openfednow.payment.events-1, openfednow.payment.events-2])}
2026-09-29T08:08:01.783-04:00 INFO  [main] o.a.k.c.c.internals.ConsumerCoordinator [req=?,e2e=E2E-KFK-OUT-NSF-001,txn=TXN-KFK-OUT-NSF-001] [Consumer clientId=consumer-test-kafka-event-bus-1790683681572-1, groupId=test-kafka-event-bus-1790683681572] Successfully synced group in generation Generation{generationId=1, memberId='consumer-test-kafka-event-bus-1790683681572-1-6da0e221-599f-459d-902c-3f2d4b467a7b', protocol='range'}
2026-09-29T08:08:01.783-04:00 INFO  [main] o.a.k.c.c.internals.ConsumerCoordinator [req=?,e2e=E2E-KFK-OUT-NSF-001,txn=TXN-KFK-OUT-NSF-001] [Consumer clientId=consumer-test-kafka-event-bus-1790683681572-1, groupId=test-kafka-event-bus-1790683681572] Notifying assignor about the new Assignment(partitions=[openfednow.payment.events-0, openfednow.payment.events-1, openfednow.payment.events-2])
2026-09-29T08:08:01.784-04:00 INFO  [main] o.a.k.c.c.i.ConsumerRebalanceListenerInvoker [req=?,e2e=E2E-KFK-OUT-NSF-001,txn=TXN-KFK-OUT-NSF-001] [Consumer clientId=consumer-test-kafka-event-bus-1790683681572-1, groupId=test-kafka-event-bus-1790683681572] Adding newly assigned partitions: openfednow.payment.events-0, openfednow.payment.events-1, openfednow.payment.events-2
2026-09-29T08:08:01.789-04:00 INFO  [main] o.a.k.c.c.internals.ConsumerCoordinator [req=?,e2e=E2E-KFK-OUT-NSF-001,txn=TXN-KFK-OUT-NSF-001] [Consumer clientId=consumer-test-kafka-event-bus-1790683681572-1, groupId=test-kafka-event-bus-1790683681572] Found no committed offset for partition openfednow.payment.events-0
2026-09-29T08:08:01.789-04:00 INFO  [main] o.a.k.c.c.internals.ConsumerCoordinator [req=?,e2e=E2E-KFK-OUT-NSF-001,txn=TXN-KFK-OUT-NSF-001] [Consumer clientId=consumer-test-kafka-event-bus-1790683681572-1, groupId=test-kafka-event-bus-1790683681572] Found no committed offset for partition openfednow.payment.events-1
2026-09-29T08:08:01.789-04:00 INFO  [main] o.a.k.c.c.internals.ConsumerCoordinator [req=?,e2e=E2E-KFK-OUT-NSF-001,txn=TXN-KFK-OUT-NSF-001] [Consumer clientId=consumer-test-kafka-event-bus-1790683681572-1, groupId=test-kafka-event-bus-1790683681572] Found no committed offset for partition openfednow.payment.events-2
2026-09-29T08:08:01.794-04:00 INFO  [main] o.a.k.c.c.internals.SubscriptionState [req=?,e2e=E2E-KFK-OUT-NSF-001,txn=TXN-KFK-OUT-NSF-001] [Consumer clientId=consumer-test-kafka-event-bus-1790683681572-1, groupId=test-kafka-event-bus-1790683681572] Resetting offset for partition openfednow.payment.events-0 to position FetchPosition{offset=0, offsetEpoch=Optional.empty, currentLeader=LeaderAndEpoch{leader=Optional[localhost:53582 (id: 1 rack: null)], epoch=0}}.
2026-09-29T08:08:01.795-04:00 INFO  [main] o.a.k.c.c.internals.SubscriptionState [req=?,e2e=E2E-KFK-OUT-NSF-001,txn=TXN-KFK-OUT-NSF-001] [Consumer clientId=consumer-test-kafka-event-bus-1790683681572-1, groupId=test-kafka-event-bus-1790683681572] Resetting offset for partition openfednow.payment.events-1 to position FetchPosition{offset=0, offsetEpoch=Optional.empty, currentLeader=LeaderAndEpoch{leader=Optional[localhost:53582 (id: 1 rack: null)], epoch=0}}.
2026-09-29T08:08:01.795-04:00 INFO  [main] o.a.k.c.c.internals.SubscriptionState [req=?,e2e=E2E-KFK-OUT-NSF-001,txn=TXN-KFK-OUT-NSF-001] [Consumer clientId=consumer-test-kafka-event-bus-1790683681572-1, groupId=test-kafka-event-bus-1790683681572] Resetting offset for partition openfednow.payment.events-2 to position FetchPosition{offset=0, offsetEpoch=Optional.empty, currentLeader=LeaderAndEpoch{leader=Optional[localhost:53582 (id: 1 rack: null)], epoch=0}}.
2026-09-29T08:08:01.818-04:00 INFO  [main] o.a.k.c.c.i.ConsumerRebalanceListenerInvoker [req=?,e2e=E2E-KFK-OUT-NSF-001,txn=TXN-KFK-OUT-NSF-001] [Consumer clientId=consumer-test-kafka-event-bus-1790683681572-1, groupId=test-kafka-event-bus-1790683681572] Revoke previously assigned partitions openfednow.payment.events-0, openfednow.payment.events-1, openfednow.payment.events-2
2026-09-29T08:08:01.819-04:00 INFO  [main] o.a.k.c.c.internals.ConsumerCoordinator [req=?,e2e=E2E-KFK-OUT-NSF-001,txn=TXN-KFK-OUT-NSF-001] [Consumer clientId=consumer-test-kafka-event-bus-1790683681572-1, groupId=test-kafka-event-bus-1790683681572] Member consumer-test-kafka-event-bus-1790683681572-1-6da0e221-599f-459d-902c-3f2d4b467a7b sending LeaveGroup request to coordinator localhost:53582 (id: 2147483646 rack: null) due to the consumer is being closed
2026-09-29T08:08:01.819-04:00 INFO  [main] o.a.k.c.c.internals.ConsumerCoordinator [req=?,e2e=E2E-KFK-OUT-NSF-001,txn=TXN-KFK-OUT-NSF-001] [Consumer clientId=consumer-test-kafka-event-bus-1790683681572-1, groupId=test-kafka-event-bus-1790683681572] Resetting generation and member id due to: consumer pro-actively leaving the group
2026-09-29T08:08:01.819-04:00 INFO  [main] o.a.k.c.c.internals.ConsumerCoordinator [req=?,e2e=E2E-KFK-OUT-NSF-001,txn=TXN-KFK-OUT-NSF-001] [Consumer clientId=consumer-test-kafka-event-bus-1790683681572-1, groupId=test-kafka-event-bus-1790683681572] Request joining group due to: consumer pro-actively leaving the group
2026-09-29T08:08:02.330-04:00 INFO  [main] org.apache.kafka.common.metrics.Metrics [req=?,e2e=E2E-KFK-OUT-NSF-001,txn=TXN-KFK-OUT-NSF-001] Metrics scheduler closed
2026-09-29T08:08:02.330-04:00 INFO  [main] org.apache.kafka.common.metrics.Metrics [req=?,e2e=E2E-KFK-OUT-NSF-001,txn=TXN-KFK-OUT-NSF-001] Closing reporter org.apache.kafka.common.metrics.JmxReporter
2026-09-29T08:08:02.330-04:00 INFO  [main] org.apache.kafka.common.metrics.Metrics [req=?,e2e=E2E-KFK-OUT-NSF-001,txn=TXN-KFK-OUT-NSF-001] Closing reporter org.apache.kafka.common.telemetry.internals.ClientTelemetryReporter
2026-09-29T08:08:02.330-04:00 INFO  [main] org.apache.kafka.common.metrics.Metrics [req=?,e2e=E2E-KFK-OUT-NSF-001,txn=TXN-KFK-OUT-NSF-001] Metrics reporters closed
2026-09-29T08:08:02.333-04:00 INFO  [main] o.a.kafka.common.utils.AppInfoParser [req=?,e2e=E2E-KFK-OUT-NSF-001,txn=TXN-KFK-OUT-NSF-001] App info kafka.consumer for consumer-test-kafka-event-bus-1790683681572-1 unregistered
2026-09-29T08:08:02.344-04:00 INFO  [main] o.a.k.clients.consumer.ConsumerConfig [req=?,e2e=E2E-KFK-OUT-NSF-001,txn=TXN-KFK-OUT-NSF-001] ConsumerConfig values: 
	allow.auto.create.topics = true
	auto.commit.interval.ms = 5000
	auto.include.jmx.reporter = true
	auto.offset.reset = earliest
	bootstrap.servers = [PLAINTEXT://localhost:53582]
	check.crcs = true
	client.dns.lookup = use_all_dns_ips
	client.id = consumer-test-kafka-event-bus-1790683682344-2
	client.rack = 
	connections.max.idle.ms = 540000
	default.api.timeout.ms = 60000
	enable.auto.commit = true
	enable.metrics.push = true
	exclude.internal.topics = true
	fetch.max.bytes = 52428800
	fetch.max.wait.ms = 500
	fetch.min.bytes = 1
	group.id = test-kafka-event-bus-1790683682344
	group.instance.id = null
	group.protocol = classic
	group.remote.assignor = null
	heartbeat.interval.ms = 3000
	interceptor.classes = []
	internal.leave.group.on.close = true
	internal.throw.on.fetch.stable.offset.unsupported = false
	isolation.level = read_uncommitted
	key.deserializer = class org.apache.kafka.common.serialization.StringDeserializer
	max.partition.fetch.bytes = 1048576
	max.poll.interval.ms = 300000
	max.poll.records = 500
	metadata.max.age.ms = 300000
	metadata.recovery.strategy = none
	metric.reporters = []
	metrics.num.samples = 2
	metrics.recording.level = INFO
	metrics.sample.window.ms = 30000
	partition.assignment.strategy = [class org.apache.kafka.clients.consumer.RangeAssignor, class org.apache.kafka.clients.consumer.CooperativeStickyAssignor]
	receive.buffer.bytes = 65536
	reconnect.backoff.max.ms = 1000
	reconnect.backoff.ms = 50
	request.timeout.ms = 30000
	retry.backoff.max.ms = 1000
	retry.backoff.ms = 100
	sasl.client.callback.handler.class = null
	sasl.jaas.config = null
	sasl.kerberos.kinit.cmd = /usr/bin/kinit
	sasl.kerberos.min.time.before.relogin = 60000
	sasl.kerberos.service.name = null
	sasl.kerberos.ticket.renew.jitter = 0.05
	sasl.kerberos.ticket.renew.window.factor = 0.8
	sasl.login.callback.handler.class = null
	sasl.login.class = null
	sasl.login.connect.timeout.ms = null
	sasl.login.read.timeout.ms = null
	sasl.login.refresh.buffer.seconds = 300
	sasl.login.refresh.min.period.seconds = 60
	sasl.login.refresh.window.factor = 0.8
	sasl.login.refresh.window.jitter = 0.05
	sasl.login.retry.backoff.max.ms = 10000
	sasl.login.retry.backoff.ms = 100
	sasl.mechanism = GSSAPI
	sasl.oauthbearer.clock.skew.seconds = 30
	sasl.oauthbearer.expected.audience = null
	sasl.oauthbearer.expected.issuer = null
	sasl.oauthbearer.header.urlencode = false
	sasl.oauthbearer.jwks.endpoint.refresh.ms = 3600000
	sasl.oauthbearer.jwks.endpoint.retry.backoff.max.ms = 10000
	sasl.oauthbearer.jwks.endpoint.retry.backoff.ms = 100
	sasl.oauthbearer.jwks.endpoint.url = null
	sasl.oauthbearer.scope.claim.name = scope
	sasl.oauthbearer.sub.claim.name = sub
	sasl.oauthbearer.token.endpoint.url = null
	security.protocol = PLAINTEXT
	security.providers = null
	send.buffer.bytes = 131072
	session.timeout.ms = 45000
	socket.connection.setup.timeout.max.ms = 30000
	socket.connection.setup.timeout.ms = 10000
	ssl.cipher.suites = null
	ssl.enabled.protocols = [TLSv1.2, TLSv1.3]
	ssl.endpoint.identification.algorithm = https
	ssl.engine.factory.class = null
	ssl.key.password = null
	ssl.keymanager.algorithm = SunX509
	ssl.keystore.certificate.chain = null
	ssl.keystore.key = null
	ssl.keystore.location = null
	ssl.keystore.password = null
	ssl.keystore.type = JKS
	ssl.protocol = TLSv1.3
	ssl.provider = null
	ssl.secure.random.implementation = null
	ssl.trustmanager.algorithm = PKIX
	ssl.truststore.certificates = null
	ssl.truststore.location = null
	ssl.truststore.password = null
	ssl.truststore.type = JKS
	value.deserializer = class org.apache.kafka.common.serialization.StringDeserializer

2026-09-29T08:08:02.344-04:00 INFO  [main] o.a.k.c.t.i.KafkaMetricsCollector [req=?,e2e=E2E-KFK-OUT-NSF-001,txn=TXN-KFK-OUT-NSF-001] initializing Kafka metrics collector
2026-09-29T08:08:02.346-04:00 INFO  [main] o.a.kafka.common.utils.AppInfoParser [req=?,e2e=E2E-KFK-OUT-NSF-001,txn=TXN-KFK-OUT-NSF-001] Kafka version: 3.9.2
2026-09-29T08:08:02.346-04:00 INFO  [main] o.a.kafka.common.utils.AppInfoParser [req=?,e2e=E2E-KFK-OUT-NSF-001,txn=TXN-KFK-OUT-NSF-001] Kafka commitId: 5e9866f43ab8e7e4
2026-09-29T08:08:02.346-04:00 INFO  [main] o.a.kafka.common.utils.AppInfoParser [req=?,e2e=E2E-KFK-OUT-NSF-001,txn=TXN-KFK-OUT-NSF-001] Kafka startTimeMs: 1790683682346
2026-09-29T08:08:02.346-04:00 INFO  [main] o.a.k.c.c.internals.ClassicKafkaConsumer [req=?,e2e=E2E-KFK-OUT-NSF-001,txn=TXN-KFK-OUT-NSF-001] [Consumer clientId=consumer-test-kafka-event-bus-1790683682344-2, groupId=test-kafka-event-bus-1790683682344] Subscribed to topic(s): openfednow.payment.events
2026-09-29T08:08:02.346-04:00 INFO  [main] io.openfednow.gateway.MessageRouter [req=?,e2e=E2E-KFK-TYPE-001,txn=TXN-KFK-TYPE-001] Inbound credit transfer received amount=50.00 currency=USD sourceRail=FEDNOW
2026-09-29T08:08:02.348-04:00 INFO  [main] i.o.processing.saga.SagaOrchestrator [req=?,e2e=E2E-KFK-TYPE-001,txn=TXN-KFK-TYPE-001] Saga initiated sagaId=SAGA-7991050a-64e2-4466-a0a2-1c6a11ac8e3b transactionId=TXN-KFK-TYPE-001 e2e=E2E-KFK-TYPE-001 sourceRail=FEDNOW requestId=null
2026-09-29T08:08:02.350-04:00 INFO  [main] io.openfednow.shadowledger.ShadowLedger [req=?,e2e=E2E-KFK-TYPE-001,txn=TXN-KFK-TYPE-001] Shadow Ledger credit applied account=ACC-CREDITOR-001 amount=50.00 balanceAfter=50.00
2026-09-29T08:08:02.350-04:00 DEBUG [main] i.o.processing.saga.SagaOrchestrator [req=?,e2e=E2E-KFK-TYPE-001,txn=TXN-KFK-TYPE-001] Saga advanced sagaId=SAGA-7991050a-64e2-4466-a0a2-1c6a11ac8e3b state=FUNDS_RESERVED
2026-09-29T08:08:02.351-04:00 DEBUG [main] i.o.processing.saga.SagaOrchestrator [req=?,e2e=E2E-KFK-TYPE-001,txn=TXN-KFK-TYPE-001] Saga advanced sagaId=SAGA-7991050a-64e2-4466-a0a2-1c6a11ac8e3b state=CORE_SUBMITTED
2026-09-29T08:08:02.351-04:00 DEBUG [main] i.o.processing.saga.SagaOrchestrator [req=?,e2e=E2E-KFK-TYPE-001,txn=TXN-KFK-TYPE-001] Saga advanced sagaId=SAGA-7991050a-64e2-4466-a0a2-1c6a11ac8e3b state=FEDNOW_CONFIRMED
2026-09-29T08:08:02.352-04:00 DEBUG [main] i.o.processing.saga.SagaOrchestrator [req=?,e2e=E2E-KFK-TYPE-001,txn=TXN-KFK-TYPE-001] Saga advanced sagaId=SAGA-7991050a-64e2-4466-a0a2-1c6a11ac8e3b state=COMPLETED
2026-09-29T08:08:02.352-04:00 INFO  [main] io.openfednow.gateway.MessageRouter [req=?,e2e=E2E-KFK-TYPE-001,txn=TXN-KFK-TYPE-001] Inbound credit transfer status=ACSC rejectCode=null
2026-09-29T08:08:02.354-04:00 DEBUG [main] i.o.p.idempotency.IdempotencyService [req=?,e2e=E2E-KFK-TYPE-001,txn=TXN-KFK-TYPE-001] Idempotency outcome recorded e2e=E2E-KFK-TYPE-001 status=ACSC
2026-09-29T08:08:02.355-04:00 DEBUG [kafka-producer-network-thread | openfednow-producer-1] i.o.events.KafkaPaymentEventPublisher [req=?,e2e=?,txn=?] PaymentEvent published type=INBOUND_CREDIT_APPLIED txn=TXN-KFK-TYPE-001 schemaVersion=1.0 partition=1 offset=0
2026-09-29T08:08:02.358-04:00 INFO  [main] org.apache.kafka.clients.Metadata [req=?,e2e=E2E-KFK-TYPE-001,txn=TXN-KFK-TYPE-001] [Consumer clientId=consumer-test-kafka-event-bus-1790683682344-2, groupId=test-kafka-event-bus-1790683682344] Cluster ID: GlIL3K-GQrq1i8WXC36HhA
2026-09-29T08:08:02.359-04:00 INFO  [main] o.a.k.c.c.internals.ConsumerCoordinator [req=?,e2e=E2E-KFK-TYPE-001,txn=TXN-KFK-TYPE-001] [Consumer clientId=consumer-test-kafka-event-bus-1790683682344-2, groupId=test-kafka-event-bus-1790683682344] Discovered group coordinator localhost:53582 (id: 2147483646 rack: null)
2026-09-29T08:08:02.359-04:00 INFO  [main] o.a.k.c.c.internals.ConsumerCoordinator [req=?,e2e=E2E-KFK-TYPE-001,txn=TXN-KFK-TYPE-001] [Consumer clientId=consumer-test-kafka-event-bus-1790683682344-2, groupId=test-kafka-event-bus-1790683682344] (Re-)joining group
2026-09-29T08:08:02.362-04:00 INFO  [main] o.a.k.c.c.internals.ConsumerCoordinator [req=?,e2e=E2E-KFK-TYPE-001,txn=TXN-KFK-TYPE-001] [Consumer clientId=consumer-test-kafka-event-bus-1790683682344-2, groupId=test-kafka-event-bus-1790683682344] Request joining group due to: need to re-join with the given member-id: consumer-test-kafka-event-bus-1790683682344-2-1a0d7ffd-aee3-46f1-8ce5-d798781de845
2026-09-29T08:08:02.362-04:00 INFO  [main] o.a.k.c.c.internals.ConsumerCoordinator [req=?,e2e=E2E-KFK-TYPE-001,txn=TXN-KFK-TYPE-001] [Consumer clientId=consumer-test-kafka-event-bus-1790683682344-2, groupId=test-kafka-event-bus-1790683682344] (Re-)joining group
2026-09-29T08:08:02.365-04:00 INFO  [main] o.a.k.c.c.internals.ConsumerCoordinator [req=?,e2e=E2E-KFK-TYPE-001,txn=TXN-KFK-TYPE-001] [Consumer clientId=consumer-test-kafka-event-bus-1790683682344-2, groupId=test-kafka-event-bus-1790683682344] Successfully joined group with generation Generation{generationId=1, memberId='consumer-test-kafka-event-bus-1790683682344-2-1a0d7ffd-aee3-46f1-8ce5-d798781de845', protocol='range'}
2026-09-29T08:08:02.366-04:00 INFO  [main] o.a.k.c.c.internals.ConsumerCoordinator [req=?,e2e=E2E-KFK-TYPE-001,txn=TXN-KFK-TYPE-001] [Consumer clientId=consumer-test-kafka-event-bus-1790683682344-2, groupId=test-kafka-event-bus-1790683682344] Finished assignment for group at generation 1: {consumer-test-kafka-event-bus-1790683682344-2-1a0d7ffd-aee3-46f1-8ce5-d798781de845=Assignment(partitions=[openfednow.payment.events-0, openfednow.payment.events-1, openfednow.payment.events-2])}
2026-09-29T08:08:02.368-04:00 INFO  [main] o.a.k.c.c.internals.ConsumerCoordinator [req=?,e2e=E2E-KFK-TYPE-001,txn=TXN-KFK-TYPE-001] [Consumer clientId=consumer-test-kafka-event-bus-1790683682344-2, groupId=test-kafka-event-bus-1790683682344] Successfully synced group in generation Generation{generationId=1, memberId='consumer-test-kafka-event-bus-1790683682344-2-1a0d7ffd-aee3-46f1-8ce5-d798781de845', protocol='range'}
2026-09-29T08:08:02.369-04:00 INFO  [main] o.a.k.c.c.internals.ConsumerCoordinator [req=?,e2e=E2E-KFK-TYPE-001,txn=TXN-KFK-TYPE-001] [Consumer clientId=consumer-test-kafka-event-bus-1790683682344-2, groupId=test-kafka-event-bus-1790683682344] Notifying assignor about the new Assignment(partitions=[openfednow.payment.events-0, openfednow.payment.events-1, openfednow.payment.events-2])
2026-09-29T08:08:02.369-04:00 INFO  [main] o.a.k.c.c.i.ConsumerRebalanceListenerInvoker [req=?,e2e=E2E-KFK-TYPE-001,txn=TXN-KFK-TYPE-001] [Consumer clientId=consumer-test-kafka-event-bus-1790683682344-2, groupId=test-kafka-event-bus-1790683682344] Adding newly assigned partitions: openfednow.payment.events-0, openfednow.payment.events-1, openfednow.payment.events-2
2026-09-29T08:08:02.370-04:00 INFO  [main] o.a.k.c.c.internals.ConsumerCoordinator [req=?,e2e=E2E-KFK-TYPE-001,txn=TXN-KFK-TYPE-001] [Consumer clientId=consumer-test-kafka-event-bus-1790683682344-2, groupId=test-kafka-event-bus-1790683682344] Found no committed offset for partition openfednow.payment.events-0
2026-09-29T08:08:02.370-04:00 INFO  [main] o.a.k.c.c.internals.ConsumerCoordinator [req=?,e2e=E2E-KFK-TYPE-001,txn=TXN-KFK-TYPE-001] [Consumer clientId=consumer-test-kafka-event-bus-1790683682344-2, groupId=test-kafka-event-bus-1790683682344] Found no committed offset for partition openfednow.payment.events-1
2026-09-29T08:08:02.370-04:00 INFO  [main] o.a.k.c.c.internals.ConsumerCoordinator [req=?,e2e=E2E-KFK-TYPE-001,txn=TXN-KFK-TYPE-001] [Consumer clientId=consumer-test-kafka-event-bus-1790683682344-2, groupId=test-kafka-event-bus-1790683682344] Found no committed offset for partition openfednow.payment.events-2
2026-09-29T08:08:02.373-04:00 INFO  [main] o.a.k.c.c.internals.SubscriptionState [req=?,e2e=E2E-KFK-TYPE-001,txn=TXN-KFK-TYPE-001] [Consumer clientId=consumer-test-kafka-event-bus-1790683682344-2, groupId=test-kafka-event-bus-1790683682344] Resetting offset for partition openfednow.payment.events-0 to position FetchPosition{offset=0, offsetEpoch=Optional.empty, currentLeader=LeaderAndEpoch{leader=Optional[localhost:53582 (id: 1 rack: null)], epoch=0}}.
2026-09-29T08:08:02.374-04:00 INFO  [main] o.a.k.c.c.internals.SubscriptionState [req=?,e2e=E2E-KFK-TYPE-001,txn=TXN-KFK-TYPE-001] [Consumer clientId=consumer-test-kafka-event-bus-1790683682344-2, groupId=test-kafka-event-bus-1790683682344] Resetting offset for partition openfednow.payment.events-1 to position FetchPosition{offset=0, offsetEpoch=Optional.empty, currentLeader=LeaderAndEpoch{leader=Optional[localhost:53582 (id: 1 rack: null)], epoch=0}}.
2026-09-29T08:08:02.374-04:00 INFO  [main] o.a.k.c.c.internals.SubscriptionState [req=?,e2e=E2E-KFK-TYPE-001,txn=TXN-KFK-TYPE-001] [Consumer clientId=consumer-test-kafka-event-bus-1790683682344-2, groupId=test-kafka-event-bus-1790683682344] Resetting offset for partition openfednow.payment.events-2 to position FetchPosition{offset=0, offsetEpoch=Optional.empty, currentLeader=LeaderAndEpoch{leader=Optional[localhost:53582 (id: 1 rack: null)], epoch=0}}.
2026-09-29T08:08:02.379-04:00 INFO  [main] o.a.k.c.c.i.ConsumerRebalanceListenerInvoker [req=?,e2e=E2E-KFK-TYPE-001,txn=TXN-KFK-TYPE-001] [Consumer clientId=consumer-test-kafka-event-bus-1790683682344-2, groupId=test-kafka-event-bus-1790683682344] Revoke previously assigned partitions openfednow.payment.events-0, openfednow.payment.events-1, openfednow.payment.events-2
2026-09-29T08:08:02.379-04:00 INFO  [main] o.a.k.c.c.internals.ConsumerCoordinator [req=?,e2e=E2E-KFK-TYPE-001,txn=TXN-KFK-TYPE-001] [Consumer clientId=consumer-test-kafka-event-bus-1790683682344-2, groupId=test-kafka-event-bus-1790683682344] Member consumer-test-kafka-event-bus-1790683682344-2-1a0d7ffd-aee3-46f1-8ce5-d798781de845 sending LeaveGroup request to coordinator localhost:53582 (id: 2147483646 rack: null) due to the consumer is being closed
2026-09-29T08:08:02.379-04:00 INFO  [main] o.a.k.c.c.internals.ConsumerCoordinator [req=?,e2e=E2E-KFK-TYPE-001,txn=TXN-KFK-TYPE-001] [Consumer clientId=consumer-test-kafka-event-bus-1790683682344-2, groupId=test-kafka-event-bus-1790683682344] Resetting generation and member id due to: consumer pro-actively leaving the group
2026-09-29T08:08:02.379-04:00 INFO  [main] o.a.k.c.c.internals.ConsumerCoordinator [req=?,e2e=E2E-KFK-TYPE-001,txn=TXN-KFK-TYPE-001] [Consumer clientId=consumer-test-kafka-event-bus-1790683682344-2, groupId=test-kafka-event-bus-1790683682344] Request joining group due to: consumer pro-actively leaving the group
2026-09-29T08:08:02.880-04:00 INFO  [main] org.apache.kafka.common.metrics.Metrics [req=?,e2e=E2E-KFK-TYPE-001,txn=TXN-KFK-TYPE-001] Metrics scheduler closed
2026-09-29T08:08:02.880-04:00 INFO  [main] org.apache.kafka.common.metrics.Metrics [req=?,e2e=E2E-KFK-TYPE-001,txn=TXN-KFK-TYPE-001] Closing reporter org.apache.kafka.common.metrics.JmxReporter
2026-09-29T08:08:02.880-04:00 INFO  [main] org.apache.kafka.common.metrics.Metrics [req=?,e2e=E2E-KFK-TYPE-001,txn=TXN-KFK-TYPE-001] Closing reporter org.apache.kafka.common.telemetry.internals.ClientTelemetryReporter
2026-09-29T08:08:02.880-04:00 INFO  [main] org.apache.kafka.common.metrics.Metrics [req=?,e2e=E2E-KFK-TYPE-001,txn=TXN-KFK-TYPE-001] Metrics reporters closed
2026-09-29T08:08:02.883-04:00 INFO  [main] o.a.kafka.common.utils.AppInfoParser [req=?,e2e=E2E-KFK-TYPE-001,txn=TXN-KFK-TYPE-001] App info kafka.consumer for consumer-test-kafka-event-bus-1790683682344-2 unregistered
2026-09-29T08:08:02.892-04:00 INFO  [main] o.a.k.clients.consumer.ConsumerConfig [req=?,e2e=E2E-KFK-TYPE-001,txn=TXN-KFK-TYPE-001] ConsumerConfig values: 
	allow.auto.create.topics = true
	auto.commit.interval.ms = 5000
	auto.include.jmx.reporter = true
	auto.offset.reset = earliest
	bootstrap.servers = [PLAINTEXT://localhost:53582]
	check.crcs = true
	client.dns.lookup = use_all_dns_ips
	client.id = consumer-test-kafka-event-bus-1790683682892-3
	client.rack = 
	connections.max.idle.ms = 540000
	default.api.timeout.ms = 60000
	enable.auto.commit = true
	enable.metrics.push = true
	exclude.internal.topics = true
	fetch.max.bytes = 52428800
	fetch.max.wait.ms = 500
	fetch.min.bytes = 1
	group.id = test-kafka-event-bus-1790683682892
	group.instance.id = null
	group.protocol = classic
	group.remote.assignor = null
	heartbeat.interval.ms = 3000
	interceptor.classes = []
	internal.leave.group.on.close = true
	internal.throw.on.fetch.stable.offset.unsupported = false
	isolation.level = read_uncommitted
	key.deserializer = class org.apache.kafka.common.serialization.StringDeserializer
	max.partition.fetch.bytes = 1048576
	max.poll.interval.ms = 300000
	max.poll.records = 500
	metadata.max.age.ms = 300000
	metadata.recovery.strategy = none
	metric.reporters = []
	metrics.num.samples = 2
	metrics.recording.level = INFO
	metrics.sample.window.ms = 30000
	partition.assignment.strategy = [class org.apache.kafka.clients.consumer.RangeAssignor, class org.apache.kafka.clients.consumer.CooperativeStickyAssignor]
	receive.buffer.bytes = 65536
	reconnect.backoff.max.ms = 1000
	reconnect.backoff.ms = 50
	request.timeout.ms = 30000
	retry.backoff.max.ms = 1000
	retry.backoff.ms = 100
	sasl.client.callback.handler.class = null
	sasl.jaas.config = null
	sasl.kerberos.kinit.cmd = /usr/bin/kinit
	sasl.kerberos.min.time.before.relogin = 60000
	sasl.kerberos.service.name = null
	sasl.kerberos.ticket.renew.jitter = 0.05
	sasl.kerberos.ticket.renew.window.factor = 0.8
	sasl.login.callback.handler.class = null
	sasl.login.class = null
	sasl.login.connect.timeout.ms = null
	sasl.login.read.timeout.ms = null
	sasl.login.refresh.buffer.seconds = 300
	sasl.login.refresh.min.period.seconds = 60
	sasl.login.refresh.window.factor = 0.8
	sasl.login.refresh.window.jitter = 0.05
	sasl.login.retry.backoff.max.ms = 10000
	sasl.login.retry.backoff.ms = 100
	sasl.mechanism = GSSAPI
	sasl.oauthbearer.clock.skew.seconds = 30
	sasl.oauthbearer.expected.audience = null
	sasl.oauthbearer.expected.issuer = null
	sasl.oauthbearer.header.urlencode = false
	sasl.oauthbearer.jwks.endpoint.refresh.ms = 3600000
	sasl.oauthbearer.jwks.endpoint.retry.backoff.max.ms = 10000
	sasl.oauthbearer.jwks.endpoint.retry.backoff.ms = 100
	sasl.oauthbearer.jwks.endpoint.url = null
	sasl.oauthbearer.scope.claim.name = scope
	sasl.oauthbearer.sub.claim.name = sub
	sasl.oauthbearer.token.endpoint.url = null
	security.protocol = PLAINTEXT
	security.providers = null
	send.buffer.bytes = 131072
	session.timeout.ms = 45000
	socket.connection.setup.timeout.max.ms = 30000
	socket.connection.setup.timeout.ms = 10000
	ssl.cipher.suites = null
	ssl.enabled.protocols = [TLSv1.2, TLSv1.3]
	ssl.endpoint.identification.algorithm = https
	ssl.engine.factory.class = null
	ssl.key.password = null
	ssl.keymanager.algorithm = SunX509
	ssl.keystore.certificate.chain = null
	ssl.keystore.key = null
	ssl.keystore.location = null
	ssl.keystore.password = null
	ssl.keystore.type = JKS
	ssl.protocol = TLSv1.3
	ssl.provider = null
	ssl.secure.random.implementation = null
	ssl.trustmanager.algorithm = PKIX
	ssl.truststore.certificates = null
	ssl.truststore.location = null
	ssl.truststore.password = null
	ssl.truststore.type = JKS
	value.deserializer = class org.apache.kafka.common.serialization.StringDeserializer

2026-09-29T08:08:02.892-04:00 INFO  [main] o.a.k.c.t.i.KafkaMetricsCollector [req=?,e2e=E2E-KFK-TYPE-001,txn=TXN-KFK-TYPE-001] initializing Kafka metrics collector
2026-09-29T08:08:02.893-04:00 INFO  [main] o.a.kafka.common.utils.AppInfoParser [req=?,e2e=E2E-KFK-TYPE-001,txn=TXN-KFK-TYPE-001] Kafka version: 3.9.2
2026-09-29T08:08:02.893-04:00 INFO  [main] o.a.kafka.common.utils.AppInfoParser [req=?,e2e=E2E-KFK-TYPE-001,txn=TXN-KFK-TYPE-001] Kafka commitId: 5e9866f43ab8e7e4
2026-09-29T08:08:02.893-04:00 INFO  [main] o.a.kafka.common.utils.AppInfoParser [req=?,e2e=E2E-KFK-TYPE-001,txn=TXN-KFK-TYPE-001] Kafka startTimeMs: 1790683682893
2026-09-29T08:08:02.893-04:00 INFO  [main] o.a.k.c.c.internals.ClassicKafkaConsumer [req=?,e2e=E2E-KFK-TYPE-001,txn=TXN-KFK-TYPE-001] [Consumer clientId=consumer-test-kafka-event-bus-1790683682892-3, groupId=test-kafka-event-bus-1790683682892] Subscribed to topic(s): openfednow.payment.events
2026-09-29T08:08:02.894-04:00 INFO  [main] io.openfednow.gateway.MessageRouter [req=?,e2e=E2E-KFK-OUT-001,txn=TXN-KFK-OUT-001] Outbound credit transfer received amount=150.00 currency=USD
2026-09-29T08:08:02.896-04:00 INFO  [main] i.o.processing.saga.SagaOrchestrator [req=?,e2e=E2E-KFK-OUT-001,txn=TXN-KFK-OUT-001] Saga initiated sagaId=SAGA-6afcd4b4-4a6d-4d0e-ad79-727e3606474b transactionId=TXN-KFK-OUT-001 e2e=E2E-KFK-OUT-001 sourceRail=FEDNOW requestId=null
2026-09-29T08:08:02.901-04:00 INFO  [main] io.openfednow.shadowledger.ShadowLedger [req=?,e2e=E2E-KFK-OUT-001,txn=TXN-KFK-OUT-001] Shadow Ledger debit applied account=ACC-DEBTOR-KAFKA-001 amount=150.00 balanceAfter=850.00
2026-09-29T08:08:02.901-04:00 DEBUG [main] i.o.processing.saga.SagaOrchestrator [req=?,e2e=E2E-KFK-OUT-001,txn=TXN-KFK-OUT-001] Saga advanced sagaId=SAGA-6afcd4b4-4a6d-4d0e-ad79-727e3606474b state=FUNDS_RESERVED
2026-09-29T08:08:02.902-04:00 DEBUG [main] i.o.processing.saga.SagaOrchestrator [req=?,e2e=E2E-KFK-OUT-001,txn=TXN-KFK-OUT-001] Saga advanced sagaId=SAGA-6afcd4b4-4a6d-4d0e-ad79-727e3606474b state=SUBMITTING
2026-09-29T08:08:02.902-04:00 DEBUG [main] i.o.processing.saga.SagaOrchestrator [req=?,e2e=E2E-KFK-OUT-001,txn=TXN-KFK-OUT-001] Saga advanced sagaId=SAGA-6afcd4b4-4a6d-4d0e-ad79-727e3606474b state=FEDNOW_CONFIRMED
2026-09-29T08:08:02.902-04:00 DEBUG [main] i.o.processing.saga.SagaOrchestrator [req=?,e2e=E2E-KFK-OUT-001,txn=TXN-KFK-OUT-001] Saga advanced sagaId=SAGA-6afcd4b4-4a6d-4d0e-ad79-727e3606474b state=COMPLETED
2026-09-29T08:08:02.903-04:00 INFO  [main] io.openfednow.gateway.MessageRouter [req=?,e2e=E2E-KFK-OUT-001,txn=TXN-KFK-OUT-001] Outbound credit transfer status=ACSC rejectCode=null
2026-09-29T08:08:02.904-04:00 DEBUG [main] i.o.p.idempotency.IdempotencyService [req=?,e2e=E2E-KFK-OUT-001,txn=TXN-KFK-OUT-001] Idempotency outcome recorded e2e=E2E-KFK-OUT-001 status=ACSC
2026-09-29T08:08:02.906-04:00 DEBUG [kafka-producer-network-thread | openfednow-producer-1] i.o.events.KafkaPaymentEventPublisher [req=?,e2e=?,txn=?] PaymentEvent published type=OUTBOUND_PAYMENT_COMPLETED txn=TXN-KFK-OUT-001 schemaVersion=1.0 partition=1 offset=1
2026-09-29T08:08:02.908-04:00 INFO  [main] org.apache.kafka.clients.Metadata [req=?,e2e=E2E-KFK-OUT-001,txn=TXN-KFK-OUT-001] [Consumer clientId=consumer-test-kafka-event-bus-1790683682892-3, groupId=test-kafka-event-bus-1790683682892] Cluster ID: GlIL3K-GQrq1i8WXC36HhA
2026-09-29T08:08:02.908-04:00 INFO  [main] o.a.k.c.c.internals.ConsumerCoordinator [req=?,e2e=E2E-KFK-OUT-001,txn=TXN-KFK-OUT-001] [Consumer clientId=consumer-test-kafka-event-bus-1790683682892-3, groupId=test-kafka-event-bus-1790683682892] Discovered group coordinator localhost:53582 (id: 2147483646 rack: null)
2026-09-29T08:08:02.909-04:00 INFO  [main] o.a.k.c.c.internals.ConsumerCoordinator [req=?,e2e=E2E-KFK-OUT-001,txn=TXN-KFK-OUT-001] [Consumer clientId=consumer-test-kafka-event-bus-1790683682892-3, groupId=test-kafka-event-bus-1790683682892] (Re-)joining group
2026-09-29T08:08:02.913-04:00 INFO  [main] o.a.k.c.c.internals.ConsumerCoordinator [req=?,e2e=E2E-KFK-OUT-001,txn=TXN-KFK-OUT-001] [Consumer clientId=consumer-test-kafka-event-bus-1790683682892-3, groupId=test-kafka-event-bus-1790683682892] Request joining group due to: need to re-join with the given member-id: consumer-test-kafka-event-bus-1790683682892-3-b18a7952-b5d7-4028-8688-6cf9e5f45c58
2026-09-29T08:08:02.913-04:00 INFO  [main] o.a.k.c.c.internals.ConsumerCoordinator [req=?,e2e=E2E-KFK-OUT-001,txn=TXN-KFK-OUT-001] [Consumer clientId=consumer-test-kafka-event-bus-1790683682892-3, groupId=test-kafka-event-bus-1790683682892] (Re-)joining group
2026-09-29T08:08:02.916-04:00 INFO  [main] o.a.k.c.c.internals.ConsumerCoordinator [req=?,e2e=E2E-KFK-OUT-001,txn=TXN-KFK-OUT-001] [Consumer clientId=consumer-test-kafka-event-bus-1790683682892-3, groupId=test-kafka-event-bus-1790683682892] Successfully joined group with generation Generation{generationId=1, memberId='consumer-test-kafka-event-bus-1790683682892-3-b18a7952-b5d7-4028-8688-6cf9e5f45c58', protocol='range'}
2026-09-29T08:08:02.916-04:00 INFO  [main] o.a.k.c.c.internals.ConsumerCoordinator [req=?,e2e=E2E-KFK-OUT-001,txn=TXN-KFK-OUT-001] [Consumer clientId=consumer-test-kafka-event-bus-1790683682892-3, groupId=test-kafka-event-bus-1790683682892] Finished assignment for group at generation 1: {consumer-test-kafka-event-bus-1790683682892-3-b18a7952-b5d7-4028-8688-6cf9e5f45c58=Assignment(partitions=[openfednow.payment.events-0, openfednow.payment.events-1, openfednow.payment.events-2])}
2026-09-29T08:08:02.918-04:00 INFO  [main] o.a.k.c.c.internals.ConsumerCoordinator [req=?,e2e=E2E-KFK-OUT-001,txn=TXN-KFK-OUT-001] [Consumer clientId=consumer-test-kafka-event-bus-1790683682892-3, groupId=test-kafka-event-bus-1790683682892] Successfully synced group in generation Generation{generationId=1, memberId='consumer-test-kafka-event-bus-1790683682892-3-b18a7952-b5d7-4028-8688-6cf9e5f45c58', protocol='range'}
2026-09-29T08:08:02.919-04:00 INFO  [main] o.a.k.c.c.internals.ConsumerCoordinator [req=?,e2e=E2E-KFK-OUT-001,txn=TXN-KFK-OUT-001] [Consumer clientId=consumer-test-kafka-event-bus-1790683682892-3, groupId=test-kafka-event-bus-1790683682892] Notifying assignor about the new Assignment(partitions=[openfednow.payment.events-0, openfednow.payment.events-1, openfednow.payment.events-2])
2026-09-29T08:08:02.919-04:00 INFO  [main] o.a.k.c.c.i.ConsumerRebalanceListenerInvoker [req=?,e2e=E2E-KFK-OUT-001,txn=TXN-KFK-OUT-001] [Consumer clientId=consumer-test-kafka-event-bus-1790683682892-3, groupId=test-kafka-event-bus-1790683682892] Adding newly assigned partitions: openfednow.payment.events-0, openfednow.payment.events-1, openfednow.payment.events-2
2026-09-29T08:08:02.919-04:00 INFO  [main] o.a.k.c.c.internals.ConsumerCoordinator [req=?,e2e=E2E-KFK-OUT-001,txn=TXN-KFK-OUT-001] [Consumer clientId=consumer-test-kafka-event-bus-1790683682892-3, groupId=test-kafka-event-bus-1790683682892] Found no committed offset for partition openfednow.payment.events-0
2026-09-29T08:08:02.919-04:00 INFO  [main] o.a.k.c.c.internals.ConsumerCoordinator [req=?,e2e=E2E-KFK-OUT-001,txn=TXN-KFK-OUT-001] [Consumer clientId=consumer-test-kafka-event-bus-1790683682892-3, groupId=test-kafka-event-bus-1790683682892] Found no committed offset for partition openfednow.payment.events-1
2026-09-29T08:08:02.919-04:00 INFO  [main] o.a.k.c.c.internals.ConsumerCoordinator [req=?,e2e=E2E-KFK-OUT-001,txn=TXN-KFK-OUT-001] [Consumer clientId=consumer-test-kafka-event-bus-1790683682892-3, groupId=test-kafka-event-bus-1790683682892] Found no committed offset for partition openfednow.payment.events-2
2026-09-29T08:08:02.923-04:00 INFO  [main] o.a.k.c.c.internals.SubscriptionState [req=?,e2e=E2E-KFK-OUT-001,txn=TXN-KFK-OUT-001] [Consumer clientId=consumer-test-kafka-event-bus-1790683682892-3, groupId=test-kafka-event-bus-1790683682892] Resetting offset for partition openfednow.payment.events-0 to position FetchPosition{offset=0, offsetEpoch=Optional.empty, currentLeader=LeaderAndEpoch{leader=Optional[localhost:53582 (id: 1 rack: null)], epoch=0}}.
2026-09-29T08:08:02.923-04:00 INFO  [main] o.a.k.c.c.internals.SubscriptionState [req=?,e2e=E2E-KFK-OUT-001,txn=TXN-KFK-OUT-001] [Consumer clientId=consumer-test-kafka-event-bus-1790683682892-3, groupId=test-kafka-event-bus-1790683682892] Resetting offset for partition openfednow.payment.events-1 to position FetchPosition{offset=0, offsetEpoch=Optional.empty, currentLeader=LeaderAndEpoch{leader=Optional[localhost:53582 (id: 1 rack: null)], epoch=0}}.
2026-09-29T08:08:02.923-04:00 INFO  [main] o.a.k.c.c.internals.SubscriptionState [req=?,e2e=E2E-KFK-OUT-001,txn=TXN-KFK-OUT-001] [Consumer clientId=consumer-test-kafka-event-bus-1790683682892-3, groupId=test-kafka-event-bus-1790683682892] Resetting offset for partition openfednow.payment.events-2 to position FetchPosition{offset=0, offsetEpoch=Optional.empty, currentLeader=LeaderAndEpoch{leader=Optional[localhost:53582 (id: 1 rack: null)], epoch=0}}.
2026-09-29T08:08:02.929-04:00 INFO  [main] o.a.k.c.c.i.ConsumerRebalanceListenerInvoker [req=?,e2e=E2E-KFK-OUT-001,txn=TXN-KFK-OUT-001] [Consumer clientId=consumer-test-kafka-event-bus-1790683682892-3, groupId=test-kafka-event-bus-1790683682892] Revoke previously assigned partitions openfednow.payment.events-0, openfednow.payment.events-1, openfednow.payment.events-2
2026-09-29T08:08:02.929-04:00 INFO  [main] o.a.k.c.c.internals.ConsumerCoordinator [req=?,e2e=E2E-KFK-OUT-001,txn=TXN-KFK-OUT-001] [Consumer clientId=consumer-test-kafka-event-bus-1790683682892-3, groupId=test-kafka-event-bus-1790683682892] Member consumer-test-kafka-event-bus-1790683682892-3-b18a7952-b5d7-4028-8688-6cf9e5f45c58 sending LeaveGroup request to coordinator localhost:53582 (id: 2147483646 rack: null) due to the consumer is being closed
2026-09-29T08:08:02.929-04:00 INFO  [main] o.a.k.c.c.internals.ConsumerCoordinator [req=?,e2e=E2E-KFK-OUT-001,txn=TXN-KFK-OUT-001] [Consumer clientId=consumer-test-kafka-event-bus-1790683682892-3, groupId=test-kafka-event-bus-1790683682892] Resetting generation and member id due to: consumer pro-actively leaving the group
2026-09-29T08:08:02.929-04:00 INFO  [main] o.a.k.c.c.internals.ConsumerCoordinator [req=?,e2e=E2E-KFK-OUT-001,txn=TXN-KFK-OUT-001] [Consumer clientId=consumer-test-kafka-event-bus-1790683682892-3, groupId=test-kafka-event-bus-1790683682892] Request joining group due to: consumer pro-actively leaving the group
2026-09-29T08:08:03.435-04:00 INFO  [main] org.apache.kafka.common.metrics.Metrics [req=?,e2e=E2E-KFK-OUT-001,txn=TXN-KFK-OUT-001] Metrics scheduler closed
2026-09-29T08:08:03.436-04:00 INFO  [main] org.apache.kafka.common.metrics.Metrics [req=?,e2e=E2E-KFK-OUT-001,txn=TXN-KFK-OUT-001] Closing reporter org.apache.kafka.common.metrics.JmxReporter
2026-09-29T08:08:03.436-04:00 INFO  [main] org.apache.kafka.common.metrics.Metrics [req=?,e2e=E2E-KFK-OUT-001,txn=TXN-KFK-OUT-001] Closing reporter org.apache.kafka.common.telemetry.internals.ClientTelemetryReporter
2026-09-29T08:08:03.436-04:00 INFO  [main] org.apache.kafka.common.metrics.Metrics [req=?,e2e=E2E-KFK-OUT-001,txn=TXN-KFK-OUT-001] Metrics reporters closed
2026-09-29T08:08:03.437-04:00 INFO  [main] o.a.kafka.common.utils.AppInfoParser [req=?,e2e=E2E-KFK-OUT-001,txn=TXN-KFK-OUT-001] App info kafka.consumer for consumer-test-kafka-event-bus-1790683682892-3 unregistered
2026-09-29T08:08:03.448-04:00 INFO  [main] o.a.k.clients.consumer.ConsumerConfig [req=?,e2e=E2E-KFK-OUT-001,txn=TXN-KFK-OUT-001] ConsumerConfig values: 
	allow.auto.create.topics = true
	auto.commit.interval.ms = 5000
	auto.include.jmx.reporter = true
	auto.offset.reset = earliest
	bootstrap.servers = [PLAINTEXT://localhost:53582]
	check.crcs = true
	client.dns.lookup = use_all_dns_ips
	client.id = consumer-test-kafka-event-bus-1790683683447-4
	client.rack = 
	connections.max.idle.ms = 540000
	default.api.timeout.ms = 60000
	enable.auto.commit = true
	enable.metrics.push = true
	exclude.internal.topics = true
	fetch.max.bytes = 52428800
	fetch.max.wait.ms = 500
	fetch.min.bytes = 1
	group.id = test-kafka-event-bus-1790683683447
	group.instance.id = null
	group.protocol = classic
	group.remote.assignor = null
	heartbeat.interval.ms = 3000
	interceptor.classes = []
	internal.leave.group.on.close = true
	internal.throw.on.fetch.stable.offset.unsupported = false
	isolation.level = read_uncommitted
	key.deserializer = class org.apache.kafka.common.serialization.StringDeserializer
	max.partition.fetch.bytes = 1048576
	max.poll.interval.ms = 300000
	max.poll.records = 500
	metadata.max.age.ms = 300000
	metadata.recovery.strategy = none
	metric.reporters = []
	metrics.num.samples = 2
	metrics.recording.level = INFO
	metrics.sample.window.ms = 30000
	partition.assignment.strategy = [class org.apache.kafka.clients.consumer.RangeAssignor, class org.apache.kafka.clients.consumer.CooperativeStickyAssignor]
	receive.buffer.bytes = 65536
	reconnect.backoff.max.ms = 1000
	reconnect.backoff.ms = 50
	request.timeout.ms = 30000
	retry.backoff.max.ms = 1000
	retry.backoff.ms = 100
	sasl.client.callback.handler.class = null
	sasl.jaas.config = null
	sasl.kerberos.kinit.cmd = /usr/bin/kinit
	sasl.kerberos.min.time.before.relogin = 60000
	sasl.kerberos.service.name = null
	sasl.kerberos.ticket.renew.jitter = 0.05
	sasl.kerberos.ticket.renew.window.factor = 0.8
	sasl.login.callback.handler.class = null
	sasl.login.class = null
	sasl.login.connect.timeout.ms = null
	sasl.login.read.timeout.ms = null
	sasl.login.refresh.buffer.seconds = 300
	sasl.login.refresh.min.period.seconds = 60
	sasl.login.refresh.window.factor = 0.8
	sasl.login.refresh.window.jitter = 0.05
	sasl.login.retry.backoff.max.ms = 10000
	sasl.login.retry.backoff.ms = 100
	sasl.mechanism = GSSAPI
	sasl.oauthbearer.clock.skew.seconds = 30
	sasl.oauthbearer.expected.audience = null
	sasl.oauthbearer.expected.issuer = null
	sasl.oauthbearer.header.urlencode = false
	sasl.oauthbearer.jwks.endpoint.refresh.ms = 3600000
	sasl.oauthbearer.jwks.endpoint.retry.backoff.max.ms = 10000
	sasl.oauthbearer.jwks.endpoint.retry.backoff.ms = 100
	sasl.oauthbearer.jwks.endpoint.url = null
	sasl.oauthbearer.scope.claim.name = scope
	sasl.oauthbearer.sub.claim.name = sub
	sasl.oauthbearer.token.endpoint.url = null
	security.protocol = PLAINTEXT
	security.providers = null
	send.buffer.bytes = 131072
	session.timeout.ms = 45000
	socket.connection.setup.timeout.max.ms = 30000
	socket.connection.setup.timeout.ms = 10000
	ssl.cipher.suites = null
	ssl.enabled.protocols = [TLSv1.2, TLSv1.3]
	ssl.endpoint.identification.algorithm = https
	ssl.engine.factory.class = null
	ssl.key.password = null
	ssl.keymanager.algorithm = SunX509
	ssl.keystore.certificate.chain = null
	ssl.keystore.key = null
	ssl.keystore.location = null
	ssl.keystore.password = null
	ssl.keystore.type = JKS
	ssl.protocol = TLSv1.3
	ssl.provider = null
	ssl.secure.random.implementation = null
	ssl.trustmanager.algorithm = PKIX
	ssl.truststore.certificates = null
	ssl.truststore.location = null
	ssl.truststore.password = null
	ssl.truststore.type = JKS
	value.deserializer = class org.apache.kafka.common.serialization.StringDeserializer

2026-09-29T08:08:03.448-04:00 INFO  [main] o.a.k.c.t.i.KafkaMetricsCollector [req=?,e2e=E2E-KFK-OUT-001,txn=TXN-KFK-OUT-001] initializing Kafka metrics collector
2026-09-29T08:08:03.450-04:00 INFO  [main] o.a.kafka.common.utils.AppInfoParser [req=?,e2e=E2E-KFK-OUT-001,txn=TXN-KFK-OUT-001] Kafka version: 3.9.2
2026-09-29T08:08:03.450-04:00 INFO  [main] o.a.kafka.common.utils.AppInfoParser [req=?,e2e=E2E-KFK-OUT-001,txn=TXN-KFK-OUT-001] Kafka commitId: 5e9866f43ab8e7e4
2026-09-29T08:08:03.450-04:00 INFO  [main] o.a.kafka.common.utils.AppInfoParser [req=?,e2e=E2E-KFK-OUT-001,txn=TXN-KFK-OUT-001] Kafka startTimeMs: 1790683683450
2026-09-29T08:08:03.450-04:00 INFO  [main] o.a.k.c.c.internals.ClassicKafkaConsumer [req=?,e2e=E2E-KFK-OUT-001,txn=TXN-KFK-OUT-001] [Consumer clientId=consumer-test-kafka-event-bus-1790683683447-4, groupId=test-kafka-event-bus-1790683683447] Subscribed to topic(s): openfednow.payment.events
2026-09-29T08:08:03.450-04:00 INFO  [main] io.openfednow.gateway.MessageRouter [req=?,e2e=E2E-KFK-PFLD-001,txn=TXN-KFK-PFLD-001] Inbound credit transfer received amount=100.00 currency=USD sourceRail=FEDNOW
2026-09-29T08:08:03.453-04:00 INFO  [main] i.o.processing.saga.SagaOrchestrator [req=?,e2e=E2E-KFK-PFLD-001,txn=TXN-KFK-PFLD-001] Saga initiated sagaId=SAGA-e94f7db4-a6d6-4f5b-81a1-ab38dd83f58f transactionId=TXN-KFK-PFLD-001 e2e=E2E-KFK-PFLD-001 sourceRail=FEDNOW requestId=null
2026-09-29T08:08:03.454-04:00 INFO  [main] io.openfednow.shadowledger.ShadowLedger [req=?,e2e=E2E-KFK-PFLD-001,txn=TXN-KFK-PFLD-001] Shadow Ledger credit applied account=ACC-CREDITOR-001 amount=100.00 balanceAfter=100.00
2026-09-29T08:08:03.454-04:00 DEBUG [main] i.o.processing.saga.SagaOrchestrator [req=?,e2e=E2E-KFK-PFLD-001,txn=TXN-KFK-PFLD-001] Saga advanced sagaId=SAGA-e94f7db4-a6d6-4f5b-81a1-ab38dd83f58f state=FUNDS_RESERVED
2026-09-29T08:08:03.455-04:00 DEBUG [main] i.o.processing.saga.SagaOrchestrator [req=?,e2e=E2E-KFK-PFLD-001,txn=TXN-KFK-PFLD-001] Saga advanced sagaId=SAGA-e94f7db4-a6d6-4f5b-81a1-ab38dd83f58f state=CORE_SUBMITTED
2026-09-29T08:08:03.455-04:00 DEBUG [main] i.o.processing.saga.SagaOrchestrator [req=?,e2e=E2E-KFK-PFLD-001,txn=TXN-KFK-PFLD-001] Saga advanced sagaId=SAGA-e94f7db4-a6d6-4f5b-81a1-ab38dd83f58f state=FEDNOW_CONFIRMED
2026-09-29T08:08:03.455-04:00 DEBUG [main] i.o.processing.saga.SagaOrchestrator [req=?,e2e=E2E-KFK-PFLD-001,txn=TXN-KFK-PFLD-001] Saga advanced sagaId=SAGA-e94f7db4-a6d6-4f5b-81a1-ab38dd83f58f state=COMPLETED
2026-09-29T08:08:03.455-04:00 INFO  [main] io.openfednow.gateway.MessageRouter [req=?,e2e=E2E-KFK-PFLD-001,txn=TXN-KFK-PFLD-001] Inbound credit transfer status=ACSC rejectCode=null
2026-09-29T08:08:03.457-04:00 DEBUG [main] i.o.p.idempotency.IdempotencyService [req=?,e2e=E2E-KFK-PFLD-001,txn=TXN-KFK-PFLD-001] Idempotency outcome recorded e2e=E2E-KFK-PFLD-001 status=ACSC
2026-09-29T08:08:03.458-04:00 DEBUG [kafka-producer-network-thread | openfednow-producer-1] i.o.events.KafkaPaymentEventPublisher [req=?,e2e=?,txn=?] PaymentEvent published type=INBOUND_CREDIT_APPLIED txn=TXN-KFK-PFLD-001 schemaVersion=1.0 partition=2 offset=1
2026-09-29T08:08:03.462-04:00 INFO  [main] org.apache.kafka.clients.Metadata [req=?,e2e=E2E-KFK-PFLD-001,txn=TXN-KFK-PFLD-001] [Consumer clientId=consumer-test-kafka-event-bus-1790683683447-4, groupId=test-kafka-event-bus-1790683683447] Cluster ID: GlIL3K-GQrq1i8WXC36HhA
2026-09-29T08:08:03.463-04:00 INFO  [main] o.a.k.c.c.internals.ConsumerCoordinator [req=?,e2e=E2E-KFK-PFLD-001,txn=TXN-KFK-PFLD-001] [Consumer clientId=consumer-test-kafka-event-bus-1790683683447-4, groupId=test-kafka-event-bus-1790683683447] Discovered group coordinator localhost:53582 (id: 2147483646 rack: null)
2026-09-29T08:08:03.463-04:00 INFO  [main] o.a.k.c.c.internals.ConsumerCoordinator [req=?,e2e=E2E-KFK-PFLD-001,txn=TXN-KFK-PFLD-001] [Consumer clientId=consumer-test-kafka-event-bus-1790683683447-4, groupId=test-kafka-event-bus-1790683683447] (Re-)joining group
2026-09-29T08:08:03.466-04:00 INFO  [main] o.a.k.c.c.internals.ConsumerCoordinator [req=?,e2e=E2E-KFK-PFLD-001,txn=TXN-KFK-PFLD-001] [Consumer clientId=consumer-test-kafka-event-bus-1790683683447-4, groupId=test-kafka-event-bus-1790683683447] Request joining group due to: need to re-join with the given member-id: consumer-test-kafka-event-bus-1790683683447-4-c16d5cb5-89c0-4041-bf7a-f155ed372f57
2026-09-29T08:08:03.466-04:00 INFO  [main] o.a.k.c.c.internals.ConsumerCoordinator [req=?,e2e=E2E-KFK-PFLD-001,txn=TXN-KFK-PFLD-001] [Consumer clientId=consumer-test-kafka-event-bus-1790683683447-4, groupId=test-kafka-event-bus-1790683683447] (Re-)joining group
2026-09-29T08:08:03.469-04:00 INFO  [main] o.a.k.c.c.internals.ConsumerCoordinator [req=?,e2e=E2E-KFK-PFLD-001,txn=TXN-KFK-PFLD-001] [Consumer clientId=consumer-test-kafka-event-bus-1790683683447-4, groupId=test-kafka-event-bus-1790683683447] Successfully joined group with generation Generation{generationId=1, memberId='consumer-test-kafka-event-bus-1790683683447-4-c16d5cb5-89c0-4041-bf7a-f155ed372f57', protocol='range'}
2026-09-29T08:08:03.469-04:00 INFO  [main] o.a.k.c.c.internals.ConsumerCoordinator [req=?,e2e=E2E-KFK-PFLD-001,txn=TXN-KFK-PFLD-001] [Consumer clientId=consumer-test-kafka-event-bus-1790683683447-4, groupId=test-kafka-event-bus-1790683683447] Finished assignment for group at generation 1: {consumer-test-kafka-event-bus-1790683683447-4-c16d5cb5-89c0-4041-bf7a-f155ed372f57=Assignment(partitions=[openfednow.payment.events-0, openfednow.payment.events-1, openfednow.payment.events-2])}
2026-09-29T08:08:03.473-04:00 INFO  [main] o.a.k.c.c.internals.ConsumerCoordinator [req=?,e2e=E2E-KFK-PFLD-001,txn=TXN-KFK-PFLD-001] [Consumer clientId=consumer-test-kafka-event-bus-1790683683447-4, groupId=test-kafka-event-bus-1790683683447] Successfully synced group in generation Generation{generationId=1, memberId='consumer-test-kafka-event-bus-1790683683447-4-c16d5cb5-89c0-4041-bf7a-f155ed372f57', protocol='range'}
2026-09-29T08:08:03.473-04:00 INFO  [main] o.a.k.c.c.internals.ConsumerCoordinator [req=?,e2e=E2E-KFK-PFLD-001,txn=TXN-KFK-PFLD-001] [Consumer clientId=consumer-test-kafka-event-bus-1790683683447-4, groupId=test-kafka-event-bus-1790683683447] Notifying assignor about the new Assignment(partitions=[openfednow.payment.events-0, openfednow.payment.events-1, openfednow.payment.events-2])
2026-09-29T08:08:03.473-04:00 INFO  [main] o.a.k.c.c.i.ConsumerRebalanceListenerInvoker [req=?,e2e=E2E-KFK-PFLD-001,txn=TXN-KFK-PFLD-001] [Consumer clientId=consumer-test-kafka-event-bus-1790683683447-4, groupId=test-kafka-event-bus-1790683683447] Adding newly assigned partitions: openfednow.payment.events-0, openfednow.payment.events-1, openfednow.payment.events-2
2026-09-29T08:08:03.474-04:00 INFO  [main] o.a.k.c.c.internals.ConsumerCoordinator [req=?,e2e=E2E-KFK-PFLD-001,txn=TXN-KFK-PFLD-001] [Consumer clientId=consumer-test-kafka-event-bus-1790683683447-4, groupId=test-kafka-event-bus-1790683683447] Found no committed offset for partition openfednow.payment.events-0
2026-09-29T08:08:03.474-04:00 INFO  [main] o.a.k.c.c.internals.ConsumerCoordinator [req=?,e2e=E2E-KFK-PFLD-001,txn=TXN-KFK-PFLD-001] [Consumer clientId=consumer-test-kafka-event-bus-1790683683447-4, groupId=test-kafka-event-bus-1790683683447] Found no committed offset for partition openfednow.payment.events-1
2026-09-29T08:08:03.474-04:00 INFO  [main] o.a.k.c.c.internals.ConsumerCoordinator [req=?,e2e=E2E-KFK-PFLD-001,txn=TXN-KFK-PFLD-001] [Consumer clientId=consumer-test-kafka-event-bus-1790683683447-4, groupId=test-kafka-event-bus-1790683683447] Found no committed offset for partition openfednow.payment.events-2
2026-09-29T08:08:03.477-04:00 INFO  [main] o.a.k.c.c.internals.SubscriptionState [req=?,e2e=E2E-KFK-PFLD-001,txn=TXN-KFK-PFLD-001] [Consumer clientId=consumer-test-kafka-event-bus-1790683683447-4, groupId=test-kafka-event-bus-1790683683447] Resetting offset for partition openfednow.payment.events-0 to position FetchPosition{offset=0, offsetEpoch=Optional.empty, currentLeader=LeaderAndEpoch{leader=Optional[localhost:53582 (id: 1 rack: null)], epoch=0}}.
2026-09-29T08:08:03.477-04:00 INFO  [main] o.a.k.c.c.internals.SubscriptionState [req=?,e2e=E2E-KFK-PFLD-001,txn=TXN-KFK-PFLD-001] [Consumer clientId=consumer-test-kafka-event-bus-1790683683447-4, groupId=test-kafka-event-bus-1790683683447] Resetting offset for partition openfednow.payment.events-1 to position FetchPosition{offset=0, offsetEpoch=Optional.empty, currentLeader=LeaderAndEpoch{leader=Optional[localhost:53582 (id: 1 rack: null)], epoch=0}}.
2026-09-29T08:08:03.477-04:00 INFO  [main] o.a.k.c.c.internals.SubscriptionState [req=?,e2e=E2E-KFK-PFLD-001,txn=TXN-KFK-PFLD-001] [Consumer clientId=consumer-test-kafka-event-bus-1790683683447-4, groupId=test-kafka-event-bus-1790683683447] Resetting offset for partition openfednow.payment.events-2 to position FetchPosition{offset=0, offsetEpoch=Optional.empty, currentLeader=LeaderAndEpoch{leader=Optional[localhost:53582 (id: 1 rack: null)], epoch=0}}.
2026-09-29T08:08:03.482-04:00 INFO  [main] o.a.k.c.c.i.ConsumerRebalanceListenerInvoker [req=?,e2e=E2E-KFK-PFLD-001,txn=TXN-KFK-PFLD-001] [Consumer clientId=consumer-test-kafka-event-bus-1790683683447-4, groupId=test-kafka-event-bus-1790683683447] Revoke previously assigned partitions openfednow.payment.events-0, openfednow.payment.events-1, openfednow.payment.events-2
2026-09-29T08:08:03.482-04:00 INFO  [main] o.a.k.c.c.internals.ConsumerCoordinator [req=?,e2e=E2E-KFK-PFLD-001,txn=TXN-KFK-PFLD-001] [Consumer clientId=consumer-test-kafka-event-bus-1790683683447-4, groupId=test-kafka-event-bus-1790683683447] Member consumer-test-kafka-event-bus-1790683683447-4-c16d5cb5-89c0-4041-bf7a-f155ed372f57 sending LeaveGroup request to coordinator localhost:53582 (id: 2147483646 rack: null) due to the consumer is being closed
2026-09-29T08:08:03.482-04:00 INFO  [main] o.a.k.c.c.internals.ConsumerCoordinator [req=?,e2e=E2E-KFK-PFLD-001,txn=TXN-KFK-PFLD-001] [Consumer clientId=consumer-test-kafka-event-bus-1790683683447-4, groupId=test-kafka-event-bus-1790683683447] Resetting generation and member id due to: consumer pro-actively leaving the group
2026-09-29T08:08:03.482-04:00 INFO  [main] o.a.k.c.c.internals.ConsumerCoordinator [req=?,e2e=E2E-KFK-PFLD-001,txn=TXN-KFK-PFLD-001] [Consumer clientId=consumer-test-kafka-event-bus-1790683683447-4, groupId=test-kafka-event-bus-1790683683447] Request joining group due to: consumer pro-actively leaving the group
2026-09-29T08:08:03.985-04:00 INFO  [main] org.apache.kafka.common.metrics.Metrics [req=?,e2e=E2E-KFK-PFLD-001,txn=TXN-KFK-PFLD-001] Metrics scheduler closed
2026-09-29T08:08:03.986-04:00 INFO  [main] org.apache.kafka.common.metrics.Metrics [req=?,e2e=E2E-KFK-PFLD-001,txn=TXN-KFK-PFLD-001] Closing reporter org.apache.kafka.common.metrics.JmxReporter
2026-09-29T08:08:03.986-04:00 INFO  [main] org.apache.kafka.common.metrics.Metrics [req=?,e2e=E2E-KFK-PFLD-001,txn=TXN-KFK-PFLD-001] Closing reporter org.apache.kafka.common.telemetry.internals.ClientTelemetryReporter
2026-09-29T08:08:03.986-04:00 INFO  [main] org.apache.kafka.common.metrics.Metrics [req=?,e2e=E2E-KFK-PFLD-001,txn=TXN-KFK-PFLD-001] Metrics reporters closed
2026-09-29T08:08:03.988-04:00 INFO  [main] o.a.kafka.common.utils.AppInfoParser [req=?,e2e=E2E-KFK-PFLD-001,txn=TXN-KFK-PFLD-001] App info kafka.consumer for consumer-test-kafka-event-bus-1790683683447-4 unregistered
2026-09-29T08:08:03.999-04:00 INFO  [main] o.a.k.clients.consumer.ConsumerConfig [req=?,e2e=E2E-KFK-PFLD-001,txn=TXN-KFK-PFLD-001] ConsumerConfig values: 
	allow.auto.create.topics = true
	auto.commit.interval.ms = 5000
	auto.include.jmx.reporter = true
	auto.offset.reset = earliest
	bootstrap.servers = [PLAINTEXT://localhost:53582]
	check.crcs = true
	client.dns.lookup = use_all_dns_ips
	client.id = consumer-test-kafka-event-bus-1790683683998-5
	client.rack = 
	connections.max.idle.ms = 540000
	default.api.timeout.ms = 60000
	enable.auto.commit = true
	enable.metrics.push = true
	exclude.internal.topics = true
	fetch.max.bytes = 52428800
	fetch.max.wait.ms = 500
	fetch.min.bytes = 1
	group.id = test-kafka-event-bus-1790683683998
	group.instance.id = null
	group.protocol = classic
	group.remote.assignor = null
	heartbeat.interval.ms = 3000
	interceptor.classes = []
	internal.leave.group.on.close = true
	internal.throw.on.fetch.stable.offset.unsupported = false
	isolation.level = read_uncommitted
	key.deserializer = class org.apache.kafka.common.serialization.StringDeserializer
	max.partition.fetch.bytes = 1048576
	max.poll.interval.ms = 300000
	max.poll.records = 500
	metadata.max.age.ms = 300000
	metadata.recovery.strategy = none
	metric.reporters = []
	metrics.num.samples = 2
	metrics.recording.level = INFO
	metrics.sample.window.ms = 30000
	partition.assignment.strategy = [class org.apache.kafka.clients.consumer.RangeAssignor, class org.apache.kafka.clients.consumer.CooperativeStickyAssignor]
	receive.buffer.bytes = 65536
	reconnect.backoff.max.ms = 1000
	reconnect.backoff.ms = 50
	request.timeout.ms = 30000
	retry.backoff.max.ms = 1000
	retry.backoff.ms = 100
	sasl.client.callback.handler.class = null
	sasl.jaas.config = null
	sasl.kerberos.kinit.cmd = /usr/bin/kinit
	sasl.kerberos.min.time.before.relogin = 60000
	sasl.kerberos.service.name = null
	sasl.kerberos.ticket.renew.jitter = 0.05
	sasl.kerberos.ticket.renew.window.factor = 0.8
	sasl.login.callback.handler.class = null
	sasl.login.class = null
	sasl.login.connect.timeout.ms = null
	sasl.login.read.timeout.ms = null
	sasl.login.refresh.buffer.seconds = 300
	sasl.login.refresh.min.period.seconds = 60
	sasl.login.refresh.window.factor = 0.8
	sasl.login.refresh.window.jitter = 0.05
	sasl.login.retry.backoff.max.ms = 10000
	sasl.login.retry.backoff.ms = 100
	sasl.mechanism = GSSAPI
	sasl.oauthbearer.clock.skew.seconds = 30
	sasl.oauthbearer.expected.audience = null
	sasl.oauthbearer.expected.issuer = null
	sasl.oauthbearer.header.urlencode = false
	sasl.oauthbearer.jwks.endpoint.refresh.ms = 3600000
	sasl.oauthbearer.jwks.endpoint.retry.backoff.max.ms = 10000
	sasl.oauthbearer.jwks.endpoint.retry.backoff.ms = 100
	sasl.oauthbearer.jwks.endpoint.url = null
	sasl.oauthbearer.scope.claim.name = scope
	sasl.oauthbearer.sub.claim.name = sub
	sasl.oauthbearer.token.endpoint.url = null
	security.protocol = PLAINTEXT
	security.providers = null
	send.buffer.bytes = 131072
	session.timeout.ms = 45000
	socket.connection.setup.timeout.max.ms = 30000
	socket.connection.setup.timeout.ms = 10000
	ssl.cipher.suites = null
	ssl.enabled.protocols = [TLSv1.2, TLSv1.3]
	ssl.endpoint.identification.algorithm = https
	ssl.engine.factory.class = null
	ssl.key.password = null
	ssl.keymanager.algorithm = SunX509
	ssl.keystore.certificate.chain = null
	ssl.keystore.key = null
	ssl.keystore.location = null
	ssl.keystore.password = null
	ssl.keystore.type = JKS
	ssl.protocol = TLSv1.3
	ssl.provider = null
	ssl.secure.random.implementation = null
	ssl.trustmanager.algorithm = PKIX
	ssl.truststore.certificates = null
	ssl.truststore.location = null
	ssl.truststore.password = null
	ssl.truststore.type = JKS
	value.deserializer = class org.apache.kafka.common.serialization.StringDeserializer

2026-09-29T08:08:03.999-04:00 INFO  [main] o.a.k.c.t.i.KafkaMetricsCollector [req=?,e2e=E2E-KFK-PFLD-001,txn=TXN-KFK-PFLD-001] initializing Kafka metrics collector
2026-09-29T08:08:04.000-04:00 INFO  [main] o.a.kafka.common.utils.AppInfoParser [req=?,e2e=E2E-KFK-PFLD-001,txn=TXN-KFK-PFLD-001] Kafka version: 3.9.2
2026-09-29T08:08:04.001-04:00 INFO  [main] o.a.kafka.common.utils.AppInfoParser [req=?,e2e=E2E-KFK-PFLD-001,txn=TXN-KFK-PFLD-001] Kafka commitId: 5e9866f43ab8e7e4
2026-09-29T08:08:04.001-04:00 INFO  [main] o.a.kafka.common.utils.AppInfoParser [req=?,e2e=E2E-KFK-PFLD-001,txn=TXN-KFK-PFLD-001] Kafka startTimeMs: 1790683684000
2026-09-29T08:08:04.001-04:00 INFO  [main] o.a.k.c.c.internals.ClassicKafkaConsumer [req=?,e2e=E2E-KFK-PFLD-001,txn=TXN-KFK-PFLD-001] [Consumer clientId=consumer-test-kafka-event-bus-1790683683998-5, groupId=test-kafka-event-bus-1790683683998] Subscribed to topic(s): openfednow.payment.events
2026-09-29T08:08:04.001-04:00 INFO  [main] io.openfednow.gateway.MessageRouter [req=?,e2e=E2E-KFK-IN-001,txn=TXN-KFK-IN-001] Inbound credit transfer received amount=250.00 currency=USD sourceRail=FEDNOW
2026-09-29T08:08:04.003-04:00 INFO  [main] i.o.processing.saga.SagaOrchestrator [req=?,e2e=E2E-KFK-IN-001,txn=TXN-KFK-IN-001] Saga initiated sagaId=SAGA-851219eb-dd17-44eb-91f8-86140a4e9438 transactionId=TXN-KFK-IN-001 e2e=E2E-KFK-IN-001 sourceRail=FEDNOW requestId=null
2026-09-29T08:08:04.004-04:00 INFO  [main] io.openfednow.shadowledger.ShadowLedger [req=?,e2e=E2E-KFK-IN-001,txn=TXN-KFK-IN-001] Shadow Ledger credit applied account=ACC-CREDITOR-001 amount=250.00 balanceAfter=250.00
2026-09-29T08:08:04.005-04:00 DEBUG [main] i.o.processing.saga.SagaOrchestrator [req=?,e2e=E2E-KFK-IN-001,txn=TXN-KFK-IN-001] Saga advanced sagaId=SAGA-851219eb-dd17-44eb-91f8-86140a4e9438 state=FUNDS_RESERVED
2026-09-29T08:08:04.005-04:00 DEBUG [main] i.o.processing.saga.SagaOrchestrator [req=?,e2e=E2E-KFK-IN-001,txn=TXN-KFK-IN-001] Saga advanced sagaId=SAGA-851219eb-dd17-44eb-91f8-86140a4e9438 state=CORE_SUBMITTED
2026-09-29T08:08:04.005-04:00 DEBUG [main] i.o.processing.saga.SagaOrchestrator [req=?,e2e=E2E-KFK-IN-001,txn=TXN-KFK-IN-001] Saga advanced sagaId=SAGA-851219eb-dd17-44eb-91f8-86140a4e9438 state=FEDNOW_CONFIRMED
2026-09-29T08:08:04.006-04:00 DEBUG [main] i.o.processing.saga.SagaOrchestrator [req=?,e2e=E2E-KFK-IN-001,txn=TXN-KFK-IN-001] Saga advanced sagaId=SAGA-851219eb-dd17-44eb-91f8-86140a4e9438 state=COMPLETED
2026-09-29T08:08:04.006-04:00 INFO  [main] io.openfednow.gateway.MessageRouter [req=?,e2e=E2E-KFK-IN-001,txn=TXN-KFK-IN-001] Inbound credit transfer status=ACSC rejectCode=null
2026-09-29T08:08:04.007-04:00 DEBUG [main] i.o.p.idempotency.IdempotencyService [req=?,e2e=E2E-KFK-IN-001,txn=TXN-KFK-IN-001] Idempotency outcome recorded e2e=E2E-KFK-IN-001 status=ACSC
2026-09-29T08:08:04.009-04:00 DEBUG [kafka-producer-network-thread | openfednow-producer-1] i.o.events.KafkaPaymentEventPublisher [req=?,e2e=?,txn=?] PaymentEvent published type=INBOUND_CREDIT_APPLIED txn=TXN-KFK-IN-001 schemaVersion=1.0 partition=1 offset=2
2026-09-29T08:08:04.012-04:00 INFO  [main] org.apache.kafka.clients.Metadata [req=?,e2e=E2E-KFK-IN-001,txn=TXN-KFK-IN-001] [Consumer clientId=consumer-test-kafka-event-bus-1790683683998-5, groupId=test-kafka-event-bus-1790683683998] Cluster ID: GlIL3K-GQrq1i8WXC36HhA
2026-09-29T08:08:04.012-04:00 INFO  [main] o.a.k.c.c.internals.ConsumerCoordinator [req=?,e2e=E2E-KFK-IN-001,txn=TXN-KFK-IN-001] [Consumer clientId=consumer-test-kafka-event-bus-1790683683998-5, groupId=test-kafka-event-bus-1790683683998] Discovered group coordinator localhost:53582 (id: 2147483646 rack: null)
2026-09-29T08:08:04.013-04:00 INFO  [main] o.a.k.c.c.internals.ConsumerCoordinator [req=?,e2e=E2E-KFK-IN-001,txn=TXN-KFK-IN-001] [Consumer clientId=consumer-test-kafka-event-bus-1790683683998-5, groupId=test-kafka-event-bus-1790683683998] (Re-)joining group
2026-09-29T08:08:04.016-04:00 INFO  [main] o.a.k.c.c.internals.ConsumerCoordinator [req=?,e2e=E2E-KFK-IN-001,txn=TXN-KFK-IN-001] [Consumer clientId=consumer-test-kafka-event-bus-1790683683998-5, groupId=test-kafka-event-bus-1790683683998] Request joining group due to: need to re-join with the given member-id: consumer-test-kafka-event-bus-1790683683998-5-8523a2e3-84b4-4664-8859-cdf108010764
2026-09-29T08:08:04.016-04:00 INFO  [main] o.a.k.c.c.internals.ConsumerCoordinator [req=?,e2e=E2E-KFK-IN-001,txn=TXN-KFK-IN-001] [Consumer clientId=consumer-test-kafka-event-bus-1790683683998-5, groupId=test-kafka-event-bus-1790683683998] (Re-)joining group
2026-09-29T08:08:04.020-04:00 INFO  [main] o.a.k.c.c.internals.ConsumerCoordinator [req=?,e2e=E2E-KFK-IN-001,txn=TXN-KFK-IN-001] [Consumer clientId=consumer-test-kafka-event-bus-1790683683998-5, groupId=test-kafka-event-bus-1790683683998] Successfully joined group with generation Generation{generationId=1, memberId='consumer-test-kafka-event-bus-1790683683998-5-8523a2e3-84b4-4664-8859-cdf108010764', protocol='range'}
2026-09-29T08:08:04.020-04:00 INFO  [main] o.a.k.c.c.internals.ConsumerCoordinator [req=?,e2e=E2E-KFK-IN-001,txn=TXN-KFK-IN-001] [Consumer clientId=consumer-test-kafka-event-bus-1790683683998-5, groupId=test-kafka-event-bus-1790683683998] Finished assignment for group at generation 1: {consumer-test-kafka-event-bus-1790683683998-5-8523a2e3-84b4-4664-8859-cdf108010764=Assignment(partitions=[openfednow.payment.events-0, openfednow.payment.events-1, openfednow.payment.events-2])}
2026-09-29T08:08:04.024-04:00 INFO  [main] o.a.k.c.c.internals.ConsumerCoordinator [req=?,e2e=E2E-KFK-IN-001,txn=TXN-KFK-IN-001] [Consumer clientId=consumer-test-kafka-event-bus-1790683683998-5, groupId=test-kafka-event-bus-1790683683998] Successfully synced group in generation Generation{generationId=1, memberId='consumer-test-kafka-event-bus-1790683683998-5-8523a2e3-84b4-4664-8859-cdf108010764', protocol='range'}
2026-09-29T08:08:04.024-04:00 INFO  [main] o.a.k.c.c.internals.ConsumerCoordinator [req=?,e2e=E2E-KFK-IN-001,txn=TXN-KFK-IN-001] [Consumer clientId=consumer-test-kafka-event-bus-1790683683998-5, groupId=test-kafka-event-bus-1790683683998] Notifying assignor about the new Assignment(partitions=[openfednow.payment.events-0, openfednow.payment.events-1, openfednow.payment.events-2])
2026-09-29T08:08:04.024-04:00 INFO  [main] o.a.k.c.c.i.ConsumerRebalanceListenerInvoker [req=?,e2e=E2E-KFK-IN-001,txn=TXN-KFK-IN-001] [Consumer clientId=consumer-test-kafka-event-bus-1790683683998-5, groupId=test-kafka-event-bus-1790683683998] Adding newly assigned partitions: openfednow.payment.events-0, openfednow.payment.events-1, openfednow.payment.events-2
2026-09-29T08:08:04.025-04:00 INFO  [main] o.a.k.c.c.internals.ConsumerCoordinator [req=?,e2e=E2E-KFK-IN-001,txn=TXN-KFK-IN-001] [Consumer clientId=consumer-test-kafka-event-bus-1790683683998-5, groupId=test-kafka-event-bus-1790683683998] Found no committed offset for partition openfednow.payment.events-0
2026-09-29T08:08:04.025-04:00 INFO  [main] o.a.k.c.c.internals.ConsumerCoordinator [req=?,e2e=E2E-KFK-IN-001,txn=TXN-KFK-IN-001] [Consumer clientId=consumer-test-kafka-event-bus-1790683683998-5, groupId=test-kafka-event-bus-1790683683998] Found no committed offset for partition openfednow.payment.events-1
2026-09-29T08:08:04.025-04:00 INFO  [main] o.a.k.c.c.internals.ConsumerCoordinator [req=?,e2e=E2E-KFK-IN-001,txn=TXN-KFK-IN-001] [Consumer clientId=consumer-test-kafka-event-bus-1790683683998-5, groupId=test-kafka-event-bus-1790683683998] Found no committed offset for partition openfednow.payment.events-2
2026-09-29T08:08:04.029-04:00 INFO  [main] o.a.k.c.c.internals.SubscriptionState [req=?,e2e=E2E-KFK-IN-001,txn=TXN-KFK-IN-001] [Consumer clientId=consumer-test-kafka-event-bus-1790683683998-5, groupId=test-kafka-event-bus-1790683683998] Resetting offset for partition openfednow.payment.events-0 to position FetchPosition{offset=0, offsetEpoch=Optional.empty, currentLeader=LeaderAndEpoch{leader=Optional[localhost:53582 (id: 1 rack: null)], epoch=0}}.
2026-09-29T08:08:04.029-04:00 INFO  [main] o.a.k.c.c.internals.SubscriptionState [req=?,e2e=E2E-KFK-IN-001,txn=TXN-KFK-IN-001] [Consumer clientId=consumer-test-kafka-event-bus-1790683683998-5, groupId=test-kafka-event-bus-1790683683998] Resetting offset for partition openfednow.payment.events-1 to position FetchPosition{offset=0, offsetEpoch=Optional.empty, currentLeader=LeaderAndEpoch{leader=Optional[localhost:53582 (id: 1 rack: null)], epoch=0}}.
2026-09-29T08:08:04.029-04:00 INFO  [main] o.a.k.c.c.internals.SubscriptionState [req=?,e2e=E2E-KFK-IN-001,txn=TXN-KFK-IN-001] [Consumer clientId=consumer-test-kafka-event-bus-1790683683998-5, groupId=test-kafka-event-bus-1790683683998] Resetting offset for partition openfednow.payment.events-2 to position FetchPosition{offset=0, offsetEpoch=Optional.empty, currentLeader=LeaderAndEpoch{leader=Optional[localhost:53582 (id: 1 rack: null)], epoch=0}}.
2026-09-29T08:08:04.034-04:00 INFO  [main] o.a.k.c.c.i.ConsumerRebalanceListenerInvoker [req=?,e2e=E2E-KFK-IN-001,txn=TXN-KFK-IN-001] [Consumer clientId=consumer-test-kafka-event-bus-1790683683998-5, groupId=test-kafka-event-bus-1790683683998] Revoke previously assigned partitions openfednow.payment.events-0, openfednow.payment.events-1, openfednow.payment.events-2
2026-09-29T08:08:04.035-04:00 INFO  [main] o.a.k.c.c.internals.ConsumerCoordinator [req=?,e2e=E2E-KFK-IN-001,txn=TXN-KFK-IN-001] [Consumer clientId=consumer-test-kafka-event-bus-1790683683998-5, groupId=test-kafka-event-bus-1790683683998] Member consumer-test-kafka-event-bus-1790683683998-5-8523a2e3-84b4-4664-8859-cdf108010764 sending LeaveGroup request to coordinator localhost:53582 (id: 2147483646 rack: null) due to the consumer is being closed
2026-09-29T08:08:04.035-04:00 INFO  [main] o.a.k.c.c.internals.ConsumerCoordinator [req=?,e2e=E2E-KFK-IN-001,txn=TXN-KFK-IN-001] [Consumer clientId=consumer-test-kafka-event-bus-1790683683998-5, groupId=test-kafka-event-bus-1790683683998] Resetting generation and member id due to: consumer pro-actively leaving the group
2026-09-29T08:08:04.035-04:00 INFO  [main] o.a.k.c.c.internals.ConsumerCoordinator [req=?,e2e=E2E-KFK-IN-001,txn=TXN-KFK-IN-001] [Consumer clientId=consumer-test-kafka-event-bus-1790683683998-5, groupId=test-kafka-event-bus-1790683683998] Request joining group due to: consumer pro-actively leaving the group
2026-09-29T08:08:04.536-04:00 INFO  [main] org.apache.kafka.common.metrics.Metrics [req=?,e2e=E2E-KFK-IN-001,txn=TXN-KFK-IN-001] Metrics scheduler closed
2026-09-29T08:08:04.536-04:00 INFO  [main] org.apache.kafka.common.metrics.Metrics [req=?,e2e=E2E-KFK-IN-001,txn=TXN-KFK-IN-001] Closing reporter org.apache.kafka.common.metrics.JmxReporter
2026-09-29T08:08:04.536-04:00 INFO  [main] org.apache.kafka.common.metrics.Metrics [req=?,e2e=E2E-KFK-IN-001,txn=TXN-KFK-IN-001] Closing reporter org.apache.kafka.common.telemetry.internals.ClientTelemetryReporter
2026-09-29T08:08:04.536-04:00 INFO  [main] org.apache.kafka.common.metrics.Metrics [req=?,e2e=E2E-KFK-IN-001,txn=TXN-KFK-IN-001] Metrics reporters closed
2026-09-29T08:08:04.537-04:00 INFO  [main] o.a.kafka.common.utils.AppInfoParser [req=?,e2e=E2E-KFK-IN-001,txn=TXN-KFK-IN-001] App info kafka.consumer for consumer-test-kafka-event-bus-1790683683998-5 unregistered
2026-09-29T08:08:04.549-04:00 INFO  [main] o.a.k.clients.consumer.ConsumerConfig [req=?,e2e=E2E-KFK-IN-001,txn=TXN-KFK-IN-001] ConsumerConfig values: 
	allow.auto.create.topics = true
	auto.commit.interval.ms = 5000
	auto.include.jmx.reporter = true
	auto.offset.reset = earliest
	bootstrap.servers = [PLAINTEXT://localhost:53582]
	check.crcs = true
	client.dns.lookup = use_all_dns_ips
	client.id = consumer-test-kafka-event-bus-1790683684548-6
	client.rack = 
	connections.max.idle.ms = 540000
	default.api.timeout.ms = 60000
	enable.auto.commit = true
	enable.metrics.push = true
	exclude.internal.topics = true
	fetch.max.bytes = 52428800
	fetch.max.wait.ms = 500
	fetch.min.bytes = 1
	group.id = test-kafka-event-bus-1790683684548
	group.instance.id = null
	group.protocol = classic
	group.remote.assignor = null
	heartbeat.interval.ms = 3000
	interceptor.classes = []
	internal.leave.group.on.close = true
	internal.throw.on.fetch.stable.offset.unsupported = false
	isolation.level = read_uncommitted
	key.deserializer = class org.apache.kafka.common.serialization.StringDeserializer
	max.partition.fetch.bytes = 1048576
	max.poll.interval.ms = 300000
	max.poll.records = 500
	metadata.max.age.ms = 300000
	metadata.recovery.strategy = none
	metric.reporters = []
	metrics.num.samples = 2
	metrics.recording.level = INFO
	metrics.sample.window.ms = 30000
	partition.assignment.strategy = [class org.apache.kafka.clients.consumer.RangeAssignor, class org.apache.kafka.clients.consumer.CooperativeStickyAssignor]
	receive.buffer.bytes = 65536
	reconnect.backoff.max.ms = 1000
	reconnect.backoff.ms = 50
	request.timeout.ms = 30000
	retry.backoff.max.ms = 1000
	retry.backoff.ms = 100
	sasl.client.callback.handler.class = null
	sasl.jaas.config = null
	sasl.kerberos.kinit.cmd = /usr/bin/kinit
	sasl.kerberos.min.time.before.relogin = 60000
	sasl.kerberos.service.name = null
	sasl.kerberos.ticket.renew.jitter = 0.05
	sasl.kerberos.ticket.renew.window.factor = 0.8
	sasl.login.callback.handler.class = null
	sasl.login.class = null
	sasl.login.connect.timeout.ms = null
	sasl.login.read.timeout.ms = null
	sasl.login.refresh.buffer.seconds = 300
	sasl.login.refresh.min.period.seconds = 60
	sasl.login.refresh.window.factor = 0.8
	sasl.login.refresh.window.jitter = 0.05
	sasl.login.retry.backoff.max.ms = 10000
	sasl.login.retry.backoff.ms = 100
	sasl.mechanism = GSSAPI
	sasl.oauthbearer.clock.skew.seconds = 30
	sasl.oauthbearer.expected.audience = null
	sasl.oauthbearer.expected.issuer = null
	sasl.oauthbearer.header.urlencode = false
	sasl.oauthbearer.jwks.endpoint.refresh.ms = 3600000
	sasl.oauthbearer.jwks.endpoint.retry.backoff.max.ms = 10000
	sasl.oauthbearer.jwks.endpoint.retry.backoff.ms = 100
	sasl.oauthbearer.jwks.endpoint.url = null
	sasl.oauthbearer.scope.claim.name = scope
	sasl.oauthbearer.sub.claim.name = sub
	sasl.oauthbearer.token.endpoint.url = null
	security.protocol = PLAINTEXT
	security.providers = null
	send.buffer.bytes = 131072
	session.timeout.ms = 45000
	socket.connection.setup.timeout.max.ms = 30000
	socket.connection.setup.timeout.ms = 10000
	ssl.cipher.suites = null
	ssl.enabled.protocols = [TLSv1.2, TLSv1.3]
	ssl.endpoint.identification.algorithm = https
	ssl.engine.factory.class = null
	ssl.key.password = null
	ssl.keymanager.algorithm = SunX509
	ssl.keystore.certificate.chain = null
	ssl.keystore.key = null
	ssl.keystore.location = null
	ssl.keystore.password = null
	ssl.keystore.type = JKS
	ssl.protocol = TLSv1.3
	ssl.provider = null
	ssl.secure.random.implementation = null
	ssl.trustmanager.algorithm = PKIX
	ssl.truststore.certificates = null
	ssl.truststore.location = null
	ssl.truststore.password = null
	ssl.truststore.type = JKS
	value.deserializer = class org.apache.kafka.common.serialization.StringDeserializer

2026-09-29T08:08:04.549-04:00 INFO  [main] o.a.k.c.t.i.KafkaMetricsCollector [req=?,e2e=E2E-KFK-IN-001,txn=TXN-KFK-IN-001] initializing Kafka metrics collector
2026-09-29T08:08:04.551-04:00 INFO  [main] o.a.kafka.common.utils.AppInfoParser [req=?,e2e=E2E-KFK-IN-001,txn=TXN-KFK-IN-001] Kafka version: 3.9.2
2026-09-29T08:08:04.551-04:00 INFO  [main] o.a.kafka.common.utils.AppInfoParser [req=?,e2e=E2E-KFK-IN-001,txn=TXN-KFK-IN-001] Kafka commitId: 5e9866f43ab8e7e4
2026-09-29T08:08:04.551-04:00 INFO  [main] o.a.kafka.common.utils.AppInfoParser [req=?,e2e=E2E-KFK-IN-001,txn=TXN-KFK-IN-001] Kafka startTimeMs: 1790683684551
2026-09-29T08:08:04.551-04:00 INFO  [main] o.a.k.c.c.internals.ClassicKafkaConsumer [req=?,e2e=E2E-KFK-IN-001,txn=TXN-KFK-IN-001] [Consumer clientId=consumer-test-kafka-event-bus-1790683684548-6, groupId=test-kafka-event-bus-1790683684548] Subscribed to topic(s): openfednow.payment.events
2026-09-29T08:08:04.551-04:00 INFO  [main] io.openfednow.gateway.MessageRouter [req=?,e2e=E2E-KFK-IN-002-RJCT,txn=TXN-KFK-IN-002] Inbound credit transfer received amount=100.00 currency=USD sourceRail=FEDNOW
2026-09-29T08:08:04.553-04:00 INFO  [main] i.o.processing.saga.SagaOrchestrator [req=?,e2e=E2E-KFK-IN-002-RJCT,txn=TXN-KFK-IN-002] Saga initiated sagaId=SAGA-5b0d42d9-10d8-4977-aad5-5c0fe2756371 transactionId=TXN-KFK-IN-002 e2e=E2E-KFK-IN-002-RJCT sourceRail=FEDNOW requestId=null
2026-09-29T08:08:04.555-04:00 INFO  [main] i.o.processing.saga.SagaOrchestrator [req=?,e2e=E2E-KFK-IN-002-RJCT,txn=TXN-KFK-IN-002] Saga compensation starting sagaId=SAGA-5b0d42d9-10d8-4977-aad5-5c0fe2756371 fromState=INITIATED reason=AM04
2026-09-29T08:08:04.556-04:00 INFO  [main] i.o.processing.saga.SagaOrchestrator [req=?,e2e=E2E-KFK-IN-002-RJCT,txn=TXN-KFK-IN-002] Saga compensation complete sagaId=SAGA-5b0d42d9-10d8-4977-aad5-5c0fe2756371
2026-09-29T08:08:04.557-04:00 INFO  [main] io.openfednow.gateway.MessageRouter [req=?,e2e=E2E-KFK-IN-002-RJCT,txn=TXN-KFK-IN-002] Inbound credit transfer status=RJCT rejectCode=AM04
2026-09-29T08:08:04.558-04:00 DEBUG [main] i.o.p.idempotency.IdempotencyService [req=?,e2e=E2E-KFK-IN-002-RJCT,txn=TXN-KFK-IN-002] Idempotency outcome recorded e2e=E2E-KFK-IN-002-RJCT status=RJCT
2026-09-29T08:08:04.560-04:00 DEBUG [kafka-producer-network-thread | openfednow-producer-1] i.o.events.KafkaPaymentEventPublisher [req=?,e2e=?,txn=?] PaymentEvent published type=INBOUND_PAYMENT_REJECTED txn=TXN-KFK-IN-002 schemaVersion=1.0 partition=2 offset=2
2026-09-29T08:08:04.563-04:00 INFO  [main] org.apache.kafka.clients.Metadata [req=?,e2e=E2E-KFK-IN-002-RJCT,txn=TXN-KFK-IN-002] [Consumer clientId=consumer-test-kafka-event-bus-1790683684548-6, groupId=test-kafka-event-bus-1790683684548] Cluster ID: GlIL3K-GQrq1i8WXC36HhA
2026-09-29T08:08:04.564-04:00 INFO  [main] o.a.k.c.c.internals.ConsumerCoordinator [req=?,e2e=E2E-KFK-IN-002-RJCT,txn=TXN-KFK-IN-002] [Consumer clientId=consumer-test-kafka-event-bus-1790683684548-6, groupId=test-kafka-event-bus-1790683684548] Discovered group coordinator localhost:53582 (id: 2147483646 rack: null)
2026-09-29T08:08:04.565-04:00 INFO  [main] o.a.k.c.c.internals.ConsumerCoordinator [req=?,e2e=E2E-KFK-IN-002-RJCT,txn=TXN-KFK-IN-002] [Consumer clientId=consumer-test-kafka-event-bus-1790683684548-6, groupId=test-kafka-event-bus-1790683684548] (Re-)joining group
2026-09-29T08:08:04.568-04:00 INFO  [main] o.a.k.c.c.internals.ConsumerCoordinator [req=?,e2e=E2E-KFK-IN-002-RJCT,txn=TXN-KFK-IN-002] [Consumer clientId=consumer-test-kafka-event-bus-1790683684548-6, groupId=test-kafka-event-bus-1790683684548] Request joining group due to: need to re-join with the given member-id: consumer-test-kafka-event-bus-1790683684548-6-4b638606-7569-4815-9e4d-c20f353f9ddd
2026-09-29T08:08:04.568-04:00 INFO  [main] o.a.k.c.c.internals.ConsumerCoordinator [req=?,e2e=E2E-KFK-IN-002-RJCT,txn=TXN-KFK-IN-002] [Consumer clientId=consumer-test-kafka-event-bus-1790683684548-6, groupId=test-kafka-event-bus-1790683684548] (Re-)joining group
2026-09-29T08:08:04.572-04:00 INFO  [main] o.a.k.c.c.internals.ConsumerCoordinator [req=?,e2e=E2E-KFK-IN-002-RJCT,txn=TXN-KFK-IN-002] [Consumer clientId=consumer-test-kafka-event-bus-1790683684548-6, groupId=test-kafka-event-bus-1790683684548] Successfully joined group with generation Generation{generationId=1, memberId='consumer-test-kafka-event-bus-1790683684548-6-4b638606-7569-4815-9e4d-c20f353f9ddd', protocol='range'}
2026-09-29T08:08:04.572-04:00 INFO  [main] o.a.k.c.c.internals.ConsumerCoordinator [req=?,e2e=E2E-KFK-IN-002-RJCT,txn=TXN-KFK-IN-002] [Consumer clientId=consumer-test-kafka-event-bus-1790683684548-6, groupId=test-kafka-event-bus-1790683684548] Finished assignment for group at generation 1: {consumer-test-kafka-event-bus-1790683684548-6-4b638606-7569-4815-9e4d-c20f353f9ddd=Assignment(partitions=[openfednow.payment.events-0, openfednow.payment.events-1, openfednow.payment.events-2])}
2026-09-29T08:08:04.576-04:00 INFO  [main] o.a.k.c.c.internals.ConsumerCoordinator [req=?,e2e=E2E-KFK-IN-002-RJCT,txn=TXN-KFK-IN-002] [Consumer clientId=consumer-test-kafka-event-bus-1790683684548-6, groupId=test-kafka-event-bus-1790683684548] Successfully synced group in generation Generation{generationId=1, memberId='consumer-test-kafka-event-bus-1790683684548-6-4b638606-7569-4815-9e4d-c20f353f9ddd', protocol='range'}
2026-09-29T08:08:04.576-04:00 INFO  [main] o.a.k.c.c.internals.ConsumerCoordinator [req=?,e2e=E2E-KFK-IN-002-RJCT,txn=TXN-KFK-IN-002] [Consumer clientId=consumer-test-kafka-event-bus-1790683684548-6, groupId=test-kafka-event-bus-1790683684548] Notifying assignor about the new Assignment(partitions=[openfednow.payment.events-0, openfednow.payment.events-1, openfednow.payment.events-2])
2026-09-29T08:08:04.576-04:00 INFO  [main] o.a.k.c.c.i.ConsumerRebalanceListenerInvoker [req=?,e2e=E2E-KFK-IN-002-RJCT,txn=TXN-KFK-IN-002] [Consumer clientId=consumer-test-kafka-event-bus-1790683684548-6, groupId=test-kafka-event-bus-1790683684548] Adding newly assigned partitions: openfednow.payment.events-0, openfednow.payment.events-1, openfednow.payment.events-2
2026-09-29T08:08:04.577-04:00 INFO  [main] o.a.k.c.c.internals.ConsumerCoordinator [req=?,e2e=E2E-KFK-IN-002-RJCT,txn=TXN-KFK-IN-002] [Consumer clientId=consumer-test-kafka-event-bus-1790683684548-6, groupId=test-kafka-event-bus-1790683684548] Found no committed offset for partition openfednow.payment.events-0
2026-09-29T08:08:04.577-04:00 INFO  [main] o.a.k.c.c.internals.ConsumerCoordinator [req=?,e2e=E2E-KFK-IN-002-RJCT,txn=TXN-KFK-IN-002] [Consumer clientId=consumer-test-kafka-event-bus-1790683684548-6, groupId=test-kafka-event-bus-1790683684548] Found no committed offset for partition openfednow.payment.events-1
2026-09-29T08:08:04.577-04:00 INFO  [main] o.a.k.c.c.internals.ConsumerCoordinator [req=?,e2e=E2E-KFK-IN-002-RJCT,txn=TXN-KFK-IN-002] [Consumer clientId=consumer-test-kafka-event-bus-1790683684548-6, groupId=test-kafka-event-bus-1790683684548] Found no committed offset for partition openfednow.payment.events-2
2026-09-29T08:08:04.582-04:00 INFO  [main] o.a.k.c.c.internals.SubscriptionState [req=?,e2e=E2E-KFK-IN-002-RJCT,txn=TXN-KFK-IN-002] [Consumer clientId=consumer-test-kafka-event-bus-1790683684548-6, groupId=test-kafka-event-bus-1790683684548] Resetting offset for partition openfednow.payment.events-0 to position FetchPosition{offset=0, offsetEpoch=Optional.empty, currentLeader=LeaderAndEpoch{leader=Optional[localhost:53582 (id: 1 rack: null)], epoch=0}}.
2026-09-29T08:08:04.582-04:00 INFO  [main] o.a.k.c.c.internals.SubscriptionState [req=?,e2e=E2E-KFK-IN-002-RJCT,txn=TXN-KFK-IN-002] [Consumer clientId=consumer-test-kafka-event-bus-1790683684548-6, groupId=test-kafka-event-bus-1790683684548] Resetting offset for partition openfednow.payment.events-1 to position FetchPosition{offset=0, offsetEpoch=Optional.empty, currentLeader=LeaderAndEpoch{leader=Optional[localhost:53582 (id: 1 rack: null)], epoch=0}}.
2026-09-29T08:08:04.582-04:00 INFO  [main] o.a.k.c.c.internals.SubscriptionState [req=?,e2e=E2E-KFK-IN-002-RJCT,txn=TXN-KFK-IN-002] [Consumer clientId=consumer-test-kafka-event-bus-1790683684548-6, groupId=test-kafka-event-bus-1790683684548] Resetting offset for partition openfednow.payment.events-2 to position FetchPosition{offset=0, offsetEpoch=Optional.empty, currentLeader=LeaderAndEpoch{leader=Optional[localhost:53582 (id: 1 rack: null)], epoch=0}}.
2026-09-29T08:08:04.587-04:00 INFO  [main] o.a.k.c.c.i.ConsumerRebalanceListenerInvoker [req=?,e2e=E2E-KFK-IN-002-RJCT,txn=TXN-KFK-IN-002] [Consumer clientId=consumer-test-kafka-event-bus-1790683684548-6, groupId=test-kafka-event-bus-1790683684548] Revoke previously assigned partitions openfednow.payment.events-0, openfednow.payment.events-1, openfednow.payment.events-2
2026-09-29T08:08:04.587-04:00 INFO  [main] o.a.k.c.c.internals.ConsumerCoordinator [req=?,e2e=E2E-KFK-IN-002-RJCT,txn=TXN-KFK-IN-002] [Consumer clientId=consumer-test-kafka-event-bus-1790683684548-6, groupId=test-kafka-event-bus-1790683684548] Member consumer-test-kafka-event-bus-1790683684548-6-4b638606-7569-4815-9e4d-c20f353f9ddd sending LeaveGroup request to coordinator localhost:53582 (id: 2147483646 rack: null) due to the consumer is being closed
2026-09-29T08:08:04.588-04:00 INFO  [main] o.a.k.c.c.internals.ConsumerCoordinator [req=?,e2e=E2E-KFK-IN-002-RJCT,txn=TXN-KFK-IN-002] [Consumer clientId=consumer-test-kafka-event-bus-1790683684548-6, groupId=test-kafka-event-bus-1790683684548] Resetting generation and member id due to: consumer pro-actively leaving the group
2026-09-29T08:08:04.588-04:00 INFO  [main] o.a.k.c.c.internals.ConsumerCoordinator [req=?,e2e=E2E-KFK-IN-002-RJCT,txn=TXN-KFK-IN-002] [Consumer clientId=consumer-test-kafka-event-bus-1790683684548-6, groupId=test-kafka-event-bus-1790683684548] Request joining group due to: consumer pro-actively leaving the group
2026-09-29T08:08:05.089-04:00 INFO  [main] org.apache.kafka.common.metrics.Metrics [req=?,e2e=E2E-KFK-IN-002-RJCT,txn=TXN-KFK-IN-002] Metrics scheduler closed
2026-09-29T08:08:05.089-04:00 INFO  [main] org.apache.kafka.common.metrics.Metrics [req=?,e2e=E2E-KFK-IN-002-RJCT,txn=TXN-KFK-IN-002] Closing reporter org.apache.kafka.common.metrics.JmxReporter
2026-09-29T08:08:05.089-04:00 INFO  [main] org.apache.kafka.common.metrics.Metrics [req=?,e2e=E2E-KFK-IN-002-RJCT,txn=TXN-KFK-IN-002] Closing reporter org.apache.kafka.common.telemetry.internals.ClientTelemetryReporter
2026-09-29T08:08:05.089-04:00 INFO  [main] org.apache.kafka.common.metrics.Metrics [req=?,e2e=E2E-KFK-IN-002-RJCT,txn=TXN-KFK-IN-002] Metrics reporters closed
2026-09-29T08:08:05.091-04:00 INFO  [main] o.a.kafka.common.utils.AppInfoParser [req=?,e2e=E2E-KFK-IN-002-RJCT,txn=TXN-KFK-IN-002] App info kafka.consumer for consumer-test-kafka-event-bus-1790683684548-6 unregistered
2026-09-29T08:08:05.098-04:00 INFO  [main] o.a.k.clients.consumer.ConsumerConfig [req=?,e2e=E2E-KFK-IN-002-RJCT,txn=TXN-KFK-IN-002] ConsumerConfig values: 
	allow.auto.create.topics = true
	auto.commit.interval.ms = 5000
	auto.include.jmx.reporter = true
	auto.offset.reset = earliest
	bootstrap.servers = [PLAINTEXT://localhost:53582]
	check.crcs = true
	client.dns.lookup = use_all_dns_ips
	client.id = consumer-test-kafka-event-bus-1790683685098-7
	client.rack = 
	connections.max.idle.ms = 540000
	default.api.timeout.ms = 60000
	enable.auto.commit = true
	enable.metrics.push = true
	exclude.internal.topics = true
	fetch.max.bytes = 52428800
	fetch.max.wait.ms = 500
	fetch.min.bytes = 1
	group.id = test-kafka-event-bus-1790683685098
	group.instance.id = null
	group.protocol = classic
	group.remote.assignor = null
	heartbeat.interval.ms = 3000
	interceptor.classes = []
	internal.leave.group.on.close = true
	internal.throw.on.fetch.stable.offset.unsupported = false
	isolation.level = read_uncommitted
	key.deserializer = class org.apache.kafka.common.serialization.StringDeserializer
	max.partition.fetch.bytes = 1048576
	max.poll.interval.ms = 300000
	max.poll.records = 500
	metadata.max.age.ms = 300000
	metadata.recovery.strategy = none
	metric.reporters = []
	metrics.num.samples = 2
	metrics.recording.level = INFO
	metrics.sample.window.ms = 30000
	partition.assignment.strategy = [class org.apache.kafka.clients.consumer.RangeAssignor, class org.apache.kafka.clients.consumer.CooperativeStickyAssignor]
	receive.buffer.bytes = 65536
	reconnect.backoff.max.ms = 1000
	reconnect.backoff.ms = 50
	request.timeout.ms = 30000
	retry.backoff.max.ms = 1000
	retry.backoff.ms = 100
	sasl.client.callback.handler.class = null
	sasl.jaas.config = null
	sasl.kerberos.kinit.cmd = /usr/bin/kinit
	sasl.kerberos.min.time.before.relogin = 60000
	sasl.kerberos.service.name = null
	sasl.kerberos.ticket.renew.jitter = 0.05
	sasl.kerberos.ticket.renew.window.factor = 0.8
	sasl.login.callback.handler.class = null
	sasl.login.class = null
	sasl.login.connect.timeout.ms = null
	sasl.login.read.timeout.ms = null
	sasl.login.refresh.buffer.seconds = 300
	sasl.login.refresh.min.period.seconds = 60
	sasl.login.refresh.window.factor = 0.8
	sasl.login.refresh.window.jitter = 0.05
	sasl.login.retry.backoff.max.ms = 10000
	sasl.login.retry.backoff.ms = 100
	sasl.mechanism = GSSAPI
	sasl.oauthbearer.clock.skew.seconds = 30
	sasl.oauthbearer.expected.audience = null
	sasl.oauthbearer.expected.issuer = null
	sasl.oauthbearer.header.urlencode = false
	sasl.oauthbearer.jwks.endpoint.refresh.ms = 3600000
	sasl.oauthbearer.jwks.endpoint.retry.backoff.max.ms = 10000
	sasl.oauthbearer.jwks.endpoint.retry.backoff.ms = 100
	sasl.oauthbearer.jwks.endpoint.url = null
	sasl.oauthbearer.scope.claim.name = scope
	sasl.oauthbearer.sub.claim.name = sub
	sasl.oauthbearer.token.endpoint.url = null
	security.protocol = PLAINTEXT
	security.providers = null
	send.buffer.bytes = 131072
	session.timeout.ms = 45000
	socket.connection.setup.timeout.max.ms = 30000
	socket.connection.setup.timeout.ms = 10000
	ssl.cipher.suites = null
	ssl.enabled.protocols = [TLSv1.2, TLSv1.3]
	ssl.endpoint.identification.algorithm = https
	ssl.engine.factory.class = null
	ssl.key.password = null
	ssl.keymanager.algorithm = SunX509
	ssl.keystore.certificate.chain = null
	ssl.keystore.key = null
	ssl.keystore.location = null
	ssl.keystore.password = null
	ssl.keystore.type = JKS
	ssl.protocol = TLSv1.3
	ssl.provider = null
	ssl.secure.random.implementation = null
	ssl.trustmanager.algorithm = PKIX
	ssl.truststore.certificates = null
	ssl.truststore.location = null
	ssl.truststore.password = null
	ssl.truststore.type = JKS
	value.deserializer = class org.apache.kafka.common.serialization.StringDeserializer

2026-09-29T08:08:05.099-04:00 INFO  [main] o.a.k.c.t.i.KafkaMetricsCollector [req=?,e2e=E2E-KFK-IN-002-RJCT,txn=TXN-KFK-IN-002] initializing Kafka metrics collector
2026-09-29T08:08:05.100-04:00 INFO  [main] o.a.kafka.common.utils.AppInfoParser [req=?,e2e=E2E-KFK-IN-002-RJCT,txn=TXN-KFK-IN-002] Kafka version: 3.9.2
2026-09-29T08:08:05.100-04:00 INFO  [main] o.a.kafka.common.utils.AppInfoParser [req=?,e2e=E2E-KFK-IN-002-RJCT,txn=TXN-KFK-IN-002] Kafka commitId: 5e9866f43ab8e7e4
2026-09-29T08:08:05.100-04:00 INFO  [main] o.a.kafka.common.utils.AppInfoParser [req=?,e2e=E2E-KFK-IN-002-RJCT,txn=TXN-KFK-IN-002] Kafka startTimeMs: 1790683685100
2026-09-29T08:08:05.100-04:00 INFO  [main] o.a.k.c.c.internals.ClassicKafkaConsumer [req=?,e2e=E2E-KFK-IN-002-RJCT,txn=TXN-KFK-IN-002] [Consumer clientId=consumer-test-kafka-event-bus-1790683685098-7, groupId=test-kafka-event-bus-1790683685098] Subscribed to topic(s): openfednow.payment.events
2026-09-29T08:08:05.100-04:00 INFO  [main] io.openfednow.gateway.MessageRouter [req=?,e2e=E2E-KFK-KEY-001,txn=TXN-KFK-KEY-001] Inbound credit transfer received amount=50.00 currency=USD sourceRail=FEDNOW
2026-09-29T08:08:05.101-04:00 INFO  [main] i.o.processing.saga.SagaOrchestrator [req=?,e2e=E2E-KFK-KEY-001,txn=TXN-KFK-KEY-001] Saga initiated sagaId=SAGA-66acaad5-4376-4689-85ab-fe5e04666235 transactionId=TXN-KFK-KEY-001 e2e=E2E-KFK-KEY-001 sourceRail=FEDNOW requestId=null
2026-09-29T08:08:05.102-04:00 INFO  [main] io.openfednow.shadowledger.ShadowLedger [req=?,e2e=E2E-KFK-KEY-001,txn=TXN-KFK-KEY-001] Shadow Ledger credit applied account=ACC-CREDITOR-001 amount=50.00 balanceAfter=50.00
2026-09-29T08:08:05.103-04:00 DEBUG [main] i.o.processing.saga.SagaOrchestrator [req=?,e2e=E2E-KFK-KEY-001,txn=TXN-KFK-KEY-001] Saga advanced sagaId=SAGA-66acaad5-4376-4689-85ab-fe5e04666235 state=FUNDS_RESERVED
2026-09-29T08:08:05.103-04:00 DEBUG [main] i.o.processing.saga.SagaOrchestrator [req=?,e2e=E2E-KFK-KEY-001,txn=TXN-KFK-KEY-001] Saga advanced sagaId=SAGA-66acaad5-4376-4689-85ab-fe5e04666235 state=CORE_SUBMITTED
2026-09-29T08:08:05.103-04:00 DEBUG [main] i.o.processing.saga.SagaOrchestrator [req=?,e2e=E2E-KFK-KEY-001,txn=TXN-KFK-KEY-001] Saga advanced sagaId=SAGA-66acaad5-4376-4689-85ab-fe5e04666235 state=FEDNOW_CONFIRMED
2026-09-29T08:08:05.104-04:00 DEBUG [main] i.o.processing.saga.SagaOrchestrator [req=?,e2e=E2E-KFK-KEY-001,txn=TXN-KFK-KEY-001] Saga advanced sagaId=SAGA-66acaad5-4376-4689-85ab-fe5e04666235 state=COMPLETED
2026-09-29T08:08:05.104-04:00 INFO  [main] io.openfednow.gateway.MessageRouter [req=?,e2e=E2E-KFK-KEY-001,txn=TXN-KFK-KEY-001] Inbound credit transfer status=ACSC rejectCode=null
2026-09-29T08:08:05.105-04:00 DEBUG [main] i.o.p.idempotency.IdempotencyService [req=?,e2e=E2E-KFK-KEY-001,txn=TXN-KFK-KEY-001] Idempotency outcome recorded e2e=E2E-KFK-KEY-001 status=ACSC
2026-09-29T08:08:05.106-04:00 DEBUG [kafka-producer-network-thread | openfednow-producer-1] i.o.events.KafkaPaymentEventPublisher [req=?,e2e=?,txn=?] PaymentEvent published type=INBOUND_CREDIT_APPLIED txn=TXN-KFK-KEY-001 schemaVersion=1.0 partition=2 offset=3
2026-09-29T08:08:05.108-04:00 INFO  [main] org.apache.kafka.clients.Metadata [req=?,e2e=E2E-KFK-KEY-001,txn=TXN-KFK-KEY-001] [Consumer clientId=consumer-test-kafka-event-bus-1790683685098-7, groupId=test-kafka-event-bus-1790683685098] Cluster ID: GlIL3K-GQrq1i8WXC36HhA
2026-09-29T08:08:05.109-04:00 INFO  [main] o.a.k.c.c.internals.ConsumerCoordinator [req=?,e2e=E2E-KFK-KEY-001,txn=TXN-KFK-KEY-001] [Consumer clientId=consumer-test-kafka-event-bus-1790683685098-7, groupId=test-kafka-event-bus-1790683685098] Discovered group coordinator localhost:53582 (id: 2147483646 rack: null)
2026-09-29T08:08:05.109-04:00 INFO  [main] o.a.k.c.c.internals.ConsumerCoordinator [req=?,e2e=E2E-KFK-KEY-001,txn=TXN-KFK-KEY-001] [Consumer clientId=consumer-test-kafka-event-bus-1790683685098-7, groupId=test-kafka-event-bus-1790683685098] (Re-)joining group
2026-09-29T08:08:05.111-04:00 INFO  [main] o.a.k.c.c.internals.ConsumerCoordinator [req=?,e2e=E2E-KFK-KEY-001,txn=TXN-KFK-KEY-001] [Consumer clientId=consumer-test-kafka-event-bus-1790683685098-7, groupId=test-kafka-event-bus-1790683685098] Request joining group due to: need to re-join with the given member-id: consumer-test-kafka-event-bus-1790683685098-7-b46a71ab-9aa0-4f76-bfc4-973f9463a716
2026-09-29T08:08:05.111-04:00 INFO  [main] o.a.k.c.c.internals.ConsumerCoordinator [req=?,e2e=E2E-KFK-KEY-001,txn=TXN-KFK-KEY-001] [Consumer clientId=consumer-test-kafka-event-bus-1790683685098-7, groupId=test-kafka-event-bus-1790683685098] (Re-)joining group
2026-09-29T08:08:05.114-04:00 INFO  [main] o.a.k.c.c.internals.ConsumerCoordinator [req=?,e2e=E2E-KFK-KEY-001,txn=TXN-KFK-KEY-001] [Consumer clientId=consumer-test-kafka-event-bus-1790683685098-7, groupId=test-kafka-event-bus-1790683685098] Successfully joined group with generation Generation{generationId=1, memberId='consumer-test-kafka-event-bus-1790683685098-7-b46a71ab-9aa0-4f76-bfc4-973f9463a716', protocol='range'}
2026-09-29T08:08:05.114-04:00 INFO  [main] o.a.k.c.c.internals.ConsumerCoordinator [req=?,e2e=E2E-KFK-KEY-001,txn=TXN-KFK-KEY-001] [Consumer clientId=consumer-test-kafka-event-bus-1790683685098-7, groupId=test-kafka-event-bus-1790683685098] Finished assignment for group at generation 1: {consumer-test-kafka-event-bus-1790683685098-7-b46a71ab-9aa0-4f76-bfc4-973f9463a716=Assignment(partitions=[openfednow.payment.events-0, openfednow.payment.events-1, openfednow.payment.events-2])}
2026-09-29T08:08:05.116-04:00 INFO  [main] o.a.k.c.c.internals.ConsumerCoordinator [req=?,e2e=E2E-KFK-KEY-001,txn=TXN-KFK-KEY-001] [Consumer clientId=consumer-test-kafka-event-bus-1790683685098-7, groupId=test-kafka-event-bus-1790683685098] Successfully synced group in generation Generation{generationId=1, memberId='consumer-test-kafka-event-bus-1790683685098-7-b46a71ab-9aa0-4f76-bfc4-973f9463a716', protocol='range'}
2026-09-29T08:08:05.116-04:00 INFO  [main] o.a.k.c.c.internals.ConsumerCoordinator [req=?,e2e=E2E-KFK-KEY-001,txn=TXN-KFK-KEY-001] [Consumer clientId=consumer-test-kafka-event-bus-1790683685098-7, groupId=test-kafka-event-bus-1790683685098] Notifying assignor about the new Assignment(partitions=[openfednow.payment.events-0, openfednow.payment.events-1, openfednow.payment.events-2])
2026-09-29T08:08:05.116-04:00 INFO  [main] o.a.k.c.c.i.ConsumerRebalanceListenerInvoker [req=?,e2e=E2E-KFK-KEY-001,txn=TXN-KFK-KEY-001] [Consumer clientId=consumer-test-kafka-event-bus-1790683685098-7, groupId=test-kafka-event-bus-1790683685098] Adding newly assigned partitions: openfednow.payment.events-0, openfednow.payment.events-1, openfednow.payment.events-2
2026-09-29T08:08:05.117-04:00 INFO  [main] o.a.k.c.c.internals.ConsumerCoordinator [req=?,e2e=E2E-KFK-KEY-001,txn=TXN-KFK-KEY-001] [Consumer clientId=consumer-test-kafka-event-bus-1790683685098-7, groupId=test-kafka-event-bus-1790683685098] Found no committed offset for partition openfednow.payment.events-0
2026-09-29T08:08:05.117-04:00 INFO  [main] o.a.k.c.c.internals.ConsumerCoordinator [req=?,e2e=E2E-KFK-KEY-001,txn=TXN-KFK-KEY-001] [Consumer clientId=consumer-test-kafka-event-bus-1790683685098-7, groupId=test-kafka-event-bus-1790683685098] Found no committed offset for partition openfednow.payment.events-1
2026-09-29T08:08:05.117-04:00 INFO  [main] o.a.k.c.c.internals.ConsumerCoordinator [req=?,e2e=E2E-KFK-KEY-001,txn=TXN-KFK-KEY-001] [Consumer clientId=consumer-test-kafka-event-bus-1790683685098-7, groupId=test-kafka-event-bus-1790683685098] Found no committed offset for partition openfednow.payment.events-2
2026-09-29T08:08:05.119-04:00 INFO  [main] o.a.k.c.c.internals.SubscriptionState [req=?,e2e=E2E-KFK-KEY-001,txn=TXN-KFK-KEY-001] [Consumer clientId=consumer-test-kafka-event-bus-1790683685098-7, groupId=test-kafka-event-bus-1790683685098] Resetting offset for partition openfednow.payment.events-0 to position FetchPosition{offset=0, offsetEpoch=Optional.empty, currentLeader=LeaderAndEpoch{leader=Optional[localhost:53582 (id: 1 rack: null)], epoch=0}}.
2026-09-29T08:08:05.119-04:00 INFO  [main] o.a.k.c.c.internals.SubscriptionState [req=?,e2e=E2E-KFK-KEY-001,txn=TXN-KFK-KEY-001] [Consumer clientId=consumer-test-kafka-event-bus-1790683685098-7, groupId=test-kafka-event-bus-1790683685098] Resetting offset for partition openfednow.payment.events-1 to position FetchPosition{offset=0, offsetEpoch=Optional.empty, currentLeader=LeaderAndEpoch{leader=Optional[localhost:53582 (id: 1 rack: null)], epoch=0}}.
2026-09-29T08:08:05.119-04:00 INFO  [main] o.a.k.c.c.internals.SubscriptionState [req=?,e2e=E2E-KFK-KEY-001,txn=TXN-KFK-KEY-001] [Consumer clientId=consumer-test-kafka-event-bus-1790683685098-7, groupId=test-kafka-event-bus-1790683685098] Resetting offset for partition openfednow.payment.events-2 to position FetchPosition{offset=0, offsetEpoch=Optional.empty, currentLeader=LeaderAndEpoch{leader=Optional[localhost:53582 (id: 1 rack: null)], epoch=0}}.
2026-09-29T08:08:05.123-04:00 INFO  [main] o.a.k.c.c.i.ConsumerRebalanceListenerInvoker [req=?,e2e=E2E-KFK-KEY-001,txn=TXN-KFK-KEY-001] [Consumer clientId=consumer-test-kafka-event-bus-1790683685098-7, groupId=test-kafka-event-bus-1790683685098] Revoke previously assigned partitions openfednow.payment.events-0, openfednow.payment.events-1, openfednow.payment.events-2
2026-09-29T08:08:05.123-04:00 INFO  [main] o.a.k.c.c.internals.ConsumerCoordinator [req=?,e2e=E2E-KFK-KEY-001,txn=TXN-KFK-KEY-001] [Consumer clientId=consumer-test-kafka-event-bus-1790683685098-7, groupId=test-kafka-event-bus-1790683685098] Member consumer-test-kafka-event-bus-1790683685098-7-b46a71ab-9aa0-4f76-bfc4-973f9463a716 sending LeaveGroup request to coordinator localhost:53582 (id: 2147483646 rack: null) due to the consumer is being closed
2026-09-29T08:08:05.123-04:00 INFO  [main] o.a.k.c.c.internals.ConsumerCoordinator [req=?,e2e=E2E-KFK-KEY-001,txn=TXN-KFK-KEY-001] [Consumer clientId=consumer-test-kafka-event-bus-1790683685098-7, groupId=test-kafka-event-bus-1790683685098] Resetting generation and member id due to: consumer pro-actively leaving the group
2026-09-29T08:08:05.123-04:00 INFO  [main] o.a.k.c.c.internals.ConsumerCoordinator [req=?,e2e=E2E-KFK-KEY-001,txn=TXN-KFK-KEY-001] [Consumer clientId=consumer-test-kafka-event-bus-1790683685098-7, groupId=test-kafka-event-bus-1790683685098] Request joining group due to: consumer pro-actively leaving the group
2026-09-29T08:08:05.628-04:00 INFO  [main] org.apache.kafka.common.metrics.Metrics [req=?,e2e=E2E-KFK-KEY-001,txn=TXN-KFK-KEY-001] Metrics scheduler closed
2026-09-29T08:08:05.628-04:00 INFO  [main] org.apache.kafka.common.metrics.Metrics [req=?,e2e=E2E-KFK-KEY-001,txn=TXN-KFK-KEY-001] Closing reporter org.apache.kafka.common.metrics.JmxReporter
2026-09-29T08:08:05.628-04:00 INFO  [main] org.apache.kafka.common.metrics.Metrics [req=?,e2e=E2E-KFK-KEY-001,txn=TXN-KFK-KEY-001] Closing reporter org.apache.kafka.common.telemetry.internals.ClientTelemetryReporter
2026-09-29T08:08:05.628-04:00 INFO  [main] org.apache.kafka.common.metrics.Metrics [req=?,e2e=E2E-KFK-KEY-001,txn=TXN-KFK-KEY-001] Metrics reporters closed
2026-09-29T08:08:05.630-04:00 INFO  [main] o.a.kafka.common.utils.AppInfoParser [req=?,e2e=E2E-KFK-KEY-001,txn=TXN-KFK-KEY-001] App info kafka.consumer for consumer-test-kafka-event-bus-1790683685098-7 unregistered
2026-09-29T08:08:05.641-04:00 INFO  [main] o.a.k.clients.consumer.ConsumerConfig [req=?,e2e=E2E-KFK-KEY-001,txn=TXN-KFK-KEY-001] ConsumerConfig values: 
	allow.auto.create.topics = true
	auto.commit.interval.ms = 5000
	auto.include.jmx.reporter = true
	auto.offset.reset = earliest
	bootstrap.servers = [PLAINTEXT://localhost:53582]
	check.crcs = true
	client.dns.lookup = use_all_dns_ips
	client.id = consumer-test-kafka-event-bus-1790683685641-8
	client.rack = 
	connections.max.idle.ms = 540000
	default.api.timeout.ms = 60000
	enable.auto.commit = true
	enable.metrics.push = true
	exclude.internal.topics = true
	fetch.max.bytes = 52428800
	fetch.max.wait.ms = 500
	fetch.min.bytes = 1
	group.id = test-kafka-event-bus-1790683685641
	group.instance.id = null
	group.protocol = classic
	group.remote.assignor = null
	heartbeat.interval.ms = 3000
	interceptor.classes = []
	internal.leave.group.on.close = true
	internal.throw.on.fetch.stable.offset.unsupported = false
	isolation.level = read_uncommitted
	key.deserializer = class org.apache.kafka.common.serialization.StringDeserializer
	max.partition.fetch.bytes = 1048576
	max.poll.interval.ms = 300000
	max.poll.records = 500
	metadata.max.age.ms = 300000
	metadata.recovery.strategy = none
	metric.reporters = []
	metrics.num.samples = 2
	metrics.recording.level = INFO
	metrics.sample.window.ms = 30000
	partition.assignment.strategy = [class org.apache.kafka.clients.consumer.RangeAssignor, class org.apache.kafka.clients.consumer.CooperativeStickyAssignor]
	receive.buffer.bytes = 65536
	reconnect.backoff.max.ms = 1000
	reconnect.backoff.ms = 50
	request.timeout.ms = 30000
	retry.backoff.max.ms = 1000
	retry.backoff.ms = 100
	sasl.client.callback.handler.class = null
	sasl.jaas.config = null
	sasl.kerberos.kinit.cmd = /usr/bin/kinit
	sasl.kerberos.min.time.before.relogin = 60000
	sasl.kerberos.service.name = null
	sasl.kerberos.ticket.renew.jitter = 0.05
	sasl.kerberos.ticket.renew.window.factor = 0.8
	sasl.login.callback.handler.class = null
	sasl.login.class = null
	sasl.login.connect.timeout.ms = null
	sasl.login.read.timeout.ms = null
	sasl.login.refresh.buffer.seconds = 300
	sasl.login.refresh.min.period.seconds = 60
	sasl.login.refresh.window.factor = 0.8
	sasl.login.refresh.window.jitter = 0.05
	sasl.login.retry.backoff.max.ms = 10000
	sasl.login.retry.backoff.ms = 100
	sasl.mechanism = GSSAPI
	sasl.oauthbearer.clock.skew.seconds = 30
	sasl.oauthbearer.expected.audience = null
	sasl.oauthbearer.expected.issuer = null
	sasl.oauthbearer.header.urlencode = false
	sasl.oauthbearer.jwks.endpoint.refresh.ms = 3600000
	sasl.oauthbearer.jwks.endpoint.retry.backoff.max.ms = 10000
	sasl.oauthbearer.jwks.endpoint.retry.backoff.ms = 100
	sasl.oauthbearer.jwks.endpoint.url = null
	sasl.oauthbearer.scope.claim.name = scope
	sasl.oauthbearer.sub.claim.name = sub
	sasl.oauthbearer.token.endpoint.url = null
	security.protocol = PLAINTEXT
	security.providers = null
	send.buffer.bytes = 131072
	session.timeout.ms = 45000
	socket.connection.setup.timeout.max.ms = 30000
	socket.connection.setup.timeout.ms = 10000
	ssl.cipher.suites = null
	ssl.enabled.protocols = [TLSv1.2, TLSv1.3]
	ssl.endpoint.identification.algorithm = https
	ssl.engine.factory.class = null
	ssl.key.password = null
	ssl.keymanager.algorithm = SunX509
	ssl.keystore.certificate.chain = null
	ssl.keystore.key = null
	ssl.keystore.location = null
	ssl.keystore.password = null
	ssl.keystore.type = JKS
	ssl.protocol = TLSv1.3
	ssl.provider = null
	ssl.secure.random.implementation = null
	ssl.trustmanager.algorithm = PKIX
	ssl.truststore.certificates = null
	ssl.truststore.location = null
	ssl.truststore.password = null
	ssl.truststore.type = JKS
	value.deserializer = class org.apache.kafka.common.serialization.StringDeserializer

2026-09-29T08:08:05.641-04:00 INFO  [main] o.a.k.c.t.i.KafkaMetricsCollector [req=?,e2e=E2E-KFK-KEY-001,txn=TXN-KFK-KEY-001] initializing Kafka metrics collector
2026-09-29T08:08:05.643-04:00 INFO  [main] o.a.kafka.common.utils.AppInfoParser [req=?,e2e=E2E-KFK-KEY-001,txn=TXN-KFK-KEY-001] Kafka version: 3.9.2
2026-09-29T08:08:05.643-04:00 INFO  [main] o.a.kafka.common.utils.AppInfoParser [req=?,e2e=E2E-KFK-KEY-001,txn=TXN-KFK-KEY-001] Kafka commitId: 5e9866f43ab8e7e4
2026-09-29T08:08:05.643-04:00 INFO  [main] o.a.kafka.common.utils.AppInfoParser [req=?,e2e=E2E-KFK-KEY-001,txn=TXN-KFK-KEY-001] Kafka startTimeMs: 1790683685643
2026-09-29T08:08:05.643-04:00 INFO  [main] o.a.k.c.c.internals.ClassicKafkaConsumer [req=?,e2e=E2E-KFK-KEY-001,txn=TXN-KFK-KEY-001] [Consumer clientId=consumer-test-kafka-event-bus-1790683685641-8, groupId=test-kafka-event-bus-1790683685641] Subscribed to topic(s): openfednow.payment.events
2026-09-29T08:08:05.643-04:00 INFO  [main] io.openfednow.gateway.MessageRouter [req=?,e2e=E2E-KFK-VER-001,txn=TXN-KFK-VER-001] Inbound credit transfer received amount=75.00 currency=USD sourceRail=FEDNOW
2026-09-29T08:08:05.645-04:00 INFO  [main] i.o.processing.saga.SagaOrchestrator [req=?,e2e=E2E-KFK-VER-001,txn=TXN-KFK-VER-001] Saga initiated sagaId=SAGA-f86603af-244d-4bc5-913e-3322c5374ff4 transactionId=TXN-KFK-VER-001 e2e=E2E-KFK-VER-001 sourceRail=FEDNOW requestId=null
2026-09-29T08:08:05.646-04:00 INFO  [main] io.openfednow.shadowledger.ShadowLedger [req=?,e2e=E2E-KFK-VER-001,txn=TXN-KFK-VER-001] Shadow Ledger credit applied account=ACC-CREDITOR-001 amount=75.00 balanceAfter=75.00
2026-09-29T08:08:05.646-04:00 DEBUG [main] i.o.processing.saga.SagaOrchestrator [req=?,e2e=E2E-KFK-VER-001,txn=TXN-KFK-VER-001] Saga advanced sagaId=SAGA-f86603af-244d-4bc5-913e-3322c5374ff4 state=FUNDS_RESERVED
2026-09-29T08:08:05.647-04:00 DEBUG [main] i.o.processing.saga.SagaOrchestrator [req=?,e2e=E2E-KFK-VER-001,txn=TXN-KFK-VER-001] Saga advanced sagaId=SAGA-f86603af-244d-4bc5-913e-3322c5374ff4 state=CORE_SUBMITTED
2026-09-29T08:08:05.647-04:00 DEBUG [main] i.o.processing.saga.SagaOrchestrator [req=?,e2e=E2E-KFK-VER-001,txn=TXN-KFK-VER-001] Saga advanced sagaId=SAGA-f86603af-244d-4bc5-913e-3322c5374ff4 state=FEDNOW_CONFIRMED
2026-09-29T08:08:05.647-04:00 DEBUG [main] i.o.processing.saga.SagaOrchestrator [req=?,e2e=E2E-KFK-VER-001,txn=TXN-KFK-VER-001] Saga advanced sagaId=SAGA-f86603af-244d-4bc5-913e-3322c5374ff4 state=COMPLETED
2026-09-29T08:08:05.648-04:00 INFO  [main] io.openfednow.gateway.MessageRouter [req=?,e2e=E2E-KFK-VER-001,txn=TXN-KFK-VER-001] Inbound credit transfer status=ACSC rejectCode=null
2026-09-29T08:08:05.649-04:00 DEBUG [main] i.o.p.idempotency.IdempotencyService [req=?,e2e=E2E-KFK-VER-001,txn=TXN-KFK-VER-001] Idempotency outcome recorded e2e=E2E-KFK-VER-001 status=ACSC
2026-09-29T08:08:05.651-04:00 DEBUG [kafka-producer-network-thread | openfednow-producer-1] i.o.events.KafkaPaymentEventPublisher [req=?,e2e=?,txn=?] PaymentEvent published type=INBOUND_CREDIT_APPLIED txn=TXN-KFK-VER-001 schemaVersion=1.0 partition=0 offset=0
2026-09-29T08:08:05.653-04:00 INFO  [main] org.apache.kafka.clients.Metadata [req=?,e2e=E2E-KFK-VER-001,txn=TXN-KFK-VER-001] [Consumer clientId=consumer-test-kafka-event-bus-1790683685641-8, groupId=test-kafka-event-bus-1790683685641] Cluster ID: GlIL3K-GQrq1i8WXC36HhA
2026-09-29T08:08:05.653-04:00 INFO  [main] o.a.k.c.c.internals.ConsumerCoordinator [req=?,e2e=E2E-KFK-VER-001,txn=TXN-KFK-VER-001] [Consumer clientId=consumer-test-kafka-event-bus-1790683685641-8, groupId=test-kafka-event-bus-1790683685641] Discovered group coordinator localhost:53582 (id: 2147483646 rack: null)
2026-09-29T08:08:05.654-04:00 INFO  [main] o.a.k.c.c.internals.ConsumerCoordinator [req=?,e2e=E2E-KFK-VER-001,txn=TXN-KFK-VER-001] [Consumer clientId=consumer-test-kafka-event-bus-1790683685641-8, groupId=test-kafka-event-bus-1790683685641] (Re-)joining group
2026-09-29T08:08:05.657-04:00 INFO  [main] o.a.k.c.c.internals.ConsumerCoordinator [req=?,e2e=E2E-KFK-VER-001,txn=TXN-KFK-VER-001] [Consumer clientId=consumer-test-kafka-event-bus-1790683685641-8, groupId=test-kafka-event-bus-1790683685641] Request joining group due to: need to re-join with the given member-id: consumer-test-kafka-event-bus-1790683685641-8-1533434f-0205-48d4-9dfe-f7337ad4510d
2026-09-29T08:08:05.657-04:00 INFO  [main] o.a.k.c.c.internals.ConsumerCoordinator [req=?,e2e=E2E-KFK-VER-001,txn=TXN-KFK-VER-001] [Consumer clientId=consumer-test-kafka-event-bus-1790683685641-8, groupId=test-kafka-event-bus-1790683685641] (Re-)joining group
2026-09-29T08:08:05.659-04:00 INFO  [main] o.a.k.c.c.internals.ConsumerCoordinator [req=?,e2e=E2E-KFK-VER-001,txn=TXN-KFK-VER-001] [Consumer clientId=consumer-test-kafka-event-bus-1790683685641-8, groupId=test-kafka-event-bus-1790683685641] Successfully joined group with generation Generation{generationId=1, memberId='consumer-test-kafka-event-bus-1790683685641-8-1533434f-0205-48d4-9dfe-f7337ad4510d', protocol='range'}
2026-09-29T08:08:05.659-04:00 INFO  [main] o.a.k.c.c.internals.ConsumerCoordinator [req=?,e2e=E2E-KFK-VER-001,txn=TXN-KFK-VER-001] [Consumer clientId=consumer-test-kafka-event-bus-1790683685641-8, groupId=test-kafka-event-bus-1790683685641] Finished assignment for group at generation 1: {consumer-test-kafka-event-bus-1790683685641-8-1533434f-0205-48d4-9dfe-f7337ad4510d=Assignment(partitions=[openfednow.payment.events-0, openfednow.payment.events-1, openfednow.payment.events-2])}
2026-09-29T08:08:05.661-04:00 INFO  [main] o.a.k.c.c.internals.ConsumerCoordinator [req=?,e2e=E2E-KFK-VER-001,txn=TXN-KFK-VER-001] [Consumer clientId=consumer-test-kafka-event-bus-1790683685641-8, groupId=test-kafka-event-bus-1790683685641] Successfully synced group in generation Generation{generationId=1, memberId='consumer-test-kafka-event-bus-1790683685641-8-1533434f-0205-48d4-9dfe-f7337ad4510d', protocol='range'}
2026-09-29T08:08:05.661-04:00 INFO  [main] o.a.k.c.c.internals.ConsumerCoordinator [req=?,e2e=E2E-KFK-VER-001,txn=TXN-KFK-VER-001] [Consumer clientId=consumer-test-kafka-event-bus-1790683685641-8, groupId=test-kafka-event-bus-1790683685641] Notifying assignor about the new Assignment(partitions=[openfednow.payment.events-0, openfednow.payment.events-1, openfednow.payment.events-2])
2026-09-29T08:08:05.661-04:00 INFO  [main] o.a.k.c.c.i.ConsumerRebalanceListenerInvoker [req=?,e2e=E2E-KFK-VER-001,txn=TXN-KFK-VER-001] [Consumer clientId=consumer-test-kafka-event-bus-1790683685641-8, groupId=test-kafka-event-bus-1790683685641] Adding newly assigned partitions: openfednow.payment.events-0, openfednow.payment.events-1, openfednow.payment.events-2
2026-09-29T08:08:05.662-04:00 INFO  [main] o.a.k.c.c.internals.ConsumerCoordinator [req=?,e2e=E2E-KFK-VER-001,txn=TXN-KFK-VER-001] [Consumer clientId=consumer-test-kafka-event-bus-1790683685641-8, groupId=test-kafka-event-bus-1790683685641] Found no committed offset for partition openfednow.payment.events-0
2026-09-29T08:08:05.662-04:00 INFO  [main] o.a.k.c.c.internals.ConsumerCoordinator [req=?,e2e=E2E-KFK-VER-001,txn=TXN-KFK-VER-001] [Consumer clientId=consumer-test-kafka-event-bus-1790683685641-8, groupId=test-kafka-event-bus-1790683685641] Found no committed offset for partition openfednow.payment.events-1
2026-09-29T08:08:05.662-04:00 INFO  [main] o.a.k.c.c.internals.ConsumerCoordinator [req=?,e2e=E2E-KFK-VER-001,txn=TXN-KFK-VER-001] [Consumer clientId=consumer-test-kafka-event-bus-1790683685641-8, groupId=test-kafka-event-bus-1790683685641] Found no committed offset for partition openfednow.payment.events-2
2026-09-29T08:08:05.666-04:00 INFO  [main] o.a.k.c.c.internals.SubscriptionState [req=?,e2e=E2E-KFK-VER-001,txn=TXN-KFK-VER-001] [Consumer clientId=consumer-test-kafka-event-bus-1790683685641-8, groupId=test-kafka-event-bus-1790683685641] Resetting offset for partition openfednow.payment.events-0 to position FetchPosition{offset=0, offsetEpoch=Optional.empty, currentLeader=LeaderAndEpoch{leader=Optional[localhost:53582 (id: 1 rack: null)], epoch=0}}.
2026-09-29T08:08:05.666-04:00 INFO  [main] o.a.k.c.c.internals.SubscriptionState [req=?,e2e=E2E-KFK-VER-001,txn=TXN-KFK-VER-001] [Consumer clientId=consumer-test-kafka-event-bus-1790683685641-8, groupId=test-kafka-event-bus-1790683685641] Resetting offset for partition openfednow.payment.events-1 to position FetchPosition{offset=0, offsetEpoch=Optional.empty, currentLeader=LeaderAndEpoch{leader=Optional[localhost:53582 (id: 1 rack: null)], epoch=0}}.
2026-09-29T08:08:05.666-04:00 INFO  [main] o.a.k.c.c.internals.SubscriptionState [req=?,e2e=E2E-KFK-VER-001,txn=TXN-KFK-VER-001] [Consumer clientId=consumer-test-kafka-event-bus-1790683685641-8, groupId=test-kafka-event-bus-1790683685641] Resetting offset for partition openfednow.payment.events-2 to position FetchPosition{offset=0, offsetEpoch=Optional.empty, currentLeader=LeaderAndEpoch{leader=Optional[localhost:53582 (id: 1 rack: null)], epoch=0}}.
2026-09-29T08:08:05.670-04:00 INFO  [main] o.a.k.c.c.i.ConsumerRebalanceListenerInvoker [req=?,e2e=E2E-KFK-VER-001,txn=TXN-KFK-VER-001] [Consumer clientId=consumer-test-kafka-event-bus-1790683685641-8, groupId=test-kafka-event-bus-1790683685641] Revoke previously assigned partitions openfednow.payment.events-0, openfednow.payment.events-1, openfednow.payment.events-2
2026-09-29T08:08:05.670-04:00 INFO  [main] o.a.k.c.c.internals.ConsumerCoordinator [req=?,e2e=E2E-KFK-VER-001,txn=TXN-KFK-VER-001] [Consumer clientId=consumer-test-kafka-event-bus-1790683685641-8, groupId=test-kafka-event-bus-1790683685641] Member consumer-test-kafka-event-bus-1790683685641-8-1533434f-0205-48d4-9dfe-f7337ad4510d sending LeaveGroup request to coordinator localhost:53582 (id: 2147483646 rack: null) due to the consumer is being closed
2026-09-29T08:08:05.670-04:00 INFO  [main] o.a.k.c.c.internals.ConsumerCoordinator [req=?,e2e=E2E-KFK-VER-001,txn=TXN-KFK-VER-001] [Consumer clientId=consumer-test-kafka-event-bus-1790683685641-8, groupId=test-kafka-event-bus-1790683685641] Resetting generation and member id due to: consumer pro-actively leaving the group
2026-09-29T08:08:05.670-04:00 INFO  [main] o.a.k.c.c.internals.ConsumerCoordinator [req=?,e2e=E2E-KFK-VER-001,txn=TXN-KFK-VER-001] [Consumer clientId=consumer-test-kafka-event-bus-1790683685641-8, groupId=test-kafka-event-bus-1790683685641] Request joining group due to: consumer pro-actively leaving the group
2026-09-29T08:08:06.173-04:00 INFO  [main] org.apache.kafka.common.metrics.Metrics [req=?,e2e=E2E-KFK-VER-001,txn=TXN-KFK-VER-001] Metrics scheduler closed
2026-09-29T08:08:06.173-04:00 INFO  [main] org.apache.kafka.common.metrics.Metrics [req=?,e2e=E2E-KFK-VER-001,txn=TXN-KFK-VER-001] Closing reporter org.apache.kafka.common.metrics.JmxReporter
2026-09-29T08:08:06.174-04:00 INFO  [main] org.apache.kafka.common.metrics.Metrics [req=?,e2e=E2E-KFK-VER-001,txn=TXN-KFK-VER-001] Closing reporter org.apache.kafka.common.telemetry.internals.ClientTelemetryReporter
2026-09-29T08:08:06.174-04:00 INFO  [main] org.apache.kafka.common.metrics.Metrics [req=?,e2e=E2E-KFK-VER-001,txn=TXN-KFK-VER-001] Metrics reporters closed
2026-09-29T08:08:06.175-04:00 INFO  [main] o.a.kafka.common.utils.AppInfoParser [req=?,e2e=E2E-KFK-VER-001,txn=TXN-KFK-VER-001] App info kafka.consumer for consumer-test-kafka-event-bus-1790683685641-8 unregistered
2026-09-29T08:08:06.179-04:00 INFO  [main] o.a.kafka.clients.producer.KafkaProducer [req=?,e2e=E2E-KFK-VER-001,txn=TXN-KFK-VER-001] [Producer clientId=openfednow-producer-1] Closing the Kafka producer with timeoutMillis = 30000 ms.
2026-09-29T08:08:06.181-04:00 INFO  [main] org.apache.kafka.common.metrics.Metrics [req=?,e2e=E2E-KFK-VER-001,txn=TXN-KFK-VER-001] Metrics scheduler closed
2026-09-29T08:08:06.181-04:00 INFO  [main] org.apache.kafka.common.metrics.Metrics [req=?,e2e=E2E-KFK-VER-001,txn=TXN-KFK-VER-001] Closing reporter org.apache.kafka.common.metrics.JmxReporter
2026-09-29T08:08:06.181-04:00 INFO  [main] org.apache.kafka.common.metrics.Metrics [req=?,e2e=E2E-KFK-VER-001,txn=TXN-KFK-VER-001] Closing reporter org.apache.kafka.common.telemetry.internals.ClientTelemetryReporter
2026-09-29T08:08:06.181-04:00 INFO  [main] org.apache.kafka.common.metrics.Metrics [req=?,e2e=E2E-KFK-VER-001,txn=TXN-KFK-VER-001] Metrics reporters closed
2026-09-29T08:08:06.181-04:00 INFO  [main] o.a.kafka.common.utils.AppInfoParser [req=?,e2e=E2E-KFK-VER-001,txn=TXN-KFK-VER-001] App info kafka.producer for openfednow-producer-1 unregistered
2026-09-29T08:08:06.184-04:00 INFO  [main] o.s.o.j.LocalContainerEntityManagerFactoryBean [req=?,e2e=E2E-KFK-VER-001,txn=TXN-KFK-VER-001] Closing JPA EntityManagerFactory for persistence unit 'default'
[INFO] Tests run: 8, Failures: 0, Errors: 0, Skipped: 0, Time elapsed: 7.428 s -- in io.openfednow.events.KafkaEventBusIntegrationTest
[INFO] Running io.openfednow.infrastructure.RedisIntegrationTest
2026-09-29T08:08:06.445-04:00 INFO  [main] o.s.t.c.s.AnnotationConfigContextLoaderUtils [req=?,e2e=E2E-KFK-VER-001,txn=TXN-KFK-VER-001] Could not detect default configuration classes for test class [io.openfednow.infrastructure.RedisIntegrationTest]: RedisIntegrationTest does not declare any static, non-private, non-final, nested classes annotated with @Configuration.
2026-09-29T08:08:06.454-04:00 INFO  [main] o.s.b.t.c.SpringBootTestContextBootstrapper [req=?,e2e=E2E-KFK-VER-001,txn=TXN-KFK-VER-001] Found @SpringBootConfiguration io.openfednow.OpenFedNowApplication for test class io.openfednow.infrastructure.RedisIntegrationTest

  .   ____          _            __ _ _
 /\\ / ___'_ __ _ _(_)_ __  __ _ \ \ \ \
( ( )\___ | '_ | '_| | '_ \/ _` | \ \ \ \
 \\/  ___)| |_)| | | | | || (_| |  ) ) ) )
  '  |____| .__|_| |_|_| |_\__, | / / / /
 =========|_|==============|___/=/_/_/_/

 :: Spring Boot ::               (v3.5.16)

2026-09-29T08:08:06.465-04:00 INFO  [main] i.o.infrastructure.RedisIntegrationTest [req=?,e2e=E2E-KFK-VER-001,txn=TXN-KFK-VER-001] Starting RedisIntegrationTest using Java 17.0.20.1 with PID 90640 (started by danielmori in /Users/danielmori/Developer/open-fednow-clean-eval)
2026-09-29T08:08:06.465-04:00 DEBUG [main] i.o.infrastructure.RedisIntegrationTest [req=?,e2e=E2E-KFK-VER-001,txn=TXN-KFK-VER-001] Running with Spring Boot v3.5.16, Spring v6.2.19
2026-09-29T08:08:06.465-04:00 INFO  [main] i.o.infrastructure.RedisIntegrationTest [req=?,e2e=E2E-KFK-VER-001,txn=TXN-KFK-VER-001] No active profile set, falling back to 1 default profile: "default"
2026-09-29T08:08:06.534-04:00 INFO  [main] o.s.d.r.c.RepositoryConfigurationDelegate [req=?,e2e=E2E-KFK-VER-001,txn=TXN-KFK-VER-001] Multiple Spring Data modules found, entering strict repository configuration mode
2026-09-29T08:08:06.534-04:00 INFO  [main] o.s.d.r.c.RepositoryConfigurationDelegate [req=?,e2e=E2E-KFK-VER-001,txn=TXN-KFK-VER-001] Bootstrapping Spring Data JPA repositories in DEFAULT mode.
2026-09-29T08:08:06.538-04:00 INFO  [main] o.s.d.r.c.RepositoryConfigurationDelegate [req=?,e2e=E2E-KFK-VER-001,txn=TXN-KFK-VER-001] Finished Spring Data repository scanning in 3 ms. Found 0 JPA repository interfaces.
2026-09-29T08:08:06.538-04:00 INFO  [main] o.s.d.r.c.RepositoryConfigurationDelegate [req=?,e2e=E2E-KFK-VER-001,txn=TXN-KFK-VER-001] Multiple Spring Data modules found, entering strict repository configuration mode
2026-09-29T08:08:06.538-04:00 INFO  [main] o.s.d.r.c.RepositoryConfigurationDelegate [req=?,e2e=E2E-KFK-VER-001,txn=TXN-KFK-VER-001] Bootstrapping Spring Data Redis repositories in DEFAULT mode.
2026-09-29T08:08:06.541-04:00 INFO  [main] o.s.d.r.c.RepositoryConfigurationDelegate [req=?,e2e=E2E-KFK-VER-001,txn=TXN-KFK-VER-001] Finished Spring Data repository scanning in 2 ms. Found 0 Redis repository interfaces.
2026-09-29T08:08:06.581-04:00 INFO  [main] org.flywaydb.core.FlywayExecutor [req=?,e2e=E2E-KFK-VER-001,txn=TXN-KFK-VER-001] Database: jdbc:postgresql://localhost:53418/openfednow?loggerLevel=OFF (PostgreSQL 16.15)
2026-09-29T08:08:06.587-04:00 INFO  [main] o.f.core.internal.command.DbValidate [req=?,e2e=E2E-KFK-VER-001,txn=TXN-KFK-VER-001] Successfully validated 12 migrations (execution time 00:00.002s)
2026-09-29T08:08:06.597-04:00 INFO  [main] o.f.core.internal.command.DbMigrate [req=?,e2e=E2E-KFK-VER-001,txn=TXN-KFK-VER-001] Current version of schema "public": 12
2026-09-29T08:08:06.597-04:00 INFO  [main] o.f.core.internal.command.DbMigrate [req=?,e2e=E2E-KFK-VER-001,txn=TXN-KFK-VER-001] Schema "public" is up to date. No migration necessary.
2026-09-29T08:08:06.611-04:00 INFO  [main] o.s.o.j.p.SpringPersistenceUnitInfo [req=?,e2e=E2E-KFK-VER-001,txn=TXN-KFK-VER-001] No LoadTimeWeaver setup: ignoring JPA class transformer
2026-09-29T08:08:06.621-04:00 INFO  [main] o.s.o.j.LocalContainerEntityManagerFactoryBean [req=?,e2e=E2E-KFK-VER-001,txn=TXN-KFK-VER-001] Initialized JPA EntityManagerFactory for persistence unit 'default'
2026-09-29T08:08:06.701-04:00 INFO  [main] i.o.reliability.ReliabilityRailConfig [req=?,e2e=E2E-KFK-VER-001,txn=TXN-KFK-VER-001] Synthetic reliability rail configured=false
2026-09-29T08:08:06.723-04:00 INFO  [main] o.s.s.c.a.a.c.InitializeUserDetailsBeanManagerConfigurer$InitializeUserDetailsManagerConfigurer [req=?,e2e=E2E-KFK-VER-001,txn=TXN-KFK-VER-001] Global AuthenticationManager configured with UserDetailsService bean with name userDetailsService
2026-09-29T08:08:06.891-04:00 INFO  [main] i.o.infrastructure.RedisIntegrationTest [req=?,e2e=E2E-KFK-VER-001,txn=TXN-KFK-VER-001] Started RedisIntegrationTest in 0.435 seconds (process running for 25.791)
2026-09-29T08:08:06.891-04:00 DEBUG [scheduling-1] i.o.shadowledger.AvailabilityBridge [req=?,e2e=?,txn=?] Core availability poll: mode=ONLINE
2026-09-29T08:08:06.892-04:00 INFO  [main] i.o.processing.saga.SagaRecoveryService [req=?,e2e=E2E-KFK-VER-001,txn=TXN-KFK-VER-001] Saga recovery: no in-flight sagas found at startup
2026-09-29T08:08:06.892-04:00 INFO  [main] i.o.shadowledger.BalanceSeedService [req=?,e2e=E2E-KFK-VER-001,txn=TXN-KFK-VER-001] Shadow Ledger startup seed: no accounts configured (openfednow.shadow-ledger.seed-accounts is empty)
2026-09-29T08:08:06.940-04:00 INFO  [main] o.s.o.j.LocalContainerEntityManagerFactoryBean [req=?,e2e=E2E-KFK-VER-001,txn=TXN-KFK-VER-001] Closing JPA EntityManagerFactory for persistence unit 'default'
[INFO] Tests run: 10, Failures: 0, Errors: 0, Skipped: 0, Time elapsed: 0.503 s -- in io.openfednow.infrastructure.RedisIntegrationTest
[INFO] Running io.openfednow.infrastructure.PostgresIntegrationTest
2026-09-29T08:08:06.949-04:00 INFO  [main] o.s.t.c.s.AnnotationConfigContextLoaderUtils [req=?,e2e=E2E-KFK-VER-001,txn=TXN-KFK-VER-001] Could not detect default configuration classes for test class [io.openfednow.infrastructure.PostgresIntegrationTest]: PostgresIntegrationTest does not declare any static, non-private, non-final, nested classes annotated with @Configuration.
2026-09-29T08:08:06.951-04:00 INFO  [main] o.s.b.t.c.SpringBootTestContextBootstrapper [req=?,e2e=E2E-KFK-VER-001,txn=TXN-KFK-VER-001] Found @SpringBootConfiguration io.openfednow.OpenFedNowApplication for test class io.openfednow.infrastructure.PostgresIntegrationTest

  .   ____          _            __ _ _
 /\\ / ___'_ __ _ _(_)_ __  __ _ \ \ \ \
( ( )\___ | '_ | '_| | '_ \/ _` | \ \ \ \
 \\/  ___)| |_)| | | | | || (_| |  ) ) ) )
  '  |____| .__|_| |_|_| |_\__, | / / / /
 =========|_|==============|___/=/_/_/_/

 :: Spring Boot ::               (v3.5.16)

2026-09-29T08:08:06.962-04:00 INFO  [main] i.o.i.PostgresIntegrationTest [req=?,e2e=E2E-KFK-VER-001,txn=TXN-KFK-VER-001] Starting PostgresIntegrationTest using Java 17.0.20.1 with PID 90640 (started by danielmori in /Users/danielmori/Developer/open-fednow-clean-eval)
2026-09-29T08:08:06.962-04:00 DEBUG [main] i.o.i.PostgresIntegrationTest [req=?,e2e=E2E-KFK-VER-001,txn=TXN-KFK-VER-001] Running with Spring Boot v3.5.16, Spring v6.2.19
2026-09-29T08:08:06.962-04:00 INFO  [main] i.o.i.PostgresIntegrationTest [req=?,e2e=E2E-KFK-VER-001,txn=TXN-KFK-VER-001] No active profile set, falling back to 1 default profile: "default"
2026-09-29T08:08:07.025-04:00 INFO  [main] o.s.d.r.c.RepositoryConfigurationDelegate [req=?,e2e=E2E-KFK-VER-001,txn=TXN-KFK-VER-001] Multiple Spring Data modules found, entering strict repository configuration mode
2026-09-29T08:08:07.025-04:00 INFO  [main] o.s.d.r.c.RepositoryConfigurationDelegate [req=?,e2e=E2E-KFK-VER-001,txn=TXN-KFK-VER-001] Bootstrapping Spring Data JPA repositories in DEFAULT mode.
2026-09-29T08:08:07.028-04:00 INFO  [main] o.s.d.r.c.RepositoryConfigurationDelegate [req=?,e2e=E2E-KFK-VER-001,txn=TXN-KFK-VER-001] Finished Spring Data repository scanning in 2 ms. Found 0 JPA repository interfaces.
2026-09-29T08:08:07.028-04:00 INFO  [main] o.s.d.r.c.RepositoryConfigurationDelegate [req=?,e2e=E2E-KFK-VER-001,txn=TXN-KFK-VER-001] Multiple Spring Data modules found, entering strict repository configuration mode
2026-09-29T08:08:07.028-04:00 INFO  [main] o.s.d.r.c.RepositoryConfigurationDelegate [req=?,e2e=E2E-KFK-VER-001,txn=TXN-KFK-VER-001] Bootstrapping Spring Data Redis repositories in DEFAULT mode.
2026-09-29T08:08:07.030-04:00 INFO  [main] o.s.d.r.c.RepositoryConfigurationDelegate [req=?,e2e=E2E-KFK-VER-001,txn=TXN-KFK-VER-001] Finished Spring Data repository scanning in 1 ms. Found 0 Redis repository interfaces.
2026-09-29T08:08:07.077-04:00 INFO  [main] org.flywaydb.core.FlywayExecutor [req=?,e2e=E2E-KFK-VER-001,txn=TXN-KFK-VER-001] Database: jdbc:postgresql://localhost:53418/openfednow?loggerLevel=OFF (PostgreSQL 16.15)
2026-09-29T08:08:07.085-04:00 INFO  [main] o.f.core.internal.command.DbValidate [req=?,e2e=E2E-KFK-VER-001,txn=TXN-KFK-VER-001] Successfully validated 12 migrations (execution time 00:00.003s)
2026-09-29T08:08:07.096-04:00 INFO  [main] o.f.core.internal.command.DbMigrate [req=?,e2e=E2E-KFK-VER-001,txn=TXN-KFK-VER-001] Current version of schema "public": 12
2026-09-29T08:08:07.096-04:00 INFO  [main] o.f.core.internal.command.DbMigrate [req=?,e2e=E2E-KFK-VER-001,txn=TXN-KFK-VER-001] Schema "public" is up to date. No migration necessary.
2026-09-29T08:08:07.111-04:00 INFO  [main] o.s.o.j.p.SpringPersistenceUnitInfo [req=?,e2e=E2E-KFK-VER-001,txn=TXN-KFK-VER-001] No LoadTimeWeaver setup: ignoring JPA class transformer
2026-09-29T08:08:07.118-04:00 INFO  [main] o.s.o.j.LocalContainerEntityManagerFactoryBean [req=?,e2e=E2E-KFK-VER-001,txn=TXN-KFK-VER-001] Initialized JPA EntityManagerFactory for persistence unit 'default'
2026-09-29T08:08:07.194-04:00 INFO  [main] i.o.reliability.ReliabilityRailConfig [req=?,e2e=E2E-KFK-VER-001,txn=TXN-KFK-VER-001] Synthetic reliability rail configured=false
2026-09-29T08:08:07.218-04:00 INFO  [main] o.s.s.c.a.a.c.InitializeUserDetailsBeanManagerConfigurer$InitializeUserDetailsManagerConfigurer [req=?,e2e=E2E-KFK-VER-001,txn=TXN-KFK-VER-001] Global AuthenticationManager configured with UserDetailsService bean with name userDetailsService
2026-09-29T08:08:07.395-04:00 INFO  [main] i.o.i.PostgresIntegrationTest [req=?,e2e=E2E-KFK-VER-001,txn=TXN-KFK-VER-001] Started PostgresIntegrationTest in 0.442 seconds (process running for 26.295)
2026-09-29T08:08:07.396-04:00 DEBUG [scheduling-1] i.o.shadowledger.AvailabilityBridge [req=?,e2e=?,txn=?] Core availability poll: mode=ONLINE
2026-09-29T08:08:07.399-04:00 INFO  [main] i.o.processing.saga.SagaRecoveryService [req=?,e2e=E2E-KFK-VER-001,txn=TXN-KFK-VER-001] Saga recovery: no in-flight sagas found at startup
2026-09-29T08:08:07.399-04:00 INFO  [main] i.o.shadowledger.BalanceSeedService [req=?,e2e=E2E-KFK-VER-001,txn=TXN-KFK-VER-001] Shadow Ledger startup seed: no accounts configured (openfednow.shadow-ledger.seed-accounts is empty)
2026-09-29T08:08:07.431-04:00 INFO  [main] o.s.o.j.LocalContainerEntityManagerFactoryBean [req=?,e2e=E2E-KFK-VER-001,txn=TXN-KFK-VER-001] Closing JPA EntityManagerFactory for persistence unit 'default'
[INFO] Tests run: 11, Failures: 0, Errors: 0, Skipped: 0, Time elapsed: 0.509 s -- in io.openfednow.infrastructure.PostgresIntegrationTest
[INFO] Running io.openfednow.infrastructure.RabbitMqDlqTest
2026-09-29T08:08:07.458-04:00 INFO  [main] o.s.t.c.s.AnnotationConfigContextLoaderUtils [req=?,e2e=E2E-KFK-VER-001,txn=TXN-KFK-VER-001] Could not detect default configuration classes for test class [io.openfednow.infrastructure.RabbitMqDlqTest]: RabbitMqDlqTest does not declare any static, non-private, non-final, nested classes annotated with @Configuration.
2026-09-29T08:08:07.459-04:00 INFO  [main] o.s.b.t.c.SpringBootTestContextBootstrapper [req=?,e2e=E2E-KFK-VER-001,txn=TXN-KFK-VER-001] Found @SpringBootConfiguration io.openfednow.OpenFedNowApplication for test class io.openfednow.infrastructure.RabbitMqDlqTest

  .   ____          _            __ _ _
 /\\ / ___'_ __ _ _(_)_ __  __ _ \ \ \ \
( ( )\___ | '_ | '_| | '_ \/ _` | \ \ \ \
 \\/  ___)| |_)| | | | | || (_| |  ) ) ) )
  '  |____| .__|_| |_|_| |_\__, | / / / /
 =========|_|==============|___/=/_/_/_/

 :: Spring Boot ::               (v3.5.16)

2026-09-29T08:08:07.467-04:00 INFO  [main] i.o.infrastructure.RabbitMqDlqTest [req=?,e2e=E2E-KFK-VER-001,txn=TXN-KFK-VER-001] Starting RabbitMqDlqTest using Java 17.0.20.1 with PID 90640 (started by danielmori in /Users/danielmori/Developer/open-fednow-clean-eval)
2026-09-29T08:08:07.467-04:00 DEBUG [main] i.o.infrastructure.RabbitMqDlqTest [req=?,e2e=E2E-KFK-VER-001,txn=TXN-KFK-VER-001] Running with Spring Boot v3.5.16, Spring v6.2.19
2026-09-29T08:08:07.467-04:00 INFO  [main] i.o.infrastructure.RabbitMqDlqTest [req=?,e2e=E2E-KFK-VER-001,txn=TXN-KFK-VER-001] No active profile set, falling back to 1 default profile: "default"
2026-09-29T08:08:07.523-04:00 INFO  [main] o.s.d.r.c.RepositoryConfigurationDelegate [req=?,e2e=E2E-KFK-VER-001,txn=TXN-KFK-VER-001] Multiple Spring Data modules found, entering strict repository configuration mode
2026-09-29T08:08:07.523-04:00 INFO  [main] o.s.d.r.c.RepositoryConfigurationDelegate [req=?,e2e=E2E-KFK-VER-001,txn=TXN-KFK-VER-001] Bootstrapping Spring Data JPA repositories in DEFAULT mode.
2026-09-29T08:08:07.526-04:00 INFO  [main] o.s.d.r.c.RepositoryConfigurationDelegate [req=?,e2e=E2E-KFK-VER-001,txn=TXN-KFK-VER-001] Finished Spring Data repository scanning in 3 ms. Found 0 JPA repository interfaces.
2026-09-29T08:08:07.527-04:00 INFO  [main] o.s.d.r.c.RepositoryConfigurationDelegate [req=?,e2e=E2E-KFK-VER-001,txn=TXN-KFK-VER-001] Multiple Spring Data modules found, entering strict repository configuration mode
2026-09-29T08:08:07.527-04:00 INFO  [main] o.s.d.r.c.RepositoryConfigurationDelegate [req=?,e2e=E2E-KFK-VER-001,txn=TXN-KFK-VER-001] Bootstrapping Spring Data Redis repositories in DEFAULT mode.
2026-09-29T08:08:07.529-04:00 INFO  [main] o.s.d.r.c.RepositoryConfigurationDelegate [req=?,e2e=E2E-KFK-VER-001,txn=TXN-KFK-VER-001] Finished Spring Data repository scanning in 1 ms. Found 0 Redis repository interfaces.
2026-09-29T08:08:07.568-04:00 INFO  [main] org.flywaydb.core.FlywayExecutor [req=?,e2e=E2E-KFK-VER-001,txn=TXN-KFK-VER-001] Database: jdbc:postgresql://localhost:53418/openfednow?loggerLevel=OFF (PostgreSQL 16.15)
2026-09-29T08:08:07.575-04:00 INFO  [main] o.f.core.internal.command.DbValidate [req=?,e2e=E2E-KFK-VER-001,txn=TXN-KFK-VER-001] Successfully validated 12 migrations (execution time 00:00.003s)
2026-09-29T08:08:07.585-04:00 INFO  [main] o.f.core.internal.command.DbMigrate [req=?,e2e=E2E-KFK-VER-001,txn=TXN-KFK-VER-001] Current version of schema "public": 12
2026-09-29T08:08:07.585-04:00 INFO  [main] o.f.core.internal.command.DbMigrate [req=?,e2e=E2E-KFK-VER-001,txn=TXN-KFK-VER-001] Schema "public" is up to date. No migration necessary.
2026-09-29T08:08:07.597-04:00 INFO  [main] o.s.o.j.p.SpringPersistenceUnitInfo [req=?,e2e=E2E-KFK-VER-001,txn=TXN-KFK-VER-001] No LoadTimeWeaver setup: ignoring JPA class transformer
2026-09-29T08:08:07.603-04:00 INFO  [main] o.s.o.j.LocalContainerEntityManagerFactoryBean [req=?,e2e=E2E-KFK-VER-001,txn=TXN-KFK-VER-001] Initialized JPA EntityManagerFactory for persistence unit 'default'
2026-09-29T08:08:07.671-04:00 INFO  [main] i.o.reliability.ReliabilityRailConfig [req=?,e2e=E2E-KFK-VER-001,txn=TXN-KFK-VER-001] Synthetic reliability rail configured=false
2026-09-29T08:08:07.693-04:00 INFO  [main] o.s.s.c.a.a.c.InitializeUserDetailsBeanManagerConfigurer$InitializeUserDetailsManagerConfigurer [req=?,e2e=E2E-KFK-VER-001,txn=TXN-KFK-VER-001] Global AuthenticationManager configured with UserDetailsService bean with name userDetailsService
2026-09-29T08:08:07.853-04:00 INFO  [main] i.o.infrastructure.RabbitMqDlqTest [req=?,e2e=E2E-KFK-VER-001,txn=TXN-KFK-VER-001] Started RabbitMqDlqTest in 0.393 seconds (process running for 26.753)
2026-09-29T08:08:07.854-04:00 DEBUG [scheduling-1] i.o.shadowledger.AvailabilityBridge [req=?,e2e=?,txn=?] Core availability poll: mode=ONLINE
2026-09-29T08:08:07.856-04:00 WARN  [main] i.o.processing.saga.SagaRecoveryService [req=?,e2e=E2E-KFK-VER-001,txn=TXN-KFK-VER-001] Saga recovery: found 1 in-flight saga(s) — completing or compensating each
2026-09-29T08:08:07.857-04:00 INFO  [main] i.o.processing.saga.SagaRecoveryService [req=?,e2e=E2E-KFK-VER-001,txn=TXN-KFK-VER-001] Recovering sagaId=SAGA-PG-001 fromState=INITIATED sourceRail=FEDNOW
2026-09-29T08:08:07.858-04:00 INFO  [main] i.o.processing.saga.SagaOrchestrator [req=?,e2e=E2E-KFK-VER-001,txn=TXN-KFK-VER-001] Saga compensation starting sagaId=SAGA-PG-001 fromState=INITIATED reason=NARR
2026-09-29T08:08:07.859-04:00 INFO  [main] i.o.processing.saga.SagaOrchestrator [req=?,e2e=E2E-KFK-VER-001,txn=TXN-KFK-VER-001] Saga compensation complete sagaId=SAGA-PG-001
2026-09-29T08:08:07.859-04:00 INFO  [main] i.o.processing.saga.SagaRecoveryService [req=?,e2e=E2E-KFK-VER-001,txn=TXN-KFK-VER-001] Saga recovery complete: 1 of 1 saga(s) processed
2026-09-29T08:08:07.859-04:00 INFO  [main] i.o.shadowledger.BalanceSeedService [req=?,e2e=E2E-KFK-VER-001,txn=TXN-KFK-VER-001] Shadow Ledger startup seed: no accounts configured (openfednow.shadow-ledger.seed-accounts is empty)
2026-09-29T08:08:07.861-04:00 INFO  [main] o.s.a.r.c.CachingConnectionFactory [req=?,e2e=E2E-KFK-VER-001,txn=TXN-KFK-VER-001] Attempting to connect to: [localhost:53422]
2026-09-29T08:08:07.864-04:00 INFO  [main] o.s.a.r.c.CachingConnectionFactory [req=?,e2e=E2E-KFK-VER-001,txn=TXN-KFK-VER-001] Created new connection: rabbitConnectionFactory#61648f3c:0/SimpleConnection@4ad063dd [delegate=amqp://guest@127.0.0.1:53422/, localPort=53648]
2026-09-29T08:08:08.442-04:00 INFO  [main] o.s.o.j.LocalContainerEntityManagerFactoryBean [req=?,e2e=E2E-KFK-VER-001,txn=TXN-KFK-VER-001] Closing JPA EntityManagerFactory for persistence unit 'default'
[INFO] Tests run: 4, Failures: 0, Errors: 0, Skipped: 0, Time elapsed: 0.986 s -- in io.openfednow.infrastructure.RabbitMqDlqTest
[INFO] Running io.openfednow.infrastructure.RabbitMqIntegrationTest
2026-09-29T08:08:08.445-04:00 INFO  [main] o.s.t.c.s.AnnotationConfigContextLoaderUtils [req=?,e2e=E2E-KFK-VER-001,txn=TXN-KFK-VER-001] Could not detect default configuration classes for test class [io.openfednow.infrastructure.RabbitMqIntegrationTest]: RabbitMqIntegrationTest does not declare any static, non-private, non-final, nested classes annotated with @Configuration.
2026-09-29T08:08:08.447-04:00 INFO  [main] o.s.b.t.c.SpringBootTestContextBootstrapper [req=?,e2e=E2E-KFK-VER-001,txn=TXN-KFK-VER-001] Found @SpringBootConfiguration io.openfednow.OpenFedNowApplication for test class io.openfednow.infrastructure.RabbitMqIntegrationTest

  .   ____          _            __ _ _
 /\\ / ___'_ __ _ _(_)_ __  __ _ \ \ \ \
( ( )\___ | '_ | '_| | '_ \/ _` | \ \ \ \
 \\/  ___)| |_)| | | | | || (_| |  ) ) ) )
  '  |____| .__|_| |_|_| |_\__, | / / / /
 =========|_|==============|___/=/_/_/_/

 :: Spring Boot ::               (v3.5.16)

2026-09-29T08:08:08.456-04:00 INFO  [main] i.o.i.RabbitMqIntegrationTest [req=?,e2e=E2E-KFK-VER-001,txn=TXN-KFK-VER-001] Starting RabbitMqIntegrationTest using Java 17.0.20.1 with PID 90640 (started by danielmori in /Users/danielmori/Developer/open-fednow-clean-eval)
2026-09-29T08:08:08.456-04:00 DEBUG [main] i.o.i.RabbitMqIntegrationTest [req=?,e2e=E2E-KFK-VER-001,txn=TXN-KFK-VER-001] Running with Spring Boot v3.5.16, Spring v6.2.19
2026-09-29T08:08:08.456-04:00 INFO  [main] i.o.i.RabbitMqIntegrationTest [req=?,e2e=E2E-KFK-VER-001,txn=TXN-KFK-VER-001] No active profile set, falling back to 1 default profile: "default"
2026-09-29T08:08:08.519-04:00 INFO  [main] o.s.d.r.c.RepositoryConfigurationDelegate [req=?,e2e=E2E-KFK-VER-001,txn=TXN-KFK-VER-001] Multiple Spring Data modules found, entering strict repository configuration mode
2026-09-29T08:08:08.519-04:00 INFO  [main] o.s.d.r.c.RepositoryConfigurationDelegate [req=?,e2e=E2E-KFK-VER-001,txn=TXN-KFK-VER-001] Bootstrapping Spring Data JPA repositories in DEFAULT mode.
2026-09-29T08:08:08.523-04:00 INFO  [main] o.s.d.r.c.RepositoryConfigurationDelegate [req=?,e2e=E2E-KFK-VER-001,txn=TXN-KFK-VER-001] Finished Spring Data repository scanning in 3 ms. Found 0 JPA repository interfaces.
2026-09-29T08:08:08.523-04:00 INFO  [main] o.s.d.r.c.RepositoryConfigurationDelegate [req=?,e2e=E2E-KFK-VER-001,txn=TXN-KFK-VER-001] Multiple Spring Data modules found, entering strict repository configuration mode
2026-09-29T08:08:08.523-04:00 INFO  [main] o.s.d.r.c.RepositoryConfigurationDelegate [req=?,e2e=E2E-KFK-VER-001,txn=TXN-KFK-VER-001] Bootstrapping Spring Data Redis repositories in DEFAULT mode.
2026-09-29T08:08:08.526-04:00 INFO  [main] o.s.d.r.c.RepositoryConfigurationDelegate [req=?,e2e=E2E-KFK-VER-001,txn=TXN-KFK-VER-001] Finished Spring Data repository scanning in 2 ms. Found 0 Redis repository interfaces.
2026-09-29T08:08:08.567-04:00 INFO  [main] org.flywaydb.core.FlywayExecutor [req=?,e2e=E2E-KFK-VER-001,txn=TXN-KFK-VER-001] Database: jdbc:postgresql://localhost:53418/openfednow?loggerLevel=OFF (PostgreSQL 16.15)
2026-09-29T08:08:08.573-04:00 INFO  [main] o.f.core.internal.command.DbValidate [req=?,e2e=E2E-KFK-VER-001,txn=TXN-KFK-VER-001] Successfully validated 12 migrations (execution time 00:00.002s)
2026-09-29T08:08:08.583-04:00 INFO  [main] o.f.core.internal.command.DbMigrate [req=?,e2e=E2E-KFK-VER-001,txn=TXN-KFK-VER-001] Current version of schema "public": 12
2026-09-29T08:08:08.583-04:00 INFO  [main] o.f.core.internal.command.DbMigrate [req=?,e2e=E2E-KFK-VER-001,txn=TXN-KFK-VER-001] Schema "public" is up to date. No migration necessary.
2026-09-29T08:08:08.596-04:00 INFO  [main] o.s.o.j.p.SpringPersistenceUnitInfo [req=?,e2e=E2E-KFK-VER-001,txn=TXN-KFK-VER-001] No LoadTimeWeaver setup: ignoring JPA class transformer
2026-09-29T08:08:08.602-04:00 INFO  [main] o.s.o.j.LocalContainerEntityManagerFactoryBean [req=?,e2e=E2E-KFK-VER-001,txn=TXN-KFK-VER-001] Initialized JPA EntityManagerFactory for persistence unit 'default'
2026-09-29T08:08:08.678-04:00 INFO  [main] i.o.reliability.ReliabilityRailConfig [req=?,e2e=E2E-KFK-VER-001,txn=TXN-KFK-VER-001] Synthetic reliability rail configured=false
2026-09-29T08:08:08.706-04:00 INFO  [main] o.s.s.c.a.a.c.InitializeUserDetailsBeanManagerConfigurer$InitializeUserDetailsManagerConfigurer [req=?,e2e=E2E-KFK-VER-001,txn=TXN-KFK-VER-001] Global AuthenticationManager configured with UserDetailsService bean with name userDetailsService
2026-09-29T08:08:08.862-04:00 INFO  [main] i.o.i.RabbitMqIntegrationTest [req=?,e2e=E2E-KFK-VER-001,txn=TXN-KFK-VER-001] Started RabbitMqIntegrationTest in 0.414 seconds (process running for 27.762)
2026-09-29T08:08:08.862-04:00 DEBUG [scheduling-1] i.o.shadowledger.AvailabilityBridge [req=?,e2e=?,txn=?] Core availability poll: mode=ONLINE
2026-09-29T08:08:08.864-04:00 INFO  [main] i.o.processing.saga.SagaRecoveryService [req=?,e2e=E2E-KFK-VER-001,txn=TXN-KFK-VER-001] Saga recovery: no in-flight sagas found at startup
2026-09-29T08:08:08.864-04:00 INFO  [main] i.o.shadowledger.BalanceSeedService [req=?,e2e=E2E-KFK-VER-001,txn=TXN-KFK-VER-001] Shadow Ledger startup seed: no accounts configured (openfednow.shadow-ledger.seed-accounts is empty)
2026-09-29T08:08:08.865-04:00 INFO  [main] o.s.a.r.c.CachingConnectionFactory [req=?,e2e=E2E-KFK-VER-001,txn=TXN-KFK-VER-001] Attempting to connect to: [localhost:53422]
2026-09-29T08:08:08.868-04:00 INFO  [main] o.s.a.r.c.CachingConnectionFactory [req=?,e2e=E2E-KFK-VER-001,txn=TXN-KFK-VER-001] Created new connection: rabbitConnectionFactory#71ca8754:0/SimpleConnection@3a9b9d0b [delegate=amqp://guest@127.0.0.1:53422/, localPort=53659]
2026-09-29T08:08:08.906-04:00 INFO  [main] o.s.o.j.LocalContainerEntityManagerFactoryBean [req=?,e2e=E2E-KFK-VER-001,txn=TXN-KFK-VER-001] Closing JPA EntityManagerFactory for persistence unit 'default'
[INFO] Tests run: 7, Failures: 0, Errors: 0, Skipped: 0, Time elapsed: 0.479 s -- in io.openfednow.infrastructure.RabbitMqIntegrationTest
[INFO] Running io.openfednow.gateway.OutboundPaymentIntegrationTest
2026-09-29T08:08:08.924-04:00 INFO  [main] o.s.t.c.s.AnnotationConfigContextLoaderUtils [req=?,e2e=E2E-KFK-VER-001,txn=TXN-KFK-VER-001] Could not detect default configuration classes for test class [io.openfednow.gateway.OutboundPaymentIntegrationTest]: OutboundPaymentIntegrationTest does not declare any static, non-private, non-final, nested classes annotated with @Configuration.
2026-09-29T08:08:08.929-04:00 INFO  [main] o.s.b.t.c.SpringBootTestContextBootstrapper [req=?,e2e=E2E-KFK-VER-001,txn=TXN-KFK-VER-001] Found @SpringBootConfiguration io.openfednow.OpenFedNowApplication for test class io.openfednow.gateway.OutboundPaymentIntegrationTest

  .   ____          _            __ _ _
 /\\ / ___'_ __ _ _(_)_ __  __ _ \ \ \ \
( ( )\___ | '_ | '_| | '_ \/ _` | \ \ \ \
 \\/  ___)| |_)| | | | | || (_| |  ) ) ) )
  '  |____| .__|_| |_|_| |_\__, | / / / /
 =========|_|==============|___/=/_/_/_/

 :: Spring Boot ::               (v3.5.16)

2026-09-29T08:08:08.935-04:00 INFO  [main] i.o.g.OutboundPaymentIntegrationTest [req=?,e2e=E2E-KFK-VER-001,txn=TXN-KFK-VER-001] Starting OutboundPaymentIntegrationTest using Java 17.0.20.1 with PID 90640 (started by danielmori in /Users/danielmori/Developer/open-fednow-clean-eval)
2026-09-29T08:08:08.935-04:00 DEBUG [main] i.o.g.OutboundPaymentIntegrationTest [req=?,e2e=E2E-KFK-VER-001,txn=TXN-KFK-VER-001] Running with Spring Boot v3.5.16, Spring v6.2.19
2026-09-29T08:08:08.935-04:00 INFO  [main] i.o.g.OutboundPaymentIntegrationTest [req=?,e2e=E2E-KFK-VER-001,txn=TXN-KFK-VER-001] No active profile set, falling back to 1 default profile: "default"
2026-09-29T08:08:08.994-04:00 INFO  [main] o.s.d.r.c.RepositoryConfigurationDelegate [req=?,e2e=E2E-KFK-VER-001,txn=TXN-KFK-VER-001] Multiple Spring Data modules found, entering strict repository configuration mode
2026-09-29T08:08:08.994-04:00 INFO  [main] o.s.d.r.c.RepositoryConfigurationDelegate [req=?,e2e=E2E-KFK-VER-001,txn=TXN-KFK-VER-001] Bootstrapping Spring Data JPA repositories in DEFAULT mode.
2026-09-29T08:08:08.997-04:00 INFO  [main] o.s.d.r.c.RepositoryConfigurationDelegate [req=?,e2e=E2E-KFK-VER-001,txn=TXN-KFK-VER-001] Finished Spring Data repository scanning in 2 ms. Found 0 JPA repository interfaces.
2026-09-29T08:08:08.998-04:00 INFO  [main] o.s.d.r.c.RepositoryConfigurationDelegate [req=?,e2e=E2E-KFK-VER-001,txn=TXN-KFK-VER-001] Multiple Spring Data modules found, entering strict repository configuration mode
2026-09-29T08:08:08.998-04:00 INFO  [main] o.s.d.r.c.RepositoryConfigurationDelegate [req=?,e2e=E2E-KFK-VER-001,txn=TXN-KFK-VER-001] Bootstrapping Spring Data Redis repositories in DEFAULT mode.
2026-09-29T08:08:09.000-04:00 INFO  [main] o.s.d.r.c.RepositoryConfigurationDelegate [req=?,e2e=E2E-KFK-VER-001,txn=TXN-KFK-VER-001] Finished Spring Data repository scanning in 2 ms. Found 0 Redis repository interfaces.
2026-09-29T08:08:09.041-04:00 INFO  [main] org.flywaydb.core.FlywayExecutor [req=?,e2e=E2E-KFK-VER-001,txn=TXN-KFK-VER-001] Database: jdbc:postgresql://localhost:53418/openfednow?loggerLevel=OFF (PostgreSQL 16.15)
2026-09-29T08:08:09.050-04:00 INFO  [main] o.f.core.internal.command.DbValidate [req=?,e2e=E2E-KFK-VER-001,txn=TXN-KFK-VER-001] Successfully validated 12 migrations (execution time 00:00.003s)
2026-09-29T08:08:09.061-04:00 INFO  [main] o.f.core.internal.command.DbMigrate [req=?,e2e=E2E-KFK-VER-001,txn=TXN-KFK-VER-001] Current version of schema "public": 12
2026-09-29T08:08:09.061-04:00 INFO  [main] o.f.core.internal.command.DbMigrate [req=?,e2e=E2E-KFK-VER-001,txn=TXN-KFK-VER-001] Schema "public" is up to date. No migration necessary.
2026-09-29T08:08:09.074-04:00 INFO  [main] o.s.o.j.p.SpringPersistenceUnitInfo [req=?,e2e=E2E-KFK-VER-001,txn=TXN-KFK-VER-001] No LoadTimeWeaver setup: ignoring JPA class transformer
2026-09-29T08:08:09.080-04:00 INFO  [main] o.s.o.j.LocalContainerEntityManagerFactoryBean [req=?,e2e=E2E-KFK-VER-001,txn=TXN-KFK-VER-001] Initialized JPA EntityManagerFactory for persistence unit 'default'
2026-09-29T08:08:09.147-04:00 INFO  [main] i.o.reliability.ReliabilityRailConfig [req=?,e2e=E2E-KFK-VER-001,txn=TXN-KFK-VER-001] Synthetic reliability rail configured=false
2026-09-29T08:08:09.168-04:00 INFO  [main] o.s.s.c.a.a.c.InitializeUserDetailsBeanManagerConfigurer$InitializeUserDetailsManagerConfigurer [req=?,e2e=E2E-KFK-VER-001,txn=TXN-KFK-VER-001] Global AuthenticationManager configured with UserDetailsService bean with name userDetailsService
2026-09-29T08:08:09.326-04:00 INFO  [main] i.o.g.OutboundPaymentIntegrationTest [req=?,e2e=E2E-KFK-VER-001,txn=TXN-KFK-VER-001] Started OutboundPaymentIntegrationTest in 0.397 seconds (process running for 28.225)
2026-09-29T08:08:09.326-04:00 DEBUG [scheduling-1] i.o.shadowledger.AvailabilityBridge [req=?,e2e=?,txn=?] Core availability poll: mode=ONLINE
2026-09-29T08:08:09.329-04:00 INFO  [main] i.o.processing.saga.SagaRecoveryService [req=?,e2e=E2E-KFK-VER-001,txn=TXN-KFK-VER-001] Saga recovery: no in-flight sagas found at startup
2026-09-29T08:08:09.329-04:00 INFO  [main] i.o.shadowledger.BalanceSeedService [req=?,e2e=E2E-KFK-VER-001,txn=TXN-KFK-VER-001] Shadow Ledger startup seed: no accounts configured (openfednow.shadow-ledger.seed-accounts is empty)
2026-09-29T08:08:09.338-04:00 INFO  [main] io.openfednow.gateway.MessageRouter [req=?,e2e=E2E-OUT-ACSP-001,txn=TXN-OUT-ACSP-001] Outbound credit transfer received amount=150.00 currency=USD
2026-09-29T08:08:09.340-04:00 INFO  [main] i.o.processing.saga.SagaOrchestrator [req=?,e2e=E2E-OUT-ACSP-001,txn=TXN-OUT-ACSP-001] Saga initiated sagaId=SAGA-44c2ff01-0b70-4d87-a1f7-fe8ea5c29d70 transactionId=TXN-OUT-ACSP-001 e2e=E2E-OUT-ACSP-001 sourceRail=FEDNOW requestId=null
2026-09-29T08:08:09.344-04:00 INFO  [main] io.openfednow.shadowledger.ShadowLedger [req=?,e2e=E2E-OUT-ACSP-001,txn=TXN-OUT-ACSP-001] Shadow Ledger debit applied account=ACC-DEBTOR-OUT-001 amount=150.00 balanceAfter=850.00
2026-09-29T08:08:09.345-04:00 DEBUG [main] i.o.processing.saga.SagaOrchestrator [req=?,e2e=E2E-OUT-ACSP-001,txn=TXN-OUT-ACSP-001] Saga advanced sagaId=SAGA-44c2ff01-0b70-4d87-a1f7-fe8ea5c29d70 state=FUNDS_RESERVED
2026-09-29T08:08:09.345-04:00 DEBUG [main] i.o.processing.saga.SagaOrchestrator [req=?,e2e=E2E-OUT-ACSP-001,txn=TXN-OUT-ACSP-001] Saga advanced sagaId=SAGA-44c2ff01-0b70-4d87-a1f7-fe8ea5c29d70 state=SUBMITTING
2026-09-29T08:08:09.346-04:00 DEBUG [main] i.o.processing.saga.SagaOrchestrator [req=?,e2e=E2E-OUT-ACSP-001,txn=TXN-OUT-ACSP-001] Saga advanced sagaId=SAGA-44c2ff01-0b70-4d87-a1f7-fe8ea5c29d70 state=OUTCOME_UNKNOWN
2026-09-29T08:08:09.346-04:00 INFO  [main] io.openfednow.gateway.MessageRouter [req=?,e2e=E2E-OUT-ACSP-001,txn=TXN-OUT-ACSP-001] Outbound credit transfer status=ACSP rejectCode=null
2026-09-29T08:08:09.347-04:00 DEBUG [main] i.o.p.idempotency.IdempotencyService [req=?,e2e=E2E-OUT-ACSP-001,txn=TXN-OUT-ACSP-001] Idempotency outcome recorded e2e=E2E-OUT-ACSP-001 status=ACSP
2026-09-29T08:08:09.352-04:00 INFO  [main] io.openfednow.gateway.MessageRouter [req=?,e2e=E2E-OUT-RJT-001,txn=TXN-OUT-RJT-001] Outbound credit transfer received amount=300.00 currency=USD
2026-09-29T08:08:09.354-04:00 INFO  [main] i.o.processing.saga.SagaOrchestrator [req=?,e2e=E2E-OUT-RJT-001,txn=TXN-OUT-RJT-001] Saga initiated sagaId=SAGA-ba92af67-c0dc-4e61-b70f-03a257daf599 transactionId=TXN-OUT-RJT-001 e2e=E2E-OUT-RJT-001 sourceRail=FEDNOW requestId=null
2026-09-29T08:08:09.358-04:00 INFO  [main] io.openfednow.shadowledger.ShadowLedger [req=?,e2e=E2E-OUT-RJT-001,txn=TXN-OUT-RJT-001] Shadow Ledger debit applied account=ACC-DEBTOR-OUT-001 amount=300.00 balanceAfter=700.00
2026-09-29T08:08:09.359-04:00 DEBUG [main] i.o.processing.saga.SagaOrchestrator [req=?,e2e=E2E-OUT-RJT-001,txn=TXN-OUT-RJT-001] Saga advanced sagaId=SAGA-ba92af67-c0dc-4e61-b70f-03a257daf599 state=FUNDS_RESERVED
2026-09-29T08:08:09.359-04:00 DEBUG [main] i.o.processing.saga.SagaOrchestrator [req=?,e2e=E2E-OUT-RJT-001,txn=TXN-OUT-RJT-001] Saga advanced sagaId=SAGA-ba92af67-c0dc-4e61-b70f-03a257daf599 state=SUBMITTING
2026-09-29T08:08:09.359-04:00 INFO  [main] io.openfednow.gateway.MessageRouter [req=?,e2e=E2E-OUT-RJT-001,txn=TXN-OUT-RJT-001] FedNow rejected outbound payment, compensating sagaId=SAGA-ba92af67-c0dc-4e61-b70f-03a257daf599 reason=AC01
2026-09-29T08:08:09.360-04:00 INFO  [main] i.o.processing.saga.SagaOrchestrator [req=?,e2e=E2E-OUT-RJT-001,txn=TXN-OUT-RJT-001] Saga compensation starting sagaId=SAGA-ba92af67-c0dc-4e61-b70f-03a257daf599 fromState=SUBMITTING reason=AC01
2026-09-29T08:08:09.361-04:00 INFO  [main] io.openfednow.shadowledger.ShadowLedger [req=?,e2e=E2E-OUT-RJT-001,txn=TXN-OUT-RJT-001] Shadow Ledger reversal applied account=ACC-DEBTOR-OUT-001 amount=300.00 balanceAfter=1000.00
2026-09-29T08:08:09.361-04:00 INFO  [main] i.o.processing.saga.SagaOrchestrator [req=?,e2e=E2E-OUT-RJT-001,txn=TXN-OUT-RJT-001] Shadow Ledger debit reversed sagaId=SAGA-ba92af67-c0dc-4e61-b70f-03a257daf599 transactionId=TXN-OUT-RJT-001
2026-09-29T08:08:09.362-04:00 INFO  [main] i.o.processing.saga.SagaOrchestrator [req=?,e2e=E2E-OUT-RJT-001,txn=TXN-OUT-RJT-001] Saga compensation complete sagaId=SAGA-ba92af67-c0dc-4e61-b70f-03a257daf599
2026-09-29T08:08:09.363-04:00 INFO  [main] io.openfednow.gateway.MessageRouter [req=?,e2e=E2E-OUT-RJT-001,txn=TXN-OUT-RJT-001] Outbound credit transfer status=RJCT rejectCode=AC01
2026-09-29T08:08:09.363-04:00 DEBUG [main] i.o.p.idempotency.IdempotencyService [req=?,e2e=E2E-OUT-RJT-001,txn=TXN-OUT-RJT-001] Idempotency outcome recorded e2e=E2E-OUT-RJT-001 status=RJCT
2026-09-29T08:08:09.368-04:00 INFO  [main] io.openfednow.gateway.MessageRouter [req=?,e2e=E2E-OUT-NSF-002,txn=TXN-OUT-NSF-002] Outbound credit transfer received amount=9999.00 currency=USD
2026-09-29T08:08:09.369-04:00 INFO  [main] io.openfednow.gateway.MessageRouter [req=?,e2e=E2E-OUT-NSF-002,txn=TXN-OUT-NSF-002] Outbound payment rejected: insufficient funds account=**************-001 available=1000.00 requested=9999.00
2026-09-29T08:08:09.370-04:00 DEBUG [main] i.o.p.idempotency.IdempotencyService [req=?,e2e=E2E-OUT-NSF-002,txn=TXN-OUT-NSF-002] Idempotency outcome recorded e2e=E2E-OUT-NSF-002 status=RJCT
2026-09-29T08:08:09.373-04:00 INFO  [main] io.openfednow.gateway.MessageRouter [req=?,e2e=E2E-OUT-002,txn=TXN-OUT-002] Outbound credit transfer received amount=100.00 currency=USD
2026-09-29T08:08:09.375-04:00 INFO  [main] i.o.processing.saga.SagaOrchestrator [req=?,e2e=E2E-OUT-002,txn=TXN-OUT-002] Saga initiated sagaId=SAGA-4c4cb225-475c-46e2-8bac-0665530959d7 transactionId=TXN-OUT-002 e2e=E2E-OUT-002 sourceRail=FEDNOW requestId=null
2026-09-29T08:08:09.378-04:00 INFO  [main] io.openfednow.shadowledger.ShadowLedger [req=?,e2e=E2E-OUT-002,txn=TXN-OUT-002] Shadow Ledger debit applied account=ACC-DEBTOR-OUT-001 amount=100.00 balanceAfter=900.00
2026-09-29T08:08:09.378-04:00 DEBUG [main] i.o.processing.saga.SagaOrchestrator [req=?,e2e=E2E-OUT-002,txn=TXN-OUT-002] Saga advanced sagaId=SAGA-4c4cb225-475c-46e2-8bac-0665530959d7 state=FUNDS_RESERVED
2026-09-29T08:08:09.378-04:00 DEBUG [main] i.o.processing.saga.SagaOrchestrator [req=?,e2e=E2E-OUT-002,txn=TXN-OUT-002] Saga advanced sagaId=SAGA-4c4cb225-475c-46e2-8bac-0665530959d7 state=SUBMITTING
2026-09-29T08:08:09.378-04:00 DEBUG [main] i.o.processing.saga.SagaOrchestrator [req=?,e2e=E2E-OUT-002,txn=TXN-OUT-002] Saga advanced sagaId=SAGA-4c4cb225-475c-46e2-8bac-0665530959d7 state=FEDNOW_CONFIRMED
2026-09-29T08:08:09.378-04:00 DEBUG [main] i.o.processing.saga.SagaOrchestrator [req=?,e2e=E2E-OUT-002,txn=TXN-OUT-002] Saga advanced sagaId=SAGA-4c4cb225-475c-46e2-8bac-0665530959d7 state=COMPLETED
2026-09-29T08:08:09.378-04:00 INFO  [main] io.openfednow.gateway.MessageRouter [req=?,e2e=E2E-OUT-002,txn=TXN-OUT-002] Outbound credit transfer status=ACSC rejectCode=null
2026-09-29T08:08:09.379-04:00 DEBUG [main] i.o.p.idempotency.IdempotencyService [req=?,e2e=E2E-OUT-002,txn=TXN-OUT-002] Idempotency outcome recorded e2e=E2E-OUT-002 status=ACSC
2026-09-29T08:08:09.383-04:00 INFO  [main] io.openfednow.gateway.MessageRouter [req=?,e2e=E2E-OUT-NSF-003,txn=TXN-OUT-NSF-003] Outbound credit transfer received amount=9999.00 currency=USD
2026-09-29T08:08:09.384-04:00 INFO  [main] io.openfednow.gateway.MessageRouter [req=?,e2e=E2E-OUT-NSF-003,txn=TXN-OUT-NSF-003] Outbound payment rejected: insufficient funds account=**************-001 available=1000.00 requested=9999.00
2026-09-29T08:08:09.384-04:00 DEBUG [main] i.o.p.idempotency.IdempotencyService [req=?,e2e=E2E-OUT-NSF-003,txn=TXN-OUT-NSF-003] Idempotency outcome recorded e2e=E2E-OUT-NSF-003 status=RJCT
2026-09-29T08:08:09.388-04:00 INFO  [main] io.openfednow.gateway.MessageRouter [req=?,e2e=E2E-OUT-RJT-002,txn=TXN-OUT-RJT-002] Outbound credit transfer received amount=100.00 currency=USD
2026-09-29T08:08:09.389-04:00 INFO  [main] i.o.processing.saga.SagaOrchestrator [req=?,e2e=E2E-OUT-RJT-002,txn=TXN-OUT-RJT-002] Saga initiated sagaId=SAGA-35141507-8357-43f2-9044-1c70b1e566a5 transactionId=TXN-OUT-RJT-002 e2e=E2E-OUT-RJT-002 sourceRail=FEDNOW requestId=null
2026-09-29T08:08:09.392-04:00 INFO  [main] io.openfednow.shadowledger.ShadowLedger [req=?,e2e=E2E-OUT-RJT-002,txn=TXN-OUT-RJT-002] Shadow Ledger debit applied account=ACC-DEBTOR-OUT-001 amount=100.00 balanceAfter=900.00
2026-09-29T08:08:09.392-04:00 DEBUG [main] i.o.processing.saga.SagaOrchestrator [req=?,e2e=E2E-OUT-RJT-002,txn=TXN-OUT-RJT-002] Saga advanced sagaId=SAGA-35141507-8357-43f2-9044-1c70b1e566a5 state=FUNDS_RESERVED
2026-09-29T08:08:09.393-04:00 DEBUG [main] i.o.processing.saga.SagaOrchestrator [req=?,e2e=E2E-OUT-RJT-002,txn=TXN-OUT-RJT-002] Saga advanced sagaId=SAGA-35141507-8357-43f2-9044-1c70b1e566a5 state=SUBMITTING
2026-09-29T08:08:09.393-04:00 INFO  [main] io.openfednow.gateway.MessageRouter [req=?,e2e=E2E-OUT-RJT-002,txn=TXN-OUT-RJT-002] FedNow rejected outbound payment, compensating sagaId=SAGA-35141507-8357-43f2-9044-1c70b1e566a5 reason=AM04
2026-09-29T08:08:09.393-04:00 INFO  [main] i.o.processing.saga.SagaOrchestrator [req=?,e2e=E2E-OUT-RJT-002,txn=TXN-OUT-RJT-002] Saga compensation starting sagaId=SAGA-35141507-8357-43f2-9044-1c70b1e566a5 fromState=SUBMITTING reason=AM04
2026-09-29T08:08:09.394-04:00 INFO  [main] io.openfednow.shadowledger.ShadowLedger [req=?,e2e=E2E-OUT-RJT-002,txn=TXN-OUT-RJT-002] Shadow Ledger reversal applied account=ACC-DEBTOR-OUT-001 amount=100.00 balanceAfter=1000.00
2026-09-29T08:08:09.394-04:00 INFO  [main] i.o.processing.saga.SagaOrchestrator [req=?,e2e=E2E-OUT-RJT-002,txn=TXN-OUT-RJT-002] Shadow Ledger debit reversed sagaId=SAGA-35141507-8357-43f2-9044-1c70b1e566a5 transactionId=TXN-OUT-RJT-002
2026-09-29T08:08:09.394-04:00 INFO  [main] i.o.processing.saga.SagaOrchestrator [req=?,e2e=E2E-OUT-RJT-002,txn=TXN-OUT-RJT-002] Saga compensation complete sagaId=SAGA-35141507-8357-43f2-9044-1c70b1e566a5
2026-09-29T08:08:09.395-04:00 INFO  [main] io.openfednow.gateway.MessageRouter [req=?,e2e=E2E-OUT-RJT-002,txn=TXN-OUT-RJT-002] Outbound credit transfer status=RJCT rejectCode=AM04
2026-09-29T08:08:09.395-04:00 DEBUG [main] i.o.p.idempotency.IdempotencyService [req=?,e2e=E2E-OUT-RJT-002,txn=TXN-OUT-RJT-002] Idempotency outcome recorded e2e=E2E-OUT-RJT-002 status=RJCT
2026-09-29T08:08:09.399-04:00 INFO  [main] io.openfednow.gateway.MessageRouter [req=?,e2e=E2E-OUT-NSF-001,txn=TXN-OUT-NSF-001] Outbound credit transfer received amount=5000.00 currency=USD
2026-09-29T08:08:09.400-04:00 INFO  [main] io.openfednow.gateway.MessageRouter [req=?,e2e=E2E-OUT-NSF-001,txn=TXN-OUT-NSF-001] Outbound payment rejected: insufficient funds account=**************-001 available=1000.00 requested=5000.00
2026-09-29T08:08:09.400-04:00 DEBUG [main] i.o.p.idempotency.IdempotencyService [req=?,e2e=E2E-OUT-NSF-001,txn=TXN-OUT-NSF-001] Idempotency outcome recorded e2e=E2E-OUT-NSF-001 status=RJCT
2026-09-29T08:08:09.403-04:00 INFO  [main] io.openfednow.gateway.MessageRouter [req=?,e2e=E2E-OUT-ACSP-002,txn=TXN-OUT-ACSP-002] Outbound credit transfer received amount=50.00 currency=USD
2026-09-29T08:08:09.404-04:00 INFO  [main] i.o.processing.saga.SagaOrchestrator [req=?,e2e=E2E-OUT-ACSP-002,txn=TXN-OUT-ACSP-002] Saga initiated sagaId=SAGA-3d1f51bb-80f0-4591-a1af-82e58b065af9 transactionId=TXN-OUT-ACSP-002 e2e=E2E-OUT-ACSP-002 sourceRail=FEDNOW requestId=null
2026-09-29T08:08:09.408-04:00 INFO  [main] io.openfednow.shadowledger.ShadowLedger [req=?,e2e=E2E-OUT-ACSP-002,txn=TXN-OUT-ACSP-002] Shadow Ledger debit applied account=ACC-DEBTOR-OUT-001 amount=50.00 balanceAfter=950.00
2026-09-29T08:08:09.408-04:00 DEBUG [main] i.o.processing.saga.SagaOrchestrator [req=?,e2e=E2E-OUT-ACSP-002,txn=TXN-OUT-ACSP-002] Saga advanced sagaId=SAGA-3d1f51bb-80f0-4591-a1af-82e58b065af9 state=FUNDS_RESERVED
2026-09-29T08:08:09.408-04:00 DEBUG [main] i.o.processing.saga.SagaOrchestrator [req=?,e2e=E2E-OUT-ACSP-002,txn=TXN-OUT-ACSP-002] Saga advanced sagaId=SAGA-3d1f51bb-80f0-4591-a1af-82e58b065af9 state=SUBMITTING
2026-09-29T08:08:09.408-04:00 DEBUG [main] i.o.processing.saga.SagaOrchestrator [req=?,e2e=E2E-OUT-ACSP-002,txn=TXN-OUT-ACSP-002] Saga advanced sagaId=SAGA-3d1f51bb-80f0-4591-a1af-82e58b065af9 state=OUTCOME_UNKNOWN
2026-09-29T08:08:09.409-04:00 INFO  [main] io.openfednow.gateway.MessageRouter [req=?,e2e=E2E-OUT-ACSP-002,txn=TXN-OUT-ACSP-002] Outbound credit transfer status=ACSP rejectCode=null
2026-09-29T08:08:09.409-04:00 DEBUG [main] i.o.p.idempotency.IdempotencyService [req=?,e2e=E2E-OUT-ACSP-002,txn=TXN-OUT-ACSP-002] Idempotency outcome recorded e2e=E2E-OUT-ACSP-002 status=ACSP
2026-09-29T08:08:09.413-04:00 INFO  [main] io.openfednow.gateway.MessageRouter [req=?,e2e=E2E-OUT-DUP-001,txn=TXN-OUT-DUP-001] Outbound credit transfer received amount=200.00 currency=USD
2026-09-29T08:08:09.414-04:00 INFO  [main] i.o.processing.saga.SagaOrchestrator [req=?,e2e=E2E-OUT-DUP-001,txn=TXN-OUT-DUP-001] Saga initiated sagaId=SAGA-87cd47f7-5b7f-4a91-8106-818a386edcc6 transactionId=TXN-OUT-DUP-001 e2e=E2E-OUT-DUP-001 sourceRail=FEDNOW requestId=null
2026-09-29T08:08:09.417-04:00 INFO  [main] io.openfednow.shadowledger.ShadowLedger [req=?,e2e=E2E-OUT-DUP-001,txn=TXN-OUT-DUP-001] Shadow Ledger debit applied account=ACC-DEBTOR-OUT-001 amount=200.00 balanceAfter=800.00
2026-09-29T08:08:09.417-04:00 DEBUG [main] i.o.processing.saga.SagaOrchestrator [req=?,e2e=E2E-OUT-DUP-001,txn=TXN-OUT-DUP-001] Saga advanced sagaId=SAGA-87cd47f7-5b7f-4a91-8106-818a386edcc6 state=FUNDS_RESERVED
2026-09-29T08:08:09.417-04:00 DEBUG [main] i.o.processing.saga.SagaOrchestrator [req=?,e2e=E2E-OUT-DUP-001,txn=TXN-OUT-DUP-001] Saga advanced sagaId=SAGA-87cd47f7-5b7f-4a91-8106-818a386edcc6 state=SUBMITTING
2026-09-29T08:08:09.417-04:00 DEBUG [main] i.o.processing.saga.SagaOrchestrator [req=?,e2e=E2E-OUT-DUP-001,txn=TXN-OUT-DUP-001] Saga advanced sagaId=SAGA-87cd47f7-5b7f-4a91-8106-818a386edcc6 state=FEDNOW_CONFIRMED
2026-09-29T08:08:09.418-04:00 DEBUG [main] i.o.processing.saga.SagaOrchestrator [req=?,e2e=E2E-OUT-DUP-001,txn=TXN-OUT-DUP-001] Saga advanced sagaId=SAGA-87cd47f7-5b7f-4a91-8106-818a386edcc6 state=COMPLETED
2026-09-29T08:08:09.418-04:00 INFO  [main] io.openfednow.gateway.MessageRouter [req=?,e2e=E2E-OUT-DUP-001,txn=TXN-OUT-DUP-001] Outbound credit transfer status=ACSC rejectCode=null
2026-09-29T08:08:09.418-04:00 DEBUG [main] i.o.p.idempotency.IdempotencyService [req=?,e2e=E2E-OUT-DUP-001,txn=TXN-OUT-DUP-001] Idempotency outcome recorded e2e=E2E-OUT-DUP-001 status=ACSC
2026-09-29T08:08:09.418-04:00 INFO  [main] io.openfednow.gateway.MessageRouter [req=?,e2e=E2E-OUT-DUP-001,txn=TXN-OUT-DUP-001] Outbound credit transfer received amount=200.00 currency=USD
2026-09-29T08:08:09.418-04:00 DEBUG [main] i.o.p.idempotency.IdempotencyService [req=?,e2e=E2E-OUT-DUP-001,txn=TXN-OUT-DUP-001] Idempotency cache hit e2e=E2E-OUT-DUP-001
2026-09-29T08:08:09.419-04:00 INFO  [main] io.openfednow.gateway.MessageRouter [req=?,e2e=E2E-OUT-DUP-001,txn=TXN-OUT-DUP-001] Duplicate outbound payment suppressed e2e=E2E-OUT-DUP-001
2026-09-29T08:08:09.422-04:00 INFO  [main] io.openfednow.gateway.MessageRouter [req=?,e2e=E2E-OUT-003,txn=TXN-OUT-003] Outbound credit transfer received amount=50.00 currency=USD
2026-09-29T08:08:09.423-04:00 INFO  [main] i.o.processing.saga.SagaOrchestrator [req=?,e2e=E2E-OUT-003,txn=TXN-OUT-003] Saga initiated sagaId=SAGA-c093c5e9-6eb7-4a96-bd0b-ba33e25635be transactionId=TXN-OUT-003 e2e=E2E-OUT-003 sourceRail=FEDNOW requestId=null
2026-09-29T08:08:09.426-04:00 INFO  [main] io.openfednow.shadowledger.ShadowLedger [req=?,e2e=E2E-OUT-003,txn=TXN-OUT-003] Shadow Ledger debit applied account=ACC-DEBTOR-OUT-001 amount=50.00 balanceAfter=950.00
2026-09-29T08:08:09.426-04:00 DEBUG [main] i.o.processing.saga.SagaOrchestrator [req=?,e2e=E2E-OUT-003,txn=TXN-OUT-003] Saga advanced sagaId=SAGA-c093c5e9-6eb7-4a96-bd0b-ba33e25635be state=FUNDS_RESERVED
2026-09-29T08:08:09.427-04:00 DEBUG [main] i.o.processing.saga.SagaOrchestrator [req=?,e2e=E2E-OUT-003,txn=TXN-OUT-003] Saga advanced sagaId=SAGA-c093c5e9-6eb7-4a96-bd0b-ba33e25635be state=SUBMITTING
2026-09-29T08:08:09.427-04:00 DEBUG [main] i.o.processing.saga.SagaOrchestrator [req=?,e2e=E2E-OUT-003,txn=TXN-OUT-003] Saga advanced sagaId=SAGA-c093c5e9-6eb7-4a96-bd0b-ba33e25635be state=FEDNOW_CONFIRMED
2026-09-29T08:08:09.427-04:00 DEBUG [main] i.o.processing.saga.SagaOrchestrator [req=?,e2e=E2E-OUT-003,txn=TXN-OUT-003] Saga advanced sagaId=SAGA-c093c5e9-6eb7-4a96-bd0b-ba33e25635be state=COMPLETED
2026-09-29T08:08:09.427-04:00 INFO  [main] io.openfednow.gateway.MessageRouter [req=?,e2e=E2E-OUT-003,txn=TXN-OUT-003] Outbound credit transfer status=ACSC rejectCode=null
2026-09-29T08:08:09.427-04:00 DEBUG [main] i.o.p.idempotency.IdempotencyService [req=?,e2e=E2E-OUT-003,txn=TXN-OUT-003] Idempotency outcome recorded e2e=E2E-OUT-003 status=ACSC
2026-09-29T08:08:09.431-04:00 INFO  [main] io.openfednow.gateway.MessageRouter [req=?,e2e=E2E-OUT-001,txn=TXN-OUT-001] Outbound credit transfer received amount=250.00 currency=USD
2026-09-29T08:08:09.432-04:00 INFO  [main] i.o.processing.saga.SagaOrchestrator [req=?,e2e=E2E-OUT-001,txn=TXN-OUT-001] Saga initiated sagaId=SAGA-31598092-ecc8-4da7-8ec1-4ae9e2f657f4 transactionId=TXN-OUT-001 e2e=E2E-OUT-001 sourceRail=FEDNOW requestId=null
2026-09-29T08:08:09.435-04:00 INFO  [main] io.openfednow.shadowledger.ShadowLedger [req=?,e2e=E2E-OUT-001,txn=TXN-OUT-001] Shadow Ledger debit applied account=ACC-DEBTOR-OUT-001 amount=250.00 balanceAfter=750.00
2026-09-29T08:08:09.435-04:00 DEBUG [main] i.o.processing.saga.SagaOrchestrator [req=?,e2e=E2E-OUT-001,txn=TXN-OUT-001] Saga advanced sagaId=SAGA-31598092-ecc8-4da7-8ec1-4ae9e2f657f4 state=FUNDS_RESERVED
2026-09-29T08:08:09.435-04:00 DEBUG [main] i.o.processing.saga.SagaOrchestrator [req=?,e2e=E2E-OUT-001,txn=TXN-OUT-001] Saga advanced sagaId=SAGA-31598092-ecc8-4da7-8ec1-4ae9e2f657f4 state=SUBMITTING
2026-09-29T08:08:09.435-04:00 DEBUG [main] i.o.processing.saga.SagaOrchestrator [req=?,e2e=E2E-OUT-001,txn=TXN-OUT-001] Saga advanced sagaId=SAGA-31598092-ecc8-4da7-8ec1-4ae9e2f657f4 state=FEDNOW_CONFIRMED
2026-09-29T08:08:09.435-04:00 DEBUG [main] i.o.processing.saga.SagaOrchestrator [req=?,e2e=E2E-OUT-001,txn=TXN-OUT-001] Saga advanced sagaId=SAGA-31598092-ecc8-4da7-8ec1-4ae9e2f657f4 state=COMPLETED
2026-09-29T08:08:09.435-04:00 INFO  [main] io.openfednow.gateway.MessageRouter [req=?,e2e=E2E-OUT-001,txn=TXN-OUT-001] Outbound credit transfer status=ACSC rejectCode=null
2026-09-29T08:08:09.436-04:00 DEBUG [main] i.o.p.idempotency.IdempotencyService [req=?,e2e=E2E-OUT-001,txn=TXN-OUT-001] Idempotency outcome recorded e2e=E2E-OUT-001 status=ACSC
2026-09-29T08:08:09.439-04:00 INFO  [main] io.openfednow.gateway.MessageRouter [req=?,e2e=E2E-OUT-RJT-003,txn=TXN-OUT-RJT-003] Outbound credit transfer received amount=75.00 currency=USD
2026-09-29T08:08:09.440-04:00 INFO  [main] i.o.processing.saga.SagaOrchestrator [req=?,e2e=E2E-OUT-RJT-003,txn=TXN-OUT-RJT-003] Saga initiated sagaId=SAGA-d246c190-e241-4d48-9459-69314664d48d transactionId=TXN-OUT-RJT-003 e2e=E2E-OUT-RJT-003 sourceRail=FEDNOW requestId=null
2026-09-29T08:08:09.443-04:00 INFO  [main] io.openfednow.shadowledger.ShadowLedger [req=?,e2e=E2E-OUT-RJT-003,txn=TXN-OUT-RJT-003] Shadow Ledger debit applied account=ACC-DEBTOR-OUT-001 amount=75.00 balanceAfter=925.00
2026-09-29T08:08:09.443-04:00 DEBUG [main] i.o.processing.saga.SagaOrchestrator [req=?,e2e=E2E-OUT-RJT-003,txn=TXN-OUT-RJT-003] Saga advanced sagaId=SAGA-d246c190-e241-4d48-9459-69314664d48d state=FUNDS_RESERVED
2026-09-29T08:08:09.443-04:00 DEBUG [main] i.o.processing.saga.SagaOrchestrator [req=?,e2e=E2E-OUT-RJT-003,txn=TXN-OUT-RJT-003] Saga advanced sagaId=SAGA-d246c190-e241-4d48-9459-69314664d48d state=SUBMITTING
2026-09-29T08:08:09.443-04:00 INFO  [main] io.openfednow.gateway.MessageRouter [req=?,e2e=E2E-OUT-RJT-003,txn=TXN-OUT-RJT-003] FedNow rejected outbound payment, compensating sagaId=SAGA-d246c190-e241-4d48-9459-69314664d48d reason=AC04
2026-09-29T08:08:09.443-04:00 INFO  [main] i.o.processing.saga.SagaOrchestrator [req=?,e2e=E2E-OUT-RJT-003,txn=TXN-OUT-RJT-003] Saga compensation starting sagaId=SAGA-d246c190-e241-4d48-9459-69314664d48d fromState=SUBMITTING reason=AC04
2026-09-29T08:08:09.444-04:00 INFO  [main] io.openfednow.shadowledger.ShadowLedger [req=?,e2e=E2E-OUT-RJT-003,txn=TXN-OUT-RJT-003] Shadow Ledger reversal applied account=ACC-DEBTOR-OUT-001 amount=75.00 balanceAfter=1000.00
2026-09-29T08:08:09.444-04:00 INFO  [main] i.o.processing.saga.SagaOrchestrator [req=?,e2e=E2E-OUT-RJT-003,txn=TXN-OUT-RJT-003] Shadow Ledger debit reversed sagaId=SAGA-d246c190-e241-4d48-9459-69314664d48d transactionId=TXN-OUT-RJT-003
2026-09-29T08:08:09.445-04:00 INFO  [main] i.o.processing.saga.SagaOrchestrator [req=?,e2e=E2E-OUT-RJT-003,txn=TXN-OUT-RJT-003] Saga compensation complete sagaId=SAGA-d246c190-e241-4d48-9459-69314664d48d
2026-09-29T08:08:09.445-04:00 INFO  [main] io.openfednow.gateway.MessageRouter [req=?,e2e=E2E-OUT-RJT-003,txn=TXN-OUT-RJT-003] Outbound credit transfer status=RJCT rejectCode=AC04
2026-09-29T08:08:09.445-04:00 DEBUG [main] i.o.p.idempotency.IdempotencyService [req=?,e2e=E2E-OUT-RJT-003,txn=TXN-OUT-RJT-003] Idempotency outcome recorded e2e=E2E-OUT-RJT-003 status=RJCT
2026-09-29T08:08:09.449-04:00 INFO  [main] io.openfednow.gateway.MessageRouter [req=?,e2e=E2E-OUT-UNKNOWN,txn=TXN-OUT-UNKNOWN] Outbound credit transfer received amount=150.00 currency=USD
2026-09-29T08:08:09.450-04:00 INFO  [main] i.o.processing.saga.SagaOrchestrator [req=?,e2e=E2E-OUT-UNKNOWN,txn=TXN-OUT-UNKNOWN] Saga initiated sagaId=SAGA-71fa975a-d3b9-4ec7-82ff-26c683af8fd8 transactionId=TXN-OUT-UNKNOWN e2e=E2E-OUT-UNKNOWN sourceRail=FEDNOW requestId=null
2026-09-29T08:08:09.453-04:00 INFO  [main] io.openfednow.shadowledger.ShadowLedger [req=?,e2e=E2E-OUT-UNKNOWN,txn=TXN-OUT-UNKNOWN] Shadow Ledger debit applied account=ACC-DEBTOR-OUT-001 amount=150.00 balanceAfter=850.00
2026-09-29T08:08:09.453-04:00 DEBUG [main] i.o.processing.saga.SagaOrchestrator [req=?,e2e=E2E-OUT-UNKNOWN,txn=TXN-OUT-UNKNOWN] Saga advanced sagaId=SAGA-71fa975a-d3b9-4ec7-82ff-26c683af8fd8 state=FUNDS_RESERVED
2026-09-29T08:08:09.453-04:00 DEBUG [main] i.o.processing.saga.SagaOrchestrator [req=?,e2e=E2E-OUT-UNKNOWN,txn=TXN-OUT-UNKNOWN] Saga advanced sagaId=SAGA-71fa975a-d3b9-4ec7-82ff-26c683af8fd8 state=SUBMITTING
2026-09-29T08:08:09.453-04:00 ERROR [main] io.openfednow.gateway.MessageRouter [req=?,e2e=E2E-OUT-UNKNOWN,txn=TXN-OUT-UNKNOWN] FedNow outcome unknown; reservation retained sagaId=SAGA-71fa975a-d3b9-4ec7-82ff-26c683af8fd8
io.openfednow.gateway.SubmissionOutcomeUnknownException: simulated lost response
	at io.openfednow.gateway.MessageRouter.routeOutbound(MessageRouter.java:433)
	at io.openfednow.gateway.OutboundPaymentIntegrationTest.lostResponseRetainsFundsAndDuplicateCannotResubmit(OutboundPaymentIntegrationTest.java:224)
	at java.base/jdk.internal.reflect.NativeMethodAccessorImpl.invoke0(Native Method)
	at java.base/jdk.internal.reflect.NativeMethodAccessorImpl.invoke(NativeMethodAccessorImpl.java:77)
	at java.base/jdk.internal.reflect.DelegatingMethodAccessorImpl.invoke(DelegatingMethodAccessorImpl.java:43)
	at java.base/java.lang.reflect.Method.invoke(Method.java:569)
	at org.junit.platform.commons.util.ReflectionUtils.invokeMethod(ReflectionUtils.java:775)
	at org.junit.platform.commons.support.ReflectionSupport.invokeMethod(ReflectionSupport.java:479)
	at org.junit.jupiter.engine.execution.MethodInvocation.proceed(MethodInvocation.java:60)
	at org.junit.jupiter.engine.execution.InvocationInterceptorChain$ValidatingInvocation.proceed(InvocationInterceptorChain.java:131)
	at org.junit.jupiter.engine.extension.TimeoutExtension.intercept(TimeoutExtension.java:161)
	at org.junit.jupiter.engine.extension.TimeoutExtension.interceptTestableMethod(TimeoutExtension.java:152)
	at org.junit.jupiter.engine.extension.TimeoutExtension.interceptTestMethod(TimeoutExtension.java:91)
	at org.junit.jupiter.engine.execution.InterceptingExecutableInvoker$ReflectiveInterceptorCall.lambda$ofVoidMethod$0(InterceptingExecutableInvoker.java:112)
	at org.junit.jupiter.engine.execution.InterceptingExecutableInvoker.lambda$invoke$0(InterceptingExecutableInvoker.java:94)
	at org.junit.jupiter.engine.execution.InvocationInterceptorChain$InterceptedInvocation.proceed(InvocationInterceptorChain.java:106)
	at org.junit.jupiter.engine.execution.InvocationInterceptorChain.proceed(InvocationInterceptorChain.java:64)
	at org.junit.jupiter.engine.execution.InvocationInterceptorChain.chainAndInvoke(InvocationInterceptorChain.java:45)
	at org.junit.jupiter.engine.execution.InvocationInterceptorChain.invoke(InvocationInterceptorChain.java:37)
	at org.junit.jupiter.engine.execution.InterceptingExecutableInvoker.invoke(InterceptingExecutableInvoker.java:93)
	at org.junit.jupiter.engine.execution.InterceptingExecutableInvoker.invoke(InterceptingExecutableInvoker.java:87)
	at org.junit.jupiter.engine.descriptor.TestMethodTestDescriptor.lambda$invokeTestMethod$7(TestMethodTestDescriptor.java:216)
	at org.junit.platform.engine.support.hierarchical.ThrowableCollector.execute(ThrowableCollector.java:73)
	at org.junit.jupiter.engine.descriptor.TestMethodTestDescriptor.invokeTestMethod(TestMethodTestDescriptor.java:212)
	at org.junit.jupiter.engine.descriptor.TestMethodTestDescriptor.execute(TestMethodTestDescriptor.java:137)
	at org.junit.jupiter.engine.descriptor.TestMethodTestDescriptor.execute(TestMethodTestDescriptor.java:69)
	at org.junit.platform.engine.support.hierarchical.NodeTestTask.lambda$executeRecursively$6(NodeTestTask.java:156)
	at org.junit.platform.engine.support.hierarchical.ThrowableCollector.execute(ThrowableCollector.java:73)
	at org.junit.platform.engine.support.hierarchical.NodeTestTask.lambda$executeRecursively$8(NodeTestTask.java:146)
	at org.junit.platform.engine.support.hierarchical.Node.around(Node.java:137)
	at org.junit.platform.engine.support.hierarchical.NodeTestTask.lambda$executeRecursively$9(NodeTestTask.java:144)
	at org.junit.platform.engine.support.hierarchical.ThrowableCollector.execute(ThrowableCollector.java:73)
	at org.junit.platform.engine.support.hierarchical.NodeTestTask.executeRecursively(NodeTestTask.java:143)
	at org.junit.platform.engine.support.hierarchical.NodeTestTask.execute(NodeTestTask.java:100)
	at java.base/java.util.ArrayList.forEach(ArrayList.java:1511)
	at org.junit.platform.engine.support.hierarchical.SameThreadHierarchicalTestExecutorService.invokeAll(SameThreadHierarchicalTestExecutorService.java:41)
	at org.junit.platform.engine.support.hierarchical.NodeTestTask.lambda$executeRecursively$6(NodeTestTask.java:160)
	at org.junit.platform.engine.support.hierarchical.ThrowableCollector.execute(ThrowableCollector.java:73)
	at org.junit.platform.engine.support.hierarchical.NodeTestTask.lambda$executeRecursively$8(NodeTestTask.java:146)
	at org.junit.platform.engine.support.hierarchical.Node.around(Node.java:137)
	at org.junit.platform.engine.support.hierarchical.NodeTestTask.lambda$executeRecursively$9(NodeTestTask.java:144)
	at org.junit.platform.engine.support.hierarchical.ThrowableCollector.execute(ThrowableCollector.java:73)
	at org.junit.platform.engine.support.hierarchical.NodeTestTask.executeRecursively(NodeTestTask.java:143)
	at org.junit.platform.engine.support.hierarchical.NodeTestTask.execute(NodeTestTask.java:100)
	at java.base/java.util.ArrayList.forEach(ArrayList.java:1511)
	at org.junit.platform.engine.support.hierarchical.SameThreadHierarchicalTestExecutorService.invokeAll(SameThreadHierarchicalTestExecutorService.java:41)
	at org.junit.platform.engine.support.hierarchical.NodeTestTask.lambda$executeRecursively$6(NodeTestTask.java:160)
	at org.junit.platform.engine.support.hierarchical.ThrowableCollector.execute(ThrowableCollector.java:73)
	at org.junit.platform.engine.support.hierarchical.NodeTestTask.lambda$executeRecursively$8(NodeTestTask.java:146)
	at org.junit.platform.engine.support.hierarchical.Node.around(Node.java:137)
	at org.junit.platform.engine.support.hierarchical.NodeTestTask.lambda$executeRecursively$9(NodeTestTask.java:144)
	at org.junit.platform.engine.support.hierarchical.ThrowableCollector.execute(ThrowableCollector.java:73)
	at org.junit.platform.engine.support.hierarchical.NodeTestTask.executeRecursively(NodeTestTask.java:143)
	at org.junit.platform.engine.support.hierarchical.NodeTestTask.execute(NodeTestTask.java:100)
	at org.junit.platform.engine.support.hierarchical.SameThreadHierarchicalTestExecutorService.submit(SameThreadHierarchicalTestExecutorService.java:35)
	at org.junit.platform.engine.support.hierarchical.HierarchicalTestExecutor.execute(HierarchicalTestExecutor.java:57)
	at org.junit.platform.engine.support.hierarchical.HierarchicalTestEngine.execute(HierarchicalTestEngine.java:54)
	at org.junit.platform.launcher.core.EngineExecutionOrchestrator.execute(EngineExecutionOrchestrator.java:201)
	at org.junit.platform.launcher.core.EngineExecutionOrchestrator.execute(EngineExecutionOrchestrator.java:170)
	at org.junit.platform.launcher.core.EngineExecutionOrchestrator.execute(EngineExecutionOrchestrator.java:94)
	at org.junit.platform.launcher.core.EngineExecutionOrchestrator.lambda$execute$0(EngineExecutionOrchestrator.java:59)
	at org.junit.platform.launcher.core.EngineExecutionOrchestrator.withInterceptedStreams(EngineExecutionOrchestrator.java:142)
	at org.junit.platform.launcher.core.EngineExecutionOrchestrator.execute(EngineExecutionOrchestrator.java:58)
	at org.junit.platform.launcher.core.DefaultLauncher.execute(DefaultLauncher.java:103)
	at org.junit.platform.launcher.core.DefaultLauncher.execute(DefaultLauncher.java:85)
	at org.junit.platform.launcher.core.DelegatingLauncher.execute(DelegatingLauncher.java:47)
	at org.junit.platform.launcher.core.InterceptingLauncher.lambda$execute$1(InterceptingLauncher.java:39)
	at org.junit.platform.launcher.core.ClasspathAlignmentCheckingLauncherInterceptor.intercept(ClasspathAlignmentCheckingLauncherInterceptor.java:25)
	at org.junit.platform.launcher.core.InterceptingLauncher.execute(InterceptingLauncher.java:38)
	at org.junit.platform.launcher.core.DelegatingLauncher.execute(DelegatingLauncher.java:47)
	at org.apache.maven.surefire.junitplatform.LauncherAdapter.executeWithoutCancellationToken(LauncherAdapter.java:60)
	at org.apache.maven.surefire.junitplatform.LauncherAdapter.execute(LauncherAdapter.java:52)
	at org.apache.maven.surefire.junitplatform.JUnitPlatformProvider.execute(JUnitPlatformProvider.java:203)
	at org.apache.maven.surefire.junitplatform.JUnitPlatformProvider.invokeAllTests(JUnitPlatformProvider.java:168)
	at org.apache.maven.surefire.junitplatform.JUnitPlatformProvider.invoke(JUnitPlatformProvider.java:136)
	at org.apache.maven.surefire.booter.ForkedBooter.runSuitesInProcess(ForkedBooter.java:385)
	at org.apache.maven.surefire.booter.ForkedBooter.execute(ForkedBooter.java:162)
	at org.apache.maven.surefire.booter.ForkedBooter.run(ForkedBooter.java:507)
	at org.apache.maven.surefire.booter.ForkedBooter.main(ForkedBooter.java:495)
2026-09-29T08:08:09.454-04:00 DEBUG [main] i.o.processing.saga.SagaOrchestrator [req=?,e2e=E2E-OUT-UNKNOWN,txn=TXN-OUT-UNKNOWN] Saga advanced sagaId=SAGA-71fa975a-d3b9-4ec7-82ff-26c683af8fd8 state=OUTCOME_UNKNOWN
2026-09-29T08:08:09.455-04:00 INFO  [main] io.openfednow.gateway.MessageRouter [req=?,e2e=E2E-OUT-UNKNOWN,txn=TXN-OUT-UNKNOWN] Outbound credit transfer received amount=150.00 currency=USD
2026-09-29T08:08:09.456-04:00 WARN  [main] io.openfednow.gateway.MessageRouter [req=?,e2e=E2E-OUT-UNKNOWN,txn=TXN-OUT-UNKNOWN] Outbound payment already has a durable saga e2e=E2E-OUT-UNKNOWN
2026-09-29T08:08:09.459-04:00 INFO  [main] o.s.o.j.LocalContainerEntityManagerFactoryBean [req=?,e2e=E2E-OUT-UNKNOWN,txn=TXN-OUT-UNKNOWN] Closing JPA EntityManagerFactory for persistence unit 'default'
[INFO] Tests run: 13, Failures: 0, Errors: 0, Skipped: 0, Time elapsed: 0.571 s -- in io.openfednow.gateway.OutboundPaymentIntegrationTest
[INFO] Running io.openfednow.shadowledger.ShadowLedgerConcurrencyTest
2026-09-29T08:08:09.495-04:00 INFO  [main] o.s.t.c.s.AnnotationConfigContextLoaderUtils [req=?,e2e=E2E-OUT-UNKNOWN,txn=TXN-OUT-UNKNOWN] Could not detect default configuration classes for test class [io.openfednow.shadowledger.ShadowLedgerConcurrencyTest]: ShadowLedgerConcurrencyTest does not declare any static, non-private, non-final, nested classes annotated with @Configuration.
2026-09-29T08:08:09.500-04:00 INFO  [main] o.s.b.t.c.SpringBootTestContextBootstrapper [req=?,e2e=E2E-OUT-UNKNOWN,txn=TXN-OUT-UNKNOWN] Found @SpringBootConfiguration io.openfednow.OpenFedNowApplication for test class io.openfednow.shadowledger.ShadowLedgerConcurrencyTest

  .   ____          _            __ _ _
 /\\ / ___'_ __ _ _(_)_ __  __ _ \ \ \ \
( ( )\___ | '_ | '_| | '_ \/ _` | \ \ \ \
 \\/  ___)| |_)| | | | | || (_| |  ) ) ) )
  '  |____| .__|_| |_|_| |_\__, | / / / /
 =========|_|==============|___/=/_/_/_/

 :: Spring Boot ::               (v3.5.16)

2026-09-29T08:08:09.508-04:00 INFO  [main] i.o.s.ShadowLedgerConcurrencyTest [req=?,e2e=E2E-OUT-UNKNOWN,txn=TXN-OUT-UNKNOWN] Starting ShadowLedgerConcurrencyTest using Java 17.0.20.1 with PID 90640 (started by danielmori in /Users/danielmori/Developer/open-fednow-clean-eval)
2026-09-29T08:08:09.508-04:00 DEBUG [main] i.o.s.ShadowLedgerConcurrencyTest [req=?,e2e=E2E-OUT-UNKNOWN,txn=TXN-OUT-UNKNOWN] Running with Spring Boot v3.5.16, Spring v6.2.19
2026-09-29T08:08:09.508-04:00 INFO  [main] i.o.s.ShadowLedgerConcurrencyTest [req=?,e2e=E2E-OUT-UNKNOWN,txn=TXN-OUT-UNKNOWN] No active profile set, falling back to 1 default profile: "default"
2026-09-29T08:08:09.565-04:00 INFO  [main] o.s.d.r.c.RepositoryConfigurationDelegate [req=?,e2e=E2E-OUT-UNKNOWN,txn=TXN-OUT-UNKNOWN] Multiple Spring Data modules found, entering strict repository configuration mode
2026-09-29T08:08:09.565-04:00 INFO  [main] o.s.d.r.c.RepositoryConfigurationDelegate [req=?,e2e=E2E-OUT-UNKNOWN,txn=TXN-OUT-UNKNOWN] Bootstrapping Spring Data JPA repositories in DEFAULT mode.
2026-09-29T08:08:09.568-04:00 INFO  [main] o.s.d.r.c.RepositoryConfigurationDelegate [req=?,e2e=E2E-OUT-UNKNOWN,txn=TXN-OUT-UNKNOWN] Finished Spring Data repository scanning in 3 ms. Found 0 JPA repository interfaces.
2026-09-29T08:08:09.569-04:00 INFO  [main] o.s.d.r.c.RepositoryConfigurationDelegate [req=?,e2e=E2E-OUT-UNKNOWN,txn=TXN-OUT-UNKNOWN] Multiple Spring Data modules found, entering strict repository configuration mode
2026-09-29T08:08:09.569-04:00 INFO  [main] o.s.d.r.c.RepositoryConfigurationDelegate [req=?,e2e=E2E-OUT-UNKNOWN,txn=TXN-OUT-UNKNOWN] Bootstrapping Spring Data Redis repositories in DEFAULT mode.
2026-09-29T08:08:09.571-04:00 INFO  [main] o.s.d.r.c.RepositoryConfigurationDelegate [req=?,e2e=E2E-OUT-UNKNOWN,txn=TXN-OUT-UNKNOWN] Finished Spring Data repository scanning in 1 ms. Found 0 Redis repository interfaces.
2026-09-29T08:08:09.614-04:00 INFO  [main] org.flywaydb.core.FlywayExecutor [req=?,e2e=E2E-OUT-UNKNOWN,txn=TXN-OUT-UNKNOWN] Database: jdbc:postgresql://localhost:53418/openfednow?loggerLevel=OFF (PostgreSQL 16.15)
2026-09-29T08:08:09.620-04:00 INFO  [main] o.f.core.internal.command.DbValidate [req=?,e2e=E2E-OUT-UNKNOWN,txn=TXN-OUT-UNKNOWN] Successfully validated 12 migrations (execution time 00:00.002s)
2026-09-29T08:08:09.631-04:00 INFO  [main] o.f.core.internal.command.DbMigrate [req=?,e2e=E2E-OUT-UNKNOWN,txn=TXN-OUT-UNKNOWN] Current version of schema "public": 12
2026-09-29T08:08:09.631-04:00 INFO  [main] o.f.core.internal.command.DbMigrate [req=?,e2e=E2E-OUT-UNKNOWN,txn=TXN-OUT-UNKNOWN] Schema "public" is up to date. No migration necessary.
2026-09-29T08:08:09.644-04:00 INFO  [main] o.s.o.j.p.SpringPersistenceUnitInfo [req=?,e2e=E2E-OUT-UNKNOWN,txn=TXN-OUT-UNKNOWN] No LoadTimeWeaver setup: ignoring JPA class transformer
2026-09-29T08:08:09.650-04:00 INFO  [main] o.s.o.j.LocalContainerEntityManagerFactoryBean [req=?,e2e=E2E-OUT-UNKNOWN,txn=TXN-OUT-UNKNOWN] Initialized JPA EntityManagerFactory for persistence unit 'default'
2026-09-29T08:08:09.718-04:00 INFO  [main] i.o.reliability.ReliabilityRailConfig [req=?,e2e=E2E-OUT-UNKNOWN,txn=TXN-OUT-UNKNOWN] Synthetic reliability rail configured=false
2026-09-29T08:08:09.740-04:00 INFO  [main] o.s.s.c.a.a.c.InitializeUserDetailsBeanManagerConfigurer$InitializeUserDetailsManagerConfigurer [req=?,e2e=E2E-OUT-UNKNOWN,txn=TXN-OUT-UNKNOWN] Global AuthenticationManager configured with UserDetailsService bean with name userDetailsService
2026-09-29T08:08:09.901-04:00 INFO  [main] i.o.s.ShadowLedgerConcurrencyTest [req=?,e2e=E2E-OUT-UNKNOWN,txn=TXN-OUT-UNKNOWN] Started ShadowLedgerConcurrencyTest in 0.4 seconds (process running for 28.801)
2026-09-29T08:08:09.901-04:00 DEBUG [scheduling-1] i.o.shadowledger.AvailabilityBridge [req=?,e2e=?,txn=?] Core availability poll: mode=ONLINE
2026-09-29T08:08:09.903-04:00 INFO  [main] i.o.processing.saga.SagaRecoveryService [req=?,e2e=E2E-OUT-UNKNOWN,txn=TXN-OUT-UNKNOWN] Saga recovery: no in-flight sagas found at startup
2026-09-29T08:08:09.904-04:00 INFO  [main] i.o.shadowledger.BalanceSeedService [req=?,e2e=E2E-OUT-UNKNOWN,txn=TXN-OUT-UNKNOWN] Shadow Ledger startup seed: no accounts configured (openfednow.shadow-ledger.seed-accounts is empty)
2026-09-29T08:08:09.914-04:00 DEBUG [pool-73-thread-5] io.openfednow.shadowledger.ShadowLedger [req=?,e2e=?,txn=?] Shadow Ledger debit conflict, retrying attempt=1 account=ACC-CONC-OVERDRAFT
2026-09-29T08:08:09.914-04:00 DEBUG [pool-73-thread-4] io.openfednow.shadowledger.ShadowLedger [req=?,e2e=?,txn=?] Shadow Ledger debit conflict, retrying attempt=1 account=ACC-CONC-OVERDRAFT
2026-09-29T08:08:09.915-04:00 DEBUG [pool-73-thread-8] io.openfednow.shadowledger.ShadowLedger [req=?,e2e=?,txn=?] Shadow Ledger debit conflict, retrying attempt=1 account=ACC-CONC-OVERDRAFT
2026-09-29T08:08:09.915-04:00 DEBUG [pool-73-thread-10] io.openfednow.shadowledger.ShadowLedger [req=?,e2e=?,txn=?] Shadow Ledger debit conflict, retrying attempt=1 account=ACC-CONC-OVERDRAFT
2026-09-29T08:08:09.914-04:00 DEBUG [pool-73-thread-6] io.openfednow.shadowledger.ShadowLedger [req=?,e2e=?,txn=?] Shadow Ledger debit conflict, retrying attempt=1 account=ACC-CONC-OVERDRAFT
2026-09-29T08:08:09.915-04:00 DEBUG [pool-73-thread-9] io.openfednow.shadowledger.ShadowLedger [req=?,e2e=?,txn=?] Shadow Ledger debit conflict, retrying attempt=1 account=ACC-CONC-OVERDRAFT
2026-09-29T08:08:09.915-04:00 DEBUG [pool-73-thread-7] io.openfednow.shadowledger.ShadowLedger [req=?,e2e=?,txn=?] Shadow Ledger debit conflict, retrying attempt=1 account=ACC-CONC-OVERDRAFT
2026-09-29T08:08:09.915-04:00 DEBUG [pool-73-thread-1] io.openfednow.shadowledger.ShadowLedger [req=?,e2e=?,txn=?] Shadow Ledger debit conflict, retrying attempt=1 account=ACC-CONC-OVERDRAFT
2026-09-29T08:08:09.915-04:00 DEBUG [pool-73-thread-2] io.openfednow.shadowledger.ShadowLedger [req=?,e2e=?,txn=?] Shadow Ledger debit conflict, retrying attempt=1 account=ACC-CONC-OVERDRAFT
2026-09-29T08:08:09.916-04:00 INFO  [pool-73-thread-3] io.openfednow.shadowledger.ShadowLedger [req=?,e2e=?,txn=?] Shadow Ledger debit applied account=ACC-CONC-OVERDRAFT amount=100.00 balanceAfter=400.00
2026-09-29T08:08:09.918-04:00 DEBUG [pool-73-thread-10] io.openfednow.shadowledger.ShadowLedger [req=?,e2e=?,txn=?] Shadow Ledger debit conflict, retrying attempt=2 account=ACC-CONC-OVERDRAFT
2026-09-29T08:08:09.918-04:00 DEBUG [pool-73-thread-6] io.openfednow.shadowledger.ShadowLedger [req=?,e2e=?,txn=?] Shadow Ledger debit conflict, retrying attempt=2 account=ACC-CONC-OVERDRAFT
2026-09-29T08:08:09.919-04:00 DEBUG [pool-73-thread-1] io.openfednow.shadowledger.ShadowLedger [req=?,e2e=?,txn=?] Shadow Ledger debit conflict, retrying attempt=2 account=ACC-CONC-OVERDRAFT
2026-09-29T08:08:09.919-04:00 DEBUG [pool-73-thread-9] io.openfednow.shadowledger.ShadowLedger [req=?,e2e=?,txn=?] Shadow Ledger debit conflict, retrying attempt=2 account=ACC-CONC-OVERDRAFT
2026-09-29T08:08:09.919-04:00 DEBUG [pool-73-thread-4] io.openfednow.shadowledger.ShadowLedger [req=?,e2e=?,txn=?] Shadow Ledger debit conflict, retrying attempt=2 account=ACC-CONC-OVERDRAFT
2026-09-29T08:08:09.919-04:00 DEBUG [pool-73-thread-8] io.openfednow.shadowledger.ShadowLedger [req=?,e2e=?,txn=?] Shadow Ledger debit conflict, retrying attempt=2 account=ACC-CONC-OVERDRAFT
2026-09-29T08:08:09.919-04:00 DEBUG [pool-73-thread-7] io.openfednow.shadowledger.ShadowLedger [req=?,e2e=?,txn=?] Shadow Ledger debit conflict, retrying attempt=2 account=ACC-CONC-OVERDRAFT
2026-09-29T08:08:09.919-04:00 INFO  [pool-73-thread-5] io.openfednow.shadowledger.ShadowLedger [req=?,e2e=?,txn=?] Shadow Ledger debit applied account=ACC-CONC-OVERDRAFT amount=100.00 balanceAfter=300.00
2026-09-29T08:08:09.919-04:00 DEBUG [pool-73-thread-2] io.openfednow.shadowledger.ShadowLedger [req=?,e2e=?,txn=?] Shadow Ledger debit conflict, retrying attempt=2 account=ACC-CONC-OVERDRAFT
2026-09-29T08:08:09.921-04:00 DEBUG [pool-73-thread-10] io.openfednow.shadowledger.ShadowLedger [req=?,e2e=?,txn=?] Shadow Ledger debit conflict, retrying attempt=3 account=ACC-CONC-OVERDRAFT
2026-09-29T08:08:09.922-04:00 DEBUG [pool-73-thread-8] io.openfednow.shadowledger.ShadowLedger [req=?,e2e=?,txn=?] Shadow Ledger debit conflict, retrying attempt=3 account=ACC-CONC-OVERDRAFT
2026-09-29T08:08:09.922-04:00 DEBUG [pool-73-thread-7] io.openfednow.shadowledger.ShadowLedger [req=?,e2e=?,txn=?] Shadow Ledger debit conflict, retrying attempt=3 account=ACC-CONC-OVERDRAFT
2026-09-29T08:08:09.922-04:00 DEBUG [pool-73-thread-9] io.openfednow.shadowledger.ShadowLedger [req=?,e2e=?,txn=?] Shadow Ledger debit conflict, retrying attempt=3 account=ACC-CONC-OVERDRAFT
2026-09-29T08:08:09.922-04:00 DEBUG [pool-73-thread-1] io.openfednow.shadowledger.ShadowLedger [req=?,e2e=?,txn=?] Shadow Ledger debit conflict, retrying attempt=3 account=ACC-CONC-OVERDRAFT
2026-09-29T08:08:09.922-04:00 DEBUG [pool-73-thread-2] io.openfednow.shadowledger.ShadowLedger [req=?,e2e=?,txn=?] Shadow Ledger debit conflict, retrying attempt=3 account=ACC-CONC-OVERDRAFT
2026-09-29T08:08:09.922-04:00 DEBUG [pool-73-thread-4] io.openfednow.shadowledger.ShadowLedger [req=?,e2e=?,txn=?] Shadow Ledger debit conflict, retrying attempt=3 account=ACC-CONC-OVERDRAFT
2026-09-29T08:08:09.922-04:00 INFO  [pool-73-thread-6] io.openfednow.shadowledger.ShadowLedger [req=?,e2e=?,txn=?] Shadow Ledger debit applied account=ACC-CONC-OVERDRAFT amount=100.00 balanceAfter=200.00
2026-09-29T08:08:09.928-04:00 DEBUG [pool-74-thread-3] io.openfednow.shadowledger.ShadowLedger [req=?,e2e=?,txn=?] Shadow Ledger debit conflict, retrying attempt=1 account=ACC-CONC-DEBIT
2026-09-29T08:08:09.928-04:00 DEBUG [pool-74-thread-2] io.openfednow.shadowledger.ShadowLedger [req=?,e2e=?,txn=?] Shadow Ledger debit conflict, retrying attempt=1 account=ACC-CONC-DEBIT
2026-09-29T08:08:09.929-04:00 INFO  [pool-74-thread-1] io.openfednow.shadowledger.ShadowLedger [req=?,e2e=?,txn=?] Shadow Ledger debit applied account=ACC-CONC-DEBIT amount=100.00 balanceAfter=200.00
2026-09-29T08:08:09.930-04:00 DEBUG [pool-74-thread-2] io.openfednow.shadowledger.ShadowLedger [req=?,e2e=?,txn=?] Shadow Ledger debit conflict, retrying attempt=2 account=ACC-CONC-DEBIT
2026-09-29T08:08:09.931-04:00 INFO  [pool-74-thread-3] io.openfednow.shadowledger.ShadowLedger [req=?,e2e=?,txn=?] Shadow Ledger debit applied account=ACC-CONC-DEBIT amount=100.00 balanceAfter=100.00
2026-09-29T08:08:09.932-04:00 INFO  [pool-74-thread-2] io.openfednow.shadowledger.ShadowLedger [req=?,e2e=?,txn=?] Shadow Ledger debit applied account=ACC-CONC-DEBIT amount=100.00 balanceAfter=0.00
2026-09-29T08:08:09.937-04:00 INFO  [pool-75-thread-7] io.openfednow.shadowledger.ShadowLedger [req=?,e2e=?,txn=?] Shadow Ledger credit applied account=ACC-CONC-CREDIT amount=1.00 balanceAfter=1.00
2026-09-29T08:08:09.937-04:00 INFO  [pool-75-thread-19] io.openfednow.shadowledger.ShadowLedger [req=?,e2e=?,txn=?] Shadow Ledger credit applied account=ACC-CONC-CREDIT amount=1.00 balanceAfter=14.00
2026-09-29T08:08:09.937-04:00 INFO  [pool-75-thread-12] io.openfednow.shadowledger.ShadowLedger [req=?,e2e=?,txn=?] Shadow Ledger credit applied account=ACC-CONC-CREDIT amount=1.00 balanceAfter=2.00
2026-09-29T08:08:09.937-04:00 INFO  [pool-75-thread-17] io.openfednow.shadowledger.ShadowLedger [req=?,e2e=?,txn=?] Shadow Ledger credit applied account=ACC-CONC-CREDIT amount=1.00 balanceAfter=9.00
2026-09-29T08:08:09.937-04:00 INFO  [pool-75-thread-8] io.openfednow.shadowledger.ShadowLedger [req=?,e2e=?,txn=?] Shadow Ledger credit applied account=ACC-CONC-CREDIT amount=1.00 balanceAfter=11.00
2026-09-29T08:08:09.937-04:00 INFO  [pool-75-thread-6] io.openfednow.shadowledger.ShadowLedger [req=?,e2e=?,txn=?] Shadow Ledger credit applied account=ACC-CONC-CREDIT amount=1.00 balanceAfter=3.00
2026-09-29T08:08:09.937-04:00 INFO  [pool-75-thread-3] io.openfednow.shadowledger.ShadowLedger [req=?,e2e=?,txn=?] Shadow Ledger credit applied account=ACC-CONC-CREDIT amount=1.00 balanceAfter=5.00
2026-09-29T08:08:09.937-04:00 INFO  [pool-75-thread-10] io.openfednow.shadowledger.ShadowLedger [req=?,e2e=?,txn=?] Shadow Ledger credit applied account=ACC-CONC-CREDIT amount=1.00 balanceAfter=10.00
2026-09-29T08:08:09.938-04:00 INFO  [pool-75-thread-2] io.openfednow.shadowledger.ShadowLedger [req=?,e2e=?,txn=?] Shadow Ledger credit applied account=ACC-CONC-CREDIT amount=1.00 balanceAfter=16.00
2026-09-29T08:08:09.938-04:00 INFO  [pool-75-thread-11] io.openfednow.shadowledger.ShadowLedger [req=?,e2e=?,txn=?] Shadow Ledger credit applied account=ACC-CONC-CREDIT amount=1.00 balanceAfter=4.00
2026-09-29T08:08:09.938-04:00 INFO  [pool-75-thread-20] io.openfednow.shadowledger.ShadowLedger [req=?,e2e=?,txn=?] Shadow Ledger credit applied account=ACC-CONC-CREDIT amount=1.00 balanceAfter=20.00
2026-09-29T08:08:09.938-04:00 INFO  [pool-75-thread-19] io.openfednow.shadowledger.ShadowLedger [req=?,e2e=?,txn=?] Shadow Ledger credit applied account=ACC-CONC-CREDIT amount=1.00 balanceAfter=22.00
2026-09-29T08:08:09.938-04:00 INFO  [pool-75-thread-14] io.openfednow.shadowledger.ShadowLedger [req=?,e2e=?,txn=?] Shadow Ledger credit applied account=ACC-CONC-CREDIT amount=1.00 balanceAfter=19.00
2026-09-29T08:08:09.938-04:00 INFO  [pool-75-thread-4] io.openfednow.shadowledger.ShadowLedger [req=?,e2e=?,txn=?] Shadow Ledger credit applied account=ACC-CONC-CREDIT amount=1.00 balanceAfter=13.00
2026-09-29T08:08:09.938-04:00 INFO  [pool-75-thread-16] io.openfednow.shadowledger.ShadowLedger [req=?,e2e=?,txn=?] Shadow Ledger credit applied account=ACC-CONC-CREDIT amount=1.00 balanceAfter=7.00
2026-09-29T08:08:09.938-04:00 INFO  [pool-75-thread-15] io.openfednow.shadowledger.ShadowLedger [req=?,e2e=?,txn=?] Shadow Ledger credit applied account=ACC-CONC-CREDIT amount=1.00 balanceAfter=8.00
2026-09-29T08:08:09.938-04:00 INFO  [pool-75-thread-13] io.openfednow.shadowledger.ShadowLedger [req=?,e2e=?,txn=?] Shadow Ledger credit applied account=ACC-CONC-CREDIT amount=1.00 balanceAfter=18.00
2026-09-29T08:08:09.939-04:00 INFO  [pool-75-thread-8] io.openfednow.shadowledger.ShadowLedger [req=?,e2e=?,txn=?] Shadow Ledger credit applied account=ACC-CONC-CREDIT amount=1.00 balanceAfter=25.00
2026-09-29T08:08:09.939-04:00 INFO  [pool-75-thread-9] io.openfednow.shadowledger.ShadowLedger [req=?,e2e=?,txn=?] Shadow Ledger credit applied account=ACC-CONC-CREDIT amount=1.00 balanceAfter=6.00
2026-09-29T08:08:09.939-04:00 INFO  [pool-75-thread-1] io.openfednow.shadowledger.ShadowLedger [req=?,e2e=?,txn=?] Shadow Ledger credit applied account=ACC-CONC-CREDIT amount=1.00 balanceAfter=17.00
2026-09-29T08:08:09.939-04:00 INFO  [pool-75-thread-18] io.openfednow.shadowledger.ShadowLedger [req=?,e2e=?,txn=?] Shadow Ledger credit applied account=ACC-CONC-CREDIT amount=1.00 balanceAfter=12.00
2026-09-29T08:08:09.939-04:00 INFO  [pool-75-thread-17] io.openfednow.shadowledger.ShadowLedger [req=?,e2e=?,txn=?] Shadow Ledger credit applied account=ACC-CONC-CREDIT amount=1.00 balanceAfter=24.00
2026-09-29T08:08:09.939-04:00 INFO  [pool-75-thread-5] io.openfednow.shadowledger.ShadowLedger [req=?,e2e=?,txn=?] Shadow Ledger credit applied account=ACC-CONC-CREDIT amount=1.00 balanceAfter=15.00
2026-09-29T08:08:09.939-04:00 INFO  [pool-75-thread-12] io.openfednow.shadowledger.ShadowLedger [req=?,e2e=?,txn=?] Shadow Ledger credit applied account=ACC-CONC-CREDIT amount=1.00 balanceAfter=23.00
2026-09-29T08:08:09.939-04:00 INFO  [pool-75-thread-7] io.openfednow.shadowledger.ShadowLedger [req=?,e2e=?,txn=?] Shadow Ledger credit applied account=ACC-CONC-CREDIT amount=1.00 balanceAfter=21.00
2026-09-29T08:08:09.939-04:00 INFO  [pool-75-thread-3] io.openfednow.shadowledger.ShadowLedger [req=?,e2e=?,txn=?] Shadow Ledger credit applied account=ACC-CONC-CREDIT amount=1.00 balanceAfter=26.00
2026-09-29T08:08:09.939-04:00 INFO  [pool-75-thread-2] io.openfednow.shadowledger.ShadowLedger [req=?,e2e=?,txn=?] Shadow Ledger credit applied account=ACC-CONC-CREDIT amount=1.00 balanceAfter=29.00
2026-09-29T08:08:09.939-04:00 INFO  [pool-75-thread-6] io.openfednow.shadowledger.ShadowLedger [req=?,e2e=?,txn=?] Shadow Ledger credit applied account=ACC-CONC-CREDIT amount=1.00 balanceAfter=27.00
2026-09-29T08:08:09.939-04:00 INFO  [pool-75-thread-4] io.openfednow.shadowledger.ShadowLedger [req=?,e2e=?,txn=?] Shadow Ledger credit applied account=ACC-CONC-CREDIT amount=1.00 balanceAfter=34.00
2026-09-29T08:08:09.939-04:00 INFO  [pool-75-thread-10] io.openfednow.shadowledger.ShadowLedger [req=?,e2e=?,txn=?] Shadow Ledger credit applied account=ACC-CONC-CREDIT amount=1.00 balanceAfter=28.00
2026-09-29T08:08:09.939-04:00 INFO  [pool-75-thread-16] io.openfednow.shadowledger.ShadowLedger [req=?,e2e=?,txn=?] Shadow Ledger credit applied account=ACC-CONC-CREDIT amount=1.00 balanceAfter=35.00
2026-09-29T08:08:09.939-04:00 INFO  [pool-75-thread-14] io.openfednow.shadowledger.ShadowLedger [req=?,e2e=?,txn=?] Shadow Ledger credit applied account=ACC-CONC-CREDIT amount=1.00 balanceAfter=33.00
2026-09-29T08:08:09.939-04:00 INFO  [pool-75-thread-20] io.openfednow.shadowledger.ShadowLedger [req=?,e2e=?,txn=?] Shadow Ledger credit applied account=ACC-CONC-CREDIT amount=1.00 balanceAfter=31.00
2026-09-29T08:08:09.940-04:00 INFO  [pool-75-thread-11] io.openfednow.shadowledger.ShadowLedger [req=?,e2e=?,txn=?] Shadow Ledger credit applied account=ACC-CONC-CREDIT amount=1.00 balanceAfter=32.00
2026-09-29T08:08:09.940-04:00 INFO  [pool-75-thread-15] io.openfednow.shadowledger.ShadowLedger [req=?,e2e=?,txn=?] Shadow Ledger credit applied account=ACC-CONC-CREDIT amount=1.00 balanceAfter=36.00
2026-09-29T08:08:09.940-04:00 INFO  [pool-75-thread-13] io.openfednow.shadowledger.ShadowLedger [req=?,e2e=?,txn=?] Shadow Ledger credit applied account=ACC-CONC-CREDIT amount=1.00 balanceAfter=37.00
2026-09-29T08:08:09.940-04:00 INFO  [pool-75-thread-9] io.openfednow.shadowledger.ShadowLedger [req=?,e2e=?,txn=?] Shadow Ledger credit applied account=ACC-CONC-CREDIT amount=1.00 balanceAfter=39.00
2026-09-29T08:08:09.940-04:00 INFO  [pool-75-thread-5] io.openfednow.shadowledger.ShadowLedger [req=?,e2e=?,txn=?] Shadow Ledger credit applied account=ACC-CONC-CREDIT amount=1.00 balanceAfter=43.00
2026-09-29T08:08:09.940-04:00 INFO  [pool-75-thread-19] io.openfednow.shadowledger.ShadowLedger [req=?,e2e=?,txn=?] Shadow Ledger credit applied account=ACC-CONC-CREDIT amount=1.00 balanceAfter=30.00
2026-09-29T08:08:09.940-04:00 INFO  [pool-75-thread-18] io.openfednow.shadowledger.ShadowLedger [req=?,e2e=?,txn=?] Shadow Ledger credit applied account=ACC-CONC-CREDIT amount=1.00 balanceAfter=40.00
2026-09-29T08:08:09.940-04:00 INFO  [pool-75-thread-17] io.openfednow.shadowledger.ShadowLedger [req=?,e2e=?,txn=?] Shadow Ledger credit applied account=ACC-CONC-CREDIT amount=1.00 balanceAfter=42.00
2026-09-29T08:08:09.940-04:00 INFO  [pool-75-thread-1] io.openfednow.shadowledger.ShadowLedger [req=?,e2e=?,txn=?] Shadow Ledger credit applied account=ACC-CONC-CREDIT amount=1.00 balanceAfter=41.00
2026-09-29T08:08:09.940-04:00 INFO  [pool-75-thread-8] io.openfednow.shadowledger.ShadowLedger [req=?,e2e=?,txn=?] Shadow Ledger credit applied account=ACC-CONC-CREDIT amount=1.00 balanceAfter=38.00
2026-09-29T08:08:09.940-04:00 INFO  [pool-75-thread-12] io.openfednow.shadowledger.ShadowLedger [req=?,e2e=?,txn=?] Shadow Ledger credit applied account=ACC-CONC-CREDIT amount=1.00 balanceAfter=44.00
2026-09-29T08:08:09.940-04:00 INFO  [pool-75-thread-6] io.openfednow.shadowledger.ShadowLedger [req=?,e2e=?,txn=?] Shadow Ledger credit applied account=ACC-CONC-CREDIT amount=1.00 balanceAfter=48.00
2026-09-29T08:08:09.940-04:00 INFO  [pool-75-thread-2] io.openfednow.shadowledger.ShadowLedger [req=?,e2e=?,txn=?] Shadow Ledger credit applied account=ACC-CONC-CREDIT amount=1.00 balanceAfter=47.00
2026-09-29T08:08:09.940-04:00 INFO  [pool-75-thread-4] io.openfednow.shadowledger.ShadowLedger [req=?,e2e=?,txn=?] Shadow Ledger credit applied account=ACC-CONC-CREDIT amount=1.00 balanceAfter=49.00
2026-09-29T08:08:09.940-04:00 INFO  [pool-75-thread-16] io.openfednow.shadowledger.ShadowLedger [req=?,e2e=?,txn=?] Shadow Ledger credit applied account=ACC-CONC-CREDIT amount=1.00 balanceAfter=51.00
2026-09-29T08:08:09.940-04:00 INFO  [pool-75-thread-3] io.openfednow.shadowledger.ShadowLedger [req=?,e2e=?,txn=?] Shadow Ledger credit applied account=ACC-CONC-CREDIT amount=1.00 balanceAfter=46.00
2026-09-29T08:08:09.940-04:00 INFO  [pool-75-thread-10] io.openfednow.shadowledger.ShadowLedger [req=?,e2e=?,txn=?] Shadow Ledger credit applied account=ACC-CONC-CREDIT amount=1.00 balanceAfter=50.00
2026-09-29T08:08:09.940-04:00 INFO  [pool-75-thread-7] io.openfednow.shadowledger.ShadowLedger [req=?,e2e=?,txn=?] Shadow Ledger credit applied account=ACC-CONC-CREDIT amount=1.00 balanceAfter=45.00
2026-09-29T08:08:09.940-04:00 INFO  [pool-75-thread-20] io.openfednow.shadowledger.ShadowLedger [req=?,e2e=?,txn=?] Shadow Ledger credit applied account=ACC-CONC-CREDIT amount=1.00 balanceAfter=53.00
2026-09-29T08:08:09.941-04:00 INFO  [pool-75-thread-15] io.openfednow.shadowledger.ShadowLedger [req=?,e2e=?,txn=?] Shadow Ledger credit applied account=ACC-CONC-CREDIT amount=1.00 balanceAfter=54.00
2026-09-29T08:08:09.941-04:00 INFO  [pool-75-thread-14] io.openfednow.shadowledger.ShadowLedger [req=?,e2e=?,txn=?] Shadow Ledger credit applied account=ACC-CONC-CREDIT amount=1.00 balanceAfter=52.00
2026-09-29T08:08:09.941-04:00 INFO  [pool-75-thread-13] io.openfednow.shadowledger.ShadowLedger [req=?,e2e=?,txn=?] Shadow Ledger credit applied account=ACC-CONC-CREDIT amount=1.00 balanceAfter=56.00
2026-09-29T08:08:09.941-04:00 INFO  [pool-75-thread-18] io.openfednow.shadowledger.ShadowLedger [req=?,e2e=?,txn=?] Shadow Ledger credit applied account=ACC-CONC-CREDIT amount=1.00 balanceAfter=59.00
2026-09-29T08:08:09.941-04:00 INFO  [pool-75-thread-9] io.openfednow.shadowledger.ShadowLedger [req=?,e2e=?,txn=?] Shadow Ledger credit applied account=ACC-CONC-CREDIT amount=1.00 balanceAfter=57.00
2026-09-29T08:08:09.941-04:00 INFO  [pool-75-thread-19] io.openfednow.shadowledger.ShadowLedger [req=?,e2e=?,txn=?] Shadow Ledger credit applied account=ACC-CONC-CREDIT amount=1.00 balanceAfter=60.00
2026-09-29T08:08:09.941-04:00 INFO  [pool-75-thread-17] io.openfednow.shadowledger.ShadowLedger [req=?,e2e=?,txn=?] Shadow Ledger credit applied account=ACC-CONC-CREDIT amount=1.00 balanceAfter=61.00
2026-09-29T08:08:09.941-04:00 INFO  [pool-75-thread-5] io.openfednow.shadowledger.ShadowLedger [req=?,e2e=?,txn=?] Shadow Ledger credit applied account=ACC-CONC-CREDIT amount=1.00 balanceAfter=58.00
2026-09-29T08:08:09.941-04:00 INFO  [pool-75-thread-11] io.openfednow.shadowledger.ShadowLedger [req=?,e2e=?,txn=?] Shadow Ledger credit applied account=ACC-CONC-CREDIT amount=1.00 balanceAfter=55.00
2026-09-29T08:08:09.941-04:00 INFO  [pool-75-thread-8] io.openfednow.shadowledger.ShadowLedger [req=?,e2e=?,txn=?] Shadow Ledger credit applied account=ACC-CONC-CREDIT amount=1.00 balanceAfter=63.00
2026-09-29T08:08:09.941-04:00 INFO  [pool-75-thread-16] io.openfednow.shadowledger.ShadowLedger [req=?,e2e=?,txn=?] Shadow Ledger credit applied account=ACC-CONC-CREDIT amount=1.00 balanceAfter=68.00
2026-09-29T08:08:09.941-04:00 INFO  [pool-75-thread-12] io.openfednow.shadowledger.ShadowLedger [req=?,e2e=?,txn=?] Shadow Ledger credit applied account=ACC-CONC-CREDIT amount=1.00 balanceAfter=64.00
2026-09-29T08:08:09.941-04:00 INFO  [pool-75-thread-1] io.openfednow.shadowledger.ShadowLedger [req=?,e2e=?,txn=?] Shadow Ledger credit applied account=ACC-CONC-CREDIT amount=1.00 balanceAfter=62.00
2026-09-29T08:08:09.941-04:00 INFO  [pool-75-thread-2] io.openfednow.shadowledger.ShadowLedger [req=?,e2e=?,txn=?] Shadow Ledger credit applied account=ACC-CONC-CREDIT amount=1.00 balanceAfter=66.00
2026-09-29T08:08:09.941-04:00 INFO  [pool-75-thread-4] io.openfednow.shadowledger.ShadowLedger [req=?,e2e=?,txn=?] Shadow Ledger credit applied account=ACC-CONC-CREDIT amount=1.00 balanceAfter=67.00
2026-09-29T08:08:09.941-04:00 INFO  [pool-75-thread-6] io.openfednow.shadowledger.ShadowLedger [req=?,e2e=?,txn=?] Shadow Ledger credit applied account=ACC-CONC-CREDIT amount=1.00 balanceAfter=65.00
2026-09-29T08:08:09.942-04:00 INFO  [pool-75-thread-10] io.openfednow.shadowledger.ShadowLedger [req=?,e2e=?,txn=?] Shadow Ledger credit applied account=ACC-CONC-CREDIT amount=1.00 balanceAfter=70.00
2026-09-29T08:08:09.942-04:00 INFO  [pool-75-thread-7] io.openfednow.shadowledger.ShadowLedger [req=?,e2e=?,txn=?] Shadow Ledger credit applied account=ACC-CONC-CREDIT amount=1.00 balanceAfter=72.00
2026-09-29T08:08:09.942-04:00 INFO  [pool-75-thread-15] io.openfednow.shadowledger.ShadowLedger [req=?,e2e=?,txn=?] Shadow Ledger credit applied account=ACC-CONC-CREDIT amount=1.00 balanceAfter=73.00
2026-09-29T08:08:09.942-04:00 INFO  [pool-75-thread-3] io.openfednow.shadowledger.ShadowLedger [req=?,e2e=?,txn=?] Shadow Ledger credit applied account=ACC-CONC-CREDIT amount=1.00 balanceAfter=69.00
2026-09-29T08:08:09.942-04:00 INFO  [pool-75-thread-14] io.openfednow.shadowledger.ShadowLedger [req=?,e2e=?,txn=?] Shadow Ledger credit applied account=ACC-CONC-CREDIT amount=1.00 balanceAfter=74.00
2026-09-29T08:08:09.942-04:00 INFO  [pool-75-thread-20] io.openfednow.shadowledger.ShadowLedger [req=?,e2e=?,txn=?] Shadow Ledger credit applied account=ACC-CONC-CREDIT amount=1.00 balanceAfter=71.00
2026-09-29T08:08:09.942-04:00 INFO  [pool-75-thread-5] io.openfednow.shadowledger.ShadowLedger [req=?,e2e=?,txn=?] Shadow Ledger credit applied account=ACC-CONC-CREDIT amount=1.00 balanceAfter=81.00
2026-09-29T08:08:09.942-04:00 INFO  [pool-75-thread-19] io.openfednow.shadowledger.ShadowLedger [req=?,e2e=?,txn=?] Shadow Ledger credit applied account=ACC-CONC-CREDIT amount=1.00 balanceAfter=78.00
2026-09-29T08:08:09.942-04:00 INFO  [pool-75-thread-18] io.openfednow.shadowledger.ShadowLedger [req=?,e2e=?,txn=?] Shadow Ledger credit applied account=ACC-CONC-CREDIT amount=1.00 balanceAfter=76.00
2026-09-29T08:08:09.942-04:00 INFO  [pool-75-thread-9] io.openfednow.shadowledger.ShadowLedger [req=?,e2e=?,txn=?] Shadow Ledger credit applied account=ACC-CONC-CREDIT amount=1.00 balanceAfter=77.00
2026-09-29T08:08:09.942-04:00 INFO  [pool-75-thread-16] io.openfednow.shadowledger.ShadowLedger [req=?,e2e=?,txn=?] Shadow Ledger credit applied account=ACC-CONC-CREDIT amount=1.00 balanceAfter=83.00
2026-09-29T08:08:09.942-04:00 INFO  [pool-75-thread-8] io.openfednow.shadowledger.ShadowLedger [req=?,e2e=?,txn=?] Shadow Ledger credit applied account=ACC-CONC-CREDIT amount=1.00 balanceAfter=82.00
2026-09-29T08:08:09.942-04:00 INFO  [pool-75-thread-13] io.openfednow.shadowledger.ShadowLedger [req=?,e2e=?,txn=?] Shadow Ledger credit applied account=ACC-CONC-CREDIT amount=1.00 balanceAfter=75.00
2026-09-29T08:08:09.942-04:00 INFO  [pool-75-thread-1] io.openfednow.shadowledger.ShadowLedger [req=?,e2e=?,txn=?] Shadow Ledger credit applied account=ACC-CONC-CREDIT amount=1.00 balanceAfter=85.00
2026-09-29T08:08:09.942-04:00 INFO  [pool-75-thread-17] io.openfednow.shadowledger.ShadowLedger [req=?,e2e=?,txn=?] Shadow Ledger credit applied account=ACC-CONC-CREDIT amount=1.00 balanceAfter=79.00
2026-09-29T08:08:09.942-04:00 INFO  [pool-75-thread-11] io.openfednow.shadowledger.ShadowLedger [req=?,e2e=?,txn=?] Shadow Ledger credit applied account=ACC-CONC-CREDIT amount=1.00 balanceAfter=80.00
2026-09-29T08:08:09.942-04:00 INFO  [pool-75-thread-12] io.openfednow.shadowledger.ShadowLedger [req=?,e2e=?,txn=?] Shadow Ledger credit applied account=ACC-CONC-CREDIT amount=1.00 balanceAfter=84.00
2026-09-29T08:08:09.942-04:00 INFO  [pool-75-thread-4] io.openfednow.shadowledger.ShadowLedger [req=?,e2e=?,txn=?] Shadow Ledger credit applied account=ACC-CONC-CREDIT amount=1.00 balanceAfter=87.00
2026-09-29T08:08:09.942-04:00 INFO  [pool-75-thread-2] io.openfednow.shadowledger.ShadowLedger [req=?,e2e=?,txn=?] Shadow Ledger credit applied account=ACC-CONC-CREDIT amount=1.00 balanceAfter=86.00
2026-09-29T08:08:09.942-04:00 INFO  [pool-75-thread-10] io.openfednow.shadowledger.ShadowLedger [req=?,e2e=?,txn=?] Shadow Ledger credit applied account=ACC-CONC-CREDIT amount=1.00 balanceAfter=89.00
2026-09-29T08:08:09.943-04:00 INFO  [pool-75-thread-7] io.openfednow.shadowledger.ShadowLedger [req=?,e2e=?,txn=?] Shadow Ledger credit applied account=ACC-CONC-CREDIT amount=1.00 balanceAfter=90.00
2026-09-29T08:08:09.943-04:00 INFO  [pool-75-thread-6] io.openfednow.shadowledger.ShadowLedger [req=?,e2e=?,txn=?] Shadow Ledger credit applied account=ACC-CONC-CREDIT amount=1.00 balanceAfter=88.00
2026-09-29T08:08:09.943-04:00 INFO  [pool-75-thread-15] io.openfednow.shadowledger.ShadowLedger [req=?,e2e=?,txn=?] Shadow Ledger credit applied account=ACC-CONC-CREDIT amount=1.00 balanceAfter=91.00
2026-09-29T08:08:09.943-04:00 INFO  [pool-75-thread-3] io.openfednow.shadowledger.ShadowLedger [req=?,e2e=?,txn=?] Shadow Ledger credit applied account=ACC-CONC-CREDIT amount=1.00 balanceAfter=92.00
2026-09-29T08:08:09.943-04:00 INFO  [pool-75-thread-20] io.openfednow.shadowledger.ShadowLedger [req=?,e2e=?,txn=?] Shadow Ledger credit applied account=ACC-CONC-CREDIT amount=1.00 balanceAfter=94.00
2026-09-29T08:08:09.943-04:00 INFO  [pool-75-thread-5] io.openfednow.shadowledger.ShadowLedger [req=?,e2e=?,txn=?] Shadow Ledger credit applied account=ACC-CONC-CREDIT amount=1.00 balanceAfter=95.00
2026-09-29T08:08:09.943-04:00 INFO  [pool-75-thread-14] io.openfednow.shadowledger.ShadowLedger [req=?,e2e=?,txn=?] Shadow Ledger credit applied account=ACC-CONC-CREDIT amount=1.00 balanceAfter=93.00
2026-09-29T08:08:09.943-04:00 INFO  [pool-75-thread-19] io.openfednow.shadowledger.ShadowLedger [req=?,e2e=?,txn=?] Shadow Ledger credit applied account=ACC-CONC-CREDIT amount=1.00 balanceAfter=96.00
2026-09-29T08:08:09.943-04:00 INFO  [pool-75-thread-9] io.openfednow.shadowledger.ShadowLedger [req=?,e2e=?,txn=?] Shadow Ledger credit applied account=ACC-CONC-CREDIT amount=1.00 balanceAfter=98.00
2026-09-29T08:08:09.943-04:00 INFO  [pool-75-thread-18] io.openfednow.shadowledger.ShadowLedger [req=?,e2e=?,txn=?] Shadow Ledger credit applied account=ACC-CONC-CREDIT amount=1.00 balanceAfter=97.00
2026-09-29T08:08:09.943-04:00 INFO  [pool-75-thread-16] io.openfednow.shadowledger.ShadowLedger [req=?,e2e=?,txn=?] Shadow Ledger credit applied account=ACC-CONC-CREDIT amount=1.00 balanceAfter=99.00
2026-09-29T08:08:09.943-04:00 INFO  [pool-75-thread-8] io.openfednow.shadowledger.ShadowLedger [req=?,e2e=?,txn=?] Shadow Ledger credit applied account=ACC-CONC-CREDIT amount=1.00 balanceAfter=100.00
2026-09-29T08:08:09.949-04:00 DEBUG [pool-76-thread-1] io.openfednow.shadowledger.ShadowLedger [req=?,e2e=?,txn=?] Shadow Ledger debit conflict, retrying attempt=1 account=ACC-CONC-AUDIT
2026-09-29T08:08:09.949-04:00 DEBUG [pool-76-thread-2] io.openfednow.shadowledger.ShadowLedger [req=?,e2e=?,txn=?] Shadow Ledger debit conflict, retrying attempt=1 account=ACC-CONC-AUDIT
2026-09-29T08:08:09.949-04:00 INFO  [pool-76-thread-3] io.openfednow.shadowledger.ShadowLedger [req=?,e2e=?,txn=?] Shadow Ledger debit applied account=ACC-CONC-AUDIT amount=100.00 balanceAfter=200.00
2026-09-29T08:08:09.951-04:00 DEBUG [pool-76-thread-1] io.openfednow.shadowledger.ShadowLedger [req=?,e2e=?,txn=?] Shadow Ledger debit conflict, retrying attempt=2 account=ACC-CONC-AUDIT
2026-09-29T08:08:09.951-04:00 INFO  [pool-76-thread-2] io.openfednow.shadowledger.ShadowLedger [req=?,e2e=?,txn=?] Shadow Ledger debit applied account=ACC-CONC-AUDIT amount=100.00 balanceAfter=100.00
2026-09-29T08:08:09.953-04:00 INFO  [pool-76-thread-1] io.openfednow.shadowledger.ShadowLedger [req=?,e2e=?,txn=?] Shadow Ledger debit applied account=ACC-CONC-AUDIT amount=100.00 balanceAfter=0.00
2026-09-29T08:08:09.956-04:00 INFO  [main] o.s.o.j.LocalContainerEntityManagerFactoryBean [req=?,e2e=E2E-OUT-UNKNOWN,txn=TXN-OUT-UNKNOWN] Closing JPA EntityManagerFactory for persistence unit 'default'
[INFO] Tests run: 4, Failures: 0, Errors: 0, Skipped: 0, Time elapsed: 0.488 s -- in io.openfednow.shadowledger.ShadowLedgerConcurrencyTest
[INFO] Running io.openfednow.shadowledger.BridgeModeIntegrationTest
2026-09-29T08:08:09.983-04:00 INFO  [main] o.s.t.c.s.AnnotationConfigContextLoaderUtils [req=?,e2e=E2E-OUT-UNKNOWN,txn=TXN-OUT-UNKNOWN] Could not detect default configuration classes for test class [io.openfednow.shadowledger.BridgeModeIntegrationTest]: BridgeModeIntegrationTest does not declare any static, non-private, non-final, nested classes annotated with @Configuration.
2026-09-29T08:08:09.984-04:00 INFO  [main] o.s.b.t.c.SpringBootTestContextBootstrapper [req=?,e2e=E2E-OUT-UNKNOWN,txn=TXN-OUT-UNKNOWN] Found @SpringBootConfiguration io.openfednow.OpenFedNowApplication for test class io.openfednow.shadowledger.BridgeModeIntegrationTest

  .   ____          _            __ _ _
 /\\ / ___'_ __ _ _(_)_ __  __ _ \ \ \ \
( ( )\___ | '_ | '_| | '_ \/ _` | \ \ \ \
 \\/  ___)| |_)| | | | | || (_| |  ) ) ) )
  '  |____| .__|_| |_|_| |_\__, | / / / /
 =========|_|==============|___/=/_/_/_/

 :: Spring Boot ::               (v3.5.16)

2026-09-29T08:08:09.990-04:00 INFO  [main] i.o.s.BridgeModeIntegrationTest [req=?,e2e=E2E-OUT-UNKNOWN,txn=TXN-OUT-UNKNOWN] Starting BridgeModeIntegrationTest using Java 17.0.20.1 with PID 90640 (started by danielmori in /Users/danielmori/Developer/open-fednow-clean-eval)
2026-09-29T08:08:09.990-04:00 DEBUG [main] i.o.s.BridgeModeIntegrationTest [req=?,e2e=E2E-OUT-UNKNOWN,txn=TXN-OUT-UNKNOWN] Running with Spring Boot v3.5.16, Spring v6.2.19
2026-09-29T08:08:09.991-04:00 INFO  [main] i.o.s.BridgeModeIntegrationTest [req=?,e2e=E2E-OUT-UNKNOWN,txn=TXN-OUT-UNKNOWN] No active profile set, falling back to 1 default profile: "default"
2026-09-29T08:08:10.047-04:00 INFO  [main] o.s.d.r.c.RepositoryConfigurationDelegate [req=?,e2e=E2E-OUT-UNKNOWN,txn=TXN-OUT-UNKNOWN] Multiple Spring Data modules found, entering strict repository configuration mode
2026-09-29T08:08:10.047-04:00 INFO  [main] o.s.d.r.c.RepositoryConfigurationDelegate [req=?,e2e=E2E-OUT-UNKNOWN,txn=TXN-OUT-UNKNOWN] Bootstrapping Spring Data JPA repositories in DEFAULT mode.
2026-09-29T08:08:10.050-04:00 INFO  [main] o.s.d.r.c.RepositoryConfigurationDelegate [req=?,e2e=E2E-OUT-UNKNOWN,txn=TXN-OUT-UNKNOWN] Finished Spring Data repository scanning in 3 ms. Found 0 JPA repository interfaces.
2026-09-29T08:08:10.051-04:00 INFO  [main] o.s.d.r.c.RepositoryConfigurationDelegate [req=?,e2e=E2E-OUT-UNKNOWN,txn=TXN-OUT-UNKNOWN] Multiple Spring Data modules found, entering strict repository configuration mode
2026-09-29T08:08:10.051-04:00 INFO  [main] o.s.d.r.c.RepositoryConfigurationDelegate [req=?,e2e=E2E-OUT-UNKNOWN,txn=TXN-OUT-UNKNOWN] Bootstrapping Spring Data Redis repositories in DEFAULT mode.
2026-09-29T08:08:10.053-04:00 INFO  [main] o.s.d.r.c.RepositoryConfigurationDelegate [req=?,e2e=E2E-OUT-UNKNOWN,txn=TXN-OUT-UNKNOWN] Finished Spring Data repository scanning in 2 ms. Found 0 Redis repository interfaces.
2026-09-29T08:08:10.097-04:00 INFO  [main] org.flywaydb.core.FlywayExecutor [req=?,e2e=E2E-OUT-UNKNOWN,txn=TXN-OUT-UNKNOWN] Database: jdbc:postgresql://localhost:53418/openfednow?loggerLevel=OFF (PostgreSQL 16.15)
2026-09-29T08:08:10.107-04:00 INFO  [main] o.f.core.internal.command.DbValidate [req=?,e2e=E2E-OUT-UNKNOWN,txn=TXN-OUT-UNKNOWN] Successfully validated 12 migrations (execution time 00:00.004s)
2026-09-29T08:08:10.119-04:00 INFO  [main] o.f.core.internal.command.DbMigrate [req=?,e2e=E2E-OUT-UNKNOWN,txn=TXN-OUT-UNKNOWN] Current version of schema "public": 12
2026-09-29T08:08:10.119-04:00 INFO  [main] o.f.core.internal.command.DbMigrate [req=?,e2e=E2E-OUT-UNKNOWN,txn=TXN-OUT-UNKNOWN] Schema "public" is up to date. No migration necessary.
2026-09-29T08:08:10.132-04:00 INFO  [main] o.s.o.j.p.SpringPersistenceUnitInfo [req=?,e2e=E2E-OUT-UNKNOWN,txn=TXN-OUT-UNKNOWN] No LoadTimeWeaver setup: ignoring JPA class transformer
2026-09-29T08:08:10.138-04:00 INFO  [main] o.s.o.j.LocalContainerEntityManagerFactoryBean [req=?,e2e=E2E-OUT-UNKNOWN,txn=TXN-OUT-UNKNOWN] Initialized JPA EntityManagerFactory for persistence unit 'default'
2026-09-29T08:08:10.203-04:00 INFO  [main] i.o.reliability.ReliabilityRailConfig [req=?,e2e=E2E-OUT-UNKNOWN,txn=TXN-OUT-UNKNOWN] Synthetic reliability rail configured=false
2026-09-29T08:08:10.223-04:00 INFO  [main] o.s.s.c.a.a.c.InitializeUserDetailsBeanManagerConfigurer$InitializeUserDetailsManagerConfigurer [req=?,e2e=E2E-OUT-UNKNOWN,txn=TXN-OUT-UNKNOWN] Global AuthenticationManager configured with UserDetailsService bean with name userDetailsService
2026-09-29T08:08:10.384-04:00 INFO  [main] i.o.s.BridgeModeIntegrationTest [req=?,e2e=E2E-OUT-UNKNOWN,txn=TXN-OUT-UNKNOWN] Started BridgeModeIntegrationTest in 0.399 seconds (process running for 29.284)
2026-09-29T08:08:10.384-04:00 DEBUG [scheduling-1] i.o.shadowledger.AvailabilityBridge [req=?,e2e=?,txn=?] Core availability poll: mode=ONLINE
2026-09-29T08:08:10.387-04:00 INFO  [main] i.o.processing.saga.SagaRecoveryService [req=?,e2e=E2E-OUT-UNKNOWN,txn=TXN-OUT-UNKNOWN] Saga recovery: no in-flight sagas found at startup
2026-09-29T08:08:10.387-04:00 INFO  [main] i.o.shadowledger.BalanceSeedService [req=?,e2e=E2E-OUT-UNKNOWN,txn=TXN-OUT-UNKNOWN] Shadow Ledger startup seed: no accounts configured (openfednow.shadow-ledger.seed-accounts is empty)
2026-09-29T08:08:10.388-04:00 INFO  [main] o.s.a.r.c.CachingConnectionFactory [req=?,e2e=E2E-OUT-UNKNOWN,txn=TXN-OUT-UNKNOWN] Attempting to connect to: [localhost:53422]
2026-09-29T08:08:10.393-04:00 INFO  [main] o.s.a.r.c.CachingConnectionFactory [req=?,e2e=E2E-OUT-UNKNOWN,txn=TXN-OUT-UNKNOWN] Created new connection: rabbitConnectionFactory#4a4cc9c1:0/SimpleConnection@44854f6e [delegate=amqp://guest@127.0.0.1:53422/, localPort=53736]
2026-09-29T08:08:10.406-04:00 INFO  [main] i.o.shadowledger.AvailabilityBridge [req=?,e2e=E2E-OUT-UNKNOWN,txn=TXN-OUT-UNKNOWN] Transaction queued for core replay transactionId=E2E-CYCLE-001
2026-09-29T08:08:10.408-04:00 INFO  [main] i.o.shadowledger.ReconciliationService [req=?,e2e=E2E-OUT-UNKNOWN,txn=TXN-OUT-UNKNOWN] Reconciliation cycle starting
2026-09-29T08:08:10.410-04:00 INFO  [main] i.o.shadowledger.ReconciliationService [req=?,e2e=E2E-OUT-UNKNOWN,txn=TXN-OUT-UNKNOWN] Reconciliation processed 1 account(s) across 500-row batches
2026-09-29T08:08:10.411-04:00 INFO  [main] i.o.shadowledger.ReconciliationService [req=?,e2e=E2E-OUT-UNKNOWN,txn=TXN-OUT-UNKNOWN] Reconciliation cycle complete replayed=1 discrepancies=0 success=true
2026-09-29T08:08:10.416-04:00 INFO  [main] i.o.shadowledger.AvailabilityBridge [req=?,e2e=E2E-OUT-UNKNOWN,txn=TXN-OUT-UNKNOWN] Transaction queued for core replay transactionId=E2E-BRIDGE-001
2026-09-29T08:08:10.422-04:00 INFO  [main] i.o.shadowledger.ReconciliationService [req=?,e2e=E2E-OUT-UNKNOWN,txn=TXN-OUT-UNKNOWN] Reconciliation cycle starting
2026-09-29T08:08:10.423-04:00 WARN  [main] i.o.shadowledger.ReconciliationService [req=?,e2e=E2E-OUT-UNKNOWN,txn=TXN-OUT-UNKNOWN] Balance discrepancy account=********-001 shadow=49000.00 core=50000.00
2026-09-29T08:08:10.423-04:00 WARN  [main] io.openfednow.shadowledger.ShadowLedger [req=?,e2e=E2E-OUT-UNKNOWN,txn=TXN-OUT-UNKNOWN] Shadow Ledger discrepancy detected account=********-001 shadow=49000.00 confirmed=50000.00
2026-09-29T08:08:10.424-04:00 ERROR [main] i.o.shadowledger.ReconciliationService [req=?,e2e=E2E-OUT-UNKNOWN,txn=TXN-OUT-UNKNOWN] Reconciliation failed for account=ACC-DISC-001
org.springframework.dao.DataIntegrityViolationException: PreparedStatementCallback; SQL [INSERT INTO shadow_ledger_transaction_log
    (transaction_id, end_to_end_id, account_id, transaction_type,
     amount, balance_before, balance_after, core_confirmed)
VALUES (?, ?, ?, ?, ?, ?, ?, FALSE)
]; ERROR: value too long for type character varying(35)
	at org.springframework.jdbc.support.SQLStateSQLExceptionTranslator.doTranslate(SQLStateSQLExceptionTranslator.java:140)
	at org.springframework.jdbc.support.AbstractFallbackSQLExceptionTranslator.translate(AbstractFallbackSQLExceptionTranslator.java:107)
	at org.springframework.jdbc.support.AbstractFallbackSQLExceptionTranslator.translate(AbstractFallbackSQLExceptionTranslator.java:116)
	at org.springframework.jdbc.core.JdbcTemplate.translateException(JdbcTemplate.java:1556)
	at org.springframework.jdbc.core.JdbcTemplate.execute(JdbcTemplate.java:677)
	at org.springframework.jdbc.core.JdbcTemplate.update(JdbcTemplate.java:972)
	at org.springframework.jdbc.core.JdbcTemplate.update(JdbcTemplate.java:1016)
	at org.springframework.jdbc.core.JdbcTemplate.update(JdbcTemplate.java:1026)
	at io.openfednow.shadowledger.ShadowLedger.logTransaction(ShadowLedger.java:386)
	at io.openfednow.shadowledger.ShadowLedger.reconcile(ShadowLedger.java:361)
	at io.openfednow.shadowledger.ReconciliationService.lambda$reconcileOneAccount$1(ReconciliationService.java:315)
	at org.springframework.transaction.support.TransactionTemplate.execute(TransactionTemplate.java:140)
	at io.openfednow.shadowledger.ReconciliationService.reconcileOneAccount(ReconciliationService.java:304)
	at io.openfednow.shadowledger.ReconciliationService.reconcileLocked(ReconciliationService.java:156)
	at io.openfednow.shadowledger.ReconciliationService.reconcile(ReconciliationService.java:106)
	at io.openfednow.shadowledger.BridgeModeIntegrationTest.reconcileDetectsAndCorrectsShadowLedgerDiscrepancy(BridgeModeIntegrationTest.java:165)
	at java.base/jdk.internal.reflect.NativeMethodAccessorImpl.invoke0(Native Method)
	at java.base/jdk.internal.reflect.NativeMethodAccessorImpl.invoke(NativeMethodAccessorImpl.java:77)
	at java.base/jdk.internal.reflect.DelegatingMethodAccessorImpl.invoke(DelegatingMethodAccessorImpl.java:43)
	at java.base/java.lang.reflect.Method.invoke(Method.java:569)
	at org.junit.platform.commons.util.ReflectionUtils.invokeMethod(ReflectionUtils.java:775)
	at org.junit.platform.commons.support.ReflectionSupport.invokeMethod(ReflectionSupport.java:479)
	at org.junit.jupiter.engine.execution.MethodInvocation.proceed(MethodInvocation.java:60)
	at org.junit.jupiter.engine.execution.InvocationInterceptorChain$ValidatingInvocation.proceed(InvocationInterceptorChain.java:131)
	at org.junit.jupiter.engine.extension.TimeoutExtension.intercept(TimeoutExtension.java:161)
	at org.junit.jupiter.engine.extension.TimeoutExtension.interceptTestableMethod(TimeoutExtension.java:152)
	at org.junit.jupiter.engine.extension.TimeoutExtension.interceptTestMethod(TimeoutExtension.java:91)
	at org.junit.jupiter.engine.execution.InterceptingExecutableInvoker$ReflectiveInterceptorCall.lambda$ofVoidMethod$0(InterceptingExecutableInvoker.java:112)
	at org.junit.jupiter.engine.execution.InterceptingExecutableInvoker.lambda$invoke$0(InterceptingExecutableInvoker.java:94)
	at org.junit.jupiter.engine.execution.InvocationInterceptorChain$InterceptedInvocation.proceed(InvocationInterceptorChain.java:106)
	at org.junit.jupiter.engine.execution.InvocationInterceptorChain.proceed(InvocationInterceptorChain.java:64)
	at org.junit.jupiter.engine.execution.InvocationInterceptorChain.chainAndInvoke(InvocationInterceptorChain.java:45)
	at org.junit.jupiter.engine.execution.InvocationInterceptorChain.invoke(InvocationInterceptorChain.java:37)
	at org.junit.jupiter.engine.execution.InterceptingExecutableInvoker.invoke(InterceptingExecutableInvoker.java:93)
	at org.junit.jupiter.engine.execution.InterceptingExecutableInvoker.invoke(InterceptingExecutableInvoker.java:87)
	at org.junit.jupiter.engine.descriptor.TestMethodTestDescriptor.lambda$invokeTestMethod$7(TestMethodTestDescriptor.java:216)
	at org.junit.platform.engine.support.hierarchical.ThrowableCollector.execute(ThrowableCollector.java:73)
	at org.junit.jupiter.engine.descriptor.TestMethodTestDescriptor.invokeTestMethod(TestMethodTestDescriptor.java:212)
	at org.junit.jupiter.engine.descriptor.TestMethodTestDescriptor.execute(TestMethodTestDescriptor.java:137)
	at org.junit.jupiter.engine.descriptor.TestMethodTestDescriptor.execute(TestMethodTestDescriptor.java:69)
	at org.junit.platform.engine.support.hierarchical.NodeTestTask.lambda$executeRecursively$6(NodeTestTask.java:156)
	at org.junit.platform.engine.support.hierarchical.ThrowableCollector.execute(ThrowableCollector.java:73)
	at org.junit.platform.engine.support.hierarchical.NodeTestTask.lambda$executeRecursively$8(NodeTestTask.java:146)
	at org.junit.platform.engine.support.hierarchical.Node.around(Node.java:137)
	at org.junit.platform.engine.support.hierarchical.NodeTestTask.lambda$executeRecursively$9(NodeTestTask.java:144)
	at org.junit.platform.engine.support.hierarchical.ThrowableCollector.execute(ThrowableCollector.java:73)
	at org.junit.platform.engine.support.hierarchical.NodeTestTask.executeRecursively(NodeTestTask.java:143)
	at org.junit.platform.engine.support.hierarchical.NodeTestTask.execute(NodeTestTask.java:100)
	at java.base/java.util.ArrayList.forEach(ArrayList.java:1511)
	at org.junit.platform.engine.support.hierarchical.SameThreadHierarchicalTestExecutorService.invokeAll(SameThreadHierarchicalTestExecutorService.java:41)
	at org.junit.platform.engine.support.hierarchical.NodeTestTask.lambda$executeRecursively$6(NodeTestTask.java:160)
	at org.junit.platform.engine.support.hierarchical.ThrowableCollector.execute(ThrowableCollector.java:73)
	at org.junit.platform.engine.support.hierarchical.NodeTestTask.lambda$executeRecursively$8(NodeTestTask.java:146)
	at org.junit.platform.engine.support.hierarchical.Node.around(Node.java:137)
	at org.junit.platform.engine.support.hierarchical.NodeTestTask.lambda$executeRecursively$9(NodeTestTask.java:144)
	at org.junit.platform.engine.support.hierarchical.ThrowableCollector.execute(ThrowableCollector.java:73)
	at org.junit.platform.engine.support.hierarchical.NodeTestTask.executeRecursively(NodeTestTask.java:143)
	at org.junit.platform.engine.support.hierarchical.NodeTestTask.execute(NodeTestTask.java:100)
	at java.base/java.util.ArrayList.forEach(ArrayList.java:1511)
	at org.junit.platform.engine.support.hierarchical.SameThreadHierarchicalTestExecutorService.invokeAll(SameThreadHierarchicalTestExecutorService.java:41)
	at org.junit.platform.engine.support.hierarchical.NodeTestTask.lambda$executeRecursively$6(NodeTestTask.java:160)
	at org.junit.platform.engine.support.hierarchical.ThrowableCollector.execute(ThrowableCollector.java:73)
	at org.junit.platform.engine.support.hierarchical.NodeTestTask.lambda$executeRecursively$8(NodeTestTask.java:146)
	at org.junit.platform.engine.support.hierarchical.Node.around(Node.java:137)
	at org.junit.platform.engine.support.hierarchical.NodeTestTask.lambda$executeRecursively$9(NodeTestTask.java:144)
	at org.junit.platform.engine.support.hierarchical.ThrowableCollector.execute(ThrowableCollector.java:73)
	at org.junit.platform.engine.support.hierarchical.NodeTestTask.executeRecursively(NodeTestTask.java:143)
	at org.junit.platform.engine.support.hierarchical.NodeTestTask.execute(NodeTestTask.java:100)
	at org.junit.platform.engine.support.hierarchical.SameThreadHierarchicalTestExecutorService.submit(SameThreadHierarchicalTestExecutorService.java:35)
	at org.junit.platform.engine.support.hierarchical.HierarchicalTestExecutor.execute(HierarchicalTestExecutor.java:57)
	at org.junit.platform.engine.support.hierarchical.HierarchicalTestEngine.execute(HierarchicalTestEngine.java:54)
	at org.junit.platform.launcher.core.EngineExecutionOrchestrator.execute(EngineExecutionOrchestrator.java:201)
	at org.junit.platform.launcher.core.EngineExecutionOrchestrator.execute(EngineExecutionOrchestrator.java:170)
	at org.junit.platform.launcher.core.EngineExecutionOrchestrator.execute(EngineExecutionOrchestrator.java:94)
	at org.junit.platform.launcher.core.EngineExecutionOrchestrator.lambda$execute$0(EngineExecutionOrchestrator.java:59)
	at org.junit.platform.launcher.core.EngineExecutionOrchestrator.withInterceptedStreams(EngineExecutionOrchestrator.java:142)
	at org.junit.platform.launcher.core.EngineExecutionOrchestrator.execute(EngineExecutionOrchestrator.java:58)
	at org.junit.platform.launcher.core.DefaultLauncher.execute(DefaultLauncher.java:103)
	at org.junit.platform.launcher.core.DefaultLauncher.execute(DefaultLauncher.java:85)
	at org.junit.platform.launcher.core.DelegatingLauncher.execute(DelegatingLauncher.java:47)
	at org.junit.platform.launcher.core.InterceptingLauncher.lambda$execute$1(InterceptingLauncher.java:39)
	at org.junit.platform.launcher.core.ClasspathAlignmentCheckingLauncherInterceptor.intercept(ClasspathAlignmentCheckingLauncherInterceptor.java:25)
	at org.junit.platform.launcher.core.InterceptingLauncher.execute(InterceptingLauncher.java:38)
	at org.junit.platform.launcher.core.DelegatingLauncher.execute(DelegatingLauncher.java:47)
	at org.apache.maven.surefire.junitplatform.LauncherAdapter.executeWithoutCancellationToken(LauncherAdapter.java:60)
	at org.apache.maven.surefire.junitplatform.LauncherAdapter.execute(LauncherAdapter.java:52)
	at org.apache.maven.surefire.junitplatform.JUnitPlatformProvider.execute(JUnitPlatformProvider.java:203)
	at org.apache.maven.surefire.junitplatform.JUnitPlatformProvider.invokeAllTests(JUnitPlatformProvider.java:168)
	at org.apache.maven.surefire.junitplatform.JUnitPlatformProvider.invoke(JUnitPlatformProvider.java:136)
	at org.apache.maven.surefire.booter.ForkedBooter.runSuitesInProcess(ForkedBooter.java:385)
	at org.apache.maven.surefire.booter.ForkedBooter.execute(ForkedBooter.java:162)
	at org.apache.maven.surefire.booter.ForkedBooter.run(ForkedBooter.java:507)
	at org.apache.maven.surefire.booter.ForkedBooter.main(ForkedBooter.java:495)
Caused by: org.postgresql.util.PSQLException: ERROR: value too long for type character varying(35)
	at org.postgresql.core.v3.QueryExecutorImpl.receiveErrorResponse(QueryExecutorImpl.java:2993)
	at org.postgresql.core.v3.QueryExecutorImpl.processResults(QueryExecutorImpl.java:2656)
	at org.postgresql.core.v3.QueryExecutorImpl.execute(QueryExecutorImpl.java:446)
	at org.postgresql.jdbc.PgStatement.executeInternal(PgStatement.java:533)
	at org.postgresql.jdbc.PgStatement.execute(PgStatement.java:449)
	at org.postgresql.jdbc.PgPreparedStatement.executeWithFlags(PgPreparedStatement.java:197)
	at org.postgresql.jdbc.PgPreparedStatement.executeUpdate(PgPreparedStatement.java:158)
	at com.zaxxer.hikari.pool.ProxyPreparedStatement.executeUpdate(ProxyPreparedStatement.java:61)
	at com.zaxxer.hikari.pool.HikariProxyPreparedStatement.executeUpdate(HikariProxyPreparedStatement.java)
	at org.springframework.jdbc.core.JdbcTemplate.lambda$update$2(JdbcTemplate.java:977)
	at org.springframework.jdbc.core.JdbcTemplate.execute(JdbcTemplate.java:658)
	... 88 common frames omitted
2026-09-29T08:08:10.425-04:00 INFO  [main] i.o.shadowledger.ReconciliationService [req=?,e2e=E2E-OUT-UNKNOWN,txn=TXN-OUT-UNKNOWN] Reconciliation processed 1 account(s) across 500-row batches
2026-09-29T08:08:10.425-04:00 INFO  [main] i.o.shadowledger.ReconciliationService [req=?,e2e=E2E-OUT-UNKNOWN,txn=TXN-OUT-UNKNOWN] Reconciliation cycle complete replayed=0 discrepancies=1 success=false
2026-09-29T08:08:10.428-04:00 INFO  [main] i.o.shadowledger.ReconciliationService [req=?,e2e=E2E-OUT-UNKNOWN,txn=TXN-OUT-UNKNOWN] Reconciliation cycle starting
2026-09-29T08:08:10.429-04:00 WARN  [main] i.o.shadowledger.ReconciliationService [req=?,e2e=E2E-OUT-UNKNOWN,txn=TXN-OUT-UNKNOWN] Balance discrepancy account=**************-001 shadow=48000.00 core=50000.00
2026-09-29T08:08:10.429-04:00 WARN  [main] io.openfednow.shadowledger.ShadowLedger [req=?,e2e=E2E-OUT-UNKNOWN,txn=TXN-OUT-UNKNOWN] Shadow Ledger discrepancy detected account=**************-001 shadow=48000.00 confirmed=50000.00
2026-09-29T08:08:10.430-04:00 ERROR [main] i.o.shadowledger.ReconciliationService [req=?,e2e=E2E-OUT-UNKNOWN,txn=TXN-OUT-UNKNOWN] Reconciliation failed for account=ACC-DISC-AUDIT-001
org.springframework.dao.DataIntegrityViolationException: PreparedStatementCallback; SQL [INSERT INTO shadow_ledger_transaction_log
    (transaction_id, end_to_end_id, account_id, transaction_type,
     amount, balance_before, balance_after, core_confirmed)
VALUES (?, ?, ?, ?, ?, ?, ?, FALSE)
]; ERROR: value too long for type character varying(35)
	at org.springframework.jdbc.support.SQLStateSQLExceptionTranslator.doTranslate(SQLStateSQLExceptionTranslator.java:140)
	at org.springframework.jdbc.support.AbstractFallbackSQLExceptionTranslator.translate(AbstractFallbackSQLExceptionTranslator.java:107)
	at org.springframework.jdbc.support.AbstractFallbackSQLExceptionTranslator.translate(AbstractFallbackSQLExceptionTranslator.java:116)
	at org.springframework.jdbc.core.JdbcTemplate.translateException(JdbcTemplate.java:1556)
	at org.springframework.jdbc.core.JdbcTemplate.execute(JdbcTemplate.java:677)
	at org.springframework.jdbc.core.JdbcTemplate.update(JdbcTemplate.java:972)
	at org.springframework.jdbc.core.JdbcTemplate.update(JdbcTemplate.java:1016)
	at org.springframework.jdbc.core.JdbcTemplate.update(JdbcTemplate.java:1026)
	at io.openfednow.shadowledger.ShadowLedger.logTransaction(ShadowLedger.java:386)
	at io.openfednow.shadowledger.ShadowLedger.reconcile(ShadowLedger.java:361)
	at io.openfednow.shadowledger.ReconciliationService.lambda$reconcileOneAccount$1(ReconciliationService.java:315)
	at org.springframework.transaction.support.TransactionTemplate.execute(TransactionTemplate.java:140)
	at io.openfednow.shadowledger.ReconciliationService.reconcileOneAccount(ReconciliationService.java:304)
	at io.openfednow.shadowledger.ReconciliationService.reconcileLocked(ReconciliationService.java:156)
	at io.openfednow.shadowledger.ReconciliationService.reconcile(ReconciliationService.java:106)
	at io.openfednow.shadowledger.BridgeModeIntegrationTest.reconcileDiscrepancyIsRecordedInAuditTable(BridgeModeIntegrationTest.java:187)
	at java.base/jdk.internal.reflect.NativeMethodAccessorImpl.invoke0(Native Method)
	at java.base/jdk.internal.reflect.NativeMethodAccessorImpl.invoke(NativeMethodAccessorImpl.java:77)
	at java.base/jdk.internal.reflect.DelegatingMethodAccessorImpl.invoke(DelegatingMethodAccessorImpl.java:43)
	at java.base/java.lang.reflect.Method.invoke(Method.java:569)
	at org.junit.platform.commons.util.ReflectionUtils.invokeMethod(ReflectionUtils.java:775)
	at org.junit.platform.commons.support.ReflectionSupport.invokeMethod(ReflectionSupport.java:479)
	at org.junit.jupiter.engine.execution.MethodInvocation.proceed(MethodInvocation.java:60)
	at org.junit.jupiter.engine.execution.InvocationInterceptorChain$ValidatingInvocation.proceed(InvocationInterceptorChain.java:131)
	at org.junit.jupiter.engine.extension.TimeoutExtension.intercept(TimeoutExtension.java:161)
	at org.junit.jupiter.engine.extension.TimeoutExtension.interceptTestableMethod(TimeoutExtension.java:152)
	at org.junit.jupiter.engine.extension.TimeoutExtension.interceptTestMethod(TimeoutExtension.java:91)
	at org.junit.jupiter.engine.execution.InterceptingExecutableInvoker$ReflectiveInterceptorCall.lambda$ofVoidMethod$0(InterceptingExecutableInvoker.java:112)
	at org.junit.jupiter.engine.execution.InterceptingExecutableInvoker.lambda$invoke$0(InterceptingExecutableInvoker.java:94)
	at org.junit.jupiter.engine.execution.InvocationInterceptorChain$InterceptedInvocation.proceed(InvocationInterceptorChain.java:106)
	at org.junit.jupiter.engine.execution.InvocationInterceptorChain.proceed(InvocationInterceptorChain.java:64)
	at org.junit.jupiter.engine.execution.InvocationInterceptorChain.chainAndInvoke(InvocationInterceptorChain.java:45)
	at org.junit.jupiter.engine.execution.InvocationInterceptorChain.invoke(InvocationInterceptorChain.java:37)
	at org.junit.jupiter.engine.execution.InterceptingExecutableInvoker.invoke(InterceptingExecutableInvoker.java:93)
	at org.junit.jupiter.engine.execution.InterceptingExecutableInvoker.invoke(InterceptingExecutableInvoker.java:87)
	at org.junit.jupiter.engine.descriptor.TestMethodTestDescriptor.lambda$invokeTestMethod$7(TestMethodTestDescriptor.java:216)
	at org.junit.platform.engine.support.hierarchical.ThrowableCollector.execute(ThrowableCollector.java:73)
	at org.junit.jupiter.engine.descriptor.TestMethodTestDescriptor.invokeTestMethod(TestMethodTestDescriptor.java:212)
	at org.junit.jupiter.engine.descriptor.TestMethodTestDescriptor.execute(TestMethodTestDescriptor.java:137)
	at org.junit.jupiter.engine.descriptor.TestMethodTestDescriptor.execute(TestMethodTestDescriptor.java:69)
	at org.junit.platform.engine.support.hierarchical.NodeTestTask.lambda$executeRecursively$6(NodeTestTask.java:156)
	at org.junit.platform.engine.support.hierarchical.ThrowableCollector.execute(ThrowableCollector.java:73)
	at org.junit.platform.engine.support.hierarchical.NodeTestTask.lambda$executeRecursively$8(NodeTestTask.java:146)
	at org.junit.platform.engine.support.hierarchical.Node.around(Node.java:137)
	at org.junit.platform.engine.support.hierarchical.NodeTestTask.lambda$executeRecursively$9(NodeTestTask.java:144)
	at org.junit.platform.engine.support.hierarchical.ThrowableCollector.execute(ThrowableCollector.java:73)
	at org.junit.platform.engine.support.hierarchical.NodeTestTask.executeRecursively(NodeTestTask.java:143)
	at org.junit.platform.engine.support.hierarchical.NodeTestTask.execute(NodeTestTask.java:100)
	at java.base/java.util.ArrayList.forEach(ArrayList.java:1511)
	at org.junit.platform.engine.support.hierarchical.SameThreadHierarchicalTestExecutorService.invokeAll(SameThreadHierarchicalTestExecutorService.java:41)
	at org.junit.platform.engine.support.hierarchical.NodeTestTask.lambda$executeRecursively$6(NodeTestTask.java:160)
	at org.junit.platform.engine.support.hierarchical.ThrowableCollector.execute(ThrowableCollector.java:73)
	at org.junit.platform.engine.support.hierarchical.NodeTestTask.lambda$executeRecursively$8(NodeTestTask.java:146)
	at org.junit.platform.engine.support.hierarchical.Node.around(Node.java:137)
	at org.junit.platform.engine.support.hierarchical.NodeTestTask.lambda$executeRecursively$9(NodeTestTask.java:144)
	at org.junit.platform.engine.support.hierarchical.ThrowableCollector.execute(ThrowableCollector.java:73)
	at org.junit.platform.engine.support.hierarchical.NodeTestTask.executeRecursively(NodeTestTask.java:143)
	at org.junit.platform.engine.support.hierarchical.NodeTestTask.execute(NodeTestTask.java:100)
	at java.base/java.util.ArrayList.forEach(ArrayList.java:1511)
	at org.junit.platform.engine.support.hierarchical.SameThreadHierarchicalTestExecutorService.invokeAll(SameThreadHierarchicalTestExecutorService.java:41)
	at org.junit.platform.engine.support.hierarchical.NodeTestTask.lambda$executeRecursively$6(NodeTestTask.java:160)
	at org.junit.platform.engine.support.hierarchical.ThrowableCollector.execute(ThrowableCollector.java:73)
	at org.junit.platform.engine.support.hierarchical.NodeTestTask.lambda$executeRecursively$8(NodeTestTask.java:146)
	at org.junit.platform.engine.support.hierarchical.Node.around(Node.java:137)
	at org.junit.platform.engine.support.hierarchical.NodeTestTask.lambda$executeRecursively$9(NodeTestTask.java:144)
	at org.junit.platform.engine.support.hierarchical.ThrowableCollector.execute(ThrowableCollector.java:73)
	at org.junit.platform.engine.support.hierarchical.NodeTestTask.executeRecursively(NodeTestTask.java:143)
	at org.junit.platform.engine.support.hierarchical.NodeTestTask.execute(NodeTestTask.java:100)
	at org.junit.platform.engine.support.hierarchical.SameThreadHierarchicalTestExecutorService.submit(SameThreadHierarchicalTestExecutorService.java:35)
	at org.junit.platform.engine.support.hierarchical.HierarchicalTestExecutor.execute(HierarchicalTestExecutor.java:57)
	at org.junit.platform.engine.support.hierarchical.HierarchicalTestEngine.execute(HierarchicalTestEngine.java:54)
	at org.junit.platform.launcher.core.EngineExecutionOrchestrator.execute(EngineExecutionOrchestrator.java:201)
	at org.junit.platform.launcher.core.EngineExecutionOrchestrator.execute(EngineExecutionOrchestrator.java:170)
	at org.junit.platform.launcher.core.EngineExecutionOrchestrator.execute(EngineExecutionOrchestrator.java:94)
	at org.junit.platform.launcher.core.EngineExecutionOrchestrator.lambda$execute$0(EngineExecutionOrchestrator.java:59)
	at org.junit.platform.launcher.core.EngineExecutionOrchestrator.withInterceptedStreams(EngineExecutionOrchestrator.java:142)
	at org.junit.platform.launcher.core.EngineExecutionOrchestrator.execute(EngineExecutionOrchestrator.java:58)
	at org.junit.platform.launcher.core.DefaultLauncher.execute(DefaultLauncher.java:103)
	at org.junit.platform.launcher.core.DefaultLauncher.execute(DefaultLauncher.java:85)
	at org.junit.platform.launcher.core.DelegatingLauncher.execute(DelegatingLauncher.java:47)
	at org.junit.platform.launcher.core.InterceptingLauncher.lambda$execute$1(InterceptingLauncher.java:39)
	at org.junit.platform.launcher.core.ClasspathAlignmentCheckingLauncherInterceptor.intercept(ClasspathAlignmentCheckingLauncherInterceptor.java:25)
	at org.junit.platform.launcher.core.InterceptingLauncher.execute(InterceptingLauncher.java:38)
	at org.junit.platform.launcher.core.DelegatingLauncher.execute(DelegatingLauncher.java:47)
	at org.apache.maven.surefire.junitplatform.LauncherAdapter.executeWithoutCancellationToken(LauncherAdapter.java:60)
	at org.apache.maven.surefire.junitplatform.LauncherAdapter.execute(LauncherAdapter.java:52)
	at org.apache.maven.surefire.junitplatform.JUnitPlatformProvider.execute(JUnitPlatformProvider.java:203)
	at org.apache.maven.surefire.junitplatform.JUnitPlatformProvider.invokeAllTests(JUnitPlatformProvider.java:168)
	at org.apache.maven.surefire.junitplatform.JUnitPlatformProvider.invoke(JUnitPlatformProvider.java:136)
	at org.apache.maven.surefire.booter.ForkedBooter.runSuitesInProcess(ForkedBooter.java:385)
	at org.apache.maven.surefire.booter.ForkedBooter.execute(ForkedBooter.java:162)
	at org.apache.maven.surefire.booter.ForkedBooter.run(ForkedBooter.java:507)
	at org.apache.maven.surefire.booter.ForkedBooter.main(ForkedBooter.java:495)
Caused by: org.postgresql.util.PSQLException: ERROR: value too long for type character varying(35)
	at org.postgresql.core.v3.QueryExecutorImpl.receiveErrorResponse(QueryExecutorImpl.java:2993)
	at org.postgresql.core.v3.QueryExecutorImpl.processResults(QueryExecutorImpl.java:2656)
	at org.postgresql.core.v3.QueryExecutorImpl.execute(QueryExecutorImpl.java:446)
	at org.postgresql.jdbc.PgStatement.executeInternal(PgStatement.java:533)
	at org.postgresql.jdbc.PgStatement.execute(PgStatement.java:449)
	at org.postgresql.jdbc.PgPreparedStatement.executeWithFlags(PgPreparedStatement.java:197)
	at org.postgresql.jdbc.PgPreparedStatement.executeUpdate(PgPreparedStatement.java:158)
	at com.zaxxer.hikari.pool.ProxyPreparedStatement.executeUpdate(ProxyPreparedStatement.java:61)
	at com.zaxxer.hikari.pool.HikariProxyPreparedStatement.executeUpdate(HikariProxyPreparedStatement.java)
	at org.springframework.jdbc.core.JdbcTemplate.lambda$update$2(JdbcTemplate.java:977)
	at org.springframework.jdbc.core.JdbcTemplate.execute(JdbcTemplate.java:658)
	... 88 common frames omitted
2026-09-29T08:08:10.430-04:00 INFO  [main] i.o.shadowledger.ReconciliationService [req=?,e2e=E2E-OUT-UNKNOWN,txn=TXN-OUT-UNKNOWN] Reconciliation processed 1 account(s) across 500-row batches
2026-09-29T08:08:10.431-04:00 INFO  [main] i.o.shadowledger.ReconciliationService [req=?,e2e=E2E-OUT-UNKNOWN,txn=TXN-OUT-UNKNOWN] Reconciliation cycle complete replayed=0 discrepancies=1 success=false
2026-09-29T08:08:10.434-04:00 INFO  [main] i.o.shadowledger.ReconciliationService [req=?,e2e=E2E-OUT-UNKNOWN,txn=TXN-OUT-UNKNOWN] Replaying 1 transactions against core
2026-09-29T08:08:10.434-04:00 DEBUG [main] i.o.shadowledger.ReconciliationService [req=?,e2e=E2E-OUT-UNKNOWN,txn=TXN-OUT-UNKNOWN] Transaction confirmed transactionId=TXN-REPLAY-001
2026-09-29T08:08:10.437-04:00 INFO  [main] i.o.shadowledger.AvailabilityBridge [req=?,e2e=E2E-OUT-UNKNOWN,txn=TXN-OUT-UNKNOWN] Transaction queued for core replay transactionId=E2E-Q-001
2026-09-29T08:08:10.437-04:00 INFO  [main] i.o.shadowledger.AvailabilityBridge [req=?,e2e=E2E-OUT-UNKNOWN,txn=TXN-OUT-UNKNOWN] Transaction queued for core replay transactionId=E2E-Q-002
2026-09-29T08:08:10.437-04:00 INFO  [main] i.o.shadowledger.AvailabilityBridge [req=?,e2e=E2E-OUT-UNKNOWN,txn=TXN-OUT-UNKNOWN] Transaction queued for core replay transactionId=E2E-Q-003
2026-09-29T08:08:11.465-04:00 INFO  [main] i.o.shadowledger.ReconciliationService [req=?,e2e=E2E-OUT-UNKNOWN,txn=TXN-OUT-UNKNOWN] Replaying 1 transactions against core
2026-09-29T08:08:11.466-04:00 DEBUG [main] i.o.shadowledger.ReconciliationService [req=?,e2e=E2E-OUT-UNKNOWN,txn=TXN-OUT-UNKNOWN] Transaction already confirmed or not found transactionId=TXN-ALREADY-CONFIRMED
2026-09-29T08:08:11.473-04:00 INFO  [main] i.o.shadowledger.ReconciliationService [req=?,e2e=E2E-OUT-UNKNOWN,txn=TXN-OUT-UNKNOWN] Reconciliation cycle starting
2026-09-29T08:08:11.477-04:00 INFO  [main] i.o.shadowledger.ReconciliationService [req=?,e2e=E2E-OUT-UNKNOWN,txn=TXN-OUT-UNKNOWN] Reconciliation processed 1 account(s) across 500-row batches
2026-09-29T08:08:11.478-04:00 INFO  [main] i.o.shadowledger.ReconciliationService [req=?,e2e=E2E-OUT-UNKNOWN,txn=TXN-OUT-UNKNOWN] Reconciliation cycle complete replayed=1 discrepancies=0 success=true
2026-09-29T08:08:11.486-04:00 INFO  [main] i.o.shadowledger.ReconciliationService [req=?,e2e=E2E-OUT-UNKNOWN,txn=TXN-OUT-UNKNOWN] Reconciliation cycle starting
2026-09-29T08:08:11.490-04:00 INFO  [main] i.o.shadowledger.ReconciliationService [req=?,e2e=E2E-OUT-UNKNOWN,txn=TXN-OUT-UNKNOWN] Reconciliation processed 1 account(s) across 500-row batches
2026-09-29T08:08:11.491-04:00 INFO  [main] i.o.shadowledger.ReconciliationService [req=?,e2e=E2E-OUT-UNKNOWN,txn=TXN-OUT-UNKNOWN] Reconciliation cycle complete replayed=1 discrepancies=0 success=true
2026-09-29T08:08:11.498-04:00 INFO  [main] i.o.shadowledger.ReconciliationService [req=?,e2e=E2E-OUT-UNKNOWN,txn=TXN-OUT-UNKNOWN] Reconciliation cycle starting
2026-09-29T08:08:11.499-04:00 INFO  [main] i.o.shadowledger.ReconciliationService [req=?,e2e=E2E-OUT-UNKNOWN,txn=TXN-OUT-UNKNOWN] Reconciliation processed 0 account(s) across 500-row batches
2026-09-29T08:08:11.500-04:00 INFO  [main] i.o.shadowledger.ReconciliationService [req=?,e2e=E2E-OUT-UNKNOWN,txn=TXN-OUT-UNKNOWN] Reconciliation cycle complete replayed=0 discrepancies=0 success=true
2026-09-29T08:08:11.508-04:00 INFO  [main] o.s.o.j.LocalContainerEntityManagerFactoryBean [req=?,e2e=E2E-OUT-UNKNOWN,txn=TXN-OUT-UNKNOWN] Closing JPA EntityManagerFactory for persistence unit 'default'
[INFO] Tests run: 12, Failures: 0, Errors: 0, Skipped: 0, Time elapsed: 1.526 s -- in io.openfednow.shadowledger.BridgeModeIntegrationTest
[INFO] Running io.openfednow.shadowledger.BalanceSeedIntegrationTest
2026-09-29T08:08:11.512-04:00 INFO  [main] o.s.t.c.s.AnnotationConfigContextLoaderUtils [req=?,e2e=E2E-OUT-UNKNOWN,txn=TXN-OUT-UNKNOWN] Could not detect default configuration classes for test class [io.openfednow.shadowledger.BalanceSeedIntegrationTest]: BalanceSeedIntegrationTest does not declare any static, non-private, non-final, nested classes annotated with @Configuration.
2026-09-29T08:08:11.514-04:00 INFO  [main] o.s.b.t.c.SpringBootTestContextBootstrapper [req=?,e2e=E2E-OUT-UNKNOWN,txn=TXN-OUT-UNKNOWN] Found @SpringBootConfiguration io.openfednow.OpenFedNowApplication for test class io.openfednow.shadowledger.BalanceSeedIntegrationTest

  .   ____          _            __ _ _
 /\\ / ___'_ __ _ _(_)_ __  __ _ \ \ \ \
( ( )\___ | '_ | '_| | '_ \/ _` | \ \ \ \
 \\/  ___)| |_)| | | | | || (_| |  ) ) ) )
  '  |____| .__|_| |_|_| |_\__, | / / / /
 =========|_|==============|___/=/_/_/_/

 :: Spring Boot ::               (v3.5.16)

2026-09-29T08:08:11.525-04:00 INFO  [main] i.o.s.BalanceSeedIntegrationTest [req=?,e2e=E2E-OUT-UNKNOWN,txn=TXN-OUT-UNKNOWN] Starting BalanceSeedIntegrationTest using Java 17.0.20.1 with PID 90640 (started by danielmori in /Users/danielmori/Developer/open-fednow-clean-eval)
2026-09-29T08:08:11.525-04:00 DEBUG [main] i.o.s.BalanceSeedIntegrationTest [req=?,e2e=E2E-OUT-UNKNOWN,txn=TXN-OUT-UNKNOWN] Running with Spring Boot v3.5.16, Spring v6.2.19
2026-09-29T08:08:11.525-04:00 INFO  [main] i.o.s.BalanceSeedIntegrationTest [req=?,e2e=E2E-OUT-UNKNOWN,txn=TXN-OUT-UNKNOWN] No active profile set, falling back to 1 default profile: "default"
2026-09-29T08:08:11.586-04:00 INFO  [main] o.s.d.r.c.RepositoryConfigurationDelegate [req=?,e2e=E2E-OUT-UNKNOWN,txn=TXN-OUT-UNKNOWN] Multiple Spring Data modules found, entering strict repository configuration mode
2026-09-29T08:08:11.586-04:00 INFO  [main] o.s.d.r.c.RepositoryConfigurationDelegate [req=?,e2e=E2E-OUT-UNKNOWN,txn=TXN-OUT-UNKNOWN] Bootstrapping Spring Data JPA repositories in DEFAULT mode.
2026-09-29T08:08:11.589-04:00 INFO  [main] o.s.d.r.c.RepositoryConfigurationDelegate [req=?,e2e=E2E-OUT-UNKNOWN,txn=TXN-OUT-UNKNOWN] Finished Spring Data repository scanning in 2 ms. Found 0 JPA repository interfaces.
2026-09-29T08:08:11.590-04:00 INFO  [main] o.s.d.r.c.RepositoryConfigurationDelegate [req=?,e2e=E2E-OUT-UNKNOWN,txn=TXN-OUT-UNKNOWN] Multiple Spring Data modules found, entering strict repository configuration mode
2026-09-29T08:08:11.590-04:00 INFO  [main] o.s.d.r.c.RepositoryConfigurationDelegate [req=?,e2e=E2E-OUT-UNKNOWN,txn=TXN-OUT-UNKNOWN] Bootstrapping Spring Data Redis repositories in DEFAULT mode.
2026-09-29T08:08:11.592-04:00 INFO  [main] o.s.d.r.c.RepositoryConfigurationDelegate [req=?,e2e=E2E-OUT-UNKNOWN,txn=TXN-OUT-UNKNOWN] Finished Spring Data repository scanning in 1 ms. Found 0 Redis repository interfaces.
2026-09-29T08:08:11.634-04:00 INFO  [main] org.flywaydb.core.FlywayExecutor [req=?,e2e=E2E-OUT-UNKNOWN,txn=TXN-OUT-UNKNOWN] Database: jdbc:postgresql://localhost:53418/openfednow?loggerLevel=OFF (PostgreSQL 16.15)
2026-09-29T08:08:11.641-04:00 INFO  [main] o.f.core.internal.command.DbValidate [req=?,e2e=E2E-OUT-UNKNOWN,txn=TXN-OUT-UNKNOWN] Successfully validated 12 migrations (execution time 00:00.003s)
2026-09-29T08:08:11.650-04:00 INFO  [main] o.f.core.internal.command.DbMigrate [req=?,e2e=E2E-OUT-UNKNOWN,txn=TXN-OUT-UNKNOWN] Current version of schema "public": 12
2026-09-29T08:08:11.651-04:00 INFO  [main] o.f.core.internal.command.DbMigrate [req=?,e2e=E2E-OUT-UNKNOWN,txn=TXN-OUT-UNKNOWN] Schema "public" is up to date. No migration necessary.
2026-09-29T08:08:11.663-04:00 INFO  [main] o.s.o.j.p.SpringPersistenceUnitInfo [req=?,e2e=E2E-OUT-UNKNOWN,txn=TXN-OUT-UNKNOWN] No LoadTimeWeaver setup: ignoring JPA class transformer
2026-09-29T08:08:11.670-04:00 INFO  [main] o.s.o.j.LocalContainerEntityManagerFactoryBean [req=?,e2e=E2E-OUT-UNKNOWN,txn=TXN-OUT-UNKNOWN] Initialized JPA EntityManagerFactory for persistence unit 'default'
2026-09-29T08:08:11.750-04:00 INFO  [main] i.o.reliability.ReliabilityRailConfig [req=?,e2e=E2E-OUT-UNKNOWN,txn=TXN-OUT-UNKNOWN] Synthetic reliability rail configured=false
2026-09-29T08:08:11.778-04:00 INFO  [main] o.s.s.c.a.a.c.InitializeUserDetailsBeanManagerConfigurer$InitializeUserDetailsManagerConfigurer [req=?,e2e=E2E-OUT-UNKNOWN,txn=TXN-OUT-UNKNOWN] Global AuthenticationManager configured with UserDetailsService bean with name userDetailsService
2026-09-29T08:08:11.950-04:00 INFO  [main] i.o.s.BalanceSeedIntegrationTest [req=?,e2e=E2E-OUT-UNKNOWN,txn=TXN-OUT-UNKNOWN] Started BalanceSeedIntegrationTest in 0.435 seconds (process running for 30.849)
2026-09-29T08:08:11.950-04:00 DEBUG [scheduling-1] i.o.shadowledger.AvailabilityBridge [req=?,e2e=?,txn=?] Core availability poll: mode=ONLINE
2026-09-29T08:08:11.952-04:00 INFO  [main] i.o.processing.saga.SagaRecoveryService [req=?,e2e=E2E-OUT-UNKNOWN,txn=TXN-OUT-UNKNOWN] Saga recovery: no in-flight sagas found at startup
2026-09-29T08:08:11.952-04:00 INFO  [main] i.o.shadowledger.BalanceSeedService [req=?,e2e=E2E-OUT-UNKNOWN,txn=TXN-OUT-UNKNOWN] Shadow Ledger startup seed: 2 configured account(s)
2026-09-29T08:08:11.956-04:00 INFO  [main] io.openfednow.shadowledger.ShadowLedger [req=?,e2e=E2E-OUT-UNKNOWN,txn=TXN-OUT-UNKNOWN] Shadow Ledger seeded account=ACC-INT-A balance=50000.00
2026-09-29T08:08:11.957-04:00 INFO  [main] io.openfednow.shadowledger.ShadowLedger [req=?,e2e=E2E-OUT-UNKNOWN,txn=TXN-OUT-UNKNOWN] Shadow Ledger seeded account=ACC-INT-B balance=50000.00
2026-09-29T08:08:11.957-04:00 INFO  [main] i.o.shadowledger.BalanceSeedService [req=?,e2e=E2E-OUT-UNKNOWN,txn=TXN-OUT-UNKNOWN] Shadow Ledger seed complete seeded=2 skipped=0 failed=0
2026-09-29T08:08:11.959-04:00 INFO  [main] i.o.shadowledger.BalanceSeedService [req=?,e2e=E2E-OUT-UNKNOWN,txn=TXN-OUT-UNKNOWN] Shadow Ledger admin re-seed requested for 2 configured account(s)
2026-09-29T08:08:11.960-04:00 INFO  [main] io.openfednow.shadowledger.ShadowLedger [req=?,e2e=E2E-OUT-UNKNOWN,txn=TXN-OUT-UNKNOWN] Shadow Ledger force-seeded account=ACC-INT-A balance=999.99
2026-09-29T08:08:11.960-04:00 INFO  [main] io.openfednow.shadowledger.ShadowLedger [req=?,e2e=E2E-OUT-UNKNOWN,txn=TXN-OUT-UNKNOWN] Shadow Ledger force-seeded account=ACC-INT-B balance=100.00
2026-09-29T08:08:11.960-04:00 INFO  [main] i.o.shadowledger.BalanceSeedService [req=?,e2e=E2E-OUT-UNKNOWN,txn=TXN-OUT-UNKNOWN] Shadow Ledger seed complete seeded=2 skipped=0 failed=0
2026-09-29T08:08:11.963-04:00 INFO  [main] i.o.shadowledger.BalanceSeedService [req=?,e2e=E2E-OUT-UNKNOWN,txn=TXN-OUT-UNKNOWN] Shadow Ledger startup seed: 2 configured account(s)
2026-09-29T08:08:11.963-04:00 WARN  [main] i.o.shadowledger.BalanceSeedService [req=?,e2e=E2E-OUT-UNKNOWN,txn=TXN-OUT-UNKNOWN] Failed to fetch core balance for accountId=ACC-INT-A (network blip). Skipping seed.
2026-09-29T08:08:11.964-04:00 INFO  [main] io.openfednow.shadowledger.ShadowLedger [req=?,e2e=E2E-OUT-UNKNOWN,txn=TXN-OUT-UNKNOWN] Shadow Ledger seeded account=ACC-INT-B balance=250.00
2026-09-29T08:08:11.964-04:00 INFO  [main] i.o.shadowledger.BalanceSeedService [req=?,e2e=E2E-OUT-UNKNOWN,txn=TXN-OUT-UNKNOWN] Shadow Ledger seed complete seeded=1 skipped=0 failed=1
2026-09-29T08:08:11.967-04:00 INFO  [main] i.o.shadowledger.BalanceSeedService [req=?,e2e=E2E-OUT-UNKNOWN,txn=TXN-OUT-UNKNOWN] Shadow Ledger startup seed: 2 configured account(s)
2026-09-29T08:08:11.967-04:00 DEBUG [main] io.openfednow.shadowledger.ShadowLedger [req=?,e2e=E2E-OUT-UNKNOWN,txn=TXN-OUT-UNKNOWN] Shadow Ledger seed skipped (already present) account=ACC-INT-A
2026-09-29T08:08:11.968-04:00 INFO  [main] io.openfednow.shadowledger.ShadowLedger [req=?,e2e=E2E-OUT-UNKNOWN,txn=TXN-OUT-UNKNOWN] Shadow Ledger seeded account=ACC-INT-B balance=100.00
2026-09-29T08:08:11.968-04:00 INFO  [main] i.o.shadowledger.BalanceSeedService [req=?,e2e=E2E-OUT-UNKNOWN,txn=TXN-OUT-UNKNOWN] Shadow Ledger seed complete seeded=1 skipped=1 failed=0
2026-09-29T08:08:11.970-04:00 INFO  [main] i.o.shadowledger.BalanceSeedService [req=?,e2e=E2E-OUT-UNKNOWN,txn=TXN-OUT-UNKNOWN] Shadow Ledger startup seed: 2 configured account(s)
2026-09-29T08:08:11.970-04:00 INFO  [main] io.openfednow.shadowledger.ShadowLedger [req=?,e2e=E2E-OUT-UNKNOWN,txn=TXN-OUT-UNKNOWN] Shadow Ledger seeded account=ACC-INT-A balance=500.00
2026-09-29T08:08:11.970-04:00 INFO  [main] io.openfednow.shadowledger.ShadowLedger [req=?,e2e=E2E-OUT-UNKNOWN,txn=TXN-OUT-UNKNOWN] Shadow Ledger seeded account=ACC-INT-B balance=750.00
2026-09-29T08:08:11.970-04:00 INFO  [main] i.o.shadowledger.BalanceSeedService [req=?,e2e=E2E-OUT-UNKNOWN,txn=TXN-OUT-UNKNOWN] Shadow Ledger seed complete seeded=2 skipped=0 failed=0
2026-09-29T08:08:11.974-04:00 INFO  [main] o.s.o.j.LocalContainerEntityManagerFactoryBean [req=?,e2e=E2E-OUT-UNKNOWN,txn=TXN-OUT-UNKNOWN] Closing JPA EntityManagerFactory for persistence unit 'default'
[INFO] Tests run: 4, Failures: 0, Errors: 0, Skipped: 0, Time elapsed: 0.469 s -- in io.openfednow.shadowledger.BalanceSeedIntegrationTest
[INFO] Running io.openfednow.shadowledger.ReconciliationQueryIntegrationTest
2026-09-29T08:08:11.981-04:00 INFO  [main] o.s.t.c.s.AnnotationConfigContextLoaderUtils [req=?,e2e=E2E-OUT-UNKNOWN,txn=TXN-OUT-UNKNOWN] Could not detect default configuration classes for test class [io.openfednow.shadowledger.ReconciliationQueryIntegrationTest]: ReconciliationQueryIntegrationTest does not declare any static, non-private, non-final, nested classes annotated with @Configuration.
2026-09-29T08:08:11.982-04:00 INFO  [main] o.s.b.t.c.SpringBootTestContextBootstrapper [req=?,e2e=E2E-OUT-UNKNOWN,txn=TXN-OUT-UNKNOWN] Found @SpringBootConfiguration io.openfednow.OpenFedNowApplication for test class io.openfednow.shadowledger.ReconciliationQueryIntegrationTest

  .   ____          _            __ _ _
 /\\ / ___'_ __ _ _(_)_ __  __ _ \ \ \ \
( ( )\___ | '_ | '_| | '_ \/ _` | \ \ \ \
 \\/  ___)| |_)| | | | | || (_| |  ) ) ) )
  '  |____| .__|_| |_|_| |_\__, | / / / /
 =========|_|==============|___/=/_/_/_/

 :: Spring Boot ::               (v3.5.16)

2026-09-29T08:08:11.988-04:00 INFO  [main] i.o.s.ReconciliationQueryIntegrationTest [req=?,e2e=E2E-OUT-UNKNOWN,txn=TXN-OUT-UNKNOWN] Starting ReconciliationQueryIntegrationTest using Java 17.0.20.1 with PID 90640 (started by danielmori in /Users/danielmori/Developer/open-fednow-clean-eval)
2026-09-29T08:08:11.988-04:00 DEBUG [main] i.o.s.ReconciliationQueryIntegrationTest [req=?,e2e=E2E-OUT-UNKNOWN,txn=TXN-OUT-UNKNOWN] Running with Spring Boot v3.5.16, Spring v6.2.19
2026-09-29T08:08:11.988-04:00 INFO  [main] i.o.s.ReconciliationQueryIntegrationTest [req=?,e2e=E2E-OUT-UNKNOWN,txn=TXN-OUT-UNKNOWN] No active profile set, falling back to 1 default profile: "default"
2026-09-29T08:08:12.042-04:00 INFO  [main] o.s.d.r.c.RepositoryConfigurationDelegate [req=?,e2e=E2E-OUT-UNKNOWN,txn=TXN-OUT-UNKNOWN] Multiple Spring Data modules found, entering strict repository configuration mode
2026-09-29T08:08:12.042-04:00 INFO  [main] o.s.d.r.c.RepositoryConfigurationDelegate [req=?,e2e=E2E-OUT-UNKNOWN,txn=TXN-OUT-UNKNOWN] Bootstrapping Spring Data JPA repositories in DEFAULT mode.
2026-09-29T08:08:12.046-04:00 INFO  [main] o.s.d.r.c.RepositoryConfigurationDelegate [req=?,e2e=E2E-OUT-UNKNOWN,txn=TXN-OUT-UNKNOWN] Finished Spring Data repository scanning in 2 ms. Found 0 JPA repository interfaces.
2026-09-29T08:08:12.046-04:00 INFO  [main] o.s.d.r.c.RepositoryConfigurationDelegate [req=?,e2e=E2E-OUT-UNKNOWN,txn=TXN-OUT-UNKNOWN] Multiple Spring Data modules found, entering strict repository configuration mode
2026-09-29T08:08:12.046-04:00 INFO  [main] o.s.d.r.c.RepositoryConfigurationDelegate [req=?,e2e=E2E-OUT-UNKNOWN,txn=TXN-OUT-UNKNOWN] Bootstrapping Spring Data Redis repositories in DEFAULT mode.
2026-09-29T08:08:12.048-04:00 INFO  [main] o.s.d.r.c.RepositoryConfigurationDelegate [req=?,e2e=E2E-OUT-UNKNOWN,txn=TXN-OUT-UNKNOWN] Finished Spring Data repository scanning in 2 ms. Found 0 Redis repository interfaces.
2026-09-29T08:08:12.087-04:00 INFO  [main] org.flywaydb.core.FlywayExecutor [req=?,e2e=E2E-OUT-UNKNOWN,txn=TXN-OUT-UNKNOWN] Database: jdbc:postgresql://localhost:53418/openfednow?loggerLevel=OFF (PostgreSQL 16.15)
2026-09-29T08:08:12.093-04:00 INFO  [main] o.f.core.internal.command.DbValidate [req=?,e2e=E2E-OUT-UNKNOWN,txn=TXN-OUT-UNKNOWN] Successfully validated 12 migrations (execution time 00:00.003s)
2026-09-29T08:08:12.103-04:00 INFO  [main] o.f.core.internal.command.DbMigrate [req=?,e2e=E2E-OUT-UNKNOWN,txn=TXN-OUT-UNKNOWN] Current version of schema "public": 12
2026-09-29T08:08:12.104-04:00 INFO  [main] o.f.core.internal.command.DbMigrate [req=?,e2e=E2E-OUT-UNKNOWN,txn=TXN-OUT-UNKNOWN] Schema "public" is up to date. No migration necessary.
2026-09-29T08:08:12.116-04:00 INFO  [main] o.s.o.j.p.SpringPersistenceUnitInfo [req=?,e2e=E2E-OUT-UNKNOWN,txn=TXN-OUT-UNKNOWN] No LoadTimeWeaver setup: ignoring JPA class transformer
2026-09-29T08:08:12.122-04:00 INFO  [main] o.s.o.j.LocalContainerEntityManagerFactoryBean [req=?,e2e=E2E-OUT-UNKNOWN,txn=TXN-OUT-UNKNOWN] Initialized JPA EntityManagerFactory for persistence unit 'default'
2026-09-29T08:08:12.197-04:00 INFO  [main] i.o.reliability.ReliabilityRailConfig [req=?,e2e=E2E-OUT-UNKNOWN,txn=TXN-OUT-UNKNOWN] Synthetic reliability rail configured=false
2026-09-29T08:08:12.219-04:00 INFO  [main] o.s.s.c.a.a.c.InitializeUserDetailsBeanManagerConfigurer$InitializeUserDetailsManagerConfigurer [req=?,e2e=E2E-OUT-UNKNOWN,txn=TXN-OUT-UNKNOWN] Global AuthenticationManager configured with UserDetailsService bean with name userDetailsService
2026-09-29T08:08:12.380-04:00 INFO  [main] i.o.s.ReconciliationQueryIntegrationTest [req=?,e2e=E2E-OUT-UNKNOWN,txn=TXN-OUT-UNKNOWN] Started ReconciliationQueryIntegrationTest in 0.396 seconds (process running for 31.279)
2026-09-29T08:08:12.380-04:00 DEBUG [scheduling-1] i.o.shadowledger.AvailabilityBridge [req=?,e2e=?,txn=?] Core availability poll: mode=ONLINE
2026-09-29T08:08:12.382-04:00 INFO  [main] i.o.processing.saga.SagaRecoveryService [req=?,e2e=E2E-OUT-UNKNOWN,txn=TXN-OUT-UNKNOWN] Saga recovery: no in-flight sagas found at startup
2026-09-29T08:08:12.383-04:00 INFO  [main] i.o.shadowledger.BalanceSeedService [req=?,e2e=E2E-OUT-UNKNOWN,txn=TXN-OUT-UNKNOWN] Shadow Ledger startup seed: no accounts configured (openfednow.shadow-ledger.seed-accounts is empty)
2026-09-29T08:08:12.409-04:00 INFO  [main] o.s.o.j.LocalContainerEntityManagerFactoryBean [req=?,e2e=E2E-OUT-UNKNOWN,txn=TXN-OUT-UNKNOWN] Closing JPA EntityManagerFactory for persistence unit 'default'
[INFO] Tests run: 7, Failures: 0, Errors: 0, Skipped: 0, Time elapsed: 0.451 s -- in io.openfednow.shadowledger.ReconciliationQueryIntegrationTest
[INFO] Running io.openfednow.shadowledger.ReplayOrderingIntegrationTest
2026-09-29T08:08:12.433-04:00 INFO  [main] o.s.t.c.s.AnnotationConfigContextLoaderUtils [req=?,e2e=E2E-OUT-UNKNOWN,txn=TXN-OUT-UNKNOWN] Could not detect default configuration classes for test class [io.openfednow.shadowledger.ReplayOrderingIntegrationTest]: ReplayOrderingIntegrationTest does not declare any static, non-private, non-final, nested classes annotated with @Configuration.
2026-09-29T08:08:12.434-04:00 INFO  [main] o.s.b.t.c.SpringBootTestContextBootstrapper [req=?,e2e=E2E-OUT-UNKNOWN,txn=TXN-OUT-UNKNOWN] Found @SpringBootConfiguration io.openfednow.OpenFedNowApplication for test class io.openfednow.shadowledger.ReplayOrderingIntegrationTest

  .   ____          _            __ _ _
 /\\ / ___'_ __ _ _(_)_ __  __ _ \ \ \ \
( ( )\___ | '_ | '_| | '_ \/ _` | \ \ \ \
 \\/  ___)| |_)| | | | | || (_| |  ) ) ) )
  '  |____| .__|_| |_|_| |_\__, | / / / /
 =========|_|==============|___/=/_/_/_/

 :: Spring Boot ::               (v3.5.16)

2026-09-29T08:08:12.440-04:00 INFO  [main] i.o.s.ReplayOrderingIntegrationTest [req=?,e2e=E2E-OUT-UNKNOWN,txn=TXN-OUT-UNKNOWN] Starting ReplayOrderingIntegrationTest using Java 17.0.20.1 with PID 90640 (started by danielmori in /Users/danielmori/Developer/open-fednow-clean-eval)
2026-09-29T08:08:12.440-04:00 DEBUG [main] i.o.s.ReplayOrderingIntegrationTest [req=?,e2e=E2E-OUT-UNKNOWN,txn=TXN-OUT-UNKNOWN] Running with Spring Boot v3.5.16, Spring v6.2.19
2026-09-29T08:08:12.440-04:00 INFO  [main] i.o.s.ReplayOrderingIntegrationTest [req=?,e2e=E2E-OUT-UNKNOWN,txn=TXN-OUT-UNKNOWN] No active profile set, falling back to 1 default profile: "default"
2026-09-29T08:08:12.493-04:00 INFO  [main] o.s.d.r.c.RepositoryConfigurationDelegate [req=?,e2e=E2E-OUT-UNKNOWN,txn=TXN-OUT-UNKNOWN] Multiple Spring Data modules found, entering strict repository configuration mode
2026-09-29T08:08:12.493-04:00 INFO  [main] o.s.d.r.c.RepositoryConfigurationDelegate [req=?,e2e=E2E-OUT-UNKNOWN,txn=TXN-OUT-UNKNOWN] Bootstrapping Spring Data JPA repositories in DEFAULT mode.
2026-09-29T08:08:12.496-04:00 INFO  [main] o.s.d.r.c.RepositoryConfigurationDelegate [req=?,e2e=E2E-OUT-UNKNOWN,txn=TXN-OUT-UNKNOWN] Finished Spring Data repository scanning in 2 ms. Found 0 JPA repository interfaces.
2026-09-29T08:08:12.497-04:00 INFO  [main] o.s.d.r.c.RepositoryConfigurationDelegate [req=?,e2e=E2E-OUT-UNKNOWN,txn=TXN-OUT-UNKNOWN] Multiple Spring Data modules found, entering strict repository configuration mode
2026-09-29T08:08:12.497-04:00 INFO  [main] o.s.d.r.c.RepositoryConfigurationDelegate [req=?,e2e=E2E-OUT-UNKNOWN,txn=TXN-OUT-UNKNOWN] Bootstrapping Spring Data Redis repositories in DEFAULT mode.
2026-09-29T08:08:12.499-04:00 INFO  [main] o.s.d.r.c.RepositoryConfigurationDelegate [req=?,e2e=E2E-OUT-UNKNOWN,txn=TXN-OUT-UNKNOWN] Finished Spring Data repository scanning in 2 ms. Found 0 Redis repository interfaces.
2026-09-29T08:08:12.540-04:00 INFO  [main] org.flywaydb.core.FlywayExecutor [req=?,e2e=E2E-OUT-UNKNOWN,txn=TXN-OUT-UNKNOWN] Database: jdbc:postgresql://localhost:53418/openfednow?loggerLevel=OFF (PostgreSQL 16.15)
2026-09-29T08:08:12.549-04:00 INFO  [main] o.f.core.internal.command.DbValidate [req=?,e2e=E2E-OUT-UNKNOWN,txn=TXN-OUT-UNKNOWN] Successfully validated 12 migrations (execution time 00:00.003s)
2026-09-29T08:08:12.561-04:00 INFO  [main] o.f.core.internal.command.DbMigrate [req=?,e2e=E2E-OUT-UNKNOWN,txn=TXN-OUT-UNKNOWN] Current version of schema "public": 12
2026-09-29T08:08:12.561-04:00 INFO  [main] o.f.core.internal.command.DbMigrate [req=?,e2e=E2E-OUT-UNKNOWN,txn=TXN-OUT-UNKNOWN] Schema "public" is up to date. No migration necessary.
2026-09-29T08:08:12.574-04:00 INFO  [main] o.s.o.j.p.SpringPersistenceUnitInfo [req=?,e2e=E2E-OUT-UNKNOWN,txn=TXN-OUT-UNKNOWN] No LoadTimeWeaver setup: ignoring JPA class transformer
2026-09-29T08:08:12.580-04:00 INFO  [main] o.s.o.j.LocalContainerEntityManagerFactoryBean [req=?,e2e=E2E-OUT-UNKNOWN,txn=TXN-OUT-UNKNOWN] Initialized JPA EntityManagerFactory for persistence unit 'default'
2026-09-29T08:08:12.651-04:00 INFO  [main] i.o.reliability.ReliabilityRailConfig [req=?,e2e=E2E-OUT-UNKNOWN,txn=TXN-OUT-UNKNOWN] Synthetic reliability rail configured=false
2026-09-29T08:08:12.671-04:00 INFO  [main] o.s.s.c.a.a.c.InitializeUserDetailsBeanManagerConfigurer$InitializeUserDetailsManagerConfigurer [req=?,e2e=E2E-OUT-UNKNOWN,txn=TXN-OUT-UNKNOWN] Global AuthenticationManager configured with UserDetailsService bean with name userDetailsService
2026-09-29T08:08:12.827-04:00 INFO  [main] i.o.s.ReplayOrderingIntegrationTest [req=?,e2e=E2E-OUT-UNKNOWN,txn=TXN-OUT-UNKNOWN] Started ReplayOrderingIntegrationTest in 0.393 seconds (process running for 31.726)
2026-09-29T08:08:12.827-04:00 DEBUG [scheduling-1] i.o.shadowledger.AvailabilityBridge [req=?,e2e=?,txn=?] Core availability poll: mode=ONLINE
2026-09-29T08:08:12.828-04:00 INFO  [main] i.o.processing.saga.SagaRecoveryService [req=?,e2e=E2E-OUT-UNKNOWN,txn=TXN-OUT-UNKNOWN] Saga recovery: no in-flight sagas found at startup
2026-09-29T08:08:12.828-04:00 INFO  [main] i.o.shadowledger.BalanceSeedService [req=?,e2e=E2E-OUT-UNKNOWN,txn=TXN-OUT-UNKNOWN] Shadow Ledger startup seed: no accounts configured (openfednow.shadow-ledger.seed-accounts is empty)
2026-09-29T08:08:12.829-04:00 INFO  [main] o.s.a.r.c.CachingConnectionFactory [req=?,e2e=E2E-OUT-UNKNOWN,txn=TXN-OUT-UNKNOWN] Attempting to connect to: [localhost:53422]
2026-09-29T08:08:12.832-04:00 INFO  [main] o.s.a.r.c.CachingConnectionFactory [req=?,e2e=E2E-OUT-UNKNOWN,txn=TXN-OUT-UNKNOWN] Created new connection: rabbitConnectionFactory#6ece7544:0/SimpleConnection@4a417dcf [delegate=amqp://guest@127.0.0.1:53422/, localPort=53765]
2026-09-29T08:08:12.843-04:00 INFO  [main] i.o.shadowledger.ReconciliationService [req=?,e2e=E2E-OUT-UNKNOWN,txn=TXN-OUT-UNKNOWN] Replaying 1 transactions against core
2026-09-29T08:08:12.844-04:00 DEBUG [main] i.o.shadowledger.ReconciliationService [req=?,e2e=E2E-OUT-UNKNOWN,txn=TXN-OUT-UNKNOWN] Transaction already confirmed or not found transactionId=TXN-IDEM-001
2026-09-29T08:08:12.847-04:00 INFO  [main] i.o.shadowledger.ReconciliationService [req=?,e2e=E2E-OUT-UNKNOWN,txn=TXN-OUT-UNKNOWN] Replaying 1 transactions against core
2026-09-29T08:08:12.848-04:00 DEBUG [main] i.o.shadowledger.ReconciliationService [req=?,e2e=E2E-OUT-UNKNOWN,txn=TXN-OUT-UNKNOWN] Transaction confirmed transactionId=TXN-LISTED
2026-09-29T08:08:14.406-04:00 INFO  [main] i.o.shadowledger.AvailabilityBridge [req=?,e2e=E2E-OUT-UNKNOWN,txn=TXN-OUT-UNKNOWN] Transaction queued for core replay transactionId=E2E-CT-001
2026-09-29T08:08:14.418-04:00 INFO  [main] i.o.shadowledger.AvailabilityBridge [req=?,e2e=E2E-OUT-UNKNOWN,txn=TXN-OUT-UNKNOWN] Transaction queued for core replay transactionId=E2E-ID-PROP-001
2026-09-29T08:08:14.429-04:00 INFO  [main] i.o.shadowledger.AvailabilityBridge [req=?,e2e=E2E-OUT-UNKNOWN,txn=TXN-OUT-UNKNOWN] Transaction queued for core replay transactionId=E2E-ORDER-001
2026-09-29T08:08:14.429-04:00 INFO  [main] i.o.shadowledger.AvailabilityBridge [req=?,e2e=E2E-OUT-UNKNOWN,txn=TXN-OUT-UNKNOWN] Transaction queued for core replay transactionId=E2E-ORDER-002
2026-09-29T08:08:14.429-04:00 INFO  [main] i.o.shadowledger.AvailabilityBridge [req=?,e2e=E2E-OUT-UNKNOWN,txn=TXN-OUT-UNKNOWN] Transaction queued for core replay transactionId=E2E-ORDER-003
2026-09-29T08:08:14.429-04:00 INFO  [main] i.o.shadowledger.AvailabilityBridge [req=?,e2e=E2E-OUT-UNKNOWN,txn=TXN-OUT-UNKNOWN] Transaction queued for core replay transactionId=E2E-ORDER-004
2026-09-29T08:08:14.429-04:00 INFO  [main] i.o.shadowledger.AvailabilityBridge [req=?,e2e=E2E-OUT-UNKNOWN,txn=TXN-OUT-UNKNOWN] Transaction queued for core replay transactionId=E2E-ORDER-005
2026-09-29T08:08:14.442-04:00 INFO  [main] i.o.shadowledger.ReconciliationService [req=?,e2e=E2E-OUT-UNKNOWN,txn=TXN-OUT-UNKNOWN] Replaying 3 transactions against core
2026-09-29T08:08:14.442-04:00 DEBUG [main] i.o.shadowledger.ReconciliationService [req=?,e2e=E2E-OUT-UNKNOWN,txn=TXN-OUT-UNKNOWN] Transaction confirmed transactionId=TXN-REPLAY-A
2026-09-29T08:08:14.443-04:00 DEBUG [main] i.o.shadowledger.ReconciliationService [req=?,e2e=E2E-OUT-UNKNOWN,txn=TXN-OUT-UNKNOWN] Transaction confirmed transactionId=TXN-REPLAY-B
2026-09-29T08:08:14.443-04:00 DEBUG [main] i.o.shadowledger.ReconciliationService [req=?,e2e=E2E-OUT-UNKNOWN,txn=TXN-OUT-UNKNOWN] Transaction confirmed transactionId=TXN-REPLAY-C
2026-09-29T08:08:14.449-04:00 INFO  [main] o.s.o.j.LocalContainerEntityManagerFactoryBean [req=?,e2e=E2E-OUT-UNKNOWN,txn=TXN-OUT-UNKNOWN] Closing JPA EntityManagerFactory for persistence unit 'default'
[INFO] Tests run: 9, Failures: 0, Errors: 0, Skipped: 0, Time elapsed: 2.017 s -- in io.openfednow.shadowledger.ReplayOrderingIntegrationTest
[INFO] Running io.openfednow.shadowledger.RedisOutageIntegrationTest
2026-09-29T08:08:14.451-04:00 INFO  [main] o.s.t.c.s.AnnotationConfigContextLoaderUtils [req=?,e2e=E2E-OUT-UNKNOWN,txn=TXN-OUT-UNKNOWN] Could not detect default configuration classes for test class [io.openfednow.shadowledger.RedisOutageIntegrationTest]: RedisOutageIntegrationTest does not declare any static, non-private, non-final, nested classes annotated with @Configuration.
2026-09-29T08:08:14.453-04:00 INFO  [main] o.s.b.t.c.SpringBootTestContextBootstrapper [req=?,e2e=E2E-OUT-UNKNOWN,txn=TXN-OUT-UNKNOWN] Found @SpringBootConfiguration io.openfednow.OpenFedNowApplication for test class io.openfednow.shadowledger.RedisOutageIntegrationTest
2026-09-29T08:08:14.454-04:00 INFO  [main] tc.redis:7-alpine [req=?,e2e=E2E-OUT-UNKNOWN,txn=TXN-OUT-UNKNOWN] Creating container for image: redis:7-alpine
2026-09-29T08:08:14.484-04:00 INFO  [main] tc.redis:7-alpine [req=?,e2e=E2E-OUT-UNKNOWN,txn=TXN-OUT-UNKNOWN] Container redis:7-alpine is starting: de5699f76a56f10986dc9e031f30d40239089336e003b42e56e8339fcec6cd4f
2026-09-29T08:08:14.609-04:00 INFO  [main] tc.redis:7-alpine [req=?,e2e=E2E-OUT-UNKNOWN,txn=TXN-OUT-UNKNOWN] Container redis:7-alpine started in PT0.15488S
2026-09-29T08:08:14.609-04:00 INFO  [main] tc.postgres:16-alpine [req=?,e2e=E2E-OUT-UNKNOWN,txn=TXN-OUT-UNKNOWN] Creating container for image: postgres:16-alpine
2026-09-29T08:08:14.633-04:00 INFO  [main] tc.postgres:16-alpine [req=?,e2e=E2E-OUT-UNKNOWN,txn=TXN-OUT-UNKNOWN] Container postgres:16-alpine is starting: 7423112b25822424f2f0bb33b5da0c1adfdf034e451ca795bfb1be295844bea2
2026-09-29T08:08:15.289-04:00 INFO  [main] tc.postgres:16-alpine [req=?,e2e=E2E-OUT-UNKNOWN,txn=TXN-OUT-UNKNOWN] Container postgres:16-alpine started in PT0.679588S
2026-09-29T08:08:15.289-04:00 INFO  [main] tc.postgres:16-alpine [req=?,e2e=E2E-OUT-UNKNOWN,txn=TXN-OUT-UNKNOWN] Container is started (JDBC URL: jdbc:postgresql://localhost:53772/openfednow?loggerLevel=OFF)
2026-09-29T08:08:15.289-04:00 INFO  [main] tc.rabbitmq:3-management [req=?,e2e=E2E-OUT-UNKNOWN,txn=TXN-OUT-UNKNOWN] Creating container for image: rabbitmq:3-management
2026-09-29T08:08:15.335-04:00 INFO  [main] tc.rabbitmq:3-management [req=?,e2e=E2E-OUT-UNKNOWN,txn=TXN-OUT-UNKNOWN] Container rabbitmq:3-management is starting: a14d2d9871884ed3d42cd5032a3ce9da53c1f10988111bd86c4fe99e66991cd8
2026-09-29T08:08:18.934-04:00 INFO  [main] tc.rabbitmq:3-management [req=?,e2e=E2E-OUT-UNKNOWN,txn=TXN-OUT-UNKNOWN] Container rabbitmq:3-management started in PT3.644577S

  .   ____          _            __ _ _
 /\\ / ___'_ __ _ _(_)_ __  __ _ \ \ \ \
( ( )\___ | '_ | '_| | '_ \/ _` | \ \ \ \
 \\/  ___)| |_)| | | | | || (_| |  ) ) ) )
  '  |____| .__|_| |_|_| |_\__, | / / / /
 =========|_|==============|___/=/_/_/_/

 :: Spring Boot ::               (v3.5.16)

2026-09-29T08:08:18.947-04:00 INFO  [main] i.o.s.RedisOutageIntegrationTest [req=?,e2e=E2E-OUT-UNKNOWN,txn=TXN-OUT-UNKNOWN] Starting RedisOutageIntegrationTest using Java 17.0.20.1 with PID 90640 (started by danielmori in /Users/danielmori/Developer/open-fednow-clean-eval)
2026-09-29T08:08:18.947-04:00 DEBUG [main] i.o.s.RedisOutageIntegrationTest [req=?,e2e=E2E-OUT-UNKNOWN,txn=TXN-OUT-UNKNOWN] Running with Spring Boot v3.5.16, Spring v6.2.19
2026-09-29T08:08:18.947-04:00 INFO  [main] i.o.s.RedisOutageIntegrationTest [req=?,e2e=E2E-OUT-UNKNOWN,txn=TXN-OUT-UNKNOWN] No active profile set, falling back to 1 default profile: "default"
2026-09-29T08:08:19.017-04:00 INFO  [main] o.s.d.r.c.RepositoryConfigurationDelegate [req=?,e2e=E2E-OUT-UNKNOWN,txn=TXN-OUT-UNKNOWN] Multiple Spring Data modules found, entering strict repository configuration mode
2026-09-29T08:08:19.017-04:00 INFO  [main] o.s.d.r.c.RepositoryConfigurationDelegate [req=?,e2e=E2E-OUT-UNKNOWN,txn=TXN-OUT-UNKNOWN] Bootstrapping Spring Data JPA repositories in DEFAULT mode.
2026-09-29T08:08:19.025-04:00 INFO  [main] o.s.d.r.c.RepositoryConfigurationDelegate [req=?,e2e=E2E-OUT-UNKNOWN,txn=TXN-OUT-UNKNOWN] Finished Spring Data repository scanning in 7 ms. Found 0 JPA repository interfaces.
2026-09-29T08:08:19.025-04:00 INFO  [main] o.s.d.r.c.RepositoryConfigurationDelegate [req=?,e2e=E2E-OUT-UNKNOWN,txn=TXN-OUT-UNKNOWN] Multiple Spring Data modules found, entering strict repository configuration mode
2026-09-29T08:08:19.025-04:00 INFO  [main] o.s.d.r.c.RepositoryConfigurationDelegate [req=?,e2e=E2E-OUT-UNKNOWN,txn=TXN-OUT-UNKNOWN] Bootstrapping Spring Data Redis repositories in DEFAULT mode.
2026-09-29T08:08:19.027-04:00 INFO  [main] o.s.d.r.c.RepositoryConfigurationDelegate [req=?,e2e=E2E-OUT-UNKNOWN,txn=TXN-OUT-UNKNOWN] Finished Spring Data repository scanning in 2 ms. Found 0 Redis repository interfaces.
2026-09-29T08:08:19.067-04:00 INFO  [main] org.flywaydb.core.FlywayExecutor [req=?,e2e=E2E-OUT-UNKNOWN,txn=TXN-OUT-UNKNOWN] Database: jdbc:postgresql://localhost:53772/openfednow?loggerLevel=OFF (PostgreSQL 16.15)
2026-09-29T08:08:19.072-04:00 INFO  [main] o.f.c.i.s.JdbcTableSchemaHistory [req=?,e2e=E2E-OUT-UNKNOWN,txn=TXN-OUT-UNKNOWN] Schema history table "public"."flyway_schema_history" does not exist yet
2026-09-29T08:08:19.073-04:00 INFO  [main] o.f.core.internal.command.DbValidate [req=?,e2e=E2E-OUT-UNKNOWN,txn=TXN-OUT-UNKNOWN] Successfully validated 12 migrations (execution time 00:00.002s)
2026-09-29T08:08:19.076-04:00 INFO  [main] o.f.c.i.s.JdbcTableSchemaHistory [req=?,e2e=E2E-OUT-UNKNOWN,txn=TXN-OUT-UNKNOWN] Creating Schema History table "public"."flyway_schema_history" ...
2026-09-29T08:08:19.088-04:00 INFO  [main] o.f.core.internal.command.DbMigrate [req=?,e2e=E2E-OUT-UNKNOWN,txn=TXN-OUT-UNKNOWN] Current version of schema "public": << Empty Schema >>
2026-09-29T08:08:19.089-04:00 INFO  [main] o.f.core.internal.command.DbMigrate [req=?,e2e=E2E-OUT-UNKNOWN,txn=TXN-OUT-UNKNOWN] Migrating schema "public" to version "1 - create shadow ledger transaction log"
2026-09-29T08:08:19.098-04:00 INFO  [main] o.f.core.internal.command.DbMigrate [req=?,e2e=E2E-OUT-UNKNOWN,txn=TXN-OUT-UNKNOWN] Migrating schema "public" to version "2 - create saga state"
2026-09-29T08:08:19.103-04:00 INFO  [main] o.f.core.internal.command.DbMigrate [req=?,e2e=E2E-OUT-UNKNOWN,txn=TXN-OUT-UNKNOWN] Migrating schema "public" to version "3 - create idempotency keys"
2026-09-29T08:08:19.108-04:00 INFO  [main] o.f.core.internal.command.DbMigrate [req=?,e2e=E2E-OUT-UNKNOWN,txn=TXN-OUT-UNKNOWN] Migrating schema "public" to version "4 - create reconciliation run"
2026-09-29T08:08:19.112-04:00 INFO  [main] o.f.core.internal.command.DbMigrate [req=?,e2e=E2E-OUT-UNKNOWN,txn=TXN-OUT-UNKNOWN] Migrating schema "public" to version "5 - add source rail to saga state"
2026-09-29T08:08:19.117-04:00 INFO  [main] o.f.core.internal.command.DbMigrate [req=?,e2e=E2E-OUT-UNKNOWN,txn=TXN-OUT-UNKNOWN] Migrating schema "public" to version "6 - create admin audit log"
2026-09-29T08:08:19.122-04:00 INFO  [main] o.f.core.internal.command.DbMigrate [req=?,e2e=E2E-OUT-UNKNOWN,txn=TXN-OUT-UNKNOWN] Migrating schema "public" to version "7 - add request id correlation"
2026-09-29T08:08:19.126-04:00 INFO  [main] o.f.core.internal.command.DbMigrate [req=?,e2e=E2E-OUT-UNKNOWN,txn=TXN-OUT-UNKNOWN] Migrating schema "public" to version "8 - outbound submission uncertainty"
2026-09-29T08:08:19.130-04:00 INFO  [main] o.f.core.internal.command.DbMigrate [req=?,e2e=E2E-OUT-UNKNOWN,txn=TXN-OUT-UNKNOWN] Migrating schema "public" to version "9 - create reliable payment reference"
2026-09-29T08:08:19.140-04:00 INFO  [main] o.f.core.internal.command.DbMigrate [req=?,e2e=E2E-OUT-UNKNOWN,txn=TXN-OUT-UNKNOWN] Migrating schema "public" to version "10 - synthetic async core ack"
2026-09-29T08:08:19.145-04:00 INFO  [main] o.f.core.internal.command.DbMigrate [req=?,e2e=E2E-OUT-UNKNOWN,txn=TXN-OUT-UNKNOWN] Migrating schema "public" to version "11 - reliability inquiry observability"
2026-09-29T08:08:19.148-04:00 INFO  [main] o.f.core.internal.command.DbMigrate [req=?,e2e=E2E-OUT-UNKNOWN,txn=TXN-OUT-UNKNOWN] Migrating schema "public" to version "12 - synthetic core availability"
2026-09-29T08:08:19.150-04:00 INFO  [main] o.f.core.internal.command.DbMigrate [req=?,e2e=E2E-OUT-UNKNOWN,txn=TXN-OUT-UNKNOWN] Successfully applied 12 migrations to schema "public", now at version v12 (execution time 00:00.025s)
2026-09-29T08:08:19.163-04:00 INFO  [main] o.s.o.j.p.SpringPersistenceUnitInfo [req=?,e2e=E2E-OUT-UNKNOWN,txn=TXN-OUT-UNKNOWN] No LoadTimeWeaver setup: ignoring JPA class transformer
2026-09-29T08:08:19.169-04:00 INFO  [main] o.s.o.j.LocalContainerEntityManagerFactoryBean [req=?,e2e=E2E-OUT-UNKNOWN,txn=TXN-OUT-UNKNOWN] Initialized JPA EntityManagerFactory for persistence unit 'default'
2026-09-29T08:08:19.238-04:00 INFO  [main] i.o.reliability.ReliabilityRailConfig [req=?,e2e=E2E-OUT-UNKNOWN,txn=TXN-OUT-UNKNOWN] Synthetic reliability rail configured=false
2026-09-29T08:08:19.261-04:00 INFO  [main] o.s.s.c.a.a.c.InitializeUserDetailsBeanManagerConfigurer$InitializeUserDetailsManagerConfigurer [req=?,e2e=E2E-OUT-UNKNOWN,txn=TXN-OUT-UNKNOWN] Global AuthenticationManager configured with UserDetailsService bean with name userDetailsService
2026-09-29T08:08:19.417-04:00 INFO  [main] i.o.s.RedisOutageIntegrationTest [req=?,e2e=E2E-OUT-UNKNOWN,txn=TXN-OUT-UNKNOWN] Started RedisOutageIntegrationTest in 0.482 seconds (process running for 38.317)
2026-09-29T08:08:19.417-04:00 DEBUG [scheduling-1] i.o.shadowledger.AvailabilityBridge [req=?,e2e=?,txn=?] Core availability poll: mode=ONLINE
2026-09-29T08:08:19.420-04:00 INFO  [main] i.o.processing.saga.SagaRecoveryService [req=?,e2e=E2E-OUT-UNKNOWN,txn=TXN-OUT-UNKNOWN] Saga recovery: no in-flight sagas found at startup
2026-09-29T08:08:19.420-04:00 INFO  [main] i.o.shadowledger.BalanceSeedService [req=?,e2e=E2E-OUT-UNKNOWN,txn=TXN-OUT-UNKNOWN] Shadow Ledger startup seed: no accounts configured (openfednow.shadow-ledger.seed-accounts is empty)
2026-09-29T08:08:19.491-04:00 INFO  [lettuce-eventExecutorLoop-69-1] i.l.core.protocol.ConnectionWatchdog [req=?,e2e=?,txn=?] Reconnecting, last destination was localhost/127.0.0.1:53770
2026-09-29T08:08:19.493-04:00 WARN  [lettuce-nioEventLoop-71-2] i.l.core.protocol.ConnectionWatchdog [req=?,e2e=?,txn=?] Cannot reconnect to [localhost/<unresolved>:53770]: Connection reset
java.net.SocketException: Connection reset
	at java.base/sun.nio.ch.SocketChannelImpl.throwConnectionReset(SocketChannelImpl.java:394)
	at java.base/sun.nio.ch.SocketChannelImpl.read(SocketChannelImpl.java:426)
	at io.netty.buffer.AdaptivePoolingAllocator$AdaptiveByteBuf.setBytes(AdaptivePoolingAllocator.java:2549)
	at io.netty.buffer.AbstractByteBuf.writeBytes(AbstractByteBuf.java:1139)
	at io.netty.channel.socket.nio.NioSocketChannel.doReadBytes(NioSocketChannel.java:350)
	at io.netty.channel.nio.AbstractNioByteChannel$NioByteUnsafe.read(AbstractNioByteChannel.java:161)
	at io.netty.channel.nio.AbstractNioChannel$AbstractNioUnsafe.handle(AbstractNioChannel.java:445)
	at io.netty.channel.nio.NioIoHandler$DefaultNioRegistration.handle(NioIoHandler.java:388)
	at io.netty.channel.nio.NioIoHandler.processSelectedKey(NioIoHandler.java:596)
	at io.netty.channel.nio.NioIoHandler.processSelectedKeysOptimized(NioIoHandler.java:571)
	at io.netty.channel.nio.NioIoHandler.processSelectedKeys(NioIoHandler.java:512)
	at io.netty.channel.nio.NioIoHandler.run(NioIoHandler.java:484)
	at io.netty.channel.SingleThreadIoEventLoop.runIo(SingleThreadIoEventLoop.java:225)
	at io.netty.channel.SingleThreadIoEventLoop.run(SingleThreadIoEventLoop.java:196)
	at io.netty.util.concurrent.SingleThreadEventExecutor$5.run(SingleThreadEventExecutor.java:1204)
	at io.netty.util.internal.ThreadExecutorMap$2.run(ThreadExecutorMap.java:74)
	at io.netty.util.concurrent.FastThreadLocalRunnable.run(FastThreadLocalRunnable.java:30)
	at java.base/java.lang.Thread.run(Thread.java:840)
2026-09-29T08:08:19.573-04:00 INFO  [main] o.s.o.j.LocalContainerEntityManagerFactoryBean [req=?,e2e=E2E-OUT-UNKNOWN,txn=TXN-OUT-UNKNOWN] Closing JPA EntityManagerFactory for persistence unit 'default'
[INFO] Tests run: 2, Failures: 0, Errors: 0, Skipped: 0, Time elapsed: 5.124 s -- in io.openfednow.shadowledger.RedisOutageIntegrationTest
[INFO] Running io.openfednow.shadowledger.ShadowLedgerEndpointIntegrationTest
2026-09-29T08:08:19.575-04:00 INFO  [main] o.s.t.c.s.AnnotationConfigContextLoaderUtils [req=?,e2e=E2E-OUT-UNKNOWN,txn=TXN-OUT-UNKNOWN] Could not detect default configuration classes for test class [io.openfednow.shadowledger.ShadowLedgerEndpointIntegrationTest]: ShadowLedgerEndpointIntegrationTest does not declare any static, non-private, non-final, nested classes annotated with @Configuration.
2026-09-29T08:08:19.577-04:00 INFO  [main] o.s.b.t.c.SpringBootTestContextBootstrapper [req=?,e2e=E2E-OUT-UNKNOWN,txn=TXN-OUT-UNKNOWN] Found @SpringBootConfiguration io.openfednow.OpenFedNowApplication for test class io.openfednow.shadowledger.ShadowLedgerEndpointIntegrationTest

  .   ____          _            __ _ _
 /\\ / ___'_ __ _ _(_)_ __  __ _ \ \ \ \
( ( )\___ | '_ | '_| | '_ \/ _` | \ \ \ \
 \\/  ___)| |_)| | | | | || (_| |  ) ) ) )
  '  |____| .__|_| |_|_| |_\__, | / / / /
 =========|_|==============|___/=/_/_/_/

 :: Spring Boot ::               (v3.5.16)

2026-09-29T08:08:19.585-04:00 INFO  [main] i.o.s.ShadowLedgerEndpointIntegrationTest [req=?,e2e=E2E-OUT-UNKNOWN,txn=TXN-OUT-UNKNOWN] Starting ShadowLedgerEndpointIntegrationTest using Java 17.0.20.1 with PID 90640 (started by danielmori in /Users/danielmori/Developer/open-fednow-clean-eval)
2026-09-29T08:08:19.585-04:00 DEBUG [main] i.o.s.ShadowLedgerEndpointIntegrationTest [req=?,e2e=E2E-OUT-UNKNOWN,txn=TXN-OUT-UNKNOWN] Running with Spring Boot v3.5.16, Spring v6.2.19
2026-09-29T08:08:19.585-04:00 INFO  [main] i.o.s.ShadowLedgerEndpointIntegrationTest [req=?,e2e=E2E-OUT-UNKNOWN,txn=TXN-OUT-UNKNOWN] No active profile set, falling back to 1 default profile: "default"
2026-09-29T08:08:19.646-04:00 INFO  [main] o.s.d.r.c.RepositoryConfigurationDelegate [req=?,e2e=E2E-OUT-UNKNOWN,txn=TXN-OUT-UNKNOWN] Multiple Spring Data modules found, entering strict repository configuration mode
2026-09-29T08:08:19.646-04:00 INFO  [main] o.s.d.r.c.RepositoryConfigurationDelegate [req=?,e2e=E2E-OUT-UNKNOWN,txn=TXN-OUT-UNKNOWN] Bootstrapping Spring Data JPA repositories in DEFAULT mode.
2026-09-29T08:08:19.649-04:00 INFO  [main] o.s.d.r.c.RepositoryConfigurationDelegate [req=?,e2e=E2E-OUT-UNKNOWN,txn=TXN-OUT-UNKNOWN] Finished Spring Data repository scanning in 2 ms. Found 0 JPA repository interfaces.
2026-09-29T08:08:19.650-04:00 INFO  [main] o.s.d.r.c.RepositoryConfigurationDelegate [req=?,e2e=E2E-OUT-UNKNOWN,txn=TXN-OUT-UNKNOWN] Multiple Spring Data modules found, entering strict repository configuration mode
2026-09-29T08:08:19.650-04:00 INFO  [main] o.s.d.r.c.RepositoryConfigurationDelegate [req=?,e2e=E2E-OUT-UNKNOWN,txn=TXN-OUT-UNKNOWN] Bootstrapping Spring Data Redis repositories in DEFAULT mode.
2026-09-29T08:08:19.652-04:00 INFO  [main] o.s.d.r.c.RepositoryConfigurationDelegate [req=?,e2e=E2E-OUT-UNKNOWN,txn=TXN-OUT-UNKNOWN] Finished Spring Data repository scanning in 1 ms. Found 0 Redis repository interfaces.
2026-09-29T08:08:19.691-04:00 INFO  [main] org.flywaydb.core.FlywayExecutor [req=?,e2e=E2E-OUT-UNKNOWN,txn=TXN-OUT-UNKNOWN] Database: jdbc:postgresql://localhost:53418/openfednow?loggerLevel=OFF (PostgreSQL 16.15)
2026-09-29T08:08:19.697-04:00 INFO  [main] o.f.core.internal.command.DbValidate [req=?,e2e=E2E-OUT-UNKNOWN,txn=TXN-OUT-UNKNOWN] Successfully validated 12 migrations (execution time 00:00.002s)
2026-09-29T08:08:19.708-04:00 INFO  [main] o.f.core.internal.command.DbMigrate [req=?,e2e=E2E-OUT-UNKNOWN,txn=TXN-OUT-UNKNOWN] Current version of schema "public": 12
2026-09-29T08:08:19.709-04:00 INFO  [main] o.f.core.internal.command.DbMigrate [req=?,e2e=E2E-OUT-UNKNOWN,txn=TXN-OUT-UNKNOWN] Schema "public" is up to date. No migration necessary.
2026-09-29T08:08:19.723-04:00 INFO  [main] o.s.o.j.p.SpringPersistenceUnitInfo [req=?,e2e=E2E-OUT-UNKNOWN,txn=TXN-OUT-UNKNOWN] No LoadTimeWeaver setup: ignoring JPA class transformer
2026-09-29T08:08:19.730-04:00 INFO  [main] o.s.o.j.LocalContainerEntityManagerFactoryBean [req=?,e2e=E2E-OUT-UNKNOWN,txn=TXN-OUT-UNKNOWN] Initialized JPA EntityManagerFactory for persistence unit 'default'
2026-09-29T08:08:19.797-04:00 INFO  [main] i.o.reliability.ReliabilityRailConfig [req=?,e2e=E2E-OUT-UNKNOWN,txn=TXN-OUT-UNKNOWN] Synthetic reliability rail configured=false
2026-09-29T08:08:19.820-04:00 INFO  [main] o.s.s.c.a.a.c.InitializeUserDetailsBeanManagerConfigurer$InitializeUserDetailsManagerConfigurer [req=?,e2e=E2E-OUT-UNKNOWN,txn=TXN-OUT-UNKNOWN] Global AuthenticationManager configured with UserDetailsService bean with name userDetailsService
2026-09-29T08:08:19.978-04:00 INFO  [main] i.o.s.ShadowLedgerEndpointIntegrationTest [req=?,e2e=E2E-OUT-UNKNOWN,txn=TXN-OUT-UNKNOWN] Started ShadowLedgerEndpointIntegrationTest in 0.4 seconds (process running for 38.878)
2026-09-29T08:08:19.978-04:00 DEBUG [scheduling-1] i.o.shadowledger.AvailabilityBridge [req=?,e2e=?,txn=?] Core availability poll: mode=ONLINE
2026-09-29T08:08:19.980-04:00 INFO  [main] i.o.processing.saga.SagaRecoveryService [req=?,e2e=E2E-OUT-UNKNOWN,txn=TXN-OUT-UNKNOWN] Saga recovery: no in-flight sagas found at startup
2026-09-29T08:08:19.980-04:00 INFO  [main] i.o.shadowledger.BalanceSeedService [req=?,e2e=E2E-OUT-UNKNOWN,txn=TXN-OUT-UNKNOWN] Shadow Ledger startup seed: no accounts configured (openfednow.shadow-ledger.seed-accounts is empty)
2026-09-29T08:08:19.986-04:00 INFO  [main] io.openfednow.gateway.MessageRouter [req=?,e2e=E2E-SL-DUP-002,txn=TXN-SL-DUP-002] Inbound credit transfer received amount=200.00 currency=USD sourceRail=FEDNOW
2026-09-29T08:08:19.987-04:00 INFO  [main] i.o.processing.saga.SagaOrchestrator [req=?,e2e=E2E-SL-DUP-002,txn=TXN-SL-DUP-002] Saga initiated sagaId=SAGA-8e3cc834-196b-4704-b14a-beff33210574 transactionId=TXN-SL-DUP-002 e2e=E2E-SL-DUP-002 sourceRail=FEDNOW requestId=null
2026-09-29T08:08:19.987-04:00 INFO  [main] io.openfednow.shadowledger.ShadowLedger [req=?,e2e=E2E-SL-DUP-002,txn=TXN-SL-DUP-002] Shadow Ledger credit applied account=ACC-DUP-002 amount=200.00 balanceAfter=200.00
2026-09-29T08:08:19.988-04:00 DEBUG [main] i.o.processing.saga.SagaOrchestrator [req=?,e2e=E2E-SL-DUP-002,txn=TXN-SL-DUP-002] Saga advanced sagaId=SAGA-8e3cc834-196b-4704-b14a-beff33210574 state=FUNDS_RESERVED
2026-09-29T08:08:19.988-04:00 DEBUG [main] i.o.processing.saga.SagaOrchestrator [req=?,e2e=E2E-SL-DUP-002,txn=TXN-SL-DUP-002] Saga advanced sagaId=SAGA-8e3cc834-196b-4704-b14a-beff33210574 state=CORE_SUBMITTED
2026-09-29T08:08:19.988-04:00 DEBUG [main] i.o.processing.saga.SagaOrchestrator [req=?,e2e=E2E-SL-DUP-002,txn=TXN-SL-DUP-002] Saga advanced sagaId=SAGA-8e3cc834-196b-4704-b14a-beff33210574 state=FEDNOW_CONFIRMED
2026-09-29T08:08:19.989-04:00 DEBUG [main] i.o.processing.saga.SagaOrchestrator [req=?,e2e=E2E-SL-DUP-002,txn=TXN-SL-DUP-002] Saga advanced sagaId=SAGA-8e3cc834-196b-4704-b14a-beff33210574 state=COMPLETED
2026-09-29T08:08:19.989-04:00 INFO  [main] io.openfednow.gateway.MessageRouter [req=?,e2e=E2E-SL-DUP-002,txn=TXN-SL-DUP-002] Inbound credit transfer status=ACSC rejectCode=null
2026-09-29T08:08:19.990-04:00 DEBUG [main] i.o.p.idempotency.IdempotencyService [req=?,e2e=E2E-SL-DUP-002,txn=TXN-SL-DUP-002] Idempotency outcome recorded e2e=E2E-SL-DUP-002 status=ACSC
2026-09-29T08:08:19.990-04:00 INFO  [main] io.openfednow.gateway.MessageRouter [req=?,e2e=E2E-SL-DUP-002,txn=TXN-SL-DUP-002] Inbound credit transfer received amount=200.00 currency=USD sourceRail=FEDNOW
2026-09-29T08:08:19.990-04:00 DEBUG [main] i.o.p.idempotency.IdempotencyService [req=?,e2e=E2E-SL-DUP-002,txn=TXN-SL-DUP-002] Idempotency cache hit e2e=E2E-SL-DUP-002
2026-09-29T08:08:19.991-04:00 INFO  [main] io.openfednow.gateway.MessageRouter [req=?,e2e=E2E-SL-DUP-002,txn=TXN-SL-DUP-002] Duplicate inbound payment suppressed e2e=E2E-SL-DUP-002
2026-09-29T08:08:19.994-04:00 INFO  [main] io.openfednow.gateway.MessageRouter [req=?,e2e=E2E-SL-RJT-002,txn=TXN-SL-RJT-002] Inbound credit transfer received amount=100.00 currency=USD sourceRail=FEDNOW
2026-09-29T08:08:19.995-04:00 INFO  [main] i.o.processing.saga.SagaOrchestrator [req=?,e2e=E2E-SL-RJT-002,txn=TXN-SL-RJT-002] Saga initiated sagaId=SAGA-44c83f8a-cfaf-4535-a740-889debe8a1ea transactionId=TXN-SL-RJT-002 e2e=E2E-SL-RJT-002 sourceRail=FEDNOW requestId=null
2026-09-29T08:08:19.995-04:00 INFO  [main] i.o.processing.saga.SagaOrchestrator [req=?,e2e=E2E-SL-RJT-002,txn=TXN-SL-RJT-002] Saga compensation starting sagaId=SAGA-44c83f8a-cfaf-4535-a740-889debe8a1ea fromState=INITIATED reason=AC01
2026-09-29T08:08:19.996-04:00 INFO  [main] i.o.processing.saga.SagaOrchestrator [req=?,e2e=E2E-SL-RJT-002,txn=TXN-SL-RJT-002] Saga compensation complete sagaId=SAGA-44c83f8a-cfaf-4535-a740-889debe8a1ea
2026-09-29T08:08:19.996-04:00 INFO  [main] io.openfednow.gateway.MessageRouter [req=?,e2e=E2E-SL-RJT-002,txn=TXN-SL-RJT-002] Inbound credit transfer status=RJCT rejectCode=AC01
2026-09-29T08:08:19.997-04:00 DEBUG [main] i.o.p.idempotency.IdempotencyService [req=?,e2e=E2E-SL-RJT-002,txn=TXN-SL-RJT-002] Idempotency outcome recorded e2e=E2E-SL-RJT-002 status=RJCT
2026-09-29T08:08:20.000-04:00 INFO  [main] io.openfednow.gateway.MessageRouter [req=?,e2e=E2E-SL-003,txn=TXN-SL-003] Inbound credit transfer received amount=750.50 currency=USD sourceRail=FEDNOW
2026-09-29T08:08:20.000-04:00 INFO  [main] i.o.processing.saga.SagaOrchestrator [req=?,e2e=E2E-SL-003,txn=TXN-SL-003] Saga initiated sagaId=SAGA-1fb9dc09-9d04-4267-ace4-6a4e393c55a7 transactionId=TXN-SL-003 e2e=E2E-SL-003 sourceRail=FEDNOW requestId=null
2026-09-29T08:08:20.001-04:00 INFO  [main] io.openfednow.shadowledger.ShadowLedger [req=?,e2e=E2E-SL-003,txn=TXN-SL-003] Shadow Ledger credit applied account=ACC-AMT-001 amount=750.50 balanceAfter=750.50
2026-09-29T08:08:20.001-04:00 DEBUG [main] i.o.processing.saga.SagaOrchestrator [req=?,e2e=E2E-SL-003,txn=TXN-SL-003] Saga advanced sagaId=SAGA-1fb9dc09-9d04-4267-ace4-6a4e393c55a7 state=FUNDS_RESERVED
2026-09-29T08:08:20.001-04:00 DEBUG [main] i.o.processing.saga.SagaOrchestrator [req=?,e2e=E2E-SL-003,txn=TXN-SL-003] Saga advanced sagaId=SAGA-1fb9dc09-9d04-4267-ace4-6a4e393c55a7 state=CORE_SUBMITTED
2026-09-29T08:08:20.002-04:00 DEBUG [main] i.o.processing.saga.SagaOrchestrator [req=?,e2e=E2E-SL-003,txn=TXN-SL-003] Saga advanced sagaId=SAGA-1fb9dc09-9d04-4267-ace4-6a4e393c55a7 state=FEDNOW_CONFIRMED
2026-09-29T08:08:20.002-04:00 DEBUG [main] i.o.processing.saga.SagaOrchestrator [req=?,e2e=E2E-SL-003,txn=TXN-SL-003] Saga advanced sagaId=SAGA-1fb9dc09-9d04-4267-ace4-6a4e393c55a7 state=COMPLETED
2026-09-29T08:08:20.002-04:00 INFO  [main] io.openfednow.gateway.MessageRouter [req=?,e2e=E2E-SL-003,txn=TXN-SL-003] Inbound credit transfer status=ACSC rejectCode=null
2026-09-29T08:08:20.002-04:00 DEBUG [main] i.o.p.idempotency.IdempotencyService [req=?,e2e=E2E-SL-003,txn=TXN-SL-003] Idempotency outcome recorded e2e=E2E-SL-003 status=ACSC
2026-09-29T08:08:20.006-04:00 INFO  [main] io.openfednow.gateway.MessageRouter [req=?,e2e=E2E-SL-RJT-003,txn=TXN-SL-RJT-003] Inbound credit transfer received amount=300.00 currency=USD sourceRail=FEDNOW
2026-09-29T08:08:20.007-04:00 INFO  [main] i.o.processing.saga.SagaOrchestrator [req=?,e2e=E2E-SL-RJT-003,txn=TXN-SL-RJT-003] Saga initiated sagaId=SAGA-95cdb363-46bc-4318-b01a-bf26170d7a99 transactionId=TXN-SL-RJT-003 e2e=E2E-SL-RJT-003 sourceRail=FEDNOW requestId=null
2026-09-29T08:08:20.007-04:00 INFO  [main] i.o.processing.saga.SagaOrchestrator [req=?,e2e=E2E-SL-RJT-003,txn=TXN-SL-RJT-003] Saga compensation starting sagaId=SAGA-95cdb363-46bc-4318-b01a-bf26170d7a99 fromState=INITIATED reason=AC04
2026-09-29T08:08:20.007-04:00 INFO  [main] i.o.processing.saga.SagaOrchestrator [req=?,e2e=E2E-SL-RJT-003,txn=TXN-SL-RJT-003] Saga compensation complete sagaId=SAGA-95cdb363-46bc-4318-b01a-bf26170d7a99
2026-09-29T08:08:20.008-04:00 INFO  [main] io.openfednow.gateway.MessageRouter [req=?,e2e=E2E-SL-RJT-003,txn=TXN-SL-RJT-003] Inbound credit transfer status=RJCT rejectCode=AC04
2026-09-29T08:08:20.008-04:00 DEBUG [main] i.o.p.idempotency.IdempotencyService [req=?,e2e=E2E-SL-RJT-003,txn=TXN-SL-RJT-003] Idempotency outcome recorded e2e=E2E-SL-RJT-003 status=RJCT
2026-09-29T08:08:20.008-04:00 DEBUG [main] io.openfednow.shadowledger.ShadowLedger [req=?,e2e=E2E-SL-RJT-003,txn=TXN-SL-RJT-003] Shadow Ledger balance not seeded for account=RJCT_CLOSED_ACC-001, returning 0
2026-09-29T08:08:20.011-04:00 INFO  [main] io.openfednow.gateway.MessageRouter [req=?,e2e=E2E-SL-001,txn=TXN-SL-001] Inbound credit transfer received amount=250.00 currency=USD sourceRail=FEDNOW
2026-09-29T08:08:20.011-04:00 INFO  [main] i.o.processing.saga.SagaOrchestrator [req=?,e2e=E2E-SL-001,txn=TXN-SL-001] Saga initiated sagaId=SAGA-c5740e15-c371-4172-ba2c-e3be8b277560 transactionId=TXN-SL-001 e2e=E2E-SL-001 sourceRail=FEDNOW requestId=null
2026-09-29T08:08:20.012-04:00 INFO  [main] io.openfednow.shadowledger.ShadowLedger [req=?,e2e=E2E-SL-001,txn=TXN-SL-001] Shadow Ledger credit applied account=ACC-CRED-001 amount=250.00 balanceAfter=250.00
2026-09-29T08:08:20.012-04:00 DEBUG [main] i.o.processing.saga.SagaOrchestrator [req=?,e2e=E2E-SL-001,txn=TXN-SL-001] Saga advanced sagaId=SAGA-c5740e15-c371-4172-ba2c-e3be8b277560 state=FUNDS_RESERVED
2026-09-29T08:08:20.012-04:00 DEBUG [main] i.o.processing.saga.SagaOrchestrator [req=?,e2e=E2E-SL-001,txn=TXN-SL-001] Saga advanced sagaId=SAGA-c5740e15-c371-4172-ba2c-e3be8b277560 state=CORE_SUBMITTED
2026-09-29T08:08:20.012-04:00 DEBUG [main] i.o.processing.saga.SagaOrchestrator [req=?,e2e=E2E-SL-001,txn=TXN-SL-001] Saga advanced sagaId=SAGA-c5740e15-c371-4172-ba2c-e3be8b277560 state=FEDNOW_CONFIRMED
2026-09-29T08:08:20.013-04:00 DEBUG [main] i.o.processing.saga.SagaOrchestrator [req=?,e2e=E2E-SL-001,txn=TXN-SL-001] Saga advanced sagaId=SAGA-c5740e15-c371-4172-ba2c-e3be8b277560 state=COMPLETED
2026-09-29T08:08:20.013-04:00 INFO  [main] io.openfednow.gateway.MessageRouter [req=?,e2e=E2E-SL-001,txn=TXN-SL-001] Inbound credit transfer status=ACSC rejectCode=null
2026-09-29T08:08:20.013-04:00 DEBUG [main] i.o.p.idempotency.IdempotencyService [req=?,e2e=E2E-SL-001,txn=TXN-SL-001] Idempotency outcome recorded e2e=E2E-SL-001 status=ACSC
2026-09-29T08:08:20.016-04:00 INFO  [main] io.openfednow.gateway.MessageRouter [req=?,e2e=E2E-SL-RJT-001,txn=TXN-SL-RJT-001] Inbound credit transfer received amount=250.00 currency=USD sourceRail=FEDNOW
2026-09-29T08:08:20.017-04:00 INFO  [main] i.o.processing.saga.SagaOrchestrator [req=?,e2e=E2E-SL-RJT-001,txn=TXN-SL-RJT-001] Saga initiated sagaId=SAGA-55b0455f-4a4f-409f-8c4f-c85a85db2b7e transactionId=TXN-SL-RJT-001 e2e=E2E-SL-RJT-001 sourceRail=FEDNOW requestId=null
2026-09-29T08:08:20.018-04:00 INFO  [main] i.o.processing.saga.SagaOrchestrator [req=?,e2e=E2E-SL-RJT-001,txn=TXN-SL-RJT-001] Saga compensation starting sagaId=SAGA-55b0455f-4a4f-409f-8c4f-c85a85db2b7e fromState=INITIATED reason=AM04
2026-09-29T08:08:20.018-04:00 INFO  [main] i.o.processing.saga.SagaOrchestrator [req=?,e2e=E2E-SL-RJT-001,txn=TXN-SL-RJT-001] Saga compensation complete sagaId=SAGA-55b0455f-4a4f-409f-8c4f-c85a85db2b7e
2026-09-29T08:08:20.018-04:00 INFO  [main] io.openfednow.gateway.MessageRouter [req=?,e2e=E2E-SL-RJT-001,txn=TXN-SL-RJT-001] Inbound credit transfer status=RJCT rejectCode=AM04
2026-09-29T08:08:20.019-04:00 DEBUG [main] i.o.p.idempotency.IdempotencyService [req=?,e2e=E2E-SL-RJT-001,txn=TXN-SL-RJT-001] Idempotency outcome recorded e2e=E2E-SL-RJT-001 status=RJCT
2026-09-29T08:08:20.019-04:00 DEBUG [main] io.openfednow.shadowledger.ShadowLedger [req=?,e2e=E2E-SL-RJT-001,txn=TXN-SL-RJT-001] Shadow Ledger balance not seeded for account=RJCT_FUNDS_ACC-001, returning 0
2026-09-29T08:08:20.021-04:00 INFO  [main] io.openfednow.gateway.MessageRouter [req=?,e2e=E2E-SL-002,txn=TXN-SL-002] Inbound credit transfer received amount=100.00 currency=USD sourceRail=FEDNOW
2026-09-29T08:08:20.022-04:00 INFO  [main] i.o.processing.saga.SagaOrchestrator [req=?,e2e=E2E-SL-002,txn=TXN-SL-002] Saga initiated sagaId=SAGA-a50ce8cf-8303-4a73-be9a-d6fff7654f53 transactionId=TXN-SL-002 e2e=E2E-SL-002 sourceRail=FEDNOW requestId=null
2026-09-29T08:08:20.022-04:00 INFO  [main] io.openfednow.shadowledger.ShadowLedger [req=?,e2e=E2E-SL-002,txn=TXN-SL-002] Shadow Ledger credit applied account=ACC-AUDIT-001 amount=100.00 balanceAfter=100.00
2026-09-29T08:08:20.023-04:00 DEBUG [main] i.o.processing.saga.SagaOrchestrator [req=?,e2e=E2E-SL-002,txn=TXN-SL-002] Saga advanced sagaId=SAGA-a50ce8cf-8303-4a73-be9a-d6fff7654f53 state=FUNDS_RESERVED
2026-09-29T08:08:20.023-04:00 DEBUG [main] i.o.processing.saga.SagaOrchestrator [req=?,e2e=E2E-SL-002,txn=TXN-SL-002] Saga advanced sagaId=SAGA-a50ce8cf-8303-4a73-be9a-d6fff7654f53 state=CORE_SUBMITTED
2026-09-29T08:08:20.023-04:00 DEBUG [main] i.o.processing.saga.SagaOrchestrator [req=?,e2e=E2E-SL-002,txn=TXN-SL-002] Saga advanced sagaId=SAGA-a50ce8cf-8303-4a73-be9a-d6fff7654f53 state=FEDNOW_CONFIRMED
2026-09-29T08:08:20.023-04:00 DEBUG [main] i.o.processing.saga.SagaOrchestrator [req=?,e2e=E2E-SL-002,txn=TXN-SL-002] Saga advanced sagaId=SAGA-a50ce8cf-8303-4a73-be9a-d6fff7654f53 state=COMPLETED
2026-09-29T08:08:20.023-04:00 INFO  [main] io.openfednow.gateway.MessageRouter [req=?,e2e=E2E-SL-002,txn=TXN-SL-002] Inbound credit transfer status=ACSC rejectCode=null
2026-09-29T08:08:20.024-04:00 DEBUG [main] i.o.p.idempotency.IdempotencyService [req=?,e2e=E2E-SL-002,txn=TXN-SL-002] Idempotency outcome recorded e2e=E2E-SL-002 status=ACSC
2026-09-29T08:08:20.027-04:00 INFO  [main] io.openfednow.gateway.MessageRouter [req=?,e2e=E2E-SL-SAGA-002,txn=TXN-SL-SAGA-002] Inbound credit transfer received amount=100.00 currency=USD sourceRail=FEDNOW
2026-09-29T08:08:20.027-04:00 INFO  [main] i.o.processing.saga.SagaOrchestrator [req=?,e2e=E2E-SL-SAGA-002,txn=TXN-SL-SAGA-002] Saga initiated sagaId=SAGA-30224694-1fd9-421f-8c9d-5efcb8a0ce36 transactionId=TXN-SL-SAGA-002 e2e=E2E-SL-SAGA-002 sourceRail=FEDNOW requestId=null
2026-09-29T08:08:20.028-04:00 INFO  [main] i.o.processing.saga.SagaOrchestrator [req=?,e2e=E2E-SL-SAGA-002,txn=TXN-SL-SAGA-002] Saga compensation starting sagaId=SAGA-30224694-1fd9-421f-8c9d-5efcb8a0ce36 fromState=INITIATED reason=AM04
2026-09-29T08:08:20.028-04:00 INFO  [main] i.o.processing.saga.SagaOrchestrator [req=?,e2e=E2E-SL-SAGA-002,txn=TXN-SL-SAGA-002] Saga compensation complete sagaId=SAGA-30224694-1fd9-421f-8c9d-5efcb8a0ce36
2026-09-29T08:08:20.028-04:00 INFO  [main] io.openfednow.gateway.MessageRouter [req=?,e2e=E2E-SL-SAGA-002,txn=TXN-SL-SAGA-002] Inbound credit transfer status=RJCT rejectCode=AM04
2026-09-29T08:08:20.029-04:00 DEBUG [main] i.o.p.idempotency.IdempotencyService [req=?,e2e=E2E-SL-SAGA-002,txn=TXN-SL-SAGA-002] Idempotency outcome recorded e2e=E2E-SL-SAGA-002 status=RJCT
2026-09-29T08:08:20.032-04:00 INFO  [main] io.openfednow.gateway.MessageRouter [req=?,e2e=E2E-SL-DUP-001,txn=TXN-SL-DUP-001] Inbound credit transfer received amount=500.00 currency=USD sourceRail=FEDNOW
2026-09-29T08:08:20.033-04:00 INFO  [main] i.o.processing.saga.SagaOrchestrator [req=?,e2e=E2E-SL-DUP-001,txn=TXN-SL-DUP-001] Saga initiated sagaId=SAGA-0e23d023-4fc1-4cc4-8a78-5920210c6aa2 transactionId=TXN-SL-DUP-001 e2e=E2E-SL-DUP-001 sourceRail=FEDNOW requestId=null
2026-09-29T08:08:20.033-04:00 INFO  [main] io.openfednow.shadowledger.ShadowLedger [req=?,e2e=E2E-SL-DUP-001,txn=TXN-SL-DUP-001] Shadow Ledger credit applied account=ACC-DUP-001 amount=500.00 balanceAfter=500.00
2026-09-29T08:08:20.034-04:00 DEBUG [main] i.o.processing.saga.SagaOrchestrator [req=?,e2e=E2E-SL-DUP-001,txn=TXN-SL-DUP-001] Saga advanced sagaId=SAGA-0e23d023-4fc1-4cc4-8a78-5920210c6aa2 state=FUNDS_RESERVED
2026-09-29T08:08:20.034-04:00 DEBUG [main] i.o.processing.saga.SagaOrchestrator [req=?,e2e=E2E-SL-DUP-001,txn=TXN-SL-DUP-001] Saga advanced sagaId=SAGA-0e23d023-4fc1-4cc4-8a78-5920210c6aa2 state=CORE_SUBMITTED
2026-09-29T08:08:20.034-04:00 DEBUG [main] i.o.processing.saga.SagaOrchestrator [req=?,e2e=E2E-SL-DUP-001,txn=TXN-SL-DUP-001] Saga advanced sagaId=SAGA-0e23d023-4fc1-4cc4-8a78-5920210c6aa2 state=FEDNOW_CONFIRMED
2026-09-29T08:08:20.034-04:00 DEBUG [main] i.o.processing.saga.SagaOrchestrator [req=?,e2e=E2E-SL-DUP-001,txn=TXN-SL-DUP-001] Saga advanced sagaId=SAGA-0e23d023-4fc1-4cc4-8a78-5920210c6aa2 state=COMPLETED
2026-09-29T08:08:20.034-04:00 INFO  [main] io.openfednow.gateway.MessageRouter [req=?,e2e=E2E-SL-DUP-001,txn=TXN-SL-DUP-001] Inbound credit transfer status=ACSC rejectCode=null
2026-09-29T08:08:20.035-04:00 DEBUG [main] i.o.p.idempotency.IdempotencyService [req=?,e2e=E2E-SL-DUP-001,txn=TXN-SL-DUP-001] Idempotency outcome recorded e2e=E2E-SL-DUP-001 status=ACSC
2026-09-29T08:08:20.035-04:00 INFO  [main] io.openfednow.gateway.MessageRouter [req=?,e2e=E2E-SL-DUP-001,txn=TXN-SL-DUP-001] Inbound credit transfer received amount=500.00 currency=USD sourceRail=FEDNOW
2026-09-29T08:08:20.035-04:00 DEBUG [main] i.o.p.idempotency.IdempotencyService [req=?,e2e=E2E-SL-DUP-001,txn=TXN-SL-DUP-001] Idempotency cache hit e2e=E2E-SL-DUP-001
2026-09-29T08:08:20.035-04:00 INFO  [main] io.openfednow.gateway.MessageRouter [req=?,e2e=E2E-SL-DUP-001,txn=TXN-SL-DUP-001] Duplicate inbound payment suppressed e2e=E2E-SL-DUP-001
2026-09-29T08:08:20.038-04:00 INFO  [main] io.openfednow.gateway.MessageRouter [req=?,e2e=E2E-SL-RECON-001,txn=TXN-SL-RECON-001] Inbound credit transfer received amount=400.00 currency=USD sourceRail=FEDNOW
2026-09-29T08:08:20.039-04:00 INFO  [main] i.o.processing.saga.SagaOrchestrator [req=?,e2e=E2E-SL-RECON-001,txn=TXN-SL-RECON-001] Saga initiated sagaId=SAGA-c5243035-545d-4d25-b2b0-49de6c0e47eb transactionId=TXN-SL-RECON-001 e2e=E2E-SL-RECON-001 sourceRail=FEDNOW requestId=null
2026-09-29T08:08:20.039-04:00 INFO  [main] io.openfednow.shadowledger.ShadowLedger [req=?,e2e=E2E-SL-RECON-001,txn=TXN-SL-RECON-001] Shadow Ledger credit applied account=ACC-RECON-001 amount=400.00 balanceAfter=400.00
2026-09-29T08:08:20.039-04:00 DEBUG [main] i.o.processing.saga.SagaOrchestrator [req=?,e2e=E2E-SL-RECON-001,txn=TXN-SL-RECON-001] Saga advanced sagaId=SAGA-c5243035-545d-4d25-b2b0-49de6c0e47eb state=FUNDS_RESERVED
2026-09-29T08:08:20.039-04:00 DEBUG [main] i.o.processing.saga.SagaOrchestrator [req=?,e2e=E2E-SL-RECON-001,txn=TXN-SL-RECON-001] Saga advanced sagaId=SAGA-c5243035-545d-4d25-b2b0-49de6c0e47eb state=CORE_SUBMITTED
2026-09-29T08:08:20.040-04:00 DEBUG [main] i.o.processing.saga.SagaOrchestrator [req=?,e2e=E2E-SL-RECON-001,txn=TXN-SL-RECON-001] Saga advanced sagaId=SAGA-c5243035-545d-4d25-b2b0-49de6c0e47eb state=FEDNOW_CONFIRMED
2026-09-29T08:08:20.040-04:00 DEBUG [main] i.o.processing.saga.SagaOrchestrator [req=?,e2e=E2E-SL-RECON-001,txn=TXN-SL-RECON-001] Saga advanced sagaId=SAGA-c5243035-545d-4d25-b2b0-49de6c0e47eb state=COMPLETED
2026-09-29T08:08:20.040-04:00 INFO  [main] io.openfednow.gateway.MessageRouter [req=?,e2e=E2E-SL-RECON-001,txn=TXN-SL-RECON-001] Inbound credit transfer status=ACSC rejectCode=null
2026-09-29T08:08:20.040-04:00 DEBUG [main] i.o.p.idempotency.IdempotencyService [req=?,e2e=E2E-SL-RECON-001,txn=TXN-SL-RECON-001] Idempotency outcome recorded e2e=E2E-SL-RECON-001 status=ACSC
2026-09-29T08:08:20.043-04:00 INFO  [main] io.openfednow.gateway.MessageRouter [req=?,e2e=E2E-SL-SAGA-001,txn=TXN-SL-SAGA-001] Inbound credit transfer received amount=150.00 currency=USD sourceRail=FEDNOW
2026-09-29T08:08:20.044-04:00 INFO  [main] i.o.processing.saga.SagaOrchestrator [req=?,e2e=E2E-SL-SAGA-001,txn=TXN-SL-SAGA-001] Saga initiated sagaId=SAGA-5c138c8d-b2d5-4d58-8621-1afa264a0e67 transactionId=TXN-SL-SAGA-001 e2e=E2E-SL-SAGA-001 sourceRail=FEDNOW requestId=null
2026-09-29T08:08:20.044-04:00 INFO  [main] io.openfednow.shadowledger.ShadowLedger [req=?,e2e=E2E-SL-SAGA-001,txn=TXN-SL-SAGA-001] Shadow Ledger credit applied account=ACC-SAGA-001 amount=150.00 balanceAfter=150.00
2026-09-29T08:08:20.044-04:00 DEBUG [main] i.o.processing.saga.SagaOrchestrator [req=?,e2e=E2E-SL-SAGA-001,txn=TXN-SL-SAGA-001] Saga advanced sagaId=SAGA-5c138c8d-b2d5-4d58-8621-1afa264a0e67 state=FUNDS_RESERVED
2026-09-29T08:08:20.045-04:00 DEBUG [main] i.o.processing.saga.SagaOrchestrator [req=?,e2e=E2E-SL-SAGA-001,txn=TXN-SL-SAGA-001] Saga advanced sagaId=SAGA-5c138c8d-b2d5-4d58-8621-1afa264a0e67 state=CORE_SUBMITTED
2026-09-29T08:08:20.045-04:00 DEBUG [main] i.o.processing.saga.SagaOrchestrator [req=?,e2e=E2E-SL-SAGA-001,txn=TXN-SL-SAGA-001] Saga advanced sagaId=SAGA-5c138c8d-b2d5-4d58-8621-1afa264a0e67 state=FEDNOW_CONFIRMED
2026-09-29T08:08:20.045-04:00 DEBUG [main] i.o.processing.saga.SagaOrchestrator [req=?,e2e=E2E-SL-SAGA-001,txn=TXN-SL-SAGA-001] Saga advanced sagaId=SAGA-5c138c8d-b2d5-4d58-8621-1afa264a0e67 state=COMPLETED
2026-09-29T08:08:20.045-04:00 INFO  [main] io.openfednow.gateway.MessageRouter [req=?,e2e=E2E-SL-SAGA-001,txn=TXN-SL-SAGA-001] Inbound credit transfer status=ACSC rejectCode=null
2026-09-29T08:08:20.046-04:00 DEBUG [main] i.o.p.idempotency.IdempotencyService [req=?,e2e=E2E-SL-SAGA-001,txn=TXN-SL-SAGA-001] Idempotency outcome recorded e2e=E2E-SL-SAGA-001 status=ACSC
2026-09-29T08:08:20.049-04:00 INFO  [main] o.s.o.j.LocalContainerEntityManagerFactoryBean [req=?,e2e=E2E-SL-SAGA-001,txn=TXN-SL-SAGA-001] Closing JPA EntityManagerFactory for persistence unit 'default'
[INFO] Tests run: 11, Failures: 0, Errors: 0, Skipped: 0, Time elapsed: 0.476 s -- in io.openfednow.shadowledger.ShadowLedgerEndpointIntegrationTest
[INFO] Running io.openfednow.shadowledger.ShadowLedgerBalanceViewIntegrationTest
2026-09-29T08:08:20.051-04:00 INFO  [main] o.s.t.c.s.AnnotationConfigContextLoaderUtils [req=?,e2e=E2E-SL-SAGA-001,txn=TXN-SL-SAGA-001] Could not detect default configuration classes for test class [io.openfednow.shadowledger.ShadowLedgerBalanceViewIntegrationTest]: ShadowLedgerBalanceViewIntegrationTest does not declare any static, non-private, non-final, nested classes annotated with @Configuration.
2026-09-29T08:08:20.052-04:00 INFO  [main] o.s.b.t.c.SpringBootTestContextBootstrapper [req=?,e2e=E2E-SL-SAGA-001,txn=TXN-SL-SAGA-001] Found @SpringBootConfiguration io.openfednow.OpenFedNowApplication for test class io.openfednow.shadowledger.ShadowLedgerBalanceViewIntegrationTest

  .   ____          _            __ _ _
 /\\ / ___'_ __ _ _(_)_ __  __ _ \ \ \ \
( ( )\___ | '_ | '_| | '_ \/ _` | \ \ \ \
 \\/  ___)| |_)| | | | | || (_| |  ) ) ) )
  '  |____| .__|_| |_|_| |_\__, | / / / /
 =========|_|==============|___/=/_/_/_/

 :: Spring Boot ::               (v3.5.16)

2026-09-29T08:08:20.058-04:00 INFO  [main] i.o.s.ShadowLedgerBalanceViewIntegrationTest [req=?,e2e=E2E-SL-SAGA-001,txn=TXN-SL-SAGA-001] Starting ShadowLedgerBalanceViewIntegrationTest using Java 17.0.20.1 with PID 90640 (started by danielmori in /Users/danielmori/Developer/open-fednow-clean-eval)
2026-09-29T08:08:20.058-04:00 DEBUG [main] i.o.s.ShadowLedgerBalanceViewIntegrationTest [req=?,e2e=E2E-SL-SAGA-001,txn=TXN-SL-SAGA-001] Running with Spring Boot v3.5.16, Spring v6.2.19
2026-09-29T08:08:20.058-04:00 INFO  [main] i.o.s.ShadowLedgerBalanceViewIntegrationTest [req=?,e2e=E2E-SL-SAGA-001,txn=TXN-SL-SAGA-001] No active profile set, falling back to 1 default profile: "default"
2026-09-29T08:08:20.113-04:00 INFO  [main] o.s.d.r.c.RepositoryConfigurationDelegate [req=?,e2e=E2E-SL-SAGA-001,txn=TXN-SL-SAGA-001] Multiple Spring Data modules found, entering strict repository configuration mode
2026-09-29T08:08:20.113-04:00 INFO  [main] o.s.d.r.c.RepositoryConfigurationDelegate [req=?,e2e=E2E-SL-SAGA-001,txn=TXN-SL-SAGA-001] Bootstrapping Spring Data JPA repositories in DEFAULT mode.
2026-09-29T08:08:20.116-04:00 INFO  [main] o.s.d.r.c.RepositoryConfigurationDelegate [req=?,e2e=E2E-SL-SAGA-001,txn=TXN-SL-SAGA-001] Finished Spring Data repository scanning in 3 ms. Found 0 JPA repository interfaces.
2026-09-29T08:08:20.117-04:00 INFO  [main] o.s.d.r.c.RepositoryConfigurationDelegate [req=?,e2e=E2E-SL-SAGA-001,txn=TXN-SL-SAGA-001] Multiple Spring Data modules found, entering strict repository configuration mode
2026-09-29T08:08:20.117-04:00 INFO  [main] o.s.d.r.c.RepositoryConfigurationDelegate [req=?,e2e=E2E-SL-SAGA-001,txn=TXN-SL-SAGA-001] Bootstrapping Spring Data Redis repositories in DEFAULT mode.
2026-09-29T08:08:20.119-04:00 INFO  [main] o.s.d.r.c.RepositoryConfigurationDelegate [req=?,e2e=E2E-SL-SAGA-001,txn=TXN-SL-SAGA-001] Finished Spring Data repository scanning in 1 ms. Found 0 Redis repository interfaces.
2026-09-29T08:08:20.158-04:00 INFO  [main] org.flywaydb.core.FlywayExecutor [req=?,e2e=E2E-SL-SAGA-001,txn=TXN-SL-SAGA-001] Database: jdbc:postgresql://localhost:53418/openfednow?loggerLevel=OFF (PostgreSQL 16.15)
2026-09-29T08:08:20.164-04:00 INFO  [main] o.f.core.internal.command.DbValidate [req=?,e2e=E2E-SL-SAGA-001,txn=TXN-SL-SAGA-001] Successfully validated 12 migrations (execution time 00:00.002s)
2026-09-29T08:08:20.173-04:00 INFO  [main] o.f.core.internal.command.DbMigrate [req=?,e2e=E2E-SL-SAGA-001,txn=TXN-SL-SAGA-001] Current version of schema "public": 12
2026-09-29T08:08:20.173-04:00 INFO  [main] o.f.core.internal.command.DbMigrate [req=?,e2e=E2E-SL-SAGA-001,txn=TXN-SL-SAGA-001] Schema "public" is up to date. No migration necessary.
2026-09-29T08:08:20.186-04:00 INFO  [main] o.s.o.j.p.SpringPersistenceUnitInfo [req=?,e2e=E2E-SL-SAGA-001,txn=TXN-SL-SAGA-001] No LoadTimeWeaver setup: ignoring JPA class transformer
2026-09-29T08:08:20.192-04:00 INFO  [main] o.s.o.j.LocalContainerEntityManagerFactoryBean [req=?,e2e=E2E-SL-SAGA-001,txn=TXN-SL-SAGA-001] Initialized JPA EntityManagerFactory for persistence unit 'default'
2026-09-29T08:08:20.258-04:00 INFO  [main] i.o.reliability.ReliabilityRailConfig [req=?,e2e=E2E-SL-SAGA-001,txn=TXN-SL-SAGA-001] Synthetic reliability rail configured=false
2026-09-29T08:08:20.278-04:00 INFO  [main] o.s.s.c.a.a.c.InitializeUserDetailsBeanManagerConfigurer$InitializeUserDetailsManagerConfigurer [req=?,e2e=E2E-SL-SAGA-001,txn=TXN-SL-SAGA-001] Global AuthenticationManager configured with UserDetailsService bean with name userDetailsService
2026-09-29T08:08:20.441-04:00 INFO  [main] i.o.s.ShadowLedgerBalanceViewIntegrationTest [req=?,e2e=E2E-SL-SAGA-001,txn=TXN-SL-SAGA-001] Started ShadowLedgerBalanceViewIntegrationTest in 0.388 seconds (process running for 39.341)
2026-09-29T08:08:20.441-04:00 DEBUG [scheduling-1] i.o.shadowledger.AvailabilityBridge [req=?,e2e=?,txn=?] Core availability poll: mode=ONLINE
2026-09-29T08:08:20.444-04:00 INFO  [main] i.o.processing.saga.SagaRecoveryService [req=?,e2e=E2E-SL-SAGA-001,txn=TXN-SL-SAGA-001] Saga recovery: no in-flight sagas found at startup
2026-09-29T08:08:20.444-04:00 INFO  [main] i.o.shadowledger.BalanceSeedService [req=?,e2e=E2E-SL-SAGA-001,txn=TXN-SL-SAGA-001] Shadow Ledger startup seed: no accounts configured (openfednow.shadow-ledger.seed-accounts is empty)
2026-09-29T08:08:20.451-04:00 DEBUG [main] io.openfednow.shadowledger.ShadowLedger [req=?,e2e=E2E-SL-SAGA-001,txn=TXN-SL-SAGA-001] Shadow Ledger balance not seeded for account=ACC-TIME, returning 0
2026-09-29T08:08:20.455-04:00 DEBUG [main] io.openfednow.shadowledger.ShadowLedger [req=?,e2e=E2E-SL-SAGA-001,txn=TXN-SL-SAGA-001] Shadow Ledger balance not seeded for account=ACC-EMPTY, returning 0
2026-09-29T08:08:20.466-04:00 INFO  [main] o.s.o.j.LocalContainerEntityManagerFactoryBean [req=?,e2e=E2E-SL-SAGA-001,txn=TXN-SL-SAGA-001] Closing JPA EntityManagerFactory for persistence unit 'default'
[INFO] Tests run: 4, Failures: 0, Errors: 0, Skipped: 0, Time elapsed: 0.448 s -- in io.openfednow.shadowledger.ShadowLedgerBalanceViewIntegrationTest
[INFO] 
[INFO] Results:
[INFO] 
[INFO] Tests run: 207, Failures: 0, Errors: 0, Skipped: 0
[INFO] 
[INFO] ------------------------------------------------------------------------
[INFO] BUILD SUCCESS
[INFO] ------------------------------------------------------------------------
[INFO] Total time:  40.491 s
[INFO] Finished at: 2026-09-29T08:08:20-04:00
[INFO] ------------------------------------------------------------------------
