[INFO] Scanning for projects...
[INFO] 
[INFO] ----------------------< io.openfednow:openfednow >----------------------
[INFO] Building OpenFedNow 0.1.0-SNAPSHOT
[INFO]   from pom.xml
[INFO] --------------------------------[ jar ]---------------------------------
[INFO] 
[INFO] --- resources:3.3.1:resources (default-resources) @ openfednow ---
[INFO] Copying 4 resources from src/main/resources to target/classes
[INFO] Copying 16 resources from src/main/resources to target/classes
[INFO] 
[INFO] --- compiler:3.14.1:compile (default-compile) @ openfednow ---
[INFO] Recompiling the module because of changed source code.
[INFO] Compiling 110 source files with javac [debug parameters release 17] to target/classes
[INFO] 
[INFO] --- resources:3.3.1:testResources (default-testResources) @ openfednow ---
[INFO] Copying 2 resources from src/test/resources to target/test-classes
[INFO] 
[INFO] --- compiler:3.14.1:testCompile (default-testCompile) @ openfednow ---
[INFO] Recompiling the module because of changed dependency.
[INFO] Compiling 93 source files with javac [debug parameters release 17] to target/test-classes
[WARNING] /Users/danielmori/Developer/open-fednow-clean-eval/src/test/java/io/openfednow/events/KafkaEventBusIntegrationTest.java:[82,6] org.springframework.boot.test.mock.mockito.MockBean in org.springframework.boot.test.mock.mockito has been deprecated and marked for removal
[WARNING] /Users/danielmori/Developer/open-fednow-clean-eval/src/test/java/io/openfednow/events/KafkaEventBusIntegrationTest.java:[82,6] org.springframework.boot.test.mock.mockito.MockBean in org.springframework.boot.test.mock.mockito has been deprecated and marked for removal
[WARNING] /Users/danielmori/Developer/open-fednow-clean-eval/src/test/java/io/openfednow/events/KafkaEventBusIntegrationTest.java:[82,6] org.springframework.boot.test.mock.mockito.MockBean in org.springframework.boot.test.mock.mockito has been deprecated and marked for removal
[WARNING] /Users/danielmori/Developer/open-fednow-clean-eval/src/test/java/io/openfednow/events/KafkaEventBusIntegrationTest.java:[82,6] org.springframework.boot.test.mock.mockito.MockBean in org.springframework.boot.test.mock.mockito has been deprecated and marked for removal
[WARNING] /Users/danielmori/Developer/open-fednow-clean-eval/src/test/java/io/openfednow/events/KafkaEventBusIntegrationTest.java:[82,6] org.springframework.boot.test.mock.mockito.MockBean in org.springframework.boot.test.mock.mockito has been deprecated and marked for removal
[WARNING] /Users/danielmori/Developer/open-fednow-clean-eval/src/test/java/io/openfednow/gateway/OutboundPaymentIntegrationTest.java:[49,6] org.springframework.boot.test.mock.mockito.MockBean in org.springframework.boot.test.mock.mockito has been deprecated and marked for removal
[WARNING] /Users/danielmori/Developer/open-fednow-clean-eval/src/test/java/io/openfednow/gateway/OutboundPaymentIntegrationTest.java:[49,6] org.springframework.boot.test.mock.mockito.MockBean in org.springframework.boot.test.mock.mockito has been deprecated and marked for removal
[WARNING] /Users/danielmori/Developer/open-fednow-clean-eval/src/test/java/io/openfednow/gateway/OutboundPaymentIntegrationTest.java:[49,6] org.springframework.boot.test.mock.mockito.MockBean in org.springframework.boot.test.mock.mockito has been deprecated and marked for removal
[WARNING] /Users/danielmori/Developer/open-fednow-clean-eval/src/test/java/io/openfednow/gateway/OutboundPaymentIntegrationTest.java:[49,6] org.springframework.boot.test.mock.mockito.MockBean in org.springframework.boot.test.mock.mockito has been deprecated and marked for removal
[WARNING] /Users/danielmori/Developer/open-fednow-clean-eval/src/test/java/io/openfednow/gateway/OutboundPaymentIntegrationTest.java:[49,6] org.springframework.boot.test.mock.mockito.MockBean in org.springframework.boot.test.mock.mockito has been deprecated and marked for removal
[WARNING] /Users/danielmori/Developer/open-fednow-clean-eval/src/test/java/io/openfednow/reliability/ReliablePaymentIntegrationTest.java:[31,6] org.springframework.boot.test.mock.mockito.MockBean in org.springframework.boot.test.mock.mockito has been deprecated and marked for removal
[WARNING] /Users/danielmori/Developer/open-fednow-clean-eval/src/test/java/io/openfednow/reliability/ReliablePaymentIntegrationTest.java:[31,6] org.springframework.boot.test.mock.mockito.MockBean in org.springframework.boot.test.mock.mockito has been deprecated and marked for removal
[WARNING] /Users/danielmori/Developer/open-fednow-clean-eval/src/test/java/io/openfednow/reliability/ReliablePaymentIntegrationTest.java:[31,6] org.springframework.boot.test.mock.mockito.MockBean in org.springframework.boot.test.mock.mockito has been deprecated and marked for removal
[WARNING] /Users/danielmori/Developer/open-fednow-clean-eval/src/test/java/io/openfednow/reliability/ReliablePaymentIntegrationTest.java:[31,6] org.springframework.boot.test.mock.mockito.MockBean in org.springframework.boot.test.mock.mockito has been deprecated and marked for removal
[WARNING] /Users/danielmori/Developer/open-fednow-clean-eval/src/test/java/io/openfednow/reliability/ReliablePaymentIntegrationTest.java:[31,6] org.springframework.boot.test.mock.mockito.MockBean in org.springframework.boot.test.mock.mockito has been deprecated and marked for removal
[WARNING] /Users/danielmori/Developer/open-fednow-clean-eval/src/test/java/io/openfednow/shadowledger/BalanceSeedIntegrationTest.java:[30,48] org.springframework.boot.test.mock.mockito.SpyBean in org.springframework.boot.test.mock.mockito has been deprecated and marked for removal
[WARNING] /Users/danielmori/Developer/open-fednow-clean-eval/src/test/java/io/openfednow/shadowledger/BalanceSeedIntegrationTest.java:[30,48] org.springframework.boot.test.mock.mockito.SpyBean in org.springframework.boot.test.mock.mockito has been deprecated and marked for removal
[WARNING] /Users/danielmori/Developer/open-fednow-clean-eval/src/test/java/io/openfednow/shadowledger/BalanceSeedIntegrationTest.java:[30,48] org.springframework.boot.test.mock.mockito.SpyBean in org.springframework.boot.test.mock.mockito has been deprecated and marked for removal
[WARNING] /Users/danielmori/Developer/open-fednow-clean-eval/src/test/java/io/openfednow/shadowledger/BalanceSeedIntegrationTest.java:[30,48] org.springframework.boot.test.mock.mockito.SpyBean in org.springframework.boot.test.mock.mockito has been deprecated and marked for removal
[WARNING] /Users/danielmori/Developer/open-fednow-clean-eval/src/test/java/io/openfednow/shadowledger/BalanceSeedIntegrationTest.java:[30,48] org.springframework.boot.test.mock.mockito.SpyBean in org.springframework.boot.test.mock.mockito has been deprecated and marked for removal
[INFO] /Users/danielmori/Developer/open-fednow-clean-eval/src/test/java/io/openfednow/events/KafkaEventBusIntegrationTest.java: Some input files use or override a deprecated API.
[INFO] /Users/danielmori/Developer/open-fednow-clean-eval/src/test/java/io/openfednow/events/KafkaEventBusIntegrationTest.java: Recompile with -Xlint:deprecation for details.
[INFO] 
[INFO] --- surefire:3.5.6:test (default-test) @ openfednow ---
[INFO] Using auto detected provider org.apache.maven.surefire.junitplatform.JUnitPlatformProvider
[INFO] 
[INFO] -------------------------------------------------------
[INFO]  T E S T S
[INFO] -------------------------------------------------------
[INFO] Running io.openfednow.security.pii.PiiRedactorTest
[INFO] Tests run: 15, Failures: 0, Errors: 0, Skipped: 0, Time elapsed: 0.039 s -- in io.openfednow.security.pii.PiiRedactorTest
[INFO] Running io.openfednow.security.SecurityConfigStartupGuardTest
08:06:17.662 [main] INFO org.springframework.security.config.annotation.authentication.configuration.InitializeUserDetailsBeanManagerConfigurer$InitializeUserDetailsManagerConfigurer -- Global AuthenticationManager configured with UserDetailsService bean with name userDetailsService
08:06:17.714 [main] WARN org.springframework.context.annotation.AnnotationConfigApplicationContext -- Exception encountered during context initialization - cancelling refresh attempt: org.springframework.beans.factory.BeanCreationException: Error creating bean with name 'securityConfig': Invocation of init method failed
08:06:17.724 [main] WARN org.springframework.context.annotation.AnnotationConfigApplicationContext -- Exception encountered during context initialization - cancelling refresh attempt: org.springframework.beans.factory.BeanCreationException: Error creating bean with name 'securityConfig': Invocation of init method failed
08:06:17.736 [main] INFO org.springframework.security.config.annotation.authentication.configuration.InitializeUserDetailsBeanManagerConfigurer$InitializeUserDetailsManagerConfigurer -- Global AuthenticationManager configured with UserDetailsService bean with name userDetailsService
08:06:17.746 [main] WARN org.springframework.context.annotation.AnnotationConfigApplicationContext -- Exception encountered during context initialization - cancelling refresh attempt: org.springframework.beans.factory.BeanCreationException: Error creating bean with name 'securityConfig': Invocation of init method failed
08:06:17.757 [main] INFO org.springframework.security.config.annotation.authentication.configuration.InitializeUserDetailsBeanManagerConfigurer$InitializeUserDetailsManagerConfigurer -- Global AuthenticationManager configured with UserDetailsService bean with name userDetailsService
[INFO] Tests run: 6, Failures: 0, Errors: 0, Skipped: 0, Time elapsed: 0.252 s -- in io.openfednow.security.SecurityConfigStartupGuardTest
[INFO] Running io.openfednow.security.AdminCredentialSourceTest
08:06:17.768 [main] INFO io.openfednow.security.AdminCredentialSource -- Admin credential file reloaded (mtime 1790683577767)
08:06:17.771 [main] WARN io.openfednow.security.AdminCredentialSource -- Failed to read admin credential file at /var/folders/d0/fmsh4v2s6xv2pbkqxr6y4hbr0000gn/T/junit-9708658810150117999/admin.txt — falling back to static config
java.io.IOException: Admin credential file /var/folders/d0/fmsh4v2s6xv2pbkqxr6y4hbr0000gn/T/junit-9708658810150117999/admin.txt must contain a non-blank username on line 1 and password on line 2
	at io.openfednow.security.AdminCredentialSource.readFile(AdminCredentialSource.java:87)
	at io.openfednow.security.AdminCredentialSource.current(AdminCredentialSource.java:67)
	at io.openfednow.security.AdminCredentialSourceTest.blankLinesFallBackToStaticValues(AdminCredentialSourceTest.java:95)
	at java.base/jdk.internal.reflect.NativeMethodAccessorImpl.invoke0(Native Method)
	at java.base/jdk.internal.reflect.NativeMethodAccessorImpl.invoke(NativeMethodAccessorImpl.java:77)
	at java.base/jdk.internal.reflect.DelegatingMethodAccessorImpl.invoke(DelegatingMethodAccessorImpl.java:43)
	at java.base/java.lang.reflect.Method.invoke(Method.java:569)
	at org.junit.platform.commons.util.ReflectionUtils.invokeMethod(ReflectionUtils.java:775)
	at org.junit.platform.commons.support.ReflectionSupport.invokeMethod(ReflectionSupport.java:479)
	at org.junit.jupiter.engine.execution.MethodInvocation.proceed(MethodInvocation.java:60)
	at org.junit.jupiter.engine.execution.InvocationInterceptorChain$ValidatingInvocation.proceed(InvocationInterceptorChain.java:131)
	at org.junit.jupiter.engine.extension.TimeoutExtension.intercept(TimeoutExtension.java:161)
	at org.junit.jupiter.engine.extension.TimeoutExtension.interceptTestableMethod(TimeoutExtension.java:152)
	at org.junit.jupiter.engine.extension.TimeoutExtension.interceptTestMethod(TimeoutExtension.java:91)
	at org.junit.jupiter.engine.execution.InterceptingExecutableInvoker$ReflectiveInterceptorCall.lambda$ofVoidMethod$0(InterceptingExecutableInvoker.java:112)
	at org.junit.jupiter.engine.execution.InterceptingExecutableInvoker.lambda$invoke$0(InterceptingExecutableInvoker.java:94)
	at org.junit.jupiter.engine.execution.InvocationInterceptorChain$InterceptedInvocation.proceed(InvocationInterceptorChain.java:106)
	at org.junit.jupiter.engine.execution.InvocationInterceptorChain.proceed(InvocationInterceptorChain.java:64)
	at org.junit.jupiter.engine.execution.InvocationInterceptorChain.chainAndInvoke(InvocationInterceptorChain.java:45)
	at org.junit.jupiter.engine.execution.InvocationInterceptorChain.invoke(InvocationInterceptorChain.java:37)
	at org.junit.jupiter.engine.execution.InterceptingExecutableInvoker.invoke(InterceptingExecutableInvoker.java:93)
	at org.junit.jupiter.engine.execution.InterceptingExecutableInvoker.invoke(InterceptingExecutableInvoker.java:87)
	at org.junit.jupiter.engine.descriptor.TestMethodTestDescriptor.lambda$invokeTestMethod$7(TestMethodTestDescriptor.java:216)
	at org.junit.platform.engine.support.hierarchical.ThrowableCollector.execute(ThrowableCollector.java:73)
	at org.junit.jupiter.engine.descriptor.TestMethodTestDescriptor.invokeTestMethod(TestMethodTestDescriptor.java:212)
	at org.junit.jupiter.engine.descriptor.TestMethodTestDescriptor.execute(TestMethodTestDescriptor.java:137)
	at org.junit.jupiter.engine.descriptor.TestMethodTestDescriptor.execute(TestMethodTestDescriptor.java:69)
	at org.junit.platform.engine.support.hierarchical.NodeTestTask.lambda$executeRecursively$6(NodeTestTask.java:156)
	at org.junit.platform.engine.support.hierarchical.ThrowableCollector.execute(ThrowableCollector.java:73)
	at org.junit.platform.engine.support.hierarchical.NodeTestTask.lambda$executeRecursively$8(NodeTestTask.java:146)
	at org.junit.platform.engine.support.hierarchical.Node.around(Node.java:137)
	at org.junit.platform.engine.support.hierarchical.NodeTestTask.lambda$executeRecursively$9(NodeTestTask.java:144)
	at org.junit.platform.engine.support.hierarchical.ThrowableCollector.execute(ThrowableCollector.java:73)
	at org.junit.platform.engine.support.hierarchical.NodeTestTask.executeRecursively(NodeTestTask.java:143)
	at org.junit.platform.engine.support.hierarchical.NodeTestTask.execute(NodeTestTask.java:100)
	at java.base/java.util.ArrayList.forEach(ArrayList.java:1511)
	at org.junit.platform.engine.support.hierarchical.SameThreadHierarchicalTestExecutorService.invokeAll(SameThreadHierarchicalTestExecutorService.java:41)
	at org.junit.platform.engine.support.hierarchical.NodeTestTask.lambda$executeRecursively$6(NodeTestTask.java:160)
	at org.junit.platform.engine.support.hierarchical.ThrowableCollector.execute(ThrowableCollector.java:73)
	at org.junit.platform.engine.support.hierarchical.NodeTestTask.lambda$executeRecursively$8(NodeTestTask.java:146)
	at org.junit.platform.engine.support.hierarchical.Node.around(Node.java:137)
	at org.junit.platform.engine.support.hierarchical.NodeTestTask.lambda$executeRecursively$9(NodeTestTask.java:144)
	at org.junit.platform.engine.support.hierarchical.ThrowableCollector.execute(ThrowableCollector.java:73)
	at org.junit.platform.engine.support.hierarchical.NodeTestTask.executeRecursively(NodeTestTask.java:143)
	at org.junit.platform.engine.support.hierarchical.NodeTestTask.execute(NodeTestTask.java:100)
	at java.base/java.util.ArrayList.forEach(ArrayList.java:1511)
	at org.junit.platform.engine.support.hierarchical.SameThreadHierarchicalTestExecutorService.invokeAll(SameThreadHierarchicalTestExecutorService.java:41)
	at org.junit.platform.engine.support.hierarchical.NodeTestTask.lambda$executeRecursively$6(NodeTestTask.java:160)
	at org.junit.platform.engine.support.hierarchical.ThrowableCollector.execute(ThrowableCollector.java:73)
	at org.junit.platform.engine.support.hierarchical.NodeTestTask.lambda$executeRecursively$8(NodeTestTask.java:146)
	at org.junit.platform.engine.support.hierarchical.Node.around(Node.java:137)
	at org.junit.platform.engine.support.hierarchical.NodeTestTask.lambda$executeRecursively$9(NodeTestTask.java:144)
	at org.junit.platform.engine.support.hierarchical.ThrowableCollector.execute(ThrowableCollector.java:73)
	at org.junit.platform.engine.support.hierarchical.NodeTestTask.executeRecursively(NodeTestTask.java:143)
	at org.junit.platform.engine.support.hierarchical.NodeTestTask.execute(NodeTestTask.java:100)
	at org.junit.platform.engine.support.hierarchical.SameThreadHierarchicalTestExecutorService.submit(SameThreadHierarchicalTestExecutorService.java:35)
	at org.junit.platform.engine.support.hierarchical.HierarchicalTestExecutor.execute(HierarchicalTestExecutor.java:57)
	at org.junit.platform.engine.support.hierarchical.HierarchicalTestEngine.execute(HierarchicalTestEngine.java:54)
	at org.junit.platform.launcher.core.EngineExecutionOrchestrator.execute(EngineExecutionOrchestrator.java:201)
	at org.junit.platform.launcher.core.EngineExecutionOrchestrator.execute(EngineExecutionOrchestrator.java:170)
	at org.junit.platform.launcher.core.EngineExecutionOrchestrator.execute(EngineExecutionOrchestrator.java:94)
	at org.junit.platform.launcher.core.EngineExecutionOrchestrator.lambda$execute$0(EngineExecutionOrchestrator.java:59)
	at org.junit.platform.launcher.core.EngineExecutionOrchestrator.withInterceptedStreams(EngineExecutionOrchestrator.java:142)
	at org.junit.platform.launcher.core.EngineExecutionOrchestrator.execute(EngineExecutionOrchestrator.java:58)
	at org.junit.platform.launcher.core.DefaultLauncher.execute(DefaultLauncher.java:103)
	at org.junit.platform.launcher.core.DefaultLauncher.execute(DefaultLauncher.java:85)
	at org.junit.platform.launcher.core.DelegatingLauncher.execute(DelegatingLauncher.java:47)
	at org.junit.platform.launcher.core.InterceptingLauncher.lambda$execute$1(InterceptingLauncher.java:39)
	at org.junit.platform.launcher.core.ClasspathAlignmentCheckingLauncherInterceptor.intercept(ClasspathAlignmentCheckingLauncherInterceptor.java:25)
	at org.junit.platform.launcher.core.InterceptingLauncher.execute(InterceptingLauncher.java:38)
	at org.junit.platform.launcher.core.DelegatingLauncher.execute(DelegatingLauncher.java:47)
	at org.apache.maven.surefire.junitplatform.LauncherAdapter.executeWithoutCancellationToken(LauncherAdapter.java:60)
	at org.apache.maven.surefire.junitplatform.LauncherAdapter.execute(LauncherAdapter.java:52)
	at org.apache.maven.surefire.junitplatform.JUnitPlatformProvider.execute(JUnitPlatformProvider.java:203)
	at org.apache.maven.surefire.junitplatform.JUnitPlatformProvider.invokeAllTests(JUnitPlatformProvider.java:168)
	at org.apache.maven.surefire.junitplatform.JUnitPlatformProvider.invoke(JUnitPlatformProvider.java:136)
	at org.apache.maven.surefire.booter.ForkedBooter.runSuitesInProcess(ForkedBooter.java:385)
	at org.apache.maven.surefire.booter.ForkedBooter.execute(ForkedBooter.java:162)
	at org.apache.maven.surefire.booter.ForkedBooter.run(ForkedBooter.java:507)
	at org.apache.maven.surefire.booter.ForkedBooter.main(ForkedBooter.java:495)
08:06:17.775 [main] INFO io.openfednow.security.AdminCredentialSource -- Admin credential file reloaded (mtime 1790683577775)
08:06:17.776 [main] INFO io.openfednow.security.AdminCredentialSource -- Admin credential file reloaded (mtime 1790683577776)
08:06:17.799 [main] INFO io.openfednow.security.AdminCredentialSource -- Admin credential file reloaded (mtime 1790683577799)
08:06:17.801 [main] WARN io.openfednow.security.AdminCredentialSource -- Failed to read admin credential file at /var/folders/d0/fmsh4v2s6xv2pbkqxr6y4hbr0000gn/T/junit-1895304364077570830/does-not-exist.txt — falling back to static config
java.nio.file.NoSuchFileException: /var/folders/d0/fmsh4v2s6xv2pbkqxr6y4hbr0000gn/T/junit-1895304364077570830/does-not-exist.txt
	at java.base/sun.nio.fs.UnixException.translateToIOException(UnixException.java:92)
	at java.base/sun.nio.fs.UnixException.rethrowAsIOException(UnixException.java:106)
	at java.base/sun.nio.fs.UnixException.rethrowAsIOException(UnixException.java:111)
	at java.base/sun.nio.fs.UnixFileAttributeViews$Basic.readAttributes(UnixFileAttributeViews.java:55)
	at java.base/sun.nio.fs.UnixFileSystemProvider.readAttributes(UnixFileSystemProvider.java:148)
	at java.base/java.nio.file.Files.readAttributes(Files.java:1851)
	at java.base/java.nio.file.Files.getLastModifiedTime(Files.java:2402)
	at io.openfednow.security.AdminCredentialSource.current(AdminCredentialSource.java:62)
	at io.openfednow.security.AdminCredentialSourceTest.missingFileFallsBackToStaticValues(AdminCredentialSourceTest.java:79)
	at java.base/jdk.internal.reflect.NativeMethodAccessorImpl.invoke0(Native Method)
	at java.base/jdk.internal.reflect.NativeMethodAccessorImpl.invoke(NativeMethodAccessorImpl.java:77)
	at java.base/jdk.internal.reflect.DelegatingMethodAccessorImpl.invoke(DelegatingMethodAccessorImpl.java:43)
	at java.base/java.lang.reflect.Method.invoke(Method.java:569)
	at org.junit.platform.commons.util.ReflectionUtils.invokeMethod(ReflectionUtils.java:775)
	at org.junit.platform.commons.support.ReflectionSupport.invokeMethod(ReflectionSupport.java:479)
	at org.junit.jupiter.engine.execution.MethodInvocation.proceed(MethodInvocation.java:60)
	at org.junit.jupiter.engine.execution.InvocationInterceptorChain$ValidatingInvocation.proceed(InvocationInterceptorChain.java:131)
	at org.junit.jupiter.engine.extension.TimeoutExtension.intercept(TimeoutExtension.java:161)
	at org.junit.jupiter.engine.extension.TimeoutExtension.interceptTestableMethod(TimeoutExtension.java:152)
	at org.junit.jupiter.engine.extension.TimeoutExtension.interceptTestMethod(TimeoutExtension.java:91)
	at org.junit.jupiter.engine.execution.InterceptingExecutableInvoker$ReflectiveInterceptorCall.lambda$ofVoidMethod$0(InterceptingExecutableInvoker.java:112)
	at org.junit.jupiter.engine.execution.InterceptingExecutableInvoker.lambda$invoke$0(InterceptingExecutableInvoker.java:94)
	at org.junit.jupiter.engine.execution.InvocationInterceptorChain$InterceptedInvocation.proceed(InvocationInterceptorChain.java:106)
	at org.junit.jupiter.engine.execution.InvocationInterceptorChain.proceed(InvocationInterceptorChain.java:64)
	at org.junit.jupiter.engine.execution.InvocationInterceptorChain.chainAndInvoke(InvocationInterceptorChain.java:45)
	at org.junit.jupiter.engine.execution.InvocationInterceptorChain.invoke(InvocationInterceptorChain.java:37)
	at org.junit.jupiter.engine.execution.InterceptingExecutableInvoker.invoke(InterceptingExecutableInvoker.java:93)
	at org.junit.jupiter.engine.execution.InterceptingExecutableInvoker.invoke(InterceptingExecutableInvoker.java:87)
	at org.junit.jupiter.engine.descriptor.TestMethodTestDescriptor.lambda$invokeTestMethod$7(TestMethodTestDescriptor.java:216)
	at org.junit.platform.engine.support.hierarchical.ThrowableCollector.execute(ThrowableCollector.java:73)
	at org.junit.jupiter.engine.descriptor.TestMethodTestDescriptor.invokeTestMethod(TestMethodTestDescriptor.java:212)
	at org.junit.jupiter.engine.descriptor.TestMethodTestDescriptor.execute(TestMethodTestDescriptor.java:137)
	at org.junit.jupiter.engine.descriptor.TestMethodTestDescriptor.execute(TestMethodTestDescriptor.java:69)
	at org.junit.platform.engine.support.hierarchical.NodeTestTask.lambda$executeRecursively$6(NodeTestTask.java:156)
	at org.junit.platform.engine.support.hierarchical.ThrowableCollector.execute(ThrowableCollector.java:73)
	at org.junit.platform.engine.support.hierarchical.NodeTestTask.lambda$executeRecursively$8(NodeTestTask.java:146)
	at org.junit.platform.engine.support.hierarchical.Node.around(Node.java:137)
	at org.junit.platform.engine.support.hierarchical.NodeTestTask.lambda$executeRecursively$9(NodeTestTask.java:144)
	at org.junit.platform.engine.support.hierarchical.ThrowableCollector.execute(ThrowableCollector.java:73)
	at org.junit.platform.engine.support.hierarchical.NodeTestTask.executeRecursively(NodeTestTask.java:143)
	at org.junit.platform.engine.support.hierarchical.NodeTestTask.execute(NodeTestTask.java:100)
	at java.base/java.util.ArrayList.forEach(ArrayList.java:1511)
	at org.junit.platform.engine.support.hierarchical.SameThreadHierarchicalTestExecutorService.invokeAll(SameThreadHierarchicalTestExecutorService.java:41)
	at org.junit.platform.engine.support.hierarchical.NodeTestTask.lambda$executeRecursively$6(NodeTestTask.java:160)
	at org.junit.platform.engine.support.hierarchical.ThrowableCollector.execute(ThrowableCollector.java:73)
	at org.junit.platform.engine.support.hierarchical.NodeTestTask.lambda$executeRecursively$8(NodeTestTask.java:146)
	at org.junit.platform.engine.support.hierarchical.Node.around(Node.java:137)
	at org.junit.platform.engine.support.hierarchical.NodeTestTask.lambda$executeRecursively$9(NodeTestTask.java:144)
	at org.junit.platform.engine.support.hierarchical.ThrowableCollector.execute(ThrowableCollector.java:73)
	at org.junit.platform.engine.support.hierarchical.NodeTestTask.executeRecursively(NodeTestTask.java:143)
	at org.junit.platform.engine.support.hierarchical.NodeTestTask.execute(NodeTestTask.java:100)
	at java.base/java.util.ArrayList.forEach(ArrayList.java:1511)
	at org.junit.platform.engine.support.hierarchical.SameThreadHierarchicalTestExecutorService.invokeAll(SameThreadHierarchicalTestExecutorService.java:41)
	at org.junit.platform.engine.support.hierarchical.NodeTestTask.lambda$executeRecursively$6(NodeTestTask.java:160)
	at org.junit.platform.engine.support.hierarchical.ThrowableCollector.execute(ThrowableCollector.java:73)
	at org.junit.platform.engine.support.hierarchical.NodeTestTask.lambda$executeRecursively$8(NodeTestTask.java:146)
	at org.junit.platform.engine.support.hierarchical.Node.around(Node.java:137)
	at org.junit.platform.engine.support.hierarchical.NodeTestTask.lambda$executeRecursively$9(NodeTestTask.java:144)
	at org.junit.platform.engine.support.hierarchical.ThrowableCollector.execute(ThrowableCollector.java:73)
	at org.junit.platform.engine.support.hierarchical.NodeTestTask.executeRecursively(NodeTestTask.java:143)
	at org.junit.platform.engine.support.hierarchical.NodeTestTask.execute(NodeTestTask.java:100)
	at org.junit.platform.engine.support.hierarchical.SameThreadHierarchicalTestExecutorService.submit(SameThreadHierarchicalTestExecutorService.java:35)
	at org.junit.platform.engine.support.hierarchical.HierarchicalTestExecutor.execute(HierarchicalTestExecutor.java:57)
	at org.junit.platform.engine.support.hierarchical.HierarchicalTestEngine.execute(HierarchicalTestEngine.java:54)
	at org.junit.platform.launcher.core.EngineExecutionOrchestrator.execute(EngineExecutionOrchestrator.java:201)
	at org.junit.platform.launcher.core.EngineExecutionOrchestrator.execute(EngineExecutionOrchestrator.java:170)
	at org.junit.platform.launcher.core.EngineExecutionOrchestrator.execute(EngineExecutionOrchestrator.java:94)
	at org.junit.platform.launcher.core.EngineExecutionOrchestrator.lambda$execute$0(EngineExecutionOrchestrator.java:59)
	at org.junit.platform.launcher.core.EngineExecutionOrchestrator.withInterceptedStreams(EngineExecutionOrchestrator.java:142)
	at org.junit.platform.launcher.core.EngineExecutionOrchestrator.execute(EngineExecutionOrchestrator.java:58)
	at org.junit.platform.launcher.core.DefaultLauncher.execute(DefaultLauncher.java:103)
	at org.junit.platform.launcher.core.DefaultLauncher.execute(DefaultLauncher.java:85)
	at org.junit.platform.launcher.core.DelegatingLauncher.execute(DelegatingLauncher.java:47)
	at org.junit.platform.launcher.core.InterceptingLauncher.lambda$execute$1(InterceptingLauncher.java:39)
	at org.junit.platform.launcher.core.ClasspathAlignmentCheckingLauncherInterceptor.intercept(ClasspathAlignmentCheckingLauncherInterceptor.java:25)
	at org.junit.platform.launcher.core.InterceptingLauncher.execute(InterceptingLauncher.java:38)
	at org.junit.platform.launcher.core.DelegatingLauncher.execute(DelegatingLauncher.java:47)
	at org.apache.maven.surefire.junitplatform.LauncherAdapter.executeWithoutCancellationToken(LauncherAdapter.java:60)
	at org.apache.maven.surefire.junitplatform.LauncherAdapter.execute(LauncherAdapter.java:52)
	at org.apache.maven.surefire.junitplatform.JUnitPlatformProvider.execute(JUnitPlatformProvider.java:203)
	at org.apache.maven.surefire.junitplatform.JUnitPlatformProvider.invokeAllTests(JUnitPlatformProvider.java:168)
	at org.apache.maven.surefire.junitplatform.JUnitPlatformProvider.invoke(JUnitPlatformProvider.java:136)
	at org.apache.maven.surefire.booter.ForkedBooter.runSuitesInProcess(ForkedBooter.java:385)
	at org.apache.maven.surefire.booter.ForkedBooter.execute(ForkedBooter.java:162)
	at org.apache.maven.surefire.booter.ForkedBooter.run(ForkedBooter.java:507)
	at org.apache.maven.surefire.booter.ForkedBooter.main(ForkedBooter.java:495)
[INFO] Tests run: 6, Failures: 0, Errors: 0, Skipped: 0, Time elapsed: 0.040 s -- in io.openfednow.security.AdminCredentialSourceTest
[INFO] Running io.openfednow.security.audit.AdminAuditLogCleanupServiceTest
08:06:17.971 [main] INFO org.flywaydb.core.FlywayExecutor -- Database: jdbc:h2:mem:audit_cleanup_test (H2 2.3)
08:06:17.986 [main] INFO org.flywaydb.core.internal.schemahistory.JdbcTableSchemaHistory -- Schema history table "public"."flyway_schema_history" does not exist yet
08:06:17.987 [main] INFO org.flywaydb.core.internal.command.DbValidate -- Successfully validated 12 migrations (execution time 00:00.008s)
08:06:17.990 [main] INFO org.flywaydb.core.internal.schemahistory.JdbcTableSchemaHistory -- Creating Schema History table "public"."flyway_schema_history" ...
08:06:18.009 [main] INFO org.flywaydb.core.internal.command.DbMigrate -- Current version of schema "public": << Empty Schema >>
08:06:18.014 [main] INFO org.flywaydb.core.internal.command.DbMigrate -- Migrating schema "public" to version "1 - create shadow ledger transaction log"
08:06:18.025 [main] INFO org.flywaydb.core.internal.command.DbMigrate -- Migrating schema "public" to version "2 - create saga state"
08:06:18.030 [main] INFO org.flywaydb.core.internal.command.DbMigrate -- Migrating schema "public" to version "3 - create idempotency keys"
08:06:18.035 [main] INFO org.flywaydb.core.internal.command.DbMigrate -- Migrating schema "public" to version "4 - create reconciliation run"
08:06:18.038 [main] INFO org.flywaydb.core.internal.command.DbMigrate -- Migrating schema "public" to version "5 - add source rail to saga state"
08:06:18.046 [main] INFO org.flywaydb.core.internal.command.DbMigrate -- Migrating schema "public" to version "6 - create admin audit log"
08:06:18.049 [main] INFO org.flywaydb.core.internal.command.DbMigrate -- Migrating schema "public" to version "7 - add request id correlation"
08:06:18.056 [main] INFO org.flywaydb.core.internal.command.DbMigrate -- Migrating schema "public" to version "8 - outbound submission uncertainty"
08:06:18.060 [main] INFO org.flywaydb.core.internal.command.DbMigrate -- Migrating schema "public" to version "9 - create reliable payment reference"
08:06:18.066 [main] INFO org.flywaydb.core.internal.command.DbMigrate -- Migrating schema "public" to version "10 - synthetic async core ack"
08:06:18.070 [main] INFO org.flywaydb.core.internal.command.DbMigrate -- Migrating schema "public" to version "11 - reliability inquiry observability"
08:06:18.076 [main] INFO org.flywaydb.core.internal.command.DbMigrate -- Migrating schema "public" to version "12 - synthetic core availability"
08:06:18.080 [main] INFO org.flywaydb.core.internal.command.DbMigrate -- Successfully applied 12 migrations to schema "public", now at version v12 (execution time 00:00.031s)
08:06:18.100 [main] INFO io.openfednow.security.audit.AdminAuditLogCleanupService -- Admin audit log cleanup: deleted 1 row(s) older than 1 days
08:06:18.103 [main] INFO io.openfednow.security.audit.AdminAuditLogCleanupService -- Admin audit log cleanup: deleted 2 row(s) older than 30 days
[INFO] Tests run: 8, Failures: 0, Errors: 0, Skipped: 0, Time elapsed: 0.298 s -- in io.openfednow.security.audit.AdminAuditLogCleanupServiceTest
[INFO] Running io.openfednow.security.audit.AdminAccessAuditFilterTest
08:06:18.399 [main] INFO io.openfednow.security.audit.AdminAccessAuditFilter -- admin-access principal=anonymous method=GET path=/admin/sagas status=401 result=DENIED
08:06:18.403 [main] INFO io.openfednow.security.audit.AdminAccessAuditFilter -- admin-access principal=anonymous method=GET path=/admin/audit-log status=200 result=GRANTED
08:06:18.405 [main] WARN io.openfednow.security.audit.AdminAccessAuditFilter -- Admin access audit filter failed for GET /admin/sagas
java.lang.RuntimeException: simulated
	at io.openfednow.security.audit.AdminAccessAuditFilter.doFilterInternal(AdminAccessAuditFilter.java:96)
	at org.springframework.web.filter.OncePerRequestFilter.doFilter(OncePerRequestFilter.java:116)
	at io.openfednow.security.audit.AdminAccessAuditFilterTest.auditServiceFailureDoesNotPropagateToRequest(AdminAccessAuditFilterTest.java:184)
	at java.base/jdk.internal.reflect.NativeMethodAccessorImpl.invoke0(Native Method)
	at java.base/jdk.internal.reflect.NativeMethodAccessorImpl.invoke(NativeMethodAccessorImpl.java:77)
	at java.base/jdk.internal.reflect.DelegatingMethodAccessorImpl.invoke(DelegatingMethodAccessorImpl.java:43)
	at java.base/java.lang.reflect.Method.invoke(Method.java:569)
	at org.junit.platform.commons.util.ReflectionUtils.invokeMethod(ReflectionUtils.java:775)
	at org.junit.platform.commons.support.ReflectionSupport.invokeMethod(ReflectionSupport.java:479)
	at org.junit.jupiter.engine.execution.MethodInvocation.proceed(MethodInvocation.java:60)
	at org.junit.jupiter.engine.execution.InvocationInterceptorChain$ValidatingInvocation.proceed(InvocationInterceptorChain.java:131)
	at org.junit.jupiter.engine.extension.TimeoutExtension.intercept(TimeoutExtension.java:161)
	at org.junit.jupiter.engine.extension.TimeoutExtension.interceptTestableMethod(TimeoutExtension.java:152)
	at org.junit.jupiter.engine.extension.TimeoutExtension.interceptTestMethod(TimeoutExtension.java:91)
	at org.junit.jupiter.engine.execution.InterceptingExecutableInvoker$ReflectiveInterceptorCall.lambda$ofVoidMethod$0(InterceptingExecutableInvoker.java:112)
	at org.junit.jupiter.engine.execution.InterceptingExecutableInvoker.lambda$invoke$0(InterceptingExecutableInvoker.java:94)
	at org.junit.jupiter.engine.execution.InvocationInterceptorChain$InterceptedInvocation.proceed(InvocationInterceptorChain.java:106)
	at org.junit.jupiter.engine.execution.InvocationInterceptorChain.proceed(InvocationInterceptorChain.java:64)
	at org.junit.jupiter.engine.execution.InvocationInterceptorChain.chainAndInvoke(InvocationInterceptorChain.java:45)
	at org.junit.jupiter.engine.execution.InvocationInterceptorChain.invoke(InvocationInterceptorChain.java:37)
	at org.junit.jupiter.engine.execution.InterceptingExecutableInvoker.invoke(InterceptingExecutableInvoker.java:93)
	at org.junit.jupiter.engine.execution.InterceptingExecutableInvoker.invoke(InterceptingExecutableInvoker.java:87)
	at org.junit.jupiter.engine.descriptor.TestMethodTestDescriptor.lambda$invokeTestMethod$7(TestMethodTestDescriptor.java:216)
	at org.junit.platform.engine.support.hierarchical.ThrowableCollector.execute(ThrowableCollector.java:73)
	at org.junit.jupiter.engine.descriptor.TestMethodTestDescriptor.invokeTestMethod(TestMethodTestDescriptor.java:212)
	at org.junit.jupiter.engine.descriptor.TestMethodTestDescriptor.execute(TestMethodTestDescriptor.java:137)
	at org.junit.jupiter.engine.descriptor.TestMethodTestDescriptor.execute(TestMethodTestDescriptor.java:69)
	at org.junit.platform.engine.support.hierarchical.NodeTestTask.lambda$executeRecursively$6(NodeTestTask.java:156)
	at org.junit.platform.engine.support.hierarchical.ThrowableCollector.execute(ThrowableCollector.java:73)
	at org.junit.platform.engine.support.hierarchical.NodeTestTask.lambda$executeRecursively$8(NodeTestTask.java:146)
	at org.junit.platform.engine.support.hierarchical.Node.around(Node.java:137)
	at org.junit.platform.engine.support.hierarchical.NodeTestTask.lambda$executeRecursively$9(NodeTestTask.java:144)
	at org.junit.platform.engine.support.hierarchical.ThrowableCollector.execute(ThrowableCollector.java:73)
	at org.junit.platform.engine.support.hierarchical.NodeTestTask.executeRecursively(NodeTestTask.java:143)
	at org.junit.platform.engine.support.hierarchical.NodeTestTask.execute(NodeTestTask.java:100)
	at java.base/java.util.ArrayList.forEach(ArrayList.java:1511)
	at org.junit.platform.engine.support.hierarchical.SameThreadHierarchicalTestExecutorService.invokeAll(SameThreadHierarchicalTestExecutorService.java:41)
	at org.junit.platform.engine.support.hierarchical.NodeTestTask.lambda$executeRecursively$6(NodeTestTask.java:160)
	at org.junit.platform.engine.support.hierarchical.ThrowableCollector.execute(ThrowableCollector.java:73)
	at org.junit.platform.engine.support.hierarchical.NodeTestTask.lambda$executeRecursively$8(NodeTestTask.java:146)
	at org.junit.platform.engine.support.hierarchical.Node.around(Node.java:137)
	at org.junit.platform.engine.support.hierarchical.NodeTestTask.lambda$executeRecursively$9(NodeTestTask.java:144)
	at org.junit.platform.engine.support.hierarchical.ThrowableCollector.execute(ThrowableCollector.java:73)
	at org.junit.platform.engine.support.hierarchical.NodeTestTask.executeRecursively(NodeTestTask.java:143)
	at org.junit.platform.engine.support.hierarchical.NodeTestTask.execute(NodeTestTask.java:100)
	at java.base/java.util.ArrayList.forEach(ArrayList.java:1511)
	at org.junit.platform.engine.support.hierarchical.SameThreadHierarchicalTestExecutorService.invokeAll(SameThreadHierarchicalTestExecutorService.java:41)
	at org.junit.platform.engine.support.hierarchical.NodeTestTask.lambda$executeRecursively$6(NodeTestTask.java:160)
	at org.junit.platform.engine.support.hierarchical.ThrowableCollector.execute(ThrowableCollector.java:73)
	at org.junit.platform.engine.support.hierarchical.NodeTestTask.lambda$executeRecursively$8(NodeTestTask.java:146)
	at org.junit.platform.engine.support.hierarchical.Node.around(Node.java:137)
	at org.junit.platform.engine.support.hierarchical.NodeTestTask.lambda$executeRecursively$9(NodeTestTask.java:144)
	at org.junit.platform.engine.support.hierarchical.ThrowableCollector.execute(ThrowableCollector.java:73)
	at org.junit.platform.engine.support.hierarchical.NodeTestTask.executeRecursively(NodeTestTask.java:143)
	at org.junit.platform.engine.support.hierarchical.NodeTestTask.execute(NodeTestTask.java:100)
	at org.junit.platform.engine.support.hierarchical.SameThreadHierarchicalTestExecutorService.submit(SameThreadHierarchicalTestExecutorService.java:35)
	at org.junit.platform.engine.support.hierarchical.HierarchicalTestExecutor.execute(HierarchicalTestExecutor.java:57)
	at org.junit.platform.engine.support.hierarchical.HierarchicalTestEngine.execute(HierarchicalTestEngine.java:54)
	at org.junit.platform.launcher.core.EngineExecutionOrchestrator.execute(EngineExecutionOrchestrator.java:201)
	at org.junit.platform.launcher.core.EngineExecutionOrchestrator.execute(EngineExecutionOrchestrator.java:170)
	at org.junit.platform.launcher.core.EngineExecutionOrchestrator.execute(EngineExecutionOrchestrator.java:94)
	at org.junit.platform.launcher.core.EngineExecutionOrchestrator.lambda$execute$0(EngineExecutionOrchestrator.java:59)
	at org.junit.platform.launcher.core.EngineExecutionOrchestrator.withInterceptedStreams(EngineExecutionOrchestrator.java:142)
	at org.junit.platform.launcher.core.EngineExecutionOrchestrator.execute(EngineExecutionOrchestrator.java:58)
	at org.junit.platform.launcher.core.DefaultLauncher.execute(DefaultLauncher.java:103)
	at org.junit.platform.launcher.core.DefaultLauncher.execute(DefaultLauncher.java:85)
	at org.junit.platform.launcher.core.DelegatingLauncher.execute(DelegatingLauncher.java:47)
	at org.junit.platform.launcher.core.InterceptingLauncher.lambda$execute$1(InterceptingLauncher.java:39)
	at org.junit.platform.launcher.core.ClasspathAlignmentCheckingLauncherInterceptor.intercept(ClasspathAlignmentCheckingLauncherInterceptor.java:25)
	at org.junit.platform.launcher.core.InterceptingLauncher.execute(InterceptingLauncher.java:38)
	at org.junit.platform.launcher.core.DelegatingLauncher.execute(DelegatingLauncher.java:47)
	at org.apache.maven.surefire.junitplatform.LauncherAdapter.executeWithoutCancellationToken(LauncherAdapter.java:60)
	at org.apache.maven.surefire.junitplatform.LauncherAdapter.execute(LauncherAdapter.java:52)
	at org.apache.maven.surefire.junitplatform.JUnitPlatformProvider.execute(JUnitPlatformProvider.java:203)
	at org.apache.maven.surefire.junitplatform.JUnitPlatformProvider.invokeAllTests(JUnitPlatformProvider.java:168)
	at org.apache.maven.surefire.junitplatform.JUnitPlatformProvider.invoke(JUnitPlatformProvider.java:136)
	at org.apache.maven.surefire.booter.ForkedBooter.runSuitesInProcess(ForkedBooter.java:385)
	at org.apache.maven.surefire.booter.ForkedBooter.execute(ForkedBooter.java:162)
	at org.apache.maven.surefire.booter.ForkedBooter.run(ForkedBooter.java:507)
	at org.apache.maven.surefire.booter.ForkedBooter.main(ForkedBooter.java:495)
08:06:18.406 [main] INFO io.openfednow.security.audit.AdminAccessAuditFilter -- admin-access principal=alice method=GET path=/admin/sagas status=401 result=DENIED
08:06:18.406 [main] INFO io.openfednow.security.audit.AdminAccessAuditFilter -- admin-access principal=anonymous method=POST path=/admin/reconcile status=500 result=ERROR
08:06:18.407 [main] INFO io.openfednow.security.audit.AdminAccessAuditFilter -- admin-access principal=anonymous method=GET path=/admin/sagas/UNKNOWN status=404 result=REJECTED
08:06:18.408 [main] INFO io.openfednow.security.audit.AdminAccessAuditFilter -- admin-access principal=anonymous method=GET path=/admin/sagas status=200 result=GRANTED
08:06:18.409 [main] INFO io.openfednow.security.audit.AdminAccessAuditFilter -- admin-access principal=alice method=GET path=/admin/sagas status=200 result=GRANTED
08:06:18.409 [main] INFO io.openfednow.security.audit.AdminAccessAuditFilter -- admin-access principal=anonymous method=GET path=/admin/sagas status=401 result=DENIED
08:06:18.410 [main] INFO io.openfednow.security.audit.AdminAccessAuditFilter -- admin-access principal=anonymous method=GET path=/admin/sagas status=401 result=DENIED
08:06:18.410 [main] INFO io.openfednow.security.audit.AdminAccessAuditFilter -- admin-access principal=anonymous method=GET path=/admin/sagas status=401 result=DENIED
08:06:18.410 [main] INFO io.openfednow.security.audit.AdminAccessAuditFilter -- admin-access principal=anonymous method=GET path=/admin/sagas status=200 result=GRANTED
08:06:18.411 [main] INFO io.openfednow.security.audit.AdminAccessAuditFilter -- admin-access principal=anonymous method=GET path=/admin/sagas status=200 result=GRANTED
08:06:18.411 [main] INFO io.openfednow.security.audit.AdminAccessAuditFilter -- admin-access principal=anonymous method=GET path=/admin/sagas status=403 result=DENIED
[INFO] Tests run: 17, Failures: 0, Errors: 0, Skipped: 0, Time elapsed: 0.306 s -- in io.openfednow.security.audit.AdminAccessAuditFilterTest
[INFO] Running io.openfednow.processing.cancellation.CancellationServiceTest
08:06:18.430 [main] INFO io.openfednow.processing.cancellation.CancellationService -- Cancellation request received caseId=CASE-TXN-MISSING originalTransactionId=TXN-MISSING reason=DUPL
08:06:18.431 [main] WARN io.openfednow.processing.cancellation.CancellationService -- Cancellation rejected — no saga found for transactionId=TXN-MISSING
08:06:18.432 [main] INFO io.openfednow.processing.cancellation.CancellationService -- Cancellation request received caseId=CASE-TXN-FAIL originalTransactionId=TXN-FAIL reason=DUPL
08:06:18.432 [main] INFO io.openfednow.processing.cancellation.CancellationService -- Cancellation lookup matched sagaId=SAGA-FAIL state=FAILED
08:06:18.432 [main] WARN io.openfednow.processing.cancellation.CancellationService -- Cancellation rejected — original saga is in terminal state FAILED
08:06:18.433 [main] INFO io.openfednow.processing.cancellation.CancellationService -- Cancellation request received caseId=CASE-TXN-CORE originalTransactionId=TXN-CORE reason=DUPL
08:06:18.433 [main] INFO io.openfednow.processing.cancellation.CancellationService -- Cancellation lookup matched sagaId=SAGA-CORE state=CORE_SUBMITTED
08:06:18.433 [main] WARN io.openfednow.processing.cancellation.CancellationService -- Cancellation pending — saga in state CORE_SUBMITTED; follow-up resolution required
08:06:18.442 [main] INFO io.openfednow.processing.cancellation.CancellationService -- Cancellation request received caseId=CASE-TXN-MAT-INITIATED originalTransactionId=TXN-MAT-INITIATED reason=DUPL
08:06:18.442 [main] INFO io.openfednow.processing.cancellation.CancellationService -- Cancellation lookup matched sagaId=SAGA-MAT-INITIATED state=INITIATED
08:06:18.442 [main] INFO io.openfednow.processing.cancellation.CancellationService -- Cancelling sagaId=SAGA-MAT-INITIATED reason=DUPL
08:06:18.443 [main] INFO io.openfednow.processing.cancellation.CancellationService -- Cancellation request received caseId=CASE-TXN-MAT-FUNDS_RESERVED originalTransactionId=TXN-MAT-FUNDS_RESERVED reason=DUPL
08:06:18.444 [main] INFO io.openfednow.processing.cancellation.CancellationService -- Cancellation lookup matched sagaId=SAGA-MAT-FUNDS_RESERVED state=FUNDS_RESERVED
08:06:18.444 [main] INFO io.openfednow.processing.cancellation.CancellationService -- Cancelling sagaId=SAGA-MAT-FUNDS_RESERVED reason=DUPL
08:06:18.444 [main] INFO io.openfednow.processing.cancellation.CancellationService -- Cancellation request received caseId=CASE-TXN-MAT-SUBMITTING originalTransactionId=TXN-MAT-SUBMITTING reason=DUPL
08:06:18.444 [main] INFO io.openfednow.processing.cancellation.CancellationService -- Cancellation lookup matched sagaId=SAGA-MAT-SUBMITTING state=SUBMITTING
08:06:18.444 [main] WARN io.openfednow.processing.cancellation.CancellationService -- Cancellation pending — saga in state SUBMITTING; follow-up resolution required
08:06:18.445 [main] INFO io.openfednow.processing.cancellation.CancellationService -- Cancellation request received caseId=CASE-TXN-MAT-OUTCOME_UNKNOWN originalTransactionId=TXN-MAT-OUTCOME_UNKNOWN reason=DUPL
08:06:18.445 [main] INFO io.openfednow.processing.cancellation.CancellationService -- Cancellation lookup matched sagaId=SAGA-MAT-OUTCOME_UNKNOWN state=OUTCOME_UNKNOWN
08:06:18.445 [main] WARN io.openfednow.processing.cancellation.CancellationService -- Cancellation pending — saga in state OUTCOME_UNKNOWN; follow-up resolution required
08:06:18.446 [main] INFO io.openfednow.processing.cancellation.CancellationService -- Cancellation request received caseId=CASE-TXN-MAT-CORE_SUBMITTED originalTransactionId=TXN-MAT-CORE_SUBMITTED reason=DUPL
08:06:18.446 [main] INFO io.openfednow.processing.cancellation.CancellationService -- Cancellation lookup matched sagaId=SAGA-MAT-CORE_SUBMITTED state=CORE_SUBMITTED
08:06:18.446 [main] WARN io.openfednow.processing.cancellation.CancellationService -- Cancellation pending — saga in state CORE_SUBMITTED; follow-up resolution required
08:06:18.446 [main] INFO io.openfednow.processing.cancellation.CancellationService -- Cancellation request received caseId=CASE-TXN-MAT-FEDNOW_CONFIRMED originalTransactionId=TXN-MAT-FEDNOW_CONFIRMED reason=DUPL
08:06:18.446 [main] INFO io.openfednow.processing.cancellation.CancellationService -- Cancellation lookup matched sagaId=SAGA-MAT-FEDNOW_CONFIRMED state=FEDNOW_CONFIRMED
08:06:18.446 [main] WARN io.openfednow.processing.cancellation.CancellationService -- Cancellation rejected — settlement already confirmed in state FEDNOW_CONFIRMED; originator must use pacs.004
08:06:18.447 [main] INFO io.openfednow.processing.cancellation.CancellationService -- Cancellation request received caseId=CASE-TXN-MAT-COMPLETED originalTransactionId=TXN-MAT-COMPLETED reason=DUPL
08:06:18.447 [main] INFO io.openfednow.processing.cancellation.CancellationService -- Cancellation lookup matched sagaId=SAGA-MAT-COMPLETED state=COMPLETED
08:06:18.447 [main] WARN io.openfednow.processing.cancellation.CancellationService -- Cancellation rejected — settlement already confirmed in state COMPLETED; originator must use pacs.004
08:06:18.448 [main] INFO io.openfednow.processing.cancellation.CancellationService -- Cancellation request received caseId=CASE-TXN-MAT-COMPENSATING originalTransactionId=TXN-MAT-COMPENSATING reason=DUPL
08:06:18.448 [main] INFO io.openfednow.processing.cancellation.CancellationService -- Cancellation lookup matched sagaId=SAGA-MAT-COMPENSATING state=COMPENSATING
08:06:18.448 [main] WARN io.openfednow.processing.cancellation.CancellationService -- Cancellation pending — saga in state COMPENSATING; follow-up resolution required
08:06:18.449 [main] INFO io.openfednow.processing.cancellation.CancellationService -- Cancellation request received caseId=CASE-TXN-MAT-FAILED originalTransactionId=TXN-MAT-FAILED reason=DUPL
08:06:18.449 [main] INFO io.openfednow.processing.cancellation.CancellationService -- Cancellation lookup matched sagaId=SAGA-MAT-FAILED state=FAILED
08:06:18.449 [main] WARN io.openfednow.processing.cancellation.CancellationService -- Cancellation rejected — original saga is in terminal state FAILED
08:06:18.449 [main] INFO io.openfednow.processing.cancellation.CancellationService -- Cancellation request received caseId=CASE-TXN-REASON originalTransactionId=TXN-REASON reason=FRAD
08:06:18.449 [main] INFO io.openfednow.processing.cancellation.CancellationService -- Cancellation lookup matched sagaId=SAGA-REASON state=FUNDS_RESERVED
08:06:18.449 [main] INFO io.openfednow.processing.cancellation.CancellationService -- Cancelling sagaId=SAGA-REASON reason=FRAD
08:06:18.450 [main] INFO io.openfednow.processing.cancellation.CancellationService -- Cancellation request received caseId=CASE-TXN-FUNDS originalTransactionId=TXN-FUNDS reason=DUPL
08:06:18.450 [main] INFO io.openfednow.processing.cancellation.CancellationService -- Cancellation lookup matched sagaId=SAGA-FUNDS state=FUNDS_RESERVED
08:06:18.450 [main] INFO io.openfednow.processing.cancellation.CancellationService -- Cancelling sagaId=SAGA-FUNDS reason=DUPL
08:06:18.451 [main] INFO io.openfednow.processing.cancellation.CancellationService -- Cancellation request received caseId=CASE-TXN-COMP originalTransactionId=TXN-COMP reason=DUPL
08:06:18.451 [main] INFO io.openfednow.processing.cancellation.CancellationService -- Cancellation lookup matched sagaId=SAGA-COMP state=COMPENSATING
08:06:18.451 [main] WARN io.openfednow.processing.cancellation.CancellationService -- Cancellation pending — saga in state COMPENSATING; follow-up resolution required
08:06:18.452 [main] INFO io.openfednow.processing.cancellation.CancellationService -- Cancellation request received caseId=CASE-TXN-DONE originalTransactionId=TXN-DONE reason=DUPL
08:06:18.452 [main] INFO io.openfednow.processing.cancellation.CancellationService -- Cancellation lookup matched sagaId=SAGA-DONE state=COMPLETED
08:06:18.452 [main] WARN io.openfednow.processing.cancellation.CancellationService -- Cancellation rejected — settlement already confirmed in state COMPLETED; originator must use pacs.004
08:06:18.452 [main] INFO io.openfednow.processing.cancellation.CancellationService -- Cancellation request received caseId=CASE-TXN-CONF originalTransactionId=TXN-CONF reason=DUPL
08:06:18.452 [main] INFO io.openfednow.processing.cancellation.CancellationService -- Cancellation lookup matched sagaId=SAGA-CONF state=FEDNOW_CONFIRMED
08:06:18.452 [main] WARN io.openfednow.processing.cancellation.CancellationService -- Cancellation rejected — settlement already confirmed in state FEDNOW_CONFIRMED; originator must use pacs.004
08:06:18.453 [main] INFO io.openfednow.processing.cancellation.CancellationService -- Cancellation request received caseId=CASE-TXN-INIT originalTransactionId=TXN-INIT reason=DUPL
08:06:18.453 [main] INFO io.openfednow.processing.cancellation.CancellationService -- Cancellation lookup matched sagaId=SAGA-INIT state=INITIATED
08:06:18.453 [main] INFO io.openfednow.processing.cancellation.CancellationService -- Cancelling sagaId=SAGA-INIT reason=DUPL
08:06:18.454 [main] INFO io.openfednow.processing.cancellation.CancellationService -- Cancellation request received caseId=CASE-TXN-CORR originalTransactionId=TXN-CORR reason=DUPL
08:06:18.454 [main] INFO io.openfednow.processing.cancellation.CancellationService -- Cancellation lookup matched sagaId=SAGA-CORR state=INITIATED
08:06:18.454 [main] INFO io.openfednow.processing.cancellation.CancellationService -- Cancelling sagaId=SAGA-CORR reason=DUPL
[INFO] Tests run: 19, Failures: 0, Errors: 0, Skipped: 0, Time elapsed: 0.041 s -- in io.openfednow.processing.cancellation.CancellationServiceTest
[INFO] Running io.openfednow.processing.fraud.VelocityScriptInvocationTest
08:06:18.528 [main] INFO io.openfednow.processing.fraud.DefaultFraudScreeningService -- Fraud pre-screening active maxAmount=1000000 velocity=5/120s denylistSize=0
08:06:18.532 [main] INFO io.openfednow.processing.fraud.DefaultFraudScreeningService -- Fraud pre-screening active maxAmount=1000000 velocity=10/60s denylistSize=0
08:06:18.532 [main] WARN io.openfednow.processing.fraud.DefaultFraudScreeningService -- Fraud screening BLOCKED e2e=E2E-ACC-HOT txn=TXN-ACC-HOT reason=debtor velocity 11 exceeds 10 per 60s window
08:06:18.533 [main] INFO io.openfednow.processing.fraud.DefaultFraudScreeningService -- Fraud pre-screening active maxAmount=1000000 velocity=10/60s denylistSize=0
08:06:18.535 [main] INFO io.openfednow.processing.fraud.DefaultFraudScreeningService -- Fraud pre-screening active maxAmount=1000000 velocity=10/60s denylistSize=0
08:06:18.535 [main] INFO io.openfednow.processing.fraud.DefaultFraudScreeningService -- Fraud pre-screening active maxAmount=1000000 velocity=10/60s denylistSize=0
[INFO] Tests run: 5, Failures: 0, Errors: 0, Skipped: 0, Time elapsed: 0.081 s -- in io.openfednow.processing.fraud.VelocityScriptInvocationTest
[INFO] Running io.openfednow.processing.fraud.DefaultFraudScreeningServiceTest
08:06:18.546 [main] INFO io.openfednow.processing.fraud.DefaultFraudScreeningService -- Fraud pre-screening active maxAmount=10000 velocity=1000/60s denylistSize=0
08:06:18.548 [main] INFO io.openfednow.processing.fraud.DefaultFraudScreeningService -- Fraud pre-screening active maxAmount=1000 velocity=10/60s denylistSize=3
08:06:18.548 [main] INFO io.openfednow.processing.fraud.DefaultFraudScreeningService -- Fraud pre-screening active maxAmount=25000 velocity=1000/60s denylistSize=0
08:06:18.549 [main] WARN io.openfednow.processing.fraud.DefaultFraudScreeningService -- Fraud screening BLOCKED e2e=E2E-ACC-A-ACC-B txn=TXN-ACC-A-ACC-B reason=amount 25000.01 exceeds maxSingleTransferAmount 25000
08:06:18.549 [main] INFO io.openfednow.processing.fraud.DefaultFraudScreeningService -- Fraud pre-screening active maxAmount=100000 velocity=1000/60s denylistSize=1
08:06:18.549 [main] WARN io.openfednow.processing.fraud.DefaultFraudScreeningService -- Fraud screening BLOCKED e2e=E2E-ACC-OK-BAD-CREDITOR txn=TXN-ACC-OK-BAD-CREDITOR reason=creditor account on denylist account=BAD-CREDITOR
08:06:18.549 [main] INFO io.openfednow.processing.fraud.DefaultFraudScreeningService -- Fraud pre-screening active maxAmount=10000 velocity=1000/60s denylistSize=0
08:06:18.550 [main] WARN io.openfednow.processing.fraud.DefaultFraudScreeningService -- Fraud review flagged e2e=E2E-ACC-A-ACC-B txn=TXN-ACC-A-ACC-B reason=amount 5000.00 >= 50% of maxSingleTransferAmount 10000
08:06:18.550 [main] INFO io.openfednow.processing.fraud.DefaultFraudScreeningService -- Fraud pre-screening active maxAmount=25000 velocity=1000/60s denylistSize=0
08:06:18.550 [main] WARN io.openfednow.processing.fraud.DefaultFraudScreeningService -- Fraud review flagged e2e=E2E-ACC-A-ACC-B txn=TXN-ACC-A-ACC-B reason=amount 25000.00 >= 50% of maxSingleTransferAmount 25000
08:06:18.551 [main] INFO io.openfednow.processing.fraud.DefaultFraudScreeningService -- Fraud pre-screening active maxAmount=10000 velocity=1000/60s denylistSize=0
08:06:18.551 [main] INFO io.openfednow.processing.fraud.DefaultFraudScreeningService -- Fraud pre-screening active maxAmount=1000 velocity=10/60s denylistSize=0
08:06:18.552 [main] INFO io.openfednow.processing.fraud.DefaultFraudScreeningService -- Fraud pre-screening active maxAmount=100000 velocity=1000/60s denylistSize=1
08:06:18.552 [main] WARN io.openfednow.processing.fraud.DefaultFraudScreeningService -- Fraud screening BLOCKED e2e=E2E-BAD-DEBTOR-ACC-OK txn=TXN-BAD-DEBTOR-ACC-OK reason=debtor account on denylist account=BAD-DEBTOR
08:06:18.552 [main] INFO io.openfednow.processing.fraud.DefaultFraudScreeningService -- Fraud pre-screening active maxAmount=25000 velocity=1000/60s denylistSize=0
08:06:18.552 [main] INFO io.openfednow.processing.fraud.DefaultFraudScreeningService -- Fraud pre-screening active maxAmount=100000 velocity=1000/60s denylistSize=1
08:06:18.552 [main] WARN io.openfednow.processing.fraud.DefaultFraudScreeningService -- Fraud screening BLOCKED e2e=E2E-BAD-DEBTOR-ACC-OK txn=TXN-BAD-DEBTOR-ACC-OK reason=debtor account on denylist account=BAD-DEBTOR
[INFO] Tests run: 13, Failures: 0, Errors: 0, Skipped: 0, Time elapsed: 0.017 s -- in io.openfednow.processing.fraud.DefaultFraudScreeningServiceTest
[INFO] Running io.openfednow.processing.idempotency.IdempotencyServiceTtlTest
[INFO] Tests run: 4, Failures: 0, Errors: 0, Skipped: 0, Time elapsed: 0.038 s -- in io.openfednow.processing.idempotency.IdempotencyServiceTtlTest
[INFO] Running io.openfednow.processing.idempotency.IdempotencyCleanupServiceTest
08:06:18.593 [main] INFO io.openfednow.processing.idempotency.IdempotencyCleanupService -- Idempotency cleanup: deleted 42 expired row(s)
[INFO] Tests run: 3, Failures: 0, Errors: 0, Skipped: 0, Time elapsed: 0.001 s -- in io.openfednow.processing.idempotency.IdempotencyCleanupServiceTest
[INFO] Running io.openfednow.processing.saga.CompensationRetryServiceTest
08:06:18.601 [main] INFO org.flywaydb.core.FlywayExecutor -- Database: jdbc:h2:mem:compensation_retry_test (H2 2.3)
08:06:18.603 [main] INFO org.flywaydb.core.internal.schemahistory.JdbcTableSchemaHistory -- Schema history table "public"."flyway_schema_history" does not exist yet
08:06:18.603 [main] INFO org.flywaydb.core.internal.command.DbValidate -- Successfully validated 12 migrations (execution time 00:00.001s)
08:06:18.604 [main] INFO org.flywaydb.core.internal.schemahistory.JdbcTableSchemaHistory -- Creating Schema History table "public"."flyway_schema_history" ...
08:06:18.605 [main] INFO org.flywaydb.core.internal.command.DbMigrate -- Current version of schema "public": << Empty Schema >>
08:06:18.606 [main] INFO org.flywaydb.core.internal.command.DbMigrate -- Migrating schema "public" to version "1 - create shadow ledger transaction log"
08:06:18.609 [main] INFO org.flywaydb.core.internal.command.DbMigrate -- Migrating schema "public" to version "2 - create saga state"
08:06:18.611 [main] INFO org.flywaydb.core.internal.command.DbMigrate -- Migrating schema "public" to version "3 - create idempotency keys"
08:06:18.613 [main] INFO org.flywaydb.core.internal.command.DbMigrate -- Migrating schema "public" to version "4 - create reconciliation run"
08:06:18.615 [main] INFO org.flywaydb.core.internal.command.DbMigrate -- Migrating schema "public" to version "5 - add source rail to saga state"
08:06:18.618 [main] INFO org.flywaydb.core.internal.command.DbMigrate -- Migrating schema "public" to version "6 - create admin audit log"
08:06:18.619 [main] INFO org.flywaydb.core.internal.command.DbMigrate -- Migrating schema "public" to version "7 - add request id correlation"
08:06:18.623 [main] INFO org.flywaydb.core.internal.command.DbMigrate -- Migrating schema "public" to version "8 - outbound submission uncertainty"
08:06:18.626 [main] INFO org.flywaydb.core.internal.command.DbMigrate -- Migrating schema "public" to version "9 - create reliable payment reference"
08:06:18.628 [main] INFO org.flywaydb.core.internal.command.DbMigrate -- Migrating schema "public" to version "10 - synthetic async core ack"
08:06:18.631 [main] INFO org.flywaydb.core.internal.command.DbMigrate -- Migrating schema "public" to version "11 - reliability inquiry observability"
08:06:18.634 [main] INFO org.flywaydb.core.internal.command.DbMigrate -- Migrating schema "public" to version "12 - synthetic core availability"
08:06:18.637 [main] INFO org.flywaydb.core.internal.command.DbMigrate -- Successfully applied 12 migrations to schema "public", now at version v12 (execution time 00:00.009s)
08:06:18.648 [main] INFO io.openfednow.processing.saga.CompensationRetryService -- Compensation retry: found 1 FAILED saga(s) needing reversal
08:06:18.649 [main] INFO io.openfednow.processing.saga.CompensationRetryService -- Compensation retry succeeded transactionId=TXN-SUCCESS
08:06:18.649 [main] INFO io.openfednow.processing.saga.CompensationRetryService -- Compensation retry sweep complete: 1 of 1 succeeded
08:06:18.652 [main] INFO io.openfednow.processing.saga.CompensationRetryService -- Compensation retry: found 2 FAILED saga(s) needing reversal
08:06:18.652 [main] ERROR io.openfednow.processing.saga.CompensationRetryService -- Compensation retry failed transactionId=TXN-FAIL — manual intervention may be required
java.lang.RuntimeException: simulated
	at io.openfednow.processing.saga.CompensationRetryService.retryFailedCompensations(CompensationRetryService.java:144)
	at io.openfednow.processing.saga.CompensationRetryServiceTest.failureOnOneSagaDoesNotBlockOthers(CompensationRetryServiceTest.java:228)
	at java.base/jdk.internal.reflect.NativeMethodAccessorImpl.invoke0(Native Method)
	at java.base/jdk.internal.reflect.NativeMethodAccessorImpl.invoke(NativeMethodAccessorImpl.java:77)
	at java.base/jdk.internal.reflect.DelegatingMethodAccessorImpl.invoke(DelegatingMethodAccessorImpl.java:43)
	at java.base/java.lang.reflect.Method.invoke(Method.java:569)
	at org.junit.platform.commons.util.ReflectionUtils.invokeMethod(ReflectionUtils.java:775)
	at org.junit.platform.commons.support.ReflectionSupport.invokeMethod(ReflectionSupport.java:479)
	at org.junit.jupiter.engine.execution.MethodInvocation.proceed(MethodInvocation.java:60)
	at org.junit.jupiter.engine.execution.InvocationInterceptorChain$ValidatingInvocation.proceed(InvocationInterceptorChain.java:131)
	at org.junit.jupiter.engine.extension.TimeoutExtension.intercept(TimeoutExtension.java:161)
	at org.junit.jupiter.engine.extension.TimeoutExtension.interceptTestableMethod(TimeoutExtension.java:152)
	at org.junit.jupiter.engine.extension.TimeoutExtension.interceptTestMethod(TimeoutExtension.java:91)
	at org.junit.jupiter.engine.execution.InterceptingExecutableInvoker$ReflectiveInterceptorCall.lambda$ofVoidMethod$0(InterceptingExecutableInvoker.java:112)
	at org.junit.jupiter.engine.execution.InterceptingExecutableInvoker.lambda$invoke$0(InterceptingExecutableInvoker.java:94)
	at org.junit.jupiter.engine.execution.InvocationInterceptorChain$InterceptedInvocation.proceed(InvocationInterceptorChain.java:106)
	at org.junit.jupiter.engine.execution.InvocationInterceptorChain.proceed(InvocationInterceptorChain.java:64)
	at org.junit.jupiter.engine.execution.InvocationInterceptorChain.chainAndInvoke(InvocationInterceptorChain.java:45)
	at org.junit.jupiter.engine.execution.InvocationInterceptorChain.invoke(InvocationInterceptorChain.java:37)
	at org.junit.jupiter.engine.execution.InterceptingExecutableInvoker.invoke(InterceptingExecutableInvoker.java:93)
	at org.junit.jupiter.engine.execution.InterceptingExecutableInvoker.invoke(InterceptingExecutableInvoker.java:87)
	at org.junit.jupiter.engine.descriptor.TestMethodTestDescriptor.lambda$invokeTestMethod$7(TestMethodTestDescriptor.java:216)
	at org.junit.platform.engine.support.hierarchical.ThrowableCollector.execute(ThrowableCollector.java:73)
	at org.junit.jupiter.engine.descriptor.TestMethodTestDescriptor.invokeTestMethod(TestMethodTestDescriptor.java:212)
	at org.junit.jupiter.engine.descriptor.TestMethodTestDescriptor.execute(TestMethodTestDescriptor.java:137)
	at org.junit.jupiter.engine.descriptor.TestMethodTestDescriptor.execute(TestMethodTestDescriptor.java:69)
	at org.junit.platform.engine.support.hierarchical.NodeTestTask.lambda$executeRecursively$6(NodeTestTask.java:156)
	at org.junit.platform.engine.support.hierarchical.ThrowableCollector.execute(ThrowableCollector.java:73)
	at org.junit.platform.engine.support.hierarchical.NodeTestTask.lambda$executeRecursively$8(NodeTestTask.java:146)
	at org.junit.platform.engine.support.hierarchical.Node.around(Node.java:137)
	at org.junit.platform.engine.support.hierarchical.NodeTestTask.lambda$executeRecursively$9(NodeTestTask.java:144)
	at org.junit.platform.engine.support.hierarchical.ThrowableCollector.execute(ThrowableCollector.java:73)
	at org.junit.platform.engine.support.hierarchical.NodeTestTask.executeRecursively(NodeTestTask.java:143)
	at org.junit.platform.engine.support.hierarchical.NodeTestTask.execute(NodeTestTask.java:100)
	at java.base/java.util.ArrayList.forEach(ArrayList.java:1511)
	at org.junit.platform.engine.support.hierarchical.SameThreadHierarchicalTestExecutorService.invokeAll(SameThreadHierarchicalTestExecutorService.java:41)
	at org.junit.platform.engine.support.hierarchical.NodeTestTask.lambda$executeRecursively$6(NodeTestTask.java:160)
	at org.junit.platform.engine.support.hierarchical.ThrowableCollector.execute(ThrowableCollector.java:73)
	at org.junit.platform.engine.support.hierarchical.NodeTestTask.lambda$executeRecursively$8(NodeTestTask.java:146)
	at org.junit.platform.engine.support.hierarchical.Node.around(Node.java:137)
	at org.junit.platform.engine.support.hierarchical.NodeTestTask.lambda$executeRecursively$9(NodeTestTask.java:144)
	at org.junit.platform.engine.support.hierarchical.ThrowableCollector.execute(ThrowableCollector.java:73)
	at org.junit.platform.engine.support.hierarchical.NodeTestTask.executeRecursively(NodeTestTask.java:143)
	at org.junit.platform.engine.support.hierarchical.NodeTestTask.execute(NodeTestTask.java:100)
	at java.base/java.util.ArrayList.forEach(ArrayList.java:1511)
	at org.junit.platform.engine.support.hierarchical.SameThreadHierarchicalTestExecutorService.invokeAll(SameThreadHierarchicalTestExecutorService.java:41)
	at org.junit.platform.engine.support.hierarchical.NodeTestTask.lambda$executeRecursively$6(NodeTestTask.java:160)
	at org.junit.platform.engine.support.hierarchical.ThrowableCollector.execute(ThrowableCollector.java:73)
	at org.junit.platform.engine.support.hierarchical.NodeTestTask.lambda$executeRecursively$8(NodeTestTask.java:146)
	at org.junit.platform.engine.support.hierarchical.Node.around(Node.java:137)
	at org.junit.platform.engine.support.hierarchical.NodeTestTask.lambda$executeRecursively$9(NodeTestTask.java:144)
	at org.junit.platform.engine.support.hierarchical.ThrowableCollector.execute(ThrowableCollector.java:73)
	at org.junit.platform.engine.support.hierarchical.NodeTestTask.executeRecursively(NodeTestTask.java:143)
	at org.junit.platform.engine.support.hierarchical.NodeTestTask.execute(NodeTestTask.java:100)
	at org.junit.platform.engine.support.hierarchical.SameThreadHierarchicalTestExecutorService.submit(SameThreadHierarchicalTestExecutorService.java:35)
	at org.junit.platform.engine.support.hierarchical.HierarchicalTestExecutor.execute(HierarchicalTestExecutor.java:57)
	at org.junit.platform.engine.support.hierarchical.HierarchicalTestEngine.execute(HierarchicalTestEngine.java:54)
	at org.junit.platform.launcher.core.EngineExecutionOrchestrator.execute(EngineExecutionOrchestrator.java:201)
	at org.junit.platform.launcher.core.EngineExecutionOrchestrator.execute(EngineExecutionOrchestrator.java:170)
	at org.junit.platform.launcher.core.EngineExecutionOrchestrator.execute(EngineExecutionOrchestrator.java:94)
	at org.junit.platform.launcher.core.EngineExecutionOrchestrator.lambda$execute$0(EngineExecutionOrchestrator.java:59)
	at org.junit.platform.launcher.core.EngineExecutionOrchestrator.withInterceptedStreams(EngineExecutionOrchestrator.java:142)
	at org.junit.platform.launcher.core.EngineExecutionOrchestrator.execute(EngineExecutionOrchestrator.java:58)
	at org.junit.platform.launcher.core.DefaultLauncher.execute(DefaultLauncher.java:103)
	at org.junit.platform.launcher.core.DefaultLauncher.execute(DefaultLauncher.java:85)
	at org.junit.platform.launcher.core.DelegatingLauncher.execute(DelegatingLauncher.java:47)
	at org.junit.platform.launcher.core.InterceptingLauncher.lambda$execute$1(InterceptingLauncher.java:39)
	at org.junit.platform.launcher.core.ClasspathAlignmentCheckingLauncherInterceptor.intercept(ClasspathAlignmentCheckingLauncherInterceptor.java:25)
	at org.junit.platform.launcher.core.InterceptingLauncher.execute(InterceptingLauncher.java:38)
	at org.junit.platform.launcher.core.DelegatingLauncher.execute(DelegatingLauncher.java:47)
	at org.apache.maven.surefire.junitplatform.LauncherAdapter.executeWithoutCancellationToken(LauncherAdapter.java:60)
	at org.apache.maven.surefire.junitplatform.LauncherAdapter.execute(LauncherAdapter.java:52)
	at org.apache.maven.surefire.junitplatform.JUnitPlatformProvider.execute(JUnitPlatformProvider.java:203)
	at org.apache.maven.surefire.junitplatform.JUnitPlatformProvider.invokeAllTests(JUnitPlatformProvider.java:168)
	at org.apache.maven.surefire.junitplatform.JUnitPlatformProvider.invoke(JUnitPlatformProvider.java:136)
	at org.apache.maven.surefire.booter.ForkedBooter.runSuitesInProcess(ForkedBooter.java:385)
	at org.apache.maven.surefire.booter.ForkedBooter.execute(ForkedBooter.java:162)
	at org.apache.maven.surefire.booter.ForkedBooter.run(ForkedBooter.java:507)
	at org.apache.maven.surefire.booter.ForkedBooter.main(ForkedBooter.java:495)
08:06:18.653 [main] INFO io.openfednow.processing.saga.CompensationRetryService -- Compensation retry succeeded transactionId=TXN-OK
08:06:18.653 [main] INFO io.openfednow.processing.saga.CompensationRetryService -- Compensation retry sweep complete: 1 of 2 succeeded
08:06:18.659 [main] INFO io.openfednow.processing.saga.CompensationRetryService -- Compensation retry: found 1 FAILED saga(s) needing reversal
08:06:18.660 [main] INFO io.openfednow.processing.saga.CompensationRetryService -- Compensation retry succeeded transactionId=TXN-B
08:06:18.660 [main] INFO io.openfednow.processing.saga.CompensationRetryService -- Compensation retry sweep complete: 1 of 1 succeeded
08:06:18.666 [main] INFO io.openfednow.processing.saga.CompensationRetryService -- Compensation retry: found 3 FAILED saga(s) needing reversal
08:06:18.666 [main] INFO io.openfednow.processing.saga.CompensationRetryService -- Compensation retry succeeded transactionId=TXN-000
08:06:18.666 [main] INFO io.openfednow.processing.saga.CompensationRetryService -- Compensation retry succeeded transactionId=TXN-001
08:06:18.666 [main] INFO io.openfednow.processing.saga.CompensationRetryService -- Compensation retry succeeded transactionId=TXN-002
08:06:18.666 [main] INFO io.openfednow.processing.saga.CompensationRetryService -- Compensation retry sweep complete: 3 of 3 succeeded
08:06:18.671 [main] INFO io.openfednow.processing.saga.CompensationRetryService -- Compensation retry: found 1 FAILED saga(s) needing reversal
08:06:18.671 [main] ERROR io.openfednow.processing.saga.CompensationRetryService -- Compensation retry failed transactionId=TXN-FAIL — manual intervention may be required
java.lang.RuntimeException: redis down
	at io.openfednow.processing.saga.CompensationRetryService.retryFailedCompensations(CompensationRetryService.java:144)
	at io.openfednow.processing.saga.CompensationRetryServiceTest.failureCounterAdvancesWhenLedgerThrows(CompensationRetryServiceTest.java:210)
	at java.base/jdk.internal.reflect.NativeMethodAccessorImpl.invoke0(Native Method)
	at java.base/jdk.internal.reflect.NativeMethodAccessorImpl.invoke(NativeMethodAccessorImpl.java:77)
	at java.base/jdk.internal.reflect.DelegatingMethodAccessorImpl.invoke(DelegatingMethodAccessorImpl.java:43)
	at java.base/java.lang.reflect.Method.invoke(Method.java:569)
	at org.junit.platform.commons.util.ReflectionUtils.invokeMethod(ReflectionUtils.java:775)
	at org.junit.platform.commons.support.ReflectionSupport.invokeMethod(ReflectionSupport.java:479)
	at org.junit.jupiter.engine.execution.MethodInvocation.proceed(MethodInvocation.java:60)
	at org.junit.jupiter.engine.execution.InvocationInterceptorChain$ValidatingInvocation.proceed(InvocationInterceptorChain.java:131)
	at org.junit.jupiter.engine.extension.TimeoutExtension.intercept(TimeoutExtension.java:161)
	at org.junit.jupiter.engine.extension.TimeoutExtension.interceptTestableMethod(TimeoutExtension.java:152)
	at org.junit.jupiter.engine.extension.TimeoutExtension.interceptTestMethod(TimeoutExtension.java:91)
	at org.junit.jupiter.engine.execution.InterceptingExecutableInvoker$ReflectiveInterceptorCall.lambda$ofVoidMethod$0(InterceptingExecutableInvoker.java:112)
	at org.junit.jupiter.engine.execution.InterceptingExecutableInvoker.lambda$invoke$0(InterceptingExecutableInvoker.java:94)
	at org.junit.jupiter.engine.execution.InvocationInterceptorChain$InterceptedInvocation.proceed(InvocationInterceptorChain.java:106)
	at org.junit.jupiter.engine.execution.InvocationInterceptorChain.proceed(InvocationInterceptorChain.java:64)
	at org.junit.jupiter.engine.execution.InvocationInterceptorChain.chainAndInvoke(InvocationInterceptorChain.java:45)
	at org.junit.jupiter.engine.execution.InvocationInterceptorChain.invoke(InvocationInterceptorChain.java:37)
	at org.junit.jupiter.engine.execution.InterceptingExecutableInvoker.invoke(InterceptingExecutableInvoker.java:93)
	at org.junit.jupiter.engine.execution.InterceptingExecutableInvoker.invoke(InterceptingExecutableInvoker.java:87)
	at org.junit.jupiter.engine.descriptor.TestMethodTestDescriptor.lambda$invokeTestMethod$7(TestMethodTestDescriptor.java:216)
	at org.junit.platform.engine.support.hierarchical.ThrowableCollector.execute(ThrowableCollector.java:73)
	at org.junit.jupiter.engine.descriptor.TestMethodTestDescriptor.invokeTestMethod(TestMethodTestDescriptor.java:212)
	at org.junit.jupiter.engine.descriptor.TestMethodTestDescriptor.execute(TestMethodTestDescriptor.java:137)
	at org.junit.jupiter.engine.descriptor.TestMethodTestDescriptor.execute(TestMethodTestDescriptor.java:69)
	at org.junit.platform.engine.support.hierarchical.NodeTestTask.lambda$executeRecursively$6(NodeTestTask.java:156)
	at org.junit.platform.engine.support.hierarchical.ThrowableCollector.execute(ThrowableCollector.java:73)
	at org.junit.platform.engine.support.hierarchical.NodeTestTask.lambda$executeRecursively$8(NodeTestTask.java:146)
	at org.junit.platform.engine.support.hierarchical.Node.around(Node.java:137)
	at org.junit.platform.engine.support.hierarchical.NodeTestTask.lambda$executeRecursively$9(NodeTestTask.java:144)
	at org.junit.platform.engine.support.hierarchical.ThrowableCollector.execute(ThrowableCollector.java:73)
	at org.junit.platform.engine.support.hierarchical.NodeTestTask.executeRecursively(NodeTestTask.java:143)
	at org.junit.platform.engine.support.hierarchical.NodeTestTask.execute(NodeTestTask.java:100)
	at java.base/java.util.ArrayList.forEach(ArrayList.java:1511)
	at org.junit.platform.engine.support.hierarchical.SameThreadHierarchicalTestExecutorService.invokeAll(SameThreadHierarchicalTestExecutorService.java:41)
	at org.junit.platform.engine.support.hierarchical.NodeTestTask.lambda$executeRecursively$6(NodeTestTask.java:160)
	at org.junit.platform.engine.support.hierarchical.ThrowableCollector.execute(ThrowableCollector.java:73)
	at org.junit.platform.engine.support.hierarchical.NodeTestTask.lambda$executeRecursively$8(NodeTestTask.java:146)
	at org.junit.platform.engine.support.hierarchical.Node.around(Node.java:137)
	at org.junit.platform.engine.support.hierarchical.NodeTestTask.lambda$executeRecursively$9(NodeTestTask.java:144)
	at org.junit.platform.engine.support.hierarchical.ThrowableCollector.execute(ThrowableCollector.java:73)
	at org.junit.platform.engine.support.hierarchical.NodeTestTask.executeRecursively(NodeTestTask.java:143)
	at org.junit.platform.engine.support.hierarchical.NodeTestTask.execute(NodeTestTask.java:100)
	at java.base/java.util.ArrayList.forEach(ArrayList.java:1511)
	at org.junit.platform.engine.support.hierarchical.SameThreadHierarchicalTestExecutorService.invokeAll(SameThreadHierarchicalTestExecutorService.java:41)
	at org.junit.platform.engine.support.hierarchical.NodeTestTask.lambda$executeRecursively$6(NodeTestTask.java:160)
	at org.junit.platform.engine.support.hierarchical.ThrowableCollector.execute(ThrowableCollector.java:73)
	at org.junit.platform.engine.support.hierarchical.NodeTestTask.lambda$executeRecursively$8(NodeTestTask.java:146)
	at org.junit.platform.engine.support.hierarchical.Node.around(Node.java:137)
	at org.junit.platform.engine.support.hierarchical.NodeTestTask.lambda$executeRecursively$9(NodeTestTask.java:144)
	at org.junit.platform.engine.support.hierarchical.ThrowableCollector.execute(ThrowableCollector.java:73)
	at org.junit.platform.engine.support.hierarchical.NodeTestTask.executeRecursively(NodeTestTask.java:143)
	at org.junit.platform.engine.support.hierarchical.NodeTestTask.execute(NodeTestTask.java:100)
	at org.junit.platform.engine.support.hierarchical.SameThreadHierarchicalTestExecutorService.submit(SameThreadHierarchicalTestExecutorService.java:35)
	at org.junit.platform.engine.support.hierarchical.HierarchicalTestExecutor.execute(HierarchicalTestExecutor.java:57)
	at org.junit.platform.engine.support.hierarchical.HierarchicalTestEngine.execute(HierarchicalTestEngine.java:54)
	at org.junit.platform.launcher.core.EngineExecutionOrchestrator.execute(EngineExecutionOrchestrator.java:201)
	at org.junit.platform.launcher.core.EngineExecutionOrchestrator.execute(EngineExecutionOrchestrator.java:170)
	at org.junit.platform.launcher.core.EngineExecutionOrchestrator.execute(EngineExecutionOrchestrator.java:94)
	at org.junit.platform.launcher.core.EngineExecutionOrchestrator.lambda$execute$0(EngineExecutionOrchestrator.java:59)
	at org.junit.platform.launcher.core.EngineExecutionOrchestrator.withInterceptedStreams(EngineExecutionOrchestrator.java:142)
	at org.junit.platform.launcher.core.EngineExecutionOrchestrator.execute(EngineExecutionOrchestrator.java:58)
	at org.junit.platform.launcher.core.DefaultLauncher.execute(DefaultLauncher.java:103)
	at org.junit.platform.launcher.core.DefaultLauncher.execute(DefaultLauncher.java:85)
	at org.junit.platform.launcher.core.DelegatingLauncher.execute(DelegatingLauncher.java:47)
	at org.junit.platform.launcher.core.InterceptingLauncher.lambda$execute$1(InterceptingLauncher.java:39)
	at org.junit.platform.launcher.core.ClasspathAlignmentCheckingLauncherInterceptor.intercept(ClasspathAlignmentCheckingLauncherInterceptor.java:25)
	at org.junit.platform.launcher.core.InterceptingLauncher.execute(InterceptingLauncher.java:38)
	at org.junit.platform.launcher.core.DelegatingLauncher.execute(DelegatingLauncher.java:47)
	at org.apache.maven.surefire.junitplatform.LauncherAdapter.executeWithoutCancellationToken(LauncherAdapter.java:60)
	at org.apache.maven.surefire.junitplatform.LauncherAdapter.execute(LauncherAdapter.java:52)
	at org.apache.maven.surefire.junitplatform.JUnitPlatformProvider.execute(JUnitPlatformProvider.java:203)
	at org.apache.maven.surefire.junitplatform.JUnitPlatformProvider.invokeAllTests(JUnitPlatformProvider.java:168)
	at org.apache.maven.surefire.junitplatform.JUnitPlatformProvider.invoke(JUnitPlatformProvider.java:136)
	at org.apache.maven.surefire.booter.ForkedBooter.runSuitesInProcess(ForkedBooter.java:385)
	at org.apache.maven.surefire.booter.ForkedBooter.execute(ForkedBooter.java:162)
	at org.apache.maven.surefire.booter.ForkedBooter.run(ForkedBooter.java:507)
	at org.apache.maven.surefire.booter.ForkedBooter.main(ForkedBooter.java:495)
08:06:18.671 [main] INFO io.openfednow.processing.saga.CompensationRetryService -- Compensation retry sweep complete: 0 of 1 succeeded
08:06:18.676 [main] INFO io.openfednow.processing.saga.CompensationRetryService -- Compensation retry: found 1 FAILED saga(s) needing reversal
08:06:18.676 [main] INFO io.openfednow.processing.saga.CompensationRetryService -- Compensation retry succeeded transactionId=TXN-A
08:06:18.676 [main] INFO io.openfednow.processing.saga.CompensationRetryService -- Compensation retry sweep complete: 1 of 1 succeeded
[INFO] Tests run: 14, Failures: 0, Errors: 0, Skipped: 0, Time elapsed: 0.086 s -- in io.openfednow.processing.saga.CompensationRetryServiceTest
[INFO] Running io.openfednow.processing.saga.SagaOrchestratorInitiateTest
08:06:18.681 [main] INFO io.openfednow.processing.saga.SagaOrchestrator -- Saga initiated sagaId=SAGA-67015998-1ec6-451b-b496-5640b9aac3a5 transactionId=TXN-TEST e2e=E2E-TEST sourceRail=FEDNOW requestId=req-corr-42
08:06:18.682 [main] INFO io.openfednow.processing.saga.SagaOrchestrator -- Saga initiated sagaId=SAGA-e09b7b69-fb4c-40a7-9f2d-a9dbd801c36b transactionId=TXN-TEST e2e=E2E-TEST sourceRail=FEDNOW requestId=null
[INFO] Tests run: 2, Failures: 0, Errors: 0, Skipped: 0, Time elapsed: 0.004 s -- in io.openfednow.processing.saga.SagaOrchestratorInitiateTest
[INFO] Running io.openfednow.processing.saga.PaymentSagaAdvanceTest
[INFO] Tests run: 10, Failures: 0, Errors: 0, Skipped: 0, Time elapsed: 0.004 s -- in io.openfednow.processing.saga.PaymentSagaAdvanceTest
[INFO] Running io.openfednow.processing.saga.SagaTimeoutMonitorTest
08:06:18.688 [main] WARN io.openfednow.processing.saga.SagaTimeoutMonitor -- Saga timeout monitor: 2 saga(s) exceeded 30s threshold — compensating
08:06:18.689 [main] WARN io.openfednow.processing.saga.SagaTimeoutMonitor -- Saga timed out sagaId=SAGA-FAIL thresholdSeconds=30 action=COMPENSATE reason=XPIR
08:06:18.689 [main] ERROR io.openfednow.processing.saga.SagaTimeoutMonitor -- Saga timeout compensation failed for sagaId=SAGA-FAIL — manual intervention required
java.lang.RuntimeException: simulated
	at io.openfednow.processing.saga.SagaTimeoutMonitor.sweepTimedOutSagas(SagaTimeoutMonitor.java:91)
	at io.openfednow.processing.saga.SagaTimeoutMonitorTest.failureOnOneSagaDoesNotBlockOthers(SagaTimeoutMonitorTest.java:120)
	at java.base/jdk.internal.reflect.NativeMethodAccessorImpl.invoke0(Native Method)
	at java.base/jdk.internal.reflect.NativeMethodAccessorImpl.invoke(NativeMethodAccessorImpl.java:77)
	at java.base/jdk.internal.reflect.DelegatingMethodAccessorImpl.invoke(DelegatingMethodAccessorImpl.java:43)
	at java.base/java.lang.reflect.Method.invoke(Method.java:569)
	at org.junit.platform.commons.util.ReflectionUtils.invokeMethod(ReflectionUtils.java:775)
	at org.junit.platform.commons.support.ReflectionSupport.invokeMethod(ReflectionSupport.java:479)
	at org.junit.jupiter.engine.execution.MethodInvocation.proceed(MethodInvocation.java:60)
	at org.junit.jupiter.engine.execution.InvocationInterceptorChain$ValidatingInvocation.proceed(InvocationInterceptorChain.java:131)
	at org.junit.jupiter.engine.extension.TimeoutExtension.intercept(TimeoutExtension.java:161)
	at org.junit.jupiter.engine.extension.TimeoutExtension.interceptTestableMethod(TimeoutExtension.java:152)
	at org.junit.jupiter.engine.extension.TimeoutExtension.interceptTestMethod(TimeoutExtension.java:91)
	at org.junit.jupiter.engine.execution.InterceptingExecutableInvoker$ReflectiveInterceptorCall.lambda$ofVoidMethod$0(InterceptingExecutableInvoker.java:112)
	at org.junit.jupiter.engine.execution.InterceptingExecutableInvoker.lambda$invoke$0(InterceptingExecutableInvoker.java:94)
	at org.junit.jupiter.engine.execution.InvocationInterceptorChain$InterceptedInvocation.proceed(InvocationInterceptorChain.java:106)
	at org.junit.jupiter.engine.execution.InvocationInterceptorChain.proceed(InvocationInterceptorChain.java:64)
	at org.junit.jupiter.engine.execution.InvocationInterceptorChain.chainAndInvoke(InvocationInterceptorChain.java:45)
	at org.junit.jupiter.engine.execution.InvocationInterceptorChain.invoke(InvocationInterceptorChain.java:37)
	at org.junit.jupiter.engine.execution.InterceptingExecutableInvoker.invoke(InterceptingExecutableInvoker.java:93)
	at org.junit.jupiter.engine.execution.InterceptingExecutableInvoker.invoke(InterceptingExecutableInvoker.java:87)
	at org.junit.jupiter.engine.descriptor.TestMethodTestDescriptor.lambda$invokeTestMethod$7(TestMethodTestDescriptor.java:216)
	at org.junit.platform.engine.support.hierarchical.ThrowableCollector.execute(ThrowableCollector.java:73)
	at org.junit.jupiter.engine.descriptor.TestMethodTestDescriptor.invokeTestMethod(TestMethodTestDescriptor.java:212)
	at org.junit.jupiter.engine.descriptor.TestMethodTestDescriptor.execute(TestMethodTestDescriptor.java:137)
	at org.junit.jupiter.engine.descriptor.TestMethodTestDescriptor.execute(TestMethodTestDescriptor.java:69)
	at org.junit.platform.engine.support.hierarchical.NodeTestTask.lambda$executeRecursively$6(NodeTestTask.java:156)
	at org.junit.platform.engine.support.hierarchical.ThrowableCollector.execute(ThrowableCollector.java:73)
	at org.junit.platform.engine.support.hierarchical.NodeTestTask.lambda$executeRecursively$8(NodeTestTask.java:146)
	at org.junit.platform.engine.support.hierarchical.Node.around(Node.java:137)
	at org.junit.platform.engine.support.hierarchical.NodeTestTask.lambda$executeRecursively$9(NodeTestTask.java:144)
	at org.junit.platform.engine.support.hierarchical.ThrowableCollector.execute(ThrowableCollector.java:73)
	at org.junit.platform.engine.support.hierarchical.NodeTestTask.executeRecursively(NodeTestTask.java:143)
	at org.junit.platform.engine.support.hierarchical.NodeTestTask.execute(NodeTestTask.java:100)
	at java.base/java.util.ArrayList.forEach(ArrayList.java:1511)
	at org.junit.platform.engine.support.hierarchical.SameThreadHierarchicalTestExecutorService.invokeAll(SameThreadHierarchicalTestExecutorService.java:41)
	at org.junit.platform.engine.support.hierarchical.NodeTestTask.lambda$executeRecursively$6(NodeTestTask.java:160)
	at org.junit.platform.engine.support.hierarchical.ThrowableCollector.execute(ThrowableCollector.java:73)
	at org.junit.platform.engine.support.hierarchical.NodeTestTask.lambda$executeRecursively$8(NodeTestTask.java:146)
	at org.junit.platform.engine.support.hierarchical.Node.around(Node.java:137)
	at org.junit.platform.engine.support.hierarchical.NodeTestTask.lambda$executeRecursively$9(NodeTestTask.java:144)
	at org.junit.platform.engine.support.hierarchical.ThrowableCollector.execute(ThrowableCollector.java:73)
	at org.junit.platform.engine.support.hierarchical.NodeTestTask.executeRecursively(NodeTestTask.java:143)
	at org.junit.platform.engine.support.hierarchical.NodeTestTask.execute(NodeTestTask.java:100)
	at java.base/java.util.ArrayList.forEach(ArrayList.java:1511)
	at org.junit.platform.engine.support.hierarchical.SameThreadHierarchicalTestExecutorService.invokeAll(SameThreadHierarchicalTestExecutorService.java:41)
	at org.junit.platform.engine.support.hierarchical.NodeTestTask.lambda$executeRecursively$6(NodeTestTask.java:160)
	at org.junit.platform.engine.support.hierarchical.ThrowableCollector.execute(ThrowableCollector.java:73)
	at org.junit.platform.engine.support.hierarchical.NodeTestTask.lambda$executeRecursively$8(NodeTestTask.java:146)
	at org.junit.platform.engine.support.hierarchical.Node.around(Node.java:137)
	at org.junit.platform.engine.support.hierarchical.NodeTestTask.lambda$executeRecursively$9(NodeTestTask.java:144)
	at org.junit.platform.engine.support.hierarchical.ThrowableCollector.execute(ThrowableCollector.java:73)
	at org.junit.platform.engine.support.hierarchical.NodeTestTask.executeRecursively(NodeTestTask.java:143)
	at org.junit.platform.engine.support.hierarchical.NodeTestTask.execute(NodeTestTask.java:100)
	at org.junit.platform.engine.support.hierarchical.SameThreadHierarchicalTestExecutorService.submit(SameThreadHierarchicalTestExecutorService.java:35)
	at org.junit.platform.engine.support.hierarchical.HierarchicalTestExecutor.execute(HierarchicalTestExecutor.java:57)
	at org.junit.platform.engine.support.hierarchical.HierarchicalTestEngine.execute(HierarchicalTestEngine.java:54)
	at org.junit.platform.launcher.core.EngineExecutionOrchestrator.execute(EngineExecutionOrchestrator.java:201)
	at org.junit.platform.launcher.core.EngineExecutionOrchestrator.execute(EngineExecutionOrchestrator.java:170)
	at org.junit.platform.launcher.core.EngineExecutionOrchestrator.execute(EngineExecutionOrchestrator.java:94)
	at org.junit.platform.launcher.core.EngineExecutionOrchestrator.lambda$execute$0(EngineExecutionOrchestrator.java:59)
	at org.junit.platform.launcher.core.EngineExecutionOrchestrator.withInterceptedStreams(EngineExecutionOrchestrator.java:142)
	at org.junit.platform.launcher.core.EngineExecutionOrchestrator.execute(EngineExecutionOrchestrator.java:58)
	at org.junit.platform.launcher.core.DefaultLauncher.execute(DefaultLauncher.java:103)
	at org.junit.platform.launcher.core.DefaultLauncher.execute(DefaultLauncher.java:85)
	at org.junit.platform.launcher.core.DelegatingLauncher.execute(DelegatingLauncher.java:47)
	at org.junit.platform.launcher.core.InterceptingLauncher.lambda$execute$1(InterceptingLauncher.java:39)
	at org.junit.platform.launcher.core.ClasspathAlignmentCheckingLauncherInterceptor.intercept(ClasspathAlignmentCheckingLauncherInterceptor.java:25)
	at org.junit.platform.launcher.core.InterceptingLauncher.execute(InterceptingLauncher.java:38)
	at org.junit.platform.launcher.core.DelegatingLauncher.execute(DelegatingLauncher.java:47)
	at org.apache.maven.surefire.junitplatform.LauncherAdapter.executeWithoutCancellationToken(LauncherAdapter.java:60)
	at org.apache.maven.surefire.junitplatform.LauncherAdapter.execute(LauncherAdapter.java:52)
	at org.apache.maven.surefire.junitplatform.JUnitPlatformProvider.execute(JUnitPlatformProvider.java:203)
	at org.apache.maven.surefire.junitplatform.JUnitPlatformProvider.invokeAllTests(JUnitPlatformProvider.java:168)
	at org.apache.maven.surefire.junitplatform.JUnitPlatformProvider.invoke(JUnitPlatformProvider.java:136)
	at org.apache.maven.surefire.booter.ForkedBooter.runSuitesInProcess(ForkedBooter.java:385)
	at org.apache.maven.surefire.booter.ForkedBooter.execute(ForkedBooter.java:162)
	at org.apache.maven.surefire.booter.ForkedBooter.run(ForkedBooter.java:507)
	at org.apache.maven.surefire.booter.ForkedBooter.main(ForkedBooter.java:495)
08:06:18.689 [main] WARN io.openfednow.processing.saga.SagaTimeoutMonitor -- Saga timed out sagaId=SAGA-OK thresholdSeconds=30 action=COMPENSATE reason=XPIR
08:06:18.690 [main] WARN io.openfednow.processing.saga.SagaTimeoutMonitor -- Saga timeout monitor: 3 saga(s) exceeded 30s threshold — compensating
08:06:18.690 [main] WARN io.openfednow.processing.saga.SagaTimeoutMonitor -- Saga timed out sagaId=SAGA-T1 thresholdSeconds=30 action=COMPENSATE reason=XPIR
08:06:18.690 [main] WARN io.openfednow.processing.saga.SagaTimeoutMonitor -- Saga timed out sagaId=SAGA-T2 thresholdSeconds=30 action=COMPENSATE reason=XPIR
08:06:18.690 [main] WARN io.openfednow.processing.saga.SagaTimeoutMonitor -- Saga timed out sagaId=SAGA-T3 thresholdSeconds=30 action=COMPENSATE reason=XPIR
08:06:18.690 [main] WARN io.openfednow.processing.saga.SagaTimeoutMonitor -- Saga timeout monitor: 2 saga(s) exceeded 30s threshold — compensating
08:06:18.690 [main] WARN io.openfednow.processing.saga.SagaTimeoutMonitor -- Saga timed out sagaId=SAGA-T1 thresholdSeconds=30 action=COMPENSATE reason=XPIR
08:06:18.690 [main] WARN io.openfednow.processing.saga.SagaTimeoutMonitor -- Saga timed out sagaId=SAGA-T2 thresholdSeconds=30 action=COMPENSATE reason=XPIR
08:06:18.692 [main] WARN io.openfednow.processing.saga.SagaTimeoutMonitor -- Saga timeout monitor: 2 saga(s) exceeded 30s threshold — compensating
08:06:18.692 [main] WARN io.openfednow.processing.saga.SagaTimeoutMonitor -- Saga timed out sagaId=SAGA-T1 thresholdSeconds=30 action=COMPENSATE reason=XPIR
08:06:18.692 [main] WARN io.openfednow.processing.saga.SagaTimeoutMonitor -- Saga timed out sagaId=SAGA-T2 thresholdSeconds=30 action=COMPENSATE reason=XPIR
[INFO] Tests run: 10, Failures: 0, Errors: 0, Skipped: 0, Time elapsed: 0.007 s -- in io.openfednow.processing.saga.SagaTimeoutMonitorTest
[INFO] Running io.openfednow.processing.saga.SagaRecoveryServiceTest
08:06:18.695 [main] WARN io.openfednow.processing.saga.SagaRecoveryService -- Saga recovery: found 2 in-flight saga(s) — completing or compensating each
08:06:18.695 [main] INFO io.openfednow.processing.saga.SagaRecoveryService -- Recovering sagaId=SAGA-FAIL fromState=INITIATED sourceRail=FEDNOW
08:06:18.695 [main] ERROR io.openfednow.processing.saga.SagaRecoveryService -- Saga recovery failed for sagaId=SAGA-FAIL — manual intervention required
java.lang.RuntimeException: simulated
	at io.openfednow.processing.saga.SagaRecoveryService.recoverOne(SagaRecoveryService.java:122)
	at io.openfednow.processing.saga.SagaRecoveryService.recoverInflightSagas(SagaRecoveryService.java:92)
	at io.openfednow.processing.saga.SagaRecoveryServiceTest.failureOnOneSagaDoesNotBlockOthers(SagaRecoveryServiceTest.java:132)
	at java.base/jdk.internal.reflect.NativeMethodAccessorImpl.invoke0(Native Method)
	at java.base/jdk.internal.reflect.NativeMethodAccessorImpl.invoke(NativeMethodAccessorImpl.java:77)
	at java.base/jdk.internal.reflect.DelegatingMethodAccessorImpl.invoke(DelegatingMethodAccessorImpl.java:43)
	at java.base/java.lang.reflect.Method.invoke(Method.java:569)
	at org.junit.platform.commons.util.ReflectionUtils.invokeMethod(ReflectionUtils.java:775)
	at org.junit.platform.commons.support.ReflectionSupport.invokeMethod(ReflectionSupport.java:479)
	at org.junit.jupiter.engine.execution.MethodInvocation.proceed(MethodInvocation.java:60)
	at org.junit.jupiter.engine.execution.InvocationInterceptorChain$ValidatingInvocation.proceed(InvocationInterceptorChain.java:131)
	at org.junit.jupiter.engine.extension.TimeoutExtension.intercept(TimeoutExtension.java:161)
	at org.junit.jupiter.engine.extension.TimeoutExtension.interceptTestableMethod(TimeoutExtension.java:152)
	at org.junit.jupiter.engine.extension.TimeoutExtension.interceptTestMethod(TimeoutExtension.java:91)
	at org.junit.jupiter.engine.execution.InterceptingExecutableInvoker$ReflectiveInterceptorCall.lambda$ofVoidMethod$0(InterceptingExecutableInvoker.java:112)
	at org.junit.jupiter.engine.execution.InterceptingExecutableInvoker.lambda$invoke$0(InterceptingExecutableInvoker.java:94)
	at org.junit.jupiter.engine.execution.InvocationInterceptorChain$InterceptedInvocation.proceed(InvocationInterceptorChain.java:106)
	at org.junit.jupiter.engine.execution.InvocationInterceptorChain.proceed(InvocationInterceptorChain.java:64)
	at org.junit.jupiter.engine.execution.InvocationInterceptorChain.chainAndInvoke(InvocationInterceptorChain.java:45)
	at org.junit.jupiter.engine.execution.InvocationInterceptorChain.invoke(InvocationInterceptorChain.java:37)
	at org.junit.jupiter.engine.execution.InterceptingExecutableInvoker.invoke(InterceptingExecutableInvoker.java:93)
	at org.junit.jupiter.engine.execution.InterceptingExecutableInvoker.invoke(InterceptingExecutableInvoker.java:87)
	at org.junit.jupiter.engine.descriptor.TestMethodTestDescriptor.lambda$invokeTestMethod$7(TestMethodTestDescriptor.java:216)
	at org.junit.platform.engine.support.hierarchical.ThrowableCollector.execute(ThrowableCollector.java:73)
	at org.junit.jupiter.engine.descriptor.TestMethodTestDescriptor.invokeTestMethod(TestMethodTestDescriptor.java:212)
	at org.junit.jupiter.engine.descriptor.TestMethodTestDescriptor.execute(TestMethodTestDescriptor.java:137)
	at org.junit.jupiter.engine.descriptor.TestMethodTestDescriptor.execute(TestMethodTestDescriptor.java:69)
	at org.junit.platform.engine.support.hierarchical.NodeTestTask.lambda$executeRecursively$6(NodeTestTask.java:156)
	at org.junit.platform.engine.support.hierarchical.ThrowableCollector.execute(ThrowableCollector.java:73)
	at org.junit.platform.engine.support.hierarchical.NodeTestTask.lambda$executeRecursively$8(NodeTestTask.java:146)
	at org.junit.platform.engine.support.hierarchical.Node.around(Node.java:137)
	at org.junit.platform.engine.support.hierarchical.NodeTestTask.lambda$executeRecursively$9(NodeTestTask.java:144)
	at org.junit.platform.engine.support.hierarchical.ThrowableCollector.execute(ThrowableCollector.java:73)
	at org.junit.platform.engine.support.hierarchical.NodeTestTask.executeRecursively(NodeTestTask.java:143)
	at org.junit.platform.engine.support.hierarchical.NodeTestTask.execute(NodeTestTask.java:100)
	at java.base/java.util.ArrayList.forEach(ArrayList.java:1511)
	at org.junit.platform.engine.support.hierarchical.SameThreadHierarchicalTestExecutorService.invokeAll(SameThreadHierarchicalTestExecutorService.java:41)
	at org.junit.platform.engine.support.hierarchical.NodeTestTask.lambda$executeRecursively$6(NodeTestTask.java:160)
	at org.junit.platform.engine.support.hierarchical.ThrowableCollector.execute(ThrowableCollector.java:73)
	at org.junit.platform.engine.support.hierarchical.NodeTestTask.lambda$executeRecursively$8(NodeTestTask.java:146)
	at org.junit.platform.engine.support.hierarchical.Node.around(Node.java:137)
	at org.junit.platform.engine.support.hierarchical.NodeTestTask.lambda$executeRecursively$9(NodeTestTask.java:144)
	at org.junit.platform.engine.support.hierarchical.ThrowableCollector.execute(ThrowableCollector.java:73)
	at org.junit.platform.engine.support.hierarchical.NodeTestTask.executeRecursively(NodeTestTask.java:143)
	at org.junit.platform.engine.support.hierarchical.NodeTestTask.execute(NodeTestTask.java:100)
	at java.base/java.util.ArrayList.forEach(ArrayList.java:1511)
	at org.junit.platform.engine.support.hierarchical.SameThreadHierarchicalTestExecutorService.invokeAll(SameThreadHierarchicalTestExecutorService.java:41)
	at org.junit.platform.engine.support.hierarchical.NodeTestTask.lambda$executeRecursively$6(NodeTestTask.java:160)
	at org.junit.platform.engine.support.hierarchical.ThrowableCollector.execute(ThrowableCollector.java:73)
	at org.junit.platform.engine.support.hierarchical.NodeTestTask.lambda$executeRecursively$8(NodeTestTask.java:146)
	at org.junit.platform.engine.support.hierarchical.Node.around(Node.java:137)
	at org.junit.platform.engine.support.hierarchical.NodeTestTask.lambda$executeRecursively$9(NodeTestTask.java:144)
	at org.junit.platform.engine.support.hierarchical.ThrowableCollector.execute(ThrowableCollector.java:73)
	at org.junit.platform.engine.support.hierarchical.NodeTestTask.executeRecursively(NodeTestTask.java:143)
	at org.junit.platform.engine.support.hierarchical.NodeTestTask.execute(NodeTestTask.java:100)
	at org.junit.platform.engine.support.hierarchical.SameThreadHierarchicalTestExecutorService.submit(SameThreadHierarchicalTestExecutorService.java:35)
	at org.junit.platform.engine.support.hierarchical.HierarchicalTestExecutor.execute(HierarchicalTestExecutor.java:57)
	at org.junit.platform.engine.support.hierarchical.HierarchicalTestEngine.execute(HierarchicalTestEngine.java:54)
	at org.junit.platform.launcher.core.EngineExecutionOrchestrator.execute(EngineExecutionOrchestrator.java:201)
	at org.junit.platform.launcher.core.EngineExecutionOrchestrator.execute(EngineExecutionOrchestrator.java:170)
	at org.junit.platform.launcher.core.EngineExecutionOrchestrator.execute(EngineExecutionOrchestrator.java:94)
	at org.junit.platform.launcher.core.EngineExecutionOrchestrator.lambda$execute$0(EngineExecutionOrchestrator.java:59)
	at org.junit.platform.launcher.core.EngineExecutionOrchestrator.withInterceptedStreams(EngineExecutionOrchestrator.java:142)
	at org.junit.platform.launcher.core.EngineExecutionOrchestrator.execute(EngineExecutionOrchestrator.java:58)
	at org.junit.platform.launcher.core.DefaultLauncher.execute(DefaultLauncher.java:103)
	at org.junit.platform.launcher.core.DefaultLauncher.execute(DefaultLauncher.java:85)
	at org.junit.platform.launcher.core.DelegatingLauncher.execute(DelegatingLauncher.java:47)
	at org.junit.platform.launcher.core.InterceptingLauncher.lambda$execute$1(InterceptingLauncher.java:39)
	at org.junit.platform.launcher.core.ClasspathAlignmentCheckingLauncherInterceptor.intercept(ClasspathAlignmentCheckingLauncherInterceptor.java:25)
	at org.junit.platform.launcher.core.InterceptingLauncher.execute(InterceptingLauncher.java:38)
	at org.junit.platform.launcher.core.DelegatingLauncher.execute(DelegatingLauncher.java:47)
	at org.apache.maven.surefire.junitplatform.LauncherAdapter.executeWithoutCancellationToken(LauncherAdapter.java:60)
	at org.apache.maven.surefire.junitplatform.LauncherAdapter.execute(LauncherAdapter.java:52)
	at org.apache.maven.surefire.junitplatform.JUnitPlatformProvider.execute(JUnitPlatformProvider.java:203)
	at org.apache.maven.surefire.junitplatform.JUnitPlatformProvider.invokeAllTests(JUnitPlatformProvider.java:168)
	at org.apache.maven.surefire.junitplatform.JUnitPlatformProvider.invoke(JUnitPlatformProvider.java:136)
	at org.apache.maven.surefire.booter.ForkedBooter.runSuitesInProcess(ForkedBooter.java:385)
	at org.apache.maven.surefire.booter.ForkedBooter.execute(ForkedBooter.java:162)
	at org.apache.maven.surefire.booter.ForkedBooter.run(ForkedBooter.java:507)
	at org.apache.maven.surefire.booter.ForkedBooter.main(ForkedBooter.java:495)
08:06:18.695 [main] INFO io.openfednow.processing.saga.SagaRecoveryService -- Recovering sagaId=SAGA-OK fromState=INITIATED sourceRail=FEDNOW
08:06:18.695 [main] INFO io.openfednow.processing.saga.SagaRecoveryService -- Saga recovery complete: 1 of 2 saga(s) processed
08:06:18.696 [main] WARN io.openfednow.processing.saga.SagaRecoveryService -- Saga recovery: found 1 in-flight saga(s) — completing or compensating each
08:06:18.696 [main] INFO io.openfednow.processing.saga.SagaRecoveryService -- Recovering sagaId=SAGA-C fromState=CORE_SUBMITTED sourceRail=FEDNOW
08:06:18.696 [main] INFO io.openfednow.processing.saga.SagaRecoveryService -- Saga recovery complete: 1 of 1 saga(s) processed
08:06:18.696 [main] WARN io.openfednow.processing.saga.SagaRecoveryService -- Saga recovery: found 1 in-flight saga(s) — completing or compensating each
08:06:18.696 [main] INFO io.openfednow.processing.saga.SagaRecoveryService -- Recovering sagaId=SAGA-E fromState=COMPENSATING sourceRail=FEDNOW
08:06:18.696 [main] INFO io.openfednow.processing.saga.SagaRecoveryService -- Saga recovery complete: 1 of 1 saga(s) processed
08:06:18.697 [main] WARN io.openfednow.processing.saga.SagaRecoveryService -- Saga recovery: found 1 in-flight saga(s) — completing or compensating each
08:06:18.697 [main] INFO io.openfednow.processing.saga.SagaRecoveryService -- Recovering sagaId=SAGA-D fromState=FEDNOW_CONFIRMED sourceRail=FEDNOW
08:06:18.697 [main] INFO io.openfednow.processing.saga.SagaRecoveryService -- Saga recovery complete: 1 of 1 saga(s) processed
08:06:18.697 [main] WARN io.openfednow.processing.saga.SagaRecoveryService -- Saga recovery: found 1 in-flight saga(s) — completing or compensating each
08:06:18.697 [main] INFO io.openfednow.processing.saga.SagaRecoveryService -- Recovering sagaId=SAGA-B fromState=FUNDS_RESERVED sourceRail=FEDNOW
08:06:18.697 [main] INFO io.openfednow.processing.saga.SagaRecoveryService -- Saga recovery complete: 1 of 1 saga(s) processed
08:06:18.697 [main] INFO io.openfednow.processing.saga.SagaRecoveryService -- Saga recovery: no in-flight sagas found at startup
08:06:18.698 [main] WARN io.openfednow.processing.saga.SagaRecoveryService -- Saga recovery: found 2 in-flight saga(s) — completing or compensating each
08:06:18.698 [main] INFO io.openfednow.processing.saga.SagaRecoveryService -- Recovering sagaId=SAGA-INIT fromState=INITIATED sourceRail=FEDNOW
08:06:18.698 [main] INFO io.openfednow.processing.saga.SagaRecoveryService -- Recovering sagaId=SAGA-CONF fromState=FEDNOW_CONFIRMED sourceRail=FEDNOW
08:06:18.698 [main] INFO io.openfednow.processing.saga.SagaRecoveryService -- Saga recovery complete: 2 of 2 saga(s) processed
08:06:18.699 [main] WARN io.openfednow.processing.saga.SagaRecoveryService -- Saga recovery: found 1 in-flight saga(s) — completing or compensating each
08:06:18.699 [main] INFO io.openfednow.processing.saga.SagaRecoveryService -- Recovering sagaId=SAGA-A fromState=INITIATED sourceRail=FEDNOW
08:06:18.699 [main] INFO io.openfednow.processing.saga.SagaRecoveryService -- Saga recovery complete: 1 of 1 saga(s) processed
[INFO] Tests run: 8, Failures: 0, Errors: 0, Skipped: 0, Time elapsed: 0.005 s -- in io.openfednow.processing.saga.SagaRecoveryServiceTest
[INFO] Running io.openfednow.OpenFedNowApplicationTests
[INFO] Tests run: 5, Failures: 0, Errors: 0, Skipped: 0, Time elapsed: 0.002 s -- in io.openfednow.OpenFedNowApplicationTests
[INFO] Running io.openfednow.PaymentSagaStateTest
[INFO] Tests run: 13, Failures: 0, Errors: 0, Skipped: 0, Time elapsed: 0.003 s -- in io.openfednow.PaymentSagaStateTest
[INFO] Running io.openfednow.simulator.FedNowSimulatorTest
08:06:18.973 [main] INFO io.openfednow.gateway.HttpFedNowClient -- Submitting pacs.008 to FedNow endpoint=http://localhost:53334/transfers
08:06:19.044 [main] INFO io.openfednow.gateway.HttpFedNowClient -- Submitting pacs.008 to FedNow endpoint=http://localhost:53334/transfers
08:06:19.050 [main] INFO io.openfednow.gateway.HttpFedNowClient -- Submitting pacs.008 to FedNow endpoint=http://localhost:53334/transfers
08:06:20.061 [main] INFO io.openfednow.gateway.HttpFedNowClient -- Submitting pacs.008 to FedNow endpoint=http://localhost:53334/transfers
08:06:20.081 [main] INFO io.openfednow.gateway.HttpFedNowClient -- Submitting pacs.008 to FedNow endpoint=http://localhost:53334/transfers
08:06:20.087 [main] INFO io.openfednow.gateway.HttpFedNowClient -- Submitting pacs.008 to FedNow endpoint=http://localhost:53334/transfers
08:06:20.093 [main] INFO io.openfednow.gateway.HttpFedNowClient -- Submitting pacs.008 to FedNow endpoint=http://localhost:53334/transfers
[INFO] Tests run: 7, Failures: 0, Errors: 0, Skipped: 0, Time elapsed: 1.907 s -- in io.openfednow.simulator.FedNowSimulatorTest
[INFO] Running io.openfednow.db.FlywayMigrationTest
08:06:20.627 [main] INFO org.flywaydb.core.FlywayExecutor -- Database: jdbc:h2:mem:flyway_test (H2 2.3)
08:06:20.631 [main] INFO org.flywaydb.core.internal.schemahistory.JdbcTableSchemaHistory -- Schema history table "public"."flyway_schema_history" does not exist yet
08:06:20.631 [main] INFO org.flywaydb.core.internal.command.DbValidate -- Successfully validated 12 migrations (execution time 00:00.003s)
08:06:20.632 [main] INFO org.flywaydb.core.internal.schemahistory.JdbcTableSchemaHistory -- Creating Schema History table "public"."flyway_schema_history" ...
08:06:20.635 [main] INFO org.flywaydb.core.internal.command.DbMigrate -- Current version of schema "public": << Empty Schema >>
08:06:20.637 [main] INFO org.flywaydb.core.internal.command.DbMigrate -- Migrating schema "public" to version "1 - create shadow ledger transaction log"
08:06:20.642 [main] INFO org.flywaydb.core.internal.command.DbMigrate -- Migrating schema "public" to version "2 - create saga state"
08:06:20.645 [main] INFO org.flywaydb.core.internal.command.DbMigrate -- Migrating schema "public" to version "3 - create idempotency keys"
08:06:20.648 [main] INFO org.flywaydb.core.internal.command.DbMigrate -- Migrating schema "public" to version "4 - create reconciliation run"
08:06:20.650 [main] INFO org.flywaydb.core.internal.command.DbMigrate -- Migrating schema "public" to version "5 - add source rail to saga state"
08:06:20.654 [main] INFO org.flywaydb.core.internal.command.DbMigrate -- Migrating schema "public" to version "6 - create admin audit log"
08:06:20.656 [main] INFO org.flywaydb.core.internal.command.DbMigrate -- Migrating schema "public" to version "7 - add request id correlation"
08:06:20.660 [main] INFO org.flywaydb.core.internal.command.DbMigrate -- Migrating schema "public" to version "8 - outbound submission uncertainty"
08:06:20.661 [main] INFO org.flywaydb.core.internal.command.DbMigrate -- Migrating schema "public" to version "9 - create reliable payment reference"
08:06:20.664 [main] INFO org.flywaydb.core.internal.command.DbMigrate -- Migrating schema "public" to version "10 - synthetic async core ack"
08:06:20.666 [main] INFO org.flywaydb.core.internal.command.DbMigrate -- Migrating schema "public" to version "11 - reliability inquiry observability"
08:06:20.669 [main] INFO org.flywaydb.core.internal.command.DbMigrate -- Migrating schema "public" to version "12 - synthetic core availability"
08:06:20.670 [main] INFO org.flywaydb.core.internal.command.DbMigrate -- Successfully applied 12 migrations to schema "public", now at version v12 (execution time 00:00.010s)
08:06:20.691 [main] INFO org.flywaydb.core.FlywayExecutor -- Database: jdbc:h2:mem:flyway_test (H2 2.3)
08:06:20.701 [main] INFO org.flywaydb.core.FlywayExecutor -- Database: jdbc:h2:mem:flyway_test (H2 2.3)
[ERROR] Tests run: 23, Failures: 1, Errors: 0, Skipped: 0, Time elapsed: 0.094 s <<< FAILURE! -- in io.openfednow.db.FlywayMigrationTest
[ERROR] io.openfednow.db.FlywayMigrationTest.exactlyTenMigrationsArePresent -- Time elapsed: 0.009 s <<< FAILURE!
java.lang.AssertionError: 

Expected size: 10 but was: 12 in:
[org.flywaydb.core.internal.info.MigrationInfoImpl@a4ff8edc,
    org.flywaydb.core.internal.info.MigrationInfoImpl@fd3910ca,
    org.flywaydb.core.internal.info.MigrationInfoImpl@7e06cadf,
    org.flywaydb.core.internal.info.MigrationInfoImpl@e63a5518,
    org.flywaydb.core.internal.info.MigrationInfoImpl@b7288e83,
    org.flywaydb.core.internal.info.MigrationInfoImpl@394104b,
    org.flywaydb.core.internal.info.MigrationInfoImpl@ff3f1976,
    org.flywaydb.core.internal.info.MigrationInfoImpl@1de40b4e,
    org.flywaydb.core.internal.info.MigrationInfoImpl@12253adb,
    org.flywaydb.core.internal.info.MigrationInfoImpl@b1d3692d,
    org.flywaydb.core.internal.info.MigrationInfoImpl@2f79c1a4,
    org.flywaydb.core.internal.info.MigrationInfoImpl@c919b962]
	at io.openfednow.db.FlywayMigrationTest.exactlyTenMigrationsArePresent(FlywayMigrationTest.java:77)
	at java.base/java.lang.reflect.Method.invoke(Method.java:569)
	at java.base/java.util.ArrayList.forEach(ArrayList.java:1511)
	at java.base/java.util.ArrayList.forEach(ArrayList.java:1511)

[INFO] Running io.openfednow.iso20022.Pacs004MessageTest
[INFO] Tests run: 11, Failures: 0, Errors: 0, Skipped: 0, Time elapsed: 0.002 s -- in io.openfednow.iso20022.Pacs004MessageTest
[INFO] Running io.openfednow.iso20022.Camt029MessageTest
[INFO] Tests run: 15, Failures: 0, Errors: 0, Skipped: 0, Time elapsed: 0.003 s -- in io.openfednow.iso20022.Camt029MessageTest
[INFO] Running io.openfednow.iso20022.Camt056MessageTest
[INFO] Tests run: 10, Failures: 0, Errors: 0, Skipped: 0, Time elapsed: 0.002 s -- in io.openfednow.iso20022.Camt056MessageTest
[INFO] Running io.openfednow.events.KafkaPaymentEventPublisherTest
[INFO] Tests run: 8, Failures: 0, Errors: 0, Skipped: 0, Time elapsed: 0.038 s -- in io.openfednow.events.KafkaPaymentEventPublisherTest
[INFO] Running io.openfednow.events.KafkaPaymentEventPublisherDlqTest
08:06:20.758 [main] WARN io.openfednow.events.KafkaPaymentEventPublisher -- Kafka publish failed type=INBOUND_CREDIT_APPLIED txn=TXN-METRIC-1 topic=test.topic — routing to DLQ
java.lang.RuntimeException: boom
	at io.openfednow.events.KafkaPaymentEventPublisherDlqTest.lambda$failureCounterIncrementsOnPrimaryPublishFailure$3(KafkaPaymentEventPublisherDlqTest.java:125)
	at org.mockito.internal.stubbing.StubbedInvocationMatcher.answer(StubbedInvocationMatcher.java:42)
	at org.mockito.internal.handler.MockHandlerImpl.handle(MockHandlerImpl.java:103)
	at org.mockito.internal.handler.NullResultGuardian.handle(NullResultGuardian.java:29)
	at org.mockito.internal.handler.InvocationNotifierHandler.handle(InvocationNotifierHandler.java:34)
	at org.mockito.internal.creation.bytebuddy.access.MockMethodInterceptor.doIntercept(MockMethodInterceptor.java:84)
	at org.mockito.internal.creation.bytebuddy.access.MockMethodInterceptor.doIntercept(MockMethodInterceptor.java:58)
	at org.mockito.internal.creation.bytebuddy.access.MockMethodInterceptor$DispatcherDefaultingToRealMethod.interceptSuperCallable(MockMethodInterceptor.java:147)
	at org.springframework.kafka.core.KafkaTemplate$MockitoMock$AWKVwVWe.send(Unknown Source)
	at io.openfednow.events.KafkaPaymentEventPublisher.publish(KafkaPaymentEventPublisher.java:127)
	at io.openfednow.events.KafkaPaymentEventPublisherDlqTest.failureCounterIncrementsOnPrimaryPublishFailure(KafkaPaymentEventPublisherDlqTest.java:129)
	at java.base/jdk.internal.reflect.NativeMethodAccessorImpl.invoke0(Native Method)
	at java.base/jdk.internal.reflect.NativeMethodAccessorImpl.invoke(NativeMethodAccessorImpl.java:77)
	at java.base/jdk.internal.reflect.DelegatingMethodAccessorImpl.invoke(DelegatingMethodAccessorImpl.java:43)
	at java.base/java.lang.reflect.Method.invoke(Method.java:569)
	at org.junit.platform.commons.util.ReflectionUtils.invokeMethod(ReflectionUtils.java:775)
	at org.junit.platform.commons.support.ReflectionSupport.invokeMethod(ReflectionSupport.java:479)
	at org.junit.jupiter.engine.execution.MethodInvocation.proceed(MethodInvocation.java:60)
	at org.junit.jupiter.engine.execution.InvocationInterceptorChain$ValidatingInvocation.proceed(InvocationInterceptorChain.java:131)
	at org.junit.jupiter.engine.extension.TimeoutExtension.intercept(TimeoutExtension.java:161)
	at org.junit.jupiter.engine.extension.TimeoutExtension.interceptTestableMethod(TimeoutExtension.java:152)
	at org.junit.jupiter.engine.extension.TimeoutExtension.interceptTestMethod(TimeoutExtension.java:91)
	at org.junit.jupiter.engine.execution.InterceptingExecutableInvoker$ReflectiveInterceptorCall.lambda$ofVoidMethod$0(InterceptingExecutableInvoker.java:112)
	at org.junit.jupiter.engine.execution.InterceptingExecutableInvoker.lambda$invoke$0(InterceptingExecutableInvoker.java:94)
	at org.junit.jupiter.engine.execution.InvocationInterceptorChain$InterceptedInvocation.proceed(InvocationInterceptorChain.java:106)
	at org.junit.jupiter.engine.execution.InvocationInterceptorChain.proceed(InvocationInterceptorChain.java:64)
	at org.junit.jupiter.engine.execution.InvocationInterceptorChain.chainAndInvoke(InvocationInterceptorChain.java:45)
	at org.junit.jupiter.engine.execution.InvocationInterceptorChain.invoke(InvocationInterceptorChain.java:37)
	at org.junit.jupiter.engine.execution.InterceptingExecutableInvoker.invoke(InterceptingExecutableInvoker.java:93)
	at org.junit.jupiter.engine.execution.InterceptingExecutableInvoker.invoke(InterceptingExecutableInvoker.java:87)
	at org.junit.jupiter.engine.descriptor.TestMethodTestDescriptor.lambda$invokeTestMethod$7(TestMethodTestDescriptor.java:216)
	at org.junit.platform.engine.support.hierarchical.ThrowableCollector.execute(ThrowableCollector.java:73)
	at org.junit.jupiter.engine.descriptor.TestMethodTestDescriptor.invokeTestMethod(TestMethodTestDescriptor.java:212)
	at org.junit.jupiter.engine.descriptor.TestMethodTestDescriptor.execute(TestMethodTestDescriptor.java:137)
	at org.junit.jupiter.engine.descriptor.TestMethodTestDescriptor.execute(TestMethodTestDescriptor.java:69)
	at org.junit.platform.engine.support.hierarchical.NodeTestTask.lambda$executeRecursively$6(NodeTestTask.java:156)
	at org.junit.platform.engine.support.hierarchical.ThrowableCollector.execute(ThrowableCollector.java:73)
	at org.junit.platform.engine.support.hierarchical.NodeTestTask.lambda$executeRecursively$8(NodeTestTask.java:146)
	at org.junit.platform.engine.support.hierarchical.Node.around(Node.java:137)
	at org.junit.platform.engine.support.hierarchical.NodeTestTask.lambda$executeRecursively$9(NodeTestTask.java:144)
	at org.junit.platform.engine.support.hierarchical.ThrowableCollector.execute(ThrowableCollector.java:73)
	at org.junit.platform.engine.support.hierarchical.NodeTestTask.executeRecursively(NodeTestTask.java:143)
	at org.junit.platform.engine.support.hierarchical.NodeTestTask.execute(NodeTestTask.java:100)
	at java.base/java.util.ArrayList.forEach(ArrayList.java:1511)
	at org.junit.platform.engine.support.hierarchical.SameThreadHierarchicalTestExecutorService.invokeAll(SameThreadHierarchicalTestExecutorService.java:41)
	at org.junit.platform.engine.support.hierarchical.NodeTestTask.lambda$executeRecursively$6(NodeTestTask.java:160)
	at org.junit.platform.engine.support.hierarchical.ThrowableCollector.execute(ThrowableCollector.java:73)
	at org.junit.platform.engine.support.hierarchical.NodeTestTask.lambda$executeRecursively$8(NodeTestTask.java:146)
	at org.junit.platform.engine.support.hierarchical.Node.around(Node.java:137)
	at org.junit.platform.engine.support.hierarchical.NodeTestTask.lambda$executeRecursively$9(NodeTestTask.java:144)
	at org.junit.platform.engine.support.hierarchical.ThrowableCollector.execute(ThrowableCollector.java:73)
	at org.junit.platform.engine.support.hierarchical.NodeTestTask.executeRecursively(NodeTestTask.java:143)
	at org.junit.platform.engine.support.hierarchical.NodeTestTask.execute(NodeTestTask.java:100)
	at java.base/java.util.ArrayList.forEach(ArrayList.java:1511)
	at org.junit.platform.engine.support.hierarchical.SameThreadHierarchicalTestExecutorService.invokeAll(SameThreadHierarchicalTestExecutorService.java:41)
	at org.junit.platform.engine.support.hierarchical.NodeTestTask.lambda$executeRecursively$6(NodeTestTask.java:160)
	at org.junit.platform.engine.support.hierarchical.ThrowableCollector.execute(ThrowableCollector.java:73)
	at org.junit.platform.engine.support.hierarchical.NodeTestTask.lambda$executeRecursively$8(NodeTestTask.java:146)
	at org.junit.platform.engine.support.hierarchical.Node.around(Node.java:137)
	at org.junit.platform.engine.support.hierarchical.NodeTestTask.lambda$executeRecursively$9(NodeTestTask.java:144)
	at org.junit.platform.engine.support.hierarchical.ThrowableCollector.execute(ThrowableCollector.java:73)
	at org.junit.platform.engine.support.hierarchical.NodeTestTask.executeRecursively(NodeTestTask.java:143)
	at org.junit.platform.engine.support.hierarchical.NodeTestTask.execute(NodeTestTask.java:100)
	at org.junit.platform.engine.support.hierarchical.SameThreadHierarchicalTestExecutorService.submit(SameThreadHierarchicalTestExecutorService.java:35)
	at org.junit.platform.engine.support.hierarchical.HierarchicalTestExecutor.execute(HierarchicalTestExecutor.java:57)
	at org.junit.platform.engine.support.hierarchical.HierarchicalTestEngine.execute(HierarchicalTestEngine.java:54)
	at org.junit.platform.launcher.core.EngineExecutionOrchestrator.execute(EngineExecutionOrchestrator.java:201)
	at org.junit.platform.launcher.core.EngineExecutionOrchestrator.execute(EngineExecutionOrchestrator.java:170)
	at org.junit.platform.launcher.core.EngineExecutionOrchestrator.execute(EngineExecutionOrchestrator.java:94)
	at org.junit.platform.launcher.core.EngineExecutionOrchestrator.lambda$execute$0(EngineExecutionOrchestrator.java:59)
	at org.junit.platform.launcher.core.EngineExecutionOrchestrator.withInterceptedStreams(EngineExecutionOrchestrator.java:142)
	at org.junit.platform.launcher.core.EngineExecutionOrchestrator.execute(EngineExecutionOrchestrator.java:58)
	at org.junit.platform.launcher.core.DefaultLauncher.execute(DefaultLauncher.java:103)
	at org.junit.platform.launcher.core.DefaultLauncher.execute(DefaultLauncher.java:85)
	at org.junit.platform.launcher.core.DelegatingLauncher.execute(DelegatingLauncher.java:47)
	at org.junit.platform.launcher.core.InterceptingLauncher.lambda$execute$1(InterceptingLauncher.java:39)
	at org.junit.platform.launcher.core.ClasspathAlignmentCheckingLauncherInterceptor.intercept(ClasspathAlignmentCheckingLauncherInterceptor.java:25)
	at org.junit.platform.launcher.core.InterceptingLauncher.execute(InterceptingLauncher.java:38)
	at org.junit.platform.launcher.core.DelegatingLauncher.execute(DelegatingLauncher.java:47)
	at org.apache.maven.surefire.junitplatform.LauncherAdapter.executeWithoutCancellationToken(LauncherAdapter.java:60)
	at org.apache.maven.surefire.junitplatform.LauncherAdapter.execute(LauncherAdapter.java:52)
	at org.apache.maven.surefire.junitplatform.JUnitPlatformProvider.execute(JUnitPlatformProvider.java:203)
	at org.apache.maven.surefire.junitplatform.JUnitPlatformProvider.invokeAllTests(JUnitPlatformProvider.java:168)
	at org.apache.maven.surefire.junitplatform.JUnitPlatformProvider.invoke(JUnitPlatformProvider.java:136)
	at org.apache.maven.surefire.booter.ForkedBooter.runSuitesInProcess(ForkedBooter.java:385)
	at org.apache.maven.surefire.booter.ForkedBooter.execute(ForkedBooter.java:162)
	at org.apache.maven.surefire.booter.ForkedBooter.run(ForkedBooter.java:507)
	at org.apache.maven.surefire.booter.ForkedBooter.main(ForkedBooter.java:495)
08:06:20.759 [main] INFO io.openfednow.events.KafkaPaymentEventPublisher -- PaymentEvent routed to DLQ type=INBOUND_CREDIT_APPLIED txn=TXN-METRIC-1 dlqTopic=test.topic.dlq
08:06:20.760 [main] WARN io.openfednow.events.KafkaPaymentEventPublisher -- Kafka publish failed type=INBOUND_CREDIT_APPLIED txn=TXN-DLQ-HDR topic=test.topic — routing to DLQ
java.lang.RuntimeException: out of connections
	at io.openfednow.events.KafkaPaymentEventPublisherDlqTest.lambda$dlqRecordCarriesOriginalTopicAndReasonHeaders$1(KafkaPaymentEventPublisherDlqTest.java:84)
	at org.mockito.internal.stubbing.StubbedInvocationMatcher.answer(StubbedInvocationMatcher.java:42)
	at org.mockito.internal.handler.MockHandlerImpl.handle(MockHandlerImpl.java:103)
	at org.mockito.internal.handler.NullResultGuardian.handle(NullResultGuardian.java:29)
	at org.mockito.internal.handler.InvocationNotifierHandler.handle(InvocationNotifierHandler.java:34)
	at org.mockito.internal.creation.bytebuddy.access.MockMethodInterceptor.doIntercept(MockMethodInterceptor.java:84)
	at org.mockito.internal.creation.bytebuddy.access.MockMethodInterceptor.doIntercept(MockMethodInterceptor.java:58)
	at org.mockito.internal.creation.bytebuddy.access.MockMethodInterceptor$DispatcherDefaultingToRealMethod.interceptSuperCallable(MockMethodInterceptor.java:147)
	at org.springframework.kafka.core.KafkaTemplate$MockitoMock$AWKVwVWe.send(Unknown Source)
	at io.openfednow.events.KafkaPaymentEventPublisher.publish(KafkaPaymentEventPublisher.java:127)
	at io.openfednow.events.KafkaPaymentEventPublisherDlqTest.dlqRecordCarriesOriginalTopicAndReasonHeaders(KafkaPaymentEventPublisherDlqTest.java:88)
	at java.base/jdk.internal.reflect.NativeMethodAccessorImpl.invoke0(Native Method)
	at java.base/jdk.internal.reflect.NativeMethodAccessorImpl.invoke(NativeMethodAccessorImpl.java:77)
	at java.base/jdk.internal.reflect.DelegatingMethodAccessorImpl.invoke(DelegatingMethodAccessorImpl.java:43)
	at java.base/java.lang.reflect.Method.invoke(Method.java:569)
	at org.junit.platform.commons.util.ReflectionUtils.invokeMethod(ReflectionUtils.java:775)
	at org.junit.platform.commons.support.ReflectionSupport.invokeMethod(ReflectionSupport.java:479)
	at org.junit.jupiter.engine.execution.MethodInvocation.proceed(MethodInvocation.java:60)
	at org.junit.jupiter.engine.execution.InvocationInterceptorChain$ValidatingInvocation.proceed(InvocationInterceptorChain.java:131)
	at org.junit.jupiter.engine.extension.TimeoutExtension.intercept(TimeoutExtension.java:161)
	at org.junit.jupiter.engine.extension.TimeoutExtension.interceptTestableMethod(TimeoutExtension.java:152)
	at org.junit.jupiter.engine.extension.TimeoutExtension.interceptTestMethod(TimeoutExtension.java:91)
	at org.junit.jupiter.engine.execution.InterceptingExecutableInvoker$ReflectiveInterceptorCall.lambda$ofVoidMethod$0(InterceptingExecutableInvoker.java:112)
	at org.junit.jupiter.engine.execution.InterceptingExecutableInvoker.lambda$invoke$0(InterceptingExecutableInvoker.java:94)
	at org.junit.jupiter.engine.execution.InvocationInterceptorChain$InterceptedInvocation.proceed(InvocationInterceptorChain.java:106)
	at org.junit.jupiter.engine.execution.InvocationInterceptorChain.proceed(InvocationInterceptorChain.java:64)
	at org.junit.jupiter.engine.execution.InvocationInterceptorChain.chainAndInvoke(InvocationInterceptorChain.java:45)
	at org.junit.jupiter.engine.execution.InvocationInterceptorChain.invoke(InvocationInterceptorChain.java:37)
	at org.junit.jupiter.engine.execution.InterceptingExecutableInvoker.invoke(InterceptingExecutableInvoker.java:93)
	at org.junit.jupiter.engine.execution.InterceptingExecutableInvoker.invoke(InterceptingExecutableInvoker.java:87)
	at org.junit.jupiter.engine.descriptor.TestMethodTestDescriptor.lambda$invokeTestMethod$7(TestMethodTestDescriptor.java:216)
	at org.junit.platform.engine.support.hierarchical.ThrowableCollector.execute(ThrowableCollector.java:73)
	at org.junit.jupiter.engine.descriptor.TestMethodTestDescriptor.invokeTestMethod(TestMethodTestDescriptor.java:212)
	at org.junit.jupiter.engine.descriptor.TestMethodTestDescriptor.execute(TestMethodTestDescriptor.java:137)
	at org.junit.jupiter.engine.descriptor.TestMethodTestDescriptor.execute(TestMethodTestDescriptor.java:69)
	at org.junit.platform.engine.support.hierarchical.NodeTestTask.lambda$executeRecursively$6(NodeTestTask.java:156)
	at org.junit.platform.engine.support.hierarchical.ThrowableCollector.execute(ThrowableCollector.java:73)
	at org.junit.platform.engine.support.hierarchical.NodeTestTask.lambda$executeRecursively$8(NodeTestTask.java:146)
	at org.junit.platform.engine.support.hierarchical.Node.around(Node.java:137)
	at org.junit.platform.engine.support.hierarchical.NodeTestTask.lambda$executeRecursively$9(NodeTestTask.java:144)
	at org.junit.platform.engine.support.hierarchical.ThrowableCollector.execute(ThrowableCollector.java:73)
	at org.junit.platform.engine.support.hierarchical.NodeTestTask.executeRecursively(NodeTestTask.java:143)
	at org.junit.platform.engine.support.hierarchical.NodeTestTask.execute(NodeTestTask.java:100)
	at java.base/java.util.ArrayList.forEach(ArrayList.java:1511)
	at org.junit.platform.engine.support.hierarchical.SameThreadHierarchicalTestExecutorService.invokeAll(SameThreadHierarchicalTestExecutorService.java:41)
	at org.junit.platform.engine.support.hierarchical.NodeTestTask.lambda$executeRecursively$6(NodeTestTask.java:160)
	at org.junit.platform.engine.support.hierarchical.ThrowableCollector.execute(ThrowableCollector.java:73)
	at org.junit.platform.engine.support.hierarchical.NodeTestTask.lambda$executeRecursively$8(NodeTestTask.java:146)
	at org.junit.platform.engine.support.hierarchical.Node.around(Node.java:137)
	at org.junit.platform.engine.support.hierarchical.NodeTestTask.lambda$executeRecursively$9(NodeTestTask.java:144)
	at org.junit.platform.engine.support.hierarchical.ThrowableCollector.execute(ThrowableCollector.java:73)
	at org.junit.platform.engine.support.hierarchical.NodeTestTask.executeRecursively(NodeTestTask.java:143)
	at org.junit.platform.engine.support.hierarchical.NodeTestTask.execute(NodeTestTask.java:100)
	at java.base/java.util.ArrayList.forEach(ArrayList.java:1511)
	at org.junit.platform.engine.support.hierarchical.SameThreadHierarchicalTestExecutorService.invokeAll(SameThreadHierarchicalTestExecutorService.java:41)
	at org.junit.platform.engine.support.hierarchical.NodeTestTask.lambda$executeRecursively$6(NodeTestTask.java:160)
	at org.junit.platform.engine.support.hierarchical.ThrowableCollector.execute(ThrowableCollector.java:73)
	at org.junit.platform.engine.support.hierarchical.NodeTestTask.lambda$executeRecursively$8(NodeTestTask.java:146)
	at org.junit.platform.engine.support.hierarchical.Node.around(Node.java:137)
	at org.junit.platform.engine.support.hierarchical.NodeTestTask.lambda$executeRecursively$9(NodeTestTask.java:144)
	at org.junit.platform.engine.support.hierarchical.ThrowableCollector.execute(ThrowableCollector.java:73)
	at org.junit.platform.engine.support.hierarchical.NodeTestTask.executeRecursively(NodeTestTask.java:143)
	at org.junit.platform.engine.support.hierarchical.NodeTestTask.execute(NodeTestTask.java:100)
	at org.junit.platform.engine.support.hierarchical.SameThreadHierarchicalTestExecutorService.submit(SameThreadHierarchicalTestExecutorService.java:35)
	at org.junit.platform.engine.support.hierarchical.HierarchicalTestExecutor.execute(HierarchicalTestExecutor.java:57)
	at org.junit.platform.engine.support.hierarchical.HierarchicalTestEngine.execute(HierarchicalTestEngine.java:54)
	at org.junit.platform.launcher.core.EngineExecutionOrchestrator.execute(EngineExecutionOrchestrator.java:201)
	at org.junit.platform.launcher.core.EngineExecutionOrchestrator.execute(EngineExecutionOrchestrator.java:170)
	at org.junit.platform.launcher.core.EngineExecutionOrchestrator.execute(EngineExecutionOrchestrator.java:94)
	at org.junit.platform.launcher.core.EngineExecutionOrchestrator.lambda$execute$0(EngineExecutionOrchestrator.java:59)
	at org.junit.platform.launcher.core.EngineExecutionOrchestrator.withInterceptedStreams(EngineExecutionOrchestrator.java:142)
	at org.junit.platform.launcher.core.EngineExecutionOrchestrator.execute(EngineExecutionOrchestrator.java:58)
	at org.junit.platform.launcher.core.DefaultLauncher.execute(DefaultLauncher.java:103)
	at org.junit.platform.launcher.core.DefaultLauncher.execute(DefaultLauncher.java:85)
	at org.junit.platform.launcher.core.DelegatingLauncher.execute(DelegatingLauncher.java:47)
	at org.junit.platform.launcher.core.InterceptingLauncher.lambda$execute$1(InterceptingLauncher.java:39)
	at org.junit.platform.launcher.core.ClasspathAlignmentCheckingLauncherInterceptor.intercept(ClasspathAlignmentCheckingLauncherInterceptor.java:25)
	at org.junit.platform.launcher.core.InterceptingLauncher.execute(InterceptingLauncher.java:38)
	at org.junit.platform.launcher.core.DelegatingLauncher.execute(DelegatingLauncher.java:47)
	at org.apache.maven.surefire.junitplatform.LauncherAdapter.executeWithoutCancellationToken(LauncherAdapter.java:60)
	at org.apache.maven.surefire.junitplatform.LauncherAdapter.execute(LauncherAdapter.java:52)
	at org.apache.maven.surefire.junitplatform.JUnitPlatformProvider.execute(JUnitPlatformProvider.java:203)
	at org.apache.maven.surefire.junitplatform.JUnitPlatformProvider.invokeAllTests(JUnitPlatformProvider.java:168)
	at org.apache.maven.surefire.junitplatform.JUnitPlatformProvider.invoke(JUnitPlatformProvider.java:136)
	at org.apache.maven.surefire.booter.ForkedBooter.runSuitesInProcess(ForkedBooter.java:385)
	at org.apache.maven.surefire.booter.ForkedBooter.execute(ForkedBooter.java:162)
	at org.apache.maven.surefire.booter.ForkedBooter.run(ForkedBooter.java:507)
	at org.apache.maven.surefire.booter.ForkedBooter.main(ForkedBooter.java:495)
08:06:20.760 [main] INFO io.openfednow.events.KafkaPaymentEventPublisher -- PaymentEvent routed to DLQ type=INBOUND_CREDIT_APPLIED txn=TXN-DLQ-HDR dlqTopic=test.topic.dlq
08:06:20.761 [main] WARN io.openfednow.events.KafkaPaymentEventPublisher -- Kafka publish failed type=INBOUND_CREDIT_APPLIED txn=TXN-METRIC-2 topic=test.topic — routing to DLQ
java.lang.RuntimeException: everything broken
	at io.openfednow.events.KafkaPaymentEventPublisherDlqTest.dlqFailedCounterIncrementsWhenDlqPublishAlsoFails(KafkaPaymentEventPublisherDlqTest.java:140)
	at java.base/jdk.internal.reflect.NativeMethodAccessorImpl.invoke0(Native Method)
	at java.base/jdk.internal.reflect.NativeMethodAccessorImpl.invoke(NativeMethodAccessorImpl.java:77)
	at java.base/jdk.internal.reflect.DelegatingMethodAccessorImpl.invoke(DelegatingMethodAccessorImpl.java:43)
	at java.base/java.lang.reflect.Method.invoke(Method.java:569)
	at org.junit.platform.commons.util.ReflectionUtils.invokeMethod(ReflectionUtils.java:775)
	at org.junit.platform.commons.support.ReflectionSupport.invokeMethod(ReflectionSupport.java:479)
	at org.junit.jupiter.engine.execution.MethodInvocation.proceed(MethodInvocation.java:60)
	at org.junit.jupiter.engine.execution.InvocationInterceptorChain$ValidatingInvocation.proceed(InvocationInterceptorChain.java:131)
	at org.junit.jupiter.engine.extension.TimeoutExtension.intercept(TimeoutExtension.java:161)
	at org.junit.jupiter.engine.extension.TimeoutExtension.interceptTestableMethod(TimeoutExtension.java:152)
	at org.junit.jupiter.engine.extension.TimeoutExtension.interceptTestMethod(TimeoutExtension.java:91)
	at org.junit.jupiter.engine.execution.InterceptingExecutableInvoker$ReflectiveInterceptorCall.lambda$ofVoidMethod$0(InterceptingExecutableInvoker.java:112)
	at org.junit.jupiter.engine.execution.InterceptingExecutableInvoker.lambda$invoke$0(InterceptingExecutableInvoker.java:94)
	at org.junit.jupiter.engine.execution.InvocationInterceptorChain$InterceptedInvocation.proceed(InvocationInterceptorChain.java:106)
	at org.junit.jupiter.engine.execution.InvocationInterceptorChain.proceed(InvocationInterceptorChain.java:64)
	at org.junit.jupiter.engine.execution.InvocationInterceptorChain.chainAndInvoke(InvocationInterceptorChain.java:45)
	at org.junit.jupiter.engine.execution.InvocationInterceptorChain.invoke(InvocationInterceptorChain.java:37)
	at org.junit.jupiter.engine.execution.InterceptingExecutableInvoker.invoke(InterceptingExecutableInvoker.java:93)
	at org.junit.jupiter.engine.execution.InterceptingExecutableInvoker.invoke(InterceptingExecutableInvoker.java:87)
	at org.junit.jupiter.engine.descriptor.TestMethodTestDescriptor.lambda$invokeTestMethod$7(TestMethodTestDescriptor.java:216)
	at org.junit.platform.engine.support.hierarchical.ThrowableCollector.execute(ThrowableCollector.java:73)
	at org.junit.jupiter.engine.descriptor.TestMethodTestDescriptor.invokeTestMethod(TestMethodTestDescriptor.java:212)
	at org.junit.jupiter.engine.descriptor.TestMethodTestDescriptor.execute(TestMethodTestDescriptor.java:137)
	at org.junit.jupiter.engine.descriptor.TestMethodTestDescriptor.execute(TestMethodTestDescriptor.java:69)
	at org.junit.platform.engine.support.hierarchical.NodeTestTask.lambda$executeRecursively$6(NodeTestTask.java:156)
	at org.junit.platform.engine.support.hierarchical.ThrowableCollector.execute(ThrowableCollector.java:73)
	at org.junit.platform.engine.support.hierarchical.NodeTestTask.lambda$executeRecursively$8(NodeTestTask.java:146)
	at org.junit.platform.engine.support.hierarchical.Node.around(Node.java:137)
	at org.junit.platform.engine.support.hierarchical.NodeTestTask.lambda$executeRecursively$9(NodeTestTask.java:144)
	at org.junit.platform.engine.support.hierarchical.ThrowableCollector.execute(ThrowableCollector.java:73)
	at org.junit.platform.engine.support.hierarchical.NodeTestTask.executeRecursively(NodeTestTask.java:143)
	at org.junit.platform.engine.support.hierarchical.NodeTestTask.execute(NodeTestTask.java:100)
	at java.base/java.util.ArrayList.forEach(ArrayList.java:1511)
	at org.junit.platform.engine.support.hierarchical.SameThreadHierarchicalTestExecutorService.invokeAll(SameThreadHierarchicalTestExecutorService.java:41)
	at org.junit.platform.engine.support.hierarchical.NodeTestTask.lambda$executeRecursively$6(NodeTestTask.java:160)
	at org.junit.platform.engine.support.hierarchical.ThrowableCollector.execute(ThrowableCollector.java:73)
	at org.junit.platform.engine.support.hierarchical.NodeTestTask.lambda$executeRecursively$8(NodeTestTask.java:146)
	at org.junit.platform.engine.support.hierarchical.Node.around(Node.java:137)
	at org.junit.platform.engine.support.hierarchical.NodeTestTask.lambda$executeRecursively$9(NodeTestTask.java:144)
	at org.junit.platform.engine.support.hierarchical.ThrowableCollector.execute(ThrowableCollector.java:73)
	at org.junit.platform.engine.support.hierarchical.NodeTestTask.executeRecursively(NodeTestTask.java:143)
	at org.junit.platform.engine.support.hierarchical.NodeTestTask.execute(NodeTestTask.java:100)
	at java.base/java.util.ArrayList.forEach(ArrayList.java:1511)
	at org.junit.platform.engine.support.hierarchical.SameThreadHierarchicalTestExecutorService.invokeAll(SameThreadHierarchicalTestExecutorService.java:41)
	at org.junit.platform.engine.support.hierarchical.NodeTestTask.lambda$executeRecursively$6(NodeTestTask.java:160)
	at org.junit.platform.engine.support.hierarchical.ThrowableCollector.execute(ThrowableCollector.java:73)
	at org.junit.platform.engine.support.hierarchical.NodeTestTask.lambda$executeRecursively$8(NodeTestTask.java:146)
	at org.junit.platform.engine.support.hierarchical.Node.around(Node.java:137)
	at org.junit.platform.engine.support.hierarchical.NodeTestTask.lambda$executeRecursively$9(NodeTestTask.java:144)
	at org.junit.platform.engine.support.hierarchical.ThrowableCollector.execute(ThrowableCollector.java:73)
	at org.junit.platform.engine.support.hierarchical.NodeTestTask.executeRecursively(NodeTestTask.java:143)
	at org.junit.platform.engine.support.hierarchical.NodeTestTask.execute(NodeTestTask.java:100)
	at org.junit.platform.engine.support.hierarchical.SameThreadHierarchicalTestExecutorService.submit(SameThreadHierarchicalTestExecutorService.java:35)
	at org.junit.platform.engine.support.hierarchical.HierarchicalTestExecutor.execute(HierarchicalTestExecutor.java:57)
	at org.junit.platform.engine.support.hierarchical.HierarchicalTestEngine.execute(HierarchicalTestEngine.java:54)
	at org.junit.platform.launcher.core.EngineExecutionOrchestrator.execute(EngineExecutionOrchestrator.java:201)
	at org.junit.platform.launcher.core.EngineExecutionOrchestrator.execute(EngineExecutionOrchestrator.java:170)
	at org.junit.platform.launcher.core.EngineExecutionOrchestrator.execute(EngineExecutionOrchestrator.java:94)
	at org.junit.platform.launcher.core.EngineExecutionOrchestrator.lambda$execute$0(EngineExecutionOrchestrator.java:59)
	at org.junit.platform.launcher.core.EngineExecutionOrchestrator.withInterceptedStreams(EngineExecutionOrchestrator.java:142)
	at org.junit.platform.launcher.core.EngineExecutionOrchestrator.execute(EngineExecutionOrchestrator.java:58)
	at org.junit.platform.launcher.core.DefaultLauncher.execute(DefaultLauncher.java:103)
	at org.junit.platform.launcher.core.DefaultLauncher.execute(DefaultLauncher.java:85)
	at org.junit.platform.launcher.core.DelegatingLauncher.execute(DelegatingLauncher.java:47)
	at org.junit.platform.launcher.core.InterceptingLauncher.lambda$execute$1(InterceptingLauncher.java:39)
	at org.junit.platform.launcher.core.ClasspathAlignmentCheckingLauncherInterceptor.intercept(ClasspathAlignmentCheckingLauncherInterceptor.java:25)
	at org.junit.platform.launcher.core.InterceptingLauncher.execute(InterceptingLauncher.java:38)
	at org.junit.platform.launcher.core.DelegatingLauncher.execute(DelegatingLauncher.java:47)
	at org.apache.maven.surefire.junitplatform.LauncherAdapter.executeWithoutCancellationToken(LauncherAdapter.java:60)
	at org.apache.maven.surefire.junitplatform.LauncherAdapter.execute(LauncherAdapter.java:52)
	at org.apache.maven.surefire.junitplatform.JUnitPlatformProvider.execute(JUnitPlatformProvider.java:203)
	at org.apache.maven.surefire.junitplatform.JUnitPlatformProvider.invokeAllTests(JUnitPlatformProvider.java:168)
	at org.apache.maven.surefire.junitplatform.JUnitPlatformProvider.invoke(JUnitPlatformProvider.java:136)
	at org.apache.maven.surefire.booter.ForkedBooter.runSuitesInProcess(ForkedBooter.java:385)
	at org.apache.maven.surefire.booter.ForkedBooter.execute(ForkedBooter.java:162)
	at org.apache.maven.surefire.booter.ForkedBooter.run(ForkedBooter.java:507)
	at org.apache.maven.surefire.booter.ForkedBooter.main(ForkedBooter.java:495)
08:06:20.762 [main] ERROR io.openfednow.events.KafkaPaymentEventPublisher -- DLQ publish also failed type=INBOUND_CREDIT_APPLIED txn=TXN-METRIC-2 dlqTopic=test.topic.dlq — event dropped
java.lang.RuntimeException: everything broken
	at io.openfednow.events.KafkaPaymentEventPublisherDlqTest.dlqFailedCounterIncrementsWhenDlqPublishAlsoFails(KafkaPaymentEventPublisherDlqTest.java:140)
	at java.base/jdk.internal.reflect.NativeMethodAccessorImpl.invoke0(Native Method)
	at java.base/jdk.internal.reflect.NativeMethodAccessorImpl.invoke(NativeMethodAccessorImpl.java:77)
	at java.base/jdk.internal.reflect.DelegatingMethodAccessorImpl.invoke(DelegatingMethodAccessorImpl.java:43)
	at java.base/java.lang.reflect.Method.invoke(Method.java:569)
	at org.junit.platform.commons.util.ReflectionUtils.invokeMethod(ReflectionUtils.java:775)
	at org.junit.platform.commons.support.ReflectionSupport.invokeMethod(ReflectionSupport.java:479)
	at org.junit.jupiter.engine.execution.MethodInvocation.proceed(MethodInvocation.java:60)
	at org.junit.jupiter.engine.execution.InvocationInterceptorChain$ValidatingInvocation.proceed(InvocationInterceptorChain.java:131)
	at org.junit.jupiter.engine.extension.TimeoutExtension.intercept(TimeoutExtension.java:161)
	at org.junit.jupiter.engine.extension.TimeoutExtension.interceptTestableMethod(TimeoutExtension.java:152)
	at org.junit.jupiter.engine.extension.TimeoutExtension.interceptTestMethod(TimeoutExtension.java:91)
	at org.junit.jupiter.engine.execution.InterceptingExecutableInvoker$ReflectiveInterceptorCall.lambda$ofVoidMethod$0(InterceptingExecutableInvoker.java:112)
	at org.junit.jupiter.engine.execution.InterceptingExecutableInvoker.lambda$invoke$0(InterceptingExecutableInvoker.java:94)
	at org.junit.jupiter.engine.execution.InvocationInterceptorChain$InterceptedInvocation.proceed(InvocationInterceptorChain.java:106)
	at org.junit.jupiter.engine.execution.InvocationInterceptorChain.proceed(InvocationInterceptorChain.java:64)
	at org.junit.jupiter.engine.execution.InvocationInterceptorChain.chainAndInvoke(InvocationInterceptorChain.java:45)
	at org.junit.jupiter.engine.execution.InvocationInterceptorChain.invoke(InvocationInterceptorChain.java:37)
	at org.junit.jupiter.engine.execution.InterceptingExecutableInvoker.invoke(InterceptingExecutableInvoker.java:93)
	at org.junit.jupiter.engine.execution.InterceptingExecutableInvoker.invoke(InterceptingExecutableInvoker.java:87)
	at org.junit.jupiter.engine.descriptor.TestMethodTestDescriptor.lambda$invokeTestMethod$7(TestMethodTestDescriptor.java:216)
	at org.junit.platform.engine.support.hierarchical.ThrowableCollector.execute(ThrowableCollector.java:73)
	at org.junit.jupiter.engine.descriptor.TestMethodTestDescriptor.invokeTestMethod(TestMethodTestDescriptor.java:212)
	at org.junit.jupiter.engine.descriptor.TestMethodTestDescriptor.execute(TestMethodTestDescriptor.java:137)
	at org.junit.jupiter.engine.descriptor.TestMethodTestDescriptor.execute(TestMethodTestDescriptor.java:69)
	at org.junit.platform.engine.support.hierarchical.NodeTestTask.lambda$executeRecursively$6(NodeTestTask.java:156)
	at org.junit.platform.engine.support.hierarchical.ThrowableCollector.execute(ThrowableCollector.java:73)
	at org.junit.platform.engine.support.hierarchical.NodeTestTask.lambda$executeRecursively$8(NodeTestTask.java:146)
	at org.junit.platform.engine.support.hierarchical.Node.around(Node.java:137)
	at org.junit.platform.engine.support.hierarchical.NodeTestTask.lambda$executeRecursively$9(NodeTestTask.java:144)
	at org.junit.platform.engine.support.hierarchical.ThrowableCollector.execute(ThrowableCollector.java:73)
	at org.junit.platform.engine.support.hierarchical.NodeTestTask.executeRecursively(NodeTestTask.java:143)
	at org.junit.platform.engine.support.hierarchical.NodeTestTask.execute(NodeTestTask.java:100)
	at java.base/java.util.ArrayList.forEach(ArrayList.java:1511)
	at org.junit.platform.engine.support.hierarchical.SameThreadHierarchicalTestExecutorService.invokeAll(SameThreadHierarchicalTestExecutorService.java:41)
	at org.junit.platform.engine.support.hierarchical.NodeTestTask.lambda$executeRecursively$6(NodeTestTask.java:160)
	at org.junit.platform.engine.support.hierarchical.ThrowableCollector.execute(ThrowableCollector.java:73)
	at org.junit.platform.engine.support.hierarchical.NodeTestTask.lambda$executeRecursively$8(NodeTestTask.java:146)
	at org.junit.platform.engine.support.hierarchical.Node.around(Node.java:137)
	at org.junit.platform.engine.support.hierarchical.NodeTestTask.lambda$executeRecursively$9(NodeTestTask.java:144)
	at org.junit.platform.engine.support.hierarchical.ThrowableCollector.execute(ThrowableCollector.java:73)
	at org.junit.platform.engine.support.hierarchical.NodeTestTask.executeRecursively(NodeTestTask.java:143)
	at org.junit.platform.engine.support.hierarchical.NodeTestTask.execute(NodeTestTask.java:100)
	at java.base/java.util.ArrayList.forEach(ArrayList.java:1511)
	at org.junit.platform.engine.support.hierarchical.SameThreadHierarchicalTestExecutorService.invokeAll(SameThreadHierarchicalTestExecutorService.java:41)
	at org.junit.platform.engine.support.hierarchical.NodeTestTask.lambda$executeRecursively$6(NodeTestTask.java:160)
	at org.junit.platform.engine.support.hierarchical.ThrowableCollector.execute(ThrowableCollector.java:73)
	at org.junit.platform.engine.support.hierarchical.NodeTestTask.lambda$executeRecursively$8(NodeTestTask.java:146)
	at org.junit.platform.engine.support.hierarchical.Node.around(Node.java:137)
	at org.junit.platform.engine.support.hierarchical.NodeTestTask.lambda$executeRecursively$9(NodeTestTask.java:144)
	at org.junit.platform.engine.support.hierarchical.ThrowableCollector.execute(ThrowableCollector.java:73)
	at org.junit.platform.engine.support.hierarchical.NodeTestTask.executeRecursively(NodeTestTask.java:143)
	at org.junit.platform.engine.support.hierarchical.NodeTestTask.execute(NodeTestTask.java:100)
	at org.junit.platform.engine.support.hierarchical.SameThreadHierarchicalTestExecutorService.submit(SameThreadHierarchicalTestExecutorService.java:35)
	at org.junit.platform.engine.support.hierarchical.HierarchicalTestExecutor.execute(HierarchicalTestExecutor.java:57)
	at org.junit.platform.engine.support.hierarchical.HierarchicalTestEngine.execute(HierarchicalTestEngine.java:54)
	at org.junit.platform.launcher.core.EngineExecutionOrchestrator.execute(EngineExecutionOrchestrator.java:201)
	at org.junit.platform.launcher.core.EngineExecutionOrchestrator.execute(EngineExecutionOrchestrator.java:170)
	at org.junit.platform.launcher.core.EngineExecutionOrchestrator.execute(EngineExecutionOrchestrator.java:94)
	at org.junit.platform.launcher.core.EngineExecutionOrchestrator.lambda$execute$0(EngineExecutionOrchestrator.java:59)
	at org.junit.platform.launcher.core.EngineExecutionOrchestrator.withInterceptedStreams(EngineExecutionOrchestrator.java:142)
	at org.junit.platform.launcher.core.EngineExecutionOrchestrator.execute(EngineExecutionOrchestrator.java:58)
	at org.junit.platform.launcher.core.DefaultLauncher.execute(DefaultLauncher.java:103)
	at org.junit.platform.launcher.core.DefaultLauncher.execute(DefaultLauncher.java:85)
	at org.junit.platform.launcher.core.DelegatingLauncher.execute(DelegatingLauncher.java:47)
	at org.junit.platform.launcher.core.InterceptingLauncher.lambda$execute$1(InterceptingLauncher.java:39)
	at org.junit.platform.launcher.core.ClasspathAlignmentCheckingLauncherInterceptor.intercept(ClasspathAlignmentCheckingLauncherInterceptor.java:25)
	at org.junit.platform.launcher.core.InterceptingLauncher.execute(InterceptingLauncher.java:38)
	at org.junit.platform.launcher.core.DelegatingLauncher.execute(DelegatingLauncher.java:47)
	at org.apache.maven.surefire.junitplatform.LauncherAdapter.executeWithoutCancellationToken(LauncherAdapter.java:60)
	at org.apache.maven.surefire.junitplatform.LauncherAdapter.execute(LauncherAdapter.java:52)
	at org.apache.maven.surefire.junitplatform.JUnitPlatformProvider.execute(JUnitPlatformProvider.java:203)
	at org.apache.maven.surefire.junitplatform.JUnitPlatformProvider.invokeAllTests(JUnitPlatformProvider.java:168)
	at org.apache.maven.surefire.junitplatform.JUnitPlatformProvider.invoke(JUnitPlatformProvider.java:136)
	at org.apache.maven.surefire.booter.ForkedBooter.runSuitesInProcess(ForkedBooter.java:385)
	at org.apache.maven.surefire.booter.ForkedBooter.execute(ForkedBooter.java:162)
	at org.apache.maven.surefire.booter.ForkedBooter.run(ForkedBooter.java:507)
	at org.apache.maven.surefire.booter.ForkedBooter.main(ForkedBooter.java:495)
08:06:20.763 [main] WARN io.openfednow.events.KafkaPaymentEventPublisher -- Kafka publish failed type=INBOUND_CREDIT_APPLIED txn=TXN-DLQ-1 topic=test.topic — routing to DLQ
java.lang.RuntimeException: broker unreachable
	at io.openfednow.events.KafkaPaymentEventPublisherDlqTest.lambda$primaryPublishFailureRoutesToDefaultDlqTopic$0(KafkaPaymentEventPublisherDlqTest.java:57)
	at org.mockito.internal.stubbing.StubbedInvocationMatcher.answer(StubbedInvocationMatcher.java:42)
	at org.mockito.internal.handler.MockHandlerImpl.handle(MockHandlerImpl.java:103)
	at org.mockito.internal.handler.NullResultGuardian.handle(NullResultGuardian.java:29)
	at org.mockito.internal.handler.InvocationNotifierHandler.handle(InvocationNotifierHandler.java:34)
	at org.mockito.internal.creation.bytebuddy.access.MockMethodInterceptor.doIntercept(MockMethodInterceptor.java:84)
	at org.mockito.internal.creation.bytebuddy.access.MockMethodInterceptor.doIntercept(MockMethodInterceptor.java:58)
	at org.mockito.internal.creation.bytebuddy.access.MockMethodInterceptor$DispatcherDefaultingToRealMethod.interceptSuperCallable(MockMethodInterceptor.java:147)
	at org.springframework.kafka.core.KafkaTemplate$MockitoMock$AWKVwVWe.send(Unknown Source)
	at io.openfednow.events.KafkaPaymentEventPublisher.publish(KafkaPaymentEventPublisher.java:127)
	at io.openfednow.events.KafkaPaymentEventPublisherDlqTest.primaryPublishFailureRoutesToDefaultDlqTopic(KafkaPaymentEventPublisherDlqTest.java:61)
	at java.base/jdk.internal.reflect.NativeMethodAccessorImpl.invoke0(Native Method)
	at java.base/jdk.internal.reflect.NativeMethodAccessorImpl.invoke(NativeMethodAccessorImpl.java:77)
	at java.base/jdk.internal.reflect.DelegatingMethodAccessorImpl.invoke(DelegatingMethodAccessorImpl.java:43)
	at java.base/java.lang.reflect.Method.invoke(Method.java:569)
	at org.junit.platform.commons.util.ReflectionUtils.invokeMethod(ReflectionUtils.java:775)
	at org.junit.platform.commons.support.ReflectionSupport.invokeMethod(ReflectionSupport.java:479)
	at org.junit.jupiter.engine.execution.MethodInvocation.proceed(MethodInvocation.java:60)
	at org.junit.jupiter.engine.execution.InvocationInterceptorChain$ValidatingInvocation.proceed(InvocationInterceptorChain.java:131)
	at org.junit.jupiter.engine.extension.TimeoutExtension.intercept(TimeoutExtension.java:161)
	at org.junit.jupiter.engine.extension.TimeoutExtension.interceptTestableMethod(TimeoutExtension.java:152)
	at org.junit.jupiter.engine.extension.TimeoutExtension.interceptTestMethod(TimeoutExtension.java:91)
	at org.junit.jupiter.engine.execution.InterceptingExecutableInvoker$ReflectiveInterceptorCall.lambda$ofVoidMethod$0(InterceptingExecutableInvoker.java:112)
	at org.junit.jupiter.engine.execution.InterceptingExecutableInvoker.lambda$invoke$0(InterceptingExecutableInvoker.java:94)
	at org.junit.jupiter.engine.execution.InvocationInterceptorChain$InterceptedInvocation.proceed(InvocationInterceptorChain.java:106)
	at org.junit.jupiter.engine.execution.InvocationInterceptorChain.proceed(InvocationInterceptorChain.java:64)
	at org.junit.jupiter.engine.execution.InvocationInterceptorChain.chainAndInvoke(InvocationInterceptorChain.java:45)
	at org.junit.jupiter.engine.execution.InvocationInterceptorChain.invoke(InvocationInterceptorChain.java:37)
	at org.junit.jupiter.engine.execution.InterceptingExecutableInvoker.invoke(InterceptingExecutableInvoker.java:93)
	at org.junit.jupiter.engine.execution.InterceptingExecutableInvoker.invoke(InterceptingExecutableInvoker.java:87)
	at org.junit.jupiter.engine.descriptor.TestMethodTestDescriptor.lambda$invokeTestMethod$7(TestMethodTestDescriptor.java:216)
	at org.junit.platform.engine.support.hierarchical.ThrowableCollector.execute(ThrowableCollector.java:73)
	at org.junit.jupiter.engine.descriptor.TestMethodTestDescriptor.invokeTestMethod(TestMethodTestDescriptor.java:212)
	at org.junit.jupiter.engine.descriptor.TestMethodTestDescriptor.execute(TestMethodTestDescriptor.java:137)
	at org.junit.jupiter.engine.descriptor.TestMethodTestDescriptor.execute(TestMethodTestDescriptor.java:69)
	at org.junit.platform.engine.support.hierarchical.NodeTestTask.lambda$executeRecursively$6(NodeTestTask.java:156)
	at org.junit.platform.engine.support.hierarchical.ThrowableCollector.execute(ThrowableCollector.java:73)
	at org.junit.platform.engine.support.hierarchical.NodeTestTask.lambda$executeRecursively$8(NodeTestTask.java:146)
	at org.junit.platform.engine.support.hierarchical.Node.around(Node.java:137)
	at org.junit.platform.engine.support.hierarchical.NodeTestTask.lambda$executeRecursively$9(NodeTestTask.java:144)
	at org.junit.platform.engine.support.hierarchical.ThrowableCollector.execute(ThrowableCollector.java:73)
	at org.junit.platform.engine.support.hierarchical.NodeTestTask.executeRecursively(NodeTestTask.java:143)
	at org.junit.platform.engine.support.hierarchical.NodeTestTask.execute(NodeTestTask.java:100)
	at java.base/java.util.ArrayList.forEach(ArrayList.java:1511)
	at org.junit.platform.engine.support.hierarchical.SameThreadHierarchicalTestExecutorService.invokeAll(SameThreadHierarchicalTestExecutorService.java:41)
	at org.junit.platform.engine.support.hierarchical.NodeTestTask.lambda$executeRecursively$6(NodeTestTask.java:160)
	at org.junit.platform.engine.support.hierarchical.ThrowableCollector.execute(ThrowableCollector.java:73)
	at org.junit.platform.engine.support.hierarchical.NodeTestTask.lambda$executeRecursively$8(NodeTestTask.java:146)
	at org.junit.platform.engine.support.hierarchical.Node.around(Node.java:137)
	at org.junit.platform.engine.support.hierarchical.NodeTestTask.lambda$executeRecursively$9(NodeTestTask.java:144)
	at org.junit.platform.engine.support.hierarchical.ThrowableCollector.execute(ThrowableCollector.java:73)
	at org.junit.platform.engine.support.hierarchical.NodeTestTask.executeRecursively(NodeTestTask.java:143)
	at org.junit.platform.engine.support.hierarchical.NodeTestTask.execute(NodeTestTask.java:100)
	at java.base/java.util.ArrayList.forEach(ArrayList.java:1511)
	at org.junit.platform.engine.support.hierarchical.SameThreadHierarchicalTestExecutorService.invokeAll(SameThreadHierarchicalTestExecutorService.java:41)
	at org.junit.platform.engine.support.hierarchical.NodeTestTask.lambda$executeRecursively$6(NodeTestTask.java:160)
	at org.junit.platform.engine.support.hierarchical.ThrowableCollector.execute(ThrowableCollector.java:73)
	at org.junit.platform.engine.support.hierarchical.NodeTestTask.lambda$executeRecursively$8(NodeTestTask.java:146)
	at org.junit.platform.engine.support.hierarchical.Node.around(Node.java:137)
	at org.junit.platform.engine.support.hierarchical.NodeTestTask.lambda$executeRecursively$9(NodeTestTask.java:144)
	at org.junit.platform.engine.support.hierarchical.ThrowableCollector.execute(ThrowableCollector.java:73)
	at org.junit.platform.engine.support.hierarchical.NodeTestTask.executeRecursively(NodeTestTask.java:143)
	at org.junit.platform.engine.support.hierarchical.NodeTestTask.execute(NodeTestTask.java:100)
	at org.junit.platform.engine.support.hierarchical.SameThreadHierarchicalTestExecutorService.submit(SameThreadHierarchicalTestExecutorService.java:35)
	at org.junit.platform.engine.support.hierarchical.HierarchicalTestExecutor.execute(HierarchicalTestExecutor.java:57)
	at org.junit.platform.engine.support.hierarchical.HierarchicalTestEngine.execute(HierarchicalTestEngine.java:54)
	at org.junit.platform.launcher.core.EngineExecutionOrchestrator.execute(EngineExecutionOrchestrator.java:201)
	at org.junit.platform.launcher.core.EngineExecutionOrchestrator.execute(EngineExecutionOrchestrator.java:170)
	at org.junit.platform.launcher.core.EngineExecutionOrchestrator.execute(EngineExecutionOrchestrator.java:94)
	at org.junit.platform.launcher.core.EngineExecutionOrchestrator.lambda$execute$0(EngineExecutionOrchestrator.java:59)
	at org.junit.platform.launcher.core.EngineExecutionOrchestrator.withInterceptedStreams(EngineExecutionOrchestrator.java:142)
	at org.junit.platform.launcher.core.EngineExecutionOrchestrator.execute(EngineExecutionOrchestrator.java:58)
	at org.junit.platform.launcher.core.DefaultLauncher.execute(DefaultLauncher.java:103)
	at org.junit.platform.launcher.core.DefaultLauncher.execute(DefaultLauncher.java:85)
	at org.junit.platform.launcher.core.DelegatingLauncher.execute(DelegatingLauncher.java:47)
	at org.junit.platform.launcher.core.InterceptingLauncher.lambda$execute$1(InterceptingLauncher.java:39)
	at org.junit.platform.launcher.core.ClasspathAlignmentCheckingLauncherInterceptor.intercept(ClasspathAlignmentCheckingLauncherInterceptor.java:25)
	at org.junit.platform.launcher.core.InterceptingLauncher.execute(InterceptingLauncher.java:38)
	at org.junit.platform.launcher.core.DelegatingLauncher.execute(DelegatingLauncher.java:47)
	at org.apache.maven.surefire.junitplatform.LauncherAdapter.executeWithoutCancellationToken(LauncherAdapter.java:60)
	at org.apache.maven.surefire.junitplatform.LauncherAdapter.execute(LauncherAdapter.java:52)
	at org.apache.maven.surefire.junitplatform.JUnitPlatformProvider.execute(JUnitPlatformProvider.java:203)
	at org.apache.maven.surefire.junitplatform.JUnitPlatformProvider.invokeAllTests(JUnitPlatformProvider.java:168)
	at org.apache.maven.surefire.junitplatform.JUnitPlatformProvider.invoke(JUnitPlatformProvider.java:136)
	at org.apache.maven.surefire.booter.ForkedBooter.runSuitesInProcess(ForkedBooter.java:385)
	at org.apache.maven.surefire.booter.ForkedBooter.execute(ForkedBooter.java:162)
	at org.apache.maven.surefire.booter.ForkedBooter.run(ForkedBooter.java:507)
	at org.apache.maven.surefire.booter.ForkedBooter.main(ForkedBooter.java:495)
08:06:20.763 [main] INFO io.openfednow.events.KafkaPaymentEventPublisher -- PaymentEvent routed to DLQ type=INBOUND_CREDIT_APPLIED txn=TXN-DLQ-1 dlqTopic=test.topic.dlq
08:06:20.764 [main] WARN io.openfednow.events.KafkaPaymentEventPublisher -- Kafka publish failed type=INBOUND_CREDIT_APPLIED txn=TXN-DLQ-HEADERS topic=test.topic — routing to DLQ
java.lang.RuntimeException: fail
	at io.openfednow.events.KafkaPaymentEventPublisherDlqTest.lambda$dlqRecordPreservesSchemaVersionAndEventTypeHeaders$2(KafkaPaymentEventPublisherDlqTest.java:106)
	at org.mockito.internal.stubbing.StubbedInvocationMatcher.answer(StubbedInvocationMatcher.java:42)
	at org.mockito.internal.handler.MockHandlerImpl.handle(MockHandlerImpl.java:103)
	at org.mockito.internal.handler.NullResultGuardian.handle(NullResultGuardian.java:29)
	at org.mockito.internal.handler.InvocationNotifierHandler.handle(InvocationNotifierHandler.java:34)
	at org.mockito.internal.creation.bytebuddy.access.MockMethodInterceptor.doIntercept(MockMethodInterceptor.java:84)
	at org.mockito.internal.creation.bytebuddy.access.MockMethodInterceptor.doIntercept(MockMethodInterceptor.java:58)
	at org.mockito.internal.creation.bytebuddy.access.MockMethodInterceptor$DispatcherDefaultingToRealMethod.interceptSuperCallable(MockMethodInterceptor.java:147)
	at org.springframework.kafka.core.KafkaTemplate$MockitoMock$AWKVwVWe.send(Unknown Source)
	at io.openfednow.events.KafkaPaymentEventPublisher.publish(KafkaPaymentEventPublisher.java:127)
	at io.openfednow.events.KafkaPaymentEventPublisherDlqTest.dlqRecordPreservesSchemaVersionAndEventTypeHeaders(KafkaPaymentEventPublisherDlqTest.java:110)
	at java.base/jdk.internal.reflect.NativeMethodAccessorImpl.invoke0(Native Method)
	at java.base/jdk.internal.reflect.NativeMethodAccessorImpl.invoke(NativeMethodAccessorImpl.java:77)
	at java.base/jdk.internal.reflect.DelegatingMethodAccessorImpl.invoke(DelegatingMethodAccessorImpl.java:43)
	at java.base/java.lang.reflect.Method.invoke(Method.java:569)
	at org.junit.platform.commons.util.ReflectionUtils.invokeMethod(ReflectionUtils.java:775)
	at org.junit.platform.commons.support.ReflectionSupport.invokeMethod(ReflectionSupport.java:479)
	at org.junit.jupiter.engine.execution.MethodInvocation.proceed(MethodInvocation.java:60)
	at org.junit.jupiter.engine.execution.InvocationInterceptorChain$ValidatingInvocation.proceed(InvocationInterceptorChain.java:131)
	at org.junit.jupiter.engine.extension.TimeoutExtension.intercept(TimeoutExtension.java:161)
	at org.junit.jupiter.engine.extension.TimeoutExtension.interceptTestableMethod(TimeoutExtension.java:152)
	at org.junit.jupiter.engine.extension.TimeoutExtension.interceptTestMethod(TimeoutExtension.java:91)
	at org.junit.jupiter.engine.execution.InterceptingExecutableInvoker$ReflectiveInterceptorCall.lambda$ofVoidMethod$0(InterceptingExecutableInvoker.java:112)
	at org.junit.jupiter.engine.execution.InterceptingExecutableInvoker.lambda$invoke$0(InterceptingExecutableInvoker.java:94)
	at org.junit.jupiter.engine.execution.InvocationInterceptorChain$InterceptedInvocation.proceed(InvocationInterceptorChain.java:106)
	at org.junit.jupiter.engine.execution.InvocationInterceptorChain.proceed(InvocationInterceptorChain.java:64)
	at org.junit.jupiter.engine.execution.InvocationInterceptorChain.chainAndInvoke(InvocationInterceptorChain.java:45)
	at org.junit.jupiter.engine.execution.InvocationInterceptorChain.invoke(InvocationInterceptorChain.java:37)
	at org.junit.jupiter.engine.execution.InterceptingExecutableInvoker.invoke(InterceptingExecutableInvoker.java:93)
	at org.junit.jupiter.engine.execution.InterceptingExecutableInvoker.invoke(InterceptingExecutableInvoker.java:87)
	at org.junit.jupiter.engine.descriptor.TestMethodTestDescriptor.lambda$invokeTestMethod$7(TestMethodTestDescriptor.java:216)
	at org.junit.platform.engine.support.hierarchical.ThrowableCollector.execute(ThrowableCollector.java:73)
	at org.junit.jupiter.engine.descriptor.TestMethodTestDescriptor.invokeTestMethod(TestMethodTestDescriptor.java:212)
	at org.junit.jupiter.engine.descriptor.TestMethodTestDescriptor.execute(TestMethodTestDescriptor.java:137)
	at org.junit.jupiter.engine.descriptor.TestMethodTestDescriptor.execute(TestMethodTestDescriptor.java:69)
	at org.junit.platform.engine.support.hierarchical.NodeTestTask.lambda$executeRecursively$6(NodeTestTask.java:156)
	at org.junit.platform.engine.support.hierarchical.ThrowableCollector.execute(ThrowableCollector.java:73)
	at org.junit.platform.engine.support.hierarchical.NodeTestTask.lambda$executeRecursively$8(NodeTestTask.java:146)
	at org.junit.platform.engine.support.hierarchical.Node.around(Node.java:137)
	at org.junit.platform.engine.support.hierarchical.NodeTestTask.lambda$executeRecursively$9(NodeTestTask.java:144)
	at org.junit.platform.engine.support.hierarchical.ThrowableCollector.execute(ThrowableCollector.java:73)
	at org.junit.platform.engine.support.hierarchical.NodeTestTask.executeRecursively(NodeTestTask.java:143)
	at org.junit.platform.engine.support.hierarchical.NodeTestTask.execute(NodeTestTask.java:100)
	at java.base/java.util.ArrayList.forEach(ArrayList.java:1511)
	at org.junit.platform.engine.support.hierarchical.SameThreadHierarchicalTestExecutorService.invokeAll(SameThreadHierarchicalTestExecutorService.java:41)
	at org.junit.platform.engine.support.hierarchical.NodeTestTask.lambda$executeRecursively$6(NodeTestTask.java:160)
	at org.junit.platform.engine.support.hierarchical.ThrowableCollector.execute(ThrowableCollector.java:73)
	at org.junit.platform.engine.support.hierarchical.NodeTestTask.lambda$executeRecursively$8(NodeTestTask.java:146)
	at org.junit.platform.engine.support.hierarchical.Node.around(Node.java:137)
	at org.junit.platform.engine.support.hierarchical.NodeTestTask.lambda$executeRecursively$9(NodeTestTask.java:144)
	at org.junit.platform.engine.support.hierarchical.ThrowableCollector.execute(ThrowableCollector.java:73)
	at org.junit.platform.engine.support.hierarchical.NodeTestTask.executeRecursively(NodeTestTask.java:143)
	at org.junit.platform.engine.support.hierarchical.NodeTestTask.execute(NodeTestTask.java:100)
	at java.base/java.util.ArrayList.forEach(ArrayList.java:1511)
	at org.junit.platform.engine.support.hierarchical.SameThreadHierarchicalTestExecutorService.invokeAll(SameThreadHierarchicalTestExecutorService.java:41)
	at org.junit.platform.engine.support.hierarchical.NodeTestTask.lambda$executeRecursively$6(NodeTestTask.java:160)
	at org.junit.platform.engine.support.hierarchical.ThrowableCollector.execute(ThrowableCollector.java:73)
	at org.junit.platform.engine.support.hierarchical.NodeTestTask.lambda$executeRecursively$8(NodeTestTask.java:146)
	at org.junit.platform.engine.support.hierarchical.Node.around(Node.java:137)
	at org.junit.platform.engine.support.hierarchical.NodeTestTask.lambda$executeRecursively$9(NodeTestTask.java:144)
	at org.junit.platform.engine.support.hierarchical.ThrowableCollector.execute(ThrowableCollector.java:73)
	at org.junit.platform.engine.support.hierarchical.NodeTestTask.executeRecursively(NodeTestTask.java:143)
	at org.junit.platform.engine.support.hierarchical.NodeTestTask.execute(NodeTestTask.java:100)
	at org.junit.platform.engine.support.hierarchical.SameThreadHierarchicalTestExecutorService.submit(SameThreadHierarchicalTestExecutorService.java:35)
	at org.junit.platform.engine.support.hierarchical.HierarchicalTestExecutor.execute(HierarchicalTestExecutor.java:57)
	at org.junit.platform.engine.support.hierarchical.HierarchicalTestEngine.execute(HierarchicalTestEngine.java:54)
	at org.junit.platform.launcher.core.EngineExecutionOrchestrator.execute(EngineExecutionOrchestrator.java:201)
	at org.junit.platform.launcher.core.EngineExecutionOrchestrator.execute(EngineExecutionOrchestrator.java:170)
	at org.junit.platform.launcher.core.EngineExecutionOrchestrator.execute(EngineExecutionOrchestrator.java:94)
	at org.junit.platform.launcher.core.EngineExecutionOrchestrator.lambda$execute$0(EngineExecutionOrchestrator.java:59)
	at org.junit.platform.launcher.core.EngineExecutionOrchestrator.withInterceptedStreams(EngineExecutionOrchestrator.java:142)
	at org.junit.platform.launcher.core.EngineExecutionOrchestrator.execute(EngineExecutionOrchestrator.java:58)
	at org.junit.platform.launcher.core.DefaultLauncher.execute(DefaultLauncher.java:103)
	at org.junit.platform.launcher.core.DefaultLauncher.execute(DefaultLauncher.java:85)
	at org.junit.platform.launcher.core.DelegatingLauncher.execute(DelegatingLauncher.java:47)
	at org.junit.platform.launcher.core.InterceptingLauncher.lambda$execute$1(InterceptingLauncher.java:39)
	at org.junit.platform.launcher.core.ClasspathAlignmentCheckingLauncherInterceptor.intercept(ClasspathAlignmentCheckingLauncherInterceptor.java:25)
	at org.junit.platform.launcher.core.InterceptingLauncher.execute(InterceptingLauncher.java:38)
	at org.junit.platform.launcher.core.DelegatingLauncher.execute(DelegatingLauncher.java:47)
	at org.apache.maven.surefire.junitplatform.LauncherAdapter.executeWithoutCancellationToken(LauncherAdapter.java:60)
	at org.apache.maven.surefire.junitplatform.LauncherAdapter.execute(LauncherAdapter.java:52)
	at org.apache.maven.surefire.junitplatform.JUnitPlatformProvider.execute(JUnitPlatformProvider.java:203)
	at org.apache.maven.surefire.junitplatform.JUnitPlatformProvider.invokeAllTests(JUnitPlatformProvider.java:168)
	at org.apache.maven.surefire.junitplatform.JUnitPlatformProvider.invoke(JUnitPlatformProvider.java:136)
	at org.apache.maven.surefire.booter.ForkedBooter.runSuitesInProcess(ForkedBooter.java:385)
	at org.apache.maven.surefire.booter.ForkedBooter.execute(ForkedBooter.java:162)
	at org.apache.maven.surefire.booter.ForkedBooter.run(ForkedBooter.java:507)
	at org.apache.maven.surefire.booter.ForkedBooter.main(ForkedBooter.java:495)
08:06:20.764 [main] INFO io.openfednow.events.KafkaPaymentEventPublisher -- PaymentEvent routed to DLQ type=INBOUND_CREDIT_APPLIED txn=TXN-DLQ-HEADERS dlqTopic=test.topic.dlq
08:06:20.766 [main] WARN io.openfednow.events.KafkaPaymentEventPublisher -- Kafka publish failed type=INBOUND_CREDIT_APPLIED txn=TXN-CUSTOM-DLQ topic=payments.events — routing to DLQ
java.lang.RuntimeException: fail
	at io.openfednow.events.KafkaPaymentEventPublisherDlqTest.lambda$explicitDlqTopicOverrideIsHonored$4(KafkaPaymentEventPublisherDlqTest.java:176)
	at org.mockito.internal.stubbing.StubbedInvocationMatcher.answer(StubbedInvocationMatcher.java:42)
	at org.mockito.internal.handler.MockHandlerImpl.handle(MockHandlerImpl.java:103)
	at org.mockito.internal.handler.NullResultGuardian.handle(NullResultGuardian.java:29)
	at org.mockito.internal.handler.InvocationNotifierHandler.handle(InvocationNotifierHandler.java:34)
	at org.mockito.internal.creation.bytebuddy.access.MockMethodInterceptor.doIntercept(MockMethodInterceptor.java:84)
	at org.mockito.internal.creation.bytebuddy.access.MockMethodInterceptor.doIntercept(MockMethodInterceptor.java:58)
	at org.mockito.internal.creation.bytebuddy.access.MockMethodInterceptor$DispatcherDefaultingToRealMethod.interceptSuperCallable(MockMethodInterceptor.java:147)
	at org.springframework.kafka.core.KafkaTemplate$MockitoMock$AWKVwVWe.send(Unknown Source)
	at io.openfednow.events.KafkaPaymentEventPublisher.publish(KafkaPaymentEventPublisher.java:127)
	at io.openfednow.events.KafkaPaymentEventPublisherDlqTest.explicitDlqTopicOverrideIsHonored(KafkaPaymentEventPublisherDlqTest.java:180)
	at java.base/jdk.internal.reflect.NativeMethodAccessorImpl.invoke0(Native Method)
	at java.base/jdk.internal.reflect.NativeMethodAccessorImpl.invoke(NativeMethodAccessorImpl.java:77)
	at java.base/jdk.internal.reflect.DelegatingMethodAccessorImpl.invoke(DelegatingMethodAccessorImpl.java:43)
	at java.base/java.lang.reflect.Method.invoke(Method.java:569)
	at org.junit.platform.commons.util.ReflectionUtils.invokeMethod(ReflectionUtils.java:775)
	at org.junit.platform.commons.support.ReflectionSupport.invokeMethod(ReflectionSupport.java:479)
	at org.junit.jupiter.engine.execution.MethodInvocation.proceed(MethodInvocation.java:60)
	at org.junit.jupiter.engine.execution.InvocationInterceptorChain$ValidatingInvocation.proceed(InvocationInterceptorChain.java:131)
	at org.junit.jupiter.engine.extension.TimeoutExtension.intercept(TimeoutExtension.java:161)
	at org.junit.jupiter.engine.extension.TimeoutExtension.interceptTestableMethod(TimeoutExtension.java:152)
	at org.junit.jupiter.engine.extension.TimeoutExtension.interceptTestMethod(TimeoutExtension.java:91)
	at org.junit.jupiter.engine.execution.InterceptingExecutableInvoker$ReflectiveInterceptorCall.lambda$ofVoidMethod$0(InterceptingExecutableInvoker.java:112)
	at org.junit.jupiter.engine.execution.InterceptingExecutableInvoker.lambda$invoke$0(InterceptingExecutableInvoker.java:94)
	at org.junit.jupiter.engine.execution.InvocationInterceptorChain$InterceptedInvocation.proceed(InvocationInterceptorChain.java:106)
	at org.junit.jupiter.engine.execution.InvocationInterceptorChain.proceed(InvocationInterceptorChain.java:64)
	at org.junit.jupiter.engine.execution.InvocationInterceptorChain.chainAndInvoke(InvocationInterceptorChain.java:45)
	at org.junit.jupiter.engine.execution.InvocationInterceptorChain.invoke(InvocationInterceptorChain.java:37)
	at org.junit.jupiter.engine.execution.InterceptingExecutableInvoker.invoke(InterceptingExecutableInvoker.java:93)
	at org.junit.jupiter.engine.execution.InterceptingExecutableInvoker.invoke(InterceptingExecutableInvoker.java:87)
	at org.junit.jupiter.engine.descriptor.TestMethodTestDescriptor.lambda$invokeTestMethod$7(TestMethodTestDescriptor.java:216)
	at org.junit.platform.engine.support.hierarchical.ThrowableCollector.execute(ThrowableCollector.java:73)
	at org.junit.jupiter.engine.descriptor.TestMethodTestDescriptor.invokeTestMethod(TestMethodTestDescriptor.java:212)
	at org.junit.jupiter.engine.descriptor.TestMethodTestDescriptor.execute(TestMethodTestDescriptor.java:137)
	at org.junit.jupiter.engine.descriptor.TestMethodTestDescriptor.execute(TestMethodTestDescriptor.java:69)
	at org.junit.platform.engine.support.hierarchical.NodeTestTask.lambda$executeRecursively$6(NodeTestTask.java:156)
	at org.junit.platform.engine.support.hierarchical.ThrowableCollector.execute(ThrowableCollector.java:73)
	at org.junit.platform.engine.support.hierarchical.NodeTestTask.lambda$executeRecursively$8(NodeTestTask.java:146)
	at org.junit.platform.engine.support.hierarchical.Node.around(Node.java:137)
	at org.junit.platform.engine.support.hierarchical.NodeTestTask.lambda$executeRecursively$9(NodeTestTask.java:144)
	at org.junit.platform.engine.support.hierarchical.ThrowableCollector.execute(ThrowableCollector.java:73)
	at org.junit.platform.engine.support.hierarchical.NodeTestTask.executeRecursively(NodeTestTask.java:143)
	at org.junit.platform.engine.support.hierarchical.NodeTestTask.execute(NodeTestTask.java:100)
	at java.base/java.util.ArrayList.forEach(ArrayList.java:1511)
	at org.junit.platform.engine.support.hierarchical.SameThreadHierarchicalTestExecutorService.invokeAll(SameThreadHierarchicalTestExecutorService.java:41)
	at org.junit.platform.engine.support.hierarchical.NodeTestTask.lambda$executeRecursively$6(NodeTestTask.java:160)
	at org.junit.platform.engine.support.hierarchical.ThrowableCollector.execute(ThrowableCollector.java:73)
	at org.junit.platform.engine.support.hierarchical.NodeTestTask.lambda$executeRecursively$8(NodeTestTask.java:146)
	at org.junit.platform.engine.support.hierarchical.Node.around(Node.java:137)
	at org.junit.platform.engine.support.hierarchical.NodeTestTask.lambda$executeRecursively$9(NodeTestTask.java:144)
	at org.junit.platform.engine.support.hierarchical.ThrowableCollector.execute(ThrowableCollector.java:73)
	at org.junit.platform.engine.support.hierarchical.NodeTestTask.executeRecursively(NodeTestTask.java:143)
	at org.junit.platform.engine.support.hierarchical.NodeTestTask.execute(NodeTestTask.java:100)
	at java.base/java.util.ArrayList.forEach(ArrayList.java:1511)
	at org.junit.platform.engine.support.hierarchical.SameThreadHierarchicalTestExecutorService.invokeAll(SameThreadHierarchicalTestExecutorService.java:41)
	at org.junit.platform.engine.support.hierarchical.NodeTestTask.lambda$executeRecursively$6(NodeTestTask.java:160)
	at org.junit.platform.engine.support.hierarchical.ThrowableCollector.execute(ThrowableCollector.java:73)
	at org.junit.platform.engine.support.hierarchical.NodeTestTask.lambda$executeRecursively$8(NodeTestTask.java:146)
	at org.junit.platform.engine.support.hierarchical.Node.around(Node.java:137)
	at org.junit.platform.engine.support.hierarchical.NodeTestTask.lambda$executeRecursively$9(NodeTestTask.java:144)
	at org.junit.platform.engine.support.hierarchical.ThrowableCollector.execute(ThrowableCollector.java:73)
	at org.junit.platform.engine.support.hierarchical.NodeTestTask.executeRecursively(NodeTestTask.java:143)
	at org.junit.platform.engine.support.hierarchical.NodeTestTask.execute(NodeTestTask.java:100)
	at org.junit.platform.engine.support.hierarchical.SameThreadHierarchicalTestExecutorService.submit(SameThreadHierarchicalTestExecutorService.java:35)
	at org.junit.platform.engine.support.hierarchical.HierarchicalTestExecutor.execute(HierarchicalTestExecutor.java:57)
	at org.junit.platform.engine.support.hierarchical.HierarchicalTestEngine.execute(HierarchicalTestEngine.java:54)
	at org.junit.platform.launcher.core.EngineExecutionOrchestrator.execute(EngineExecutionOrchestrator.java:201)
	at org.junit.platform.launcher.core.EngineExecutionOrchestrator.execute(EngineExecutionOrchestrator.java:170)
	at org.junit.platform.launcher.core.EngineExecutionOrchestrator.execute(EngineExecutionOrchestrator.java:94)
	at org.junit.platform.launcher.core.EngineExecutionOrchestrator.lambda$execute$0(EngineExecutionOrchestrator.java:59)
	at org.junit.platform.launcher.core.EngineExecutionOrchestrator.withInterceptedStreams(EngineExecutionOrchestrator.java:142)
	at org.junit.platform.launcher.core.EngineExecutionOrchestrator.execute(EngineExecutionOrchestrator.java:58)
	at org.junit.platform.launcher.core.DefaultLauncher.execute(DefaultLauncher.java:103)
	at org.junit.platform.launcher.core.DefaultLauncher.execute(DefaultLauncher.java:85)
	at org.junit.platform.launcher.core.DelegatingLauncher.execute(DelegatingLauncher.java:47)
	at org.junit.platform.launcher.core.InterceptingLauncher.lambda$execute$1(InterceptingLauncher.java:39)
	at org.junit.platform.launcher.core.ClasspathAlignmentCheckingLauncherInterceptor.intercept(ClasspathAlignmentCheckingLauncherInterceptor.java:25)
	at org.junit.platform.launcher.core.InterceptingLauncher.execute(InterceptingLauncher.java:38)
	at org.junit.platform.launcher.core.DelegatingLauncher.execute(DelegatingLauncher.java:47)
	at org.apache.maven.surefire.junitplatform.LauncherAdapter.executeWithoutCancellationToken(LauncherAdapter.java:60)
	at org.apache.maven.surefire.junitplatform.LauncherAdapter.execute(LauncherAdapter.java:52)
	at org.apache.maven.surefire.junitplatform.JUnitPlatformProvider.execute(JUnitPlatformProvider.java:203)
	at org.apache.maven.surefire.junitplatform.JUnitPlatformProvider.invokeAllTests(JUnitPlatformProvider.java:168)
	at org.apache.maven.surefire.junitplatform.JUnitPlatformProvider.invoke(JUnitPlatformProvider.java:136)
	at org.apache.maven.surefire.booter.ForkedBooter.runSuitesInProcess(ForkedBooter.java:385)
	at org.apache.maven.surefire.booter.ForkedBooter.execute(ForkedBooter.java:162)
	at org.apache.maven.surefire.booter.ForkedBooter.run(ForkedBooter.java:507)
	at org.apache.maven.surefire.booter.ForkedBooter.main(ForkedBooter.java:495)
08:06:20.766 [main] INFO io.openfednow.events.KafkaPaymentEventPublisher -- PaymentEvent routed to DLQ type=INBOUND_CREDIT_APPLIED txn=TXN-CUSTOM-DLQ dlqTopic=payments.events.dead-letter
[INFO] Tests run: 7, Failures: 0, Errors: 0, Skipped: 0, Time elapsed: 0.011 s -- in io.openfednow.events.KafkaPaymentEventPublisherDlqTest
[INFO] Running io.openfednow.acl.core.CoreBankingHealthIndicatorTest
[INFO] Tests run: 7, Failures: 0, Errors: 0, Skipped: 0, Time elapsed: 0.008 s -- in io.openfednow.acl.core.CoreBankingHealthIndicatorTest
[INFO] Running io.openfednow.acl.core.SyncAsyncBridgeTest
08:06:20.776 [main] INFO io.openfednow.acl.core.SyncAsyncBridge -- Adapter returned TIMEOUT status — provisional acceptance e2e=E2E-001
08:06:20.777 [main] INFO io.openfednow.acl.core.SyncAsyncBridge -- Adapter returned TIMEOUT status — provisional acceptance e2e=E2E-001
08:06:20.778 [main] INFO io.openfednow.acl.core.SyncAsyncBridge -- Transaction registered for async reconciliation transactionId=TXN-001 provisionalStatus=ACSP
[INFO] Tests run: 7, Failures: 0, Errors: 0, Skipped: 0, Time elapsed: 0.004 s -- in io.openfednow.acl.core.SyncAsyncBridgeTest
[INFO] Running io.openfednow.acl.adapters.SandboxAdapterTest
[INFO] Tests run: 15, Failures: 0, Errors: 0, Skipped: 0, Time elapsed: 0.019 s -- in io.openfednow.acl.adapters.SandboxAdapterTest
[INFO] Running io.openfednow.acl.adapters.CircuitBreakerAdapterTest
[INFO] Tests run: 6, Failures: 0, Errors: 0, Skipped: 0, Time elapsed: 0.009 s -- in io.openfednow.acl.adapters.CircuitBreakerAdapterTest
[INFO] Running io.openfednow.acl.adapters.JackHenryReasonCodeMapperTest
[INFO] Tests run: 14, Failures: 0, Errors: 0, Skipped: 0, Time elapsed: 0.001 s -- in io.openfednow.acl.adapters.JackHenryReasonCodeMapperTest
[INFO] Running io.openfednow.acl.adapters.JackHenryAdapterContractTest
08:06:20.874 [main] WARN io.openfednow.acl.adapters.jackhenry.JackHenrySoapClient -- jXchange TrnAdd SOAP error for transaction TXN-CONTRACT-001: Error while extracting response for type [java.lang.String] and content type [application/octet-stream]
08:06:20.917 [main] WARN io.openfednow.acl.adapters.jackhenry.JackHenrySoapClient -- jXchange TrnAdd SOAP error for transaction TXN-CONTRACT-001: Error while extracting response for type [java.lang.String] and content type [application/octet-stream]
[INFO] Tests run: 13, Failures: 0, Errors: 0, Skipped: 0, Time elapsed: 0.113 s -- in io.openfednow.acl.adapters.JackHenryAdapterContractTest
[INFO] Running io.openfednow.acl.adapters.FiservReasonCodeMapperTest
[INFO] Tests run: 12, Failures: 0, Errors: 0, Skipped: 0, Time elapsed: 0.011 s -- in io.openfednow.acl.adapters.FiservReasonCodeMapperTest
[INFO] Running io.openfednow.acl.adapters.VendorReliabilityCapabilityContractTest
[INFO] Tests run: 1, Failures: 0, Errors: 0, Skipped: 0, Time elapsed: 0.008 s -- in io.openfednow.acl.adapters.VendorReliabilityCapabilityContractTest
[INFO] Running io.openfednow.acl.adapters.FisReasonCodeMapperTest
[INFO] Tests run: 12, Failures: 0, Errors: 0, Skipped: 0, Time elapsed: 0.003 s -- in io.openfednow.acl.adapters.FisReasonCodeMapperTest
[INFO] Running io.openfednow.acl.adapters.MockVendorAdapterContractTest
08:06:20.949 [main] INFO io.openfednow.acl.adapters.MockVendorAdapter -- MockVendorAdapter: simulated TIMEOUT for transactionId=TXN-CONTRACT-001
[INFO] Tests run: 22, Failures: 0, Errors: 0, Skipped: 0, Time elapsed: 0.003 s -- in io.openfednow.acl.adapters.MockVendorAdapterContractTest
[INFO] Running io.openfednow.acl.adapters.FisAdapterTest
08:06:20.991 [main] WARN io.openfednow.acl.adapters.fis.FisHttpClient -- FIS health check failed: 503 Service Unavailable: [no body]
08:06:20.997 [main] WARN io.openfednow.acl.adapters.fis.FisHttpClient -- FIS API network error posting transaction TXN-FIS-001: Error while extracting response for type [io.openfednow.acl.adapters.fis.FisTransactionResponse] and content type [application/octet-stream]
[INFO] Tests run: 11, Failures: 0, Errors: 0, Skipped: 0, Time elapsed: 0.064 s -- in io.openfednow.acl.adapters.FisAdapterTest
[INFO] Running io.openfednow.acl.adapters.JackHenryAdapterTest
08:06:21.070 [main] WARN io.openfednow.acl.adapters.jackhenry.JackHenrySoapClient -- jXchange Ping health check failed: 503 Service Unavailable: [no body]
08:06:21.086 [main] WARN io.openfednow.acl.adapters.jackhenry.JackHenrySoapClient -- jXchange TrnAdd SOAP error for transaction TXN-JH-001: Error while extracting response for type [java.lang.String] and content type [application/octet-stream]
[INFO] Tests run: 14, Failures: 0, Errors: 0, Skipped: 0, Time elapsed: 0.078 s -- in io.openfednow.acl.adapters.JackHenryAdapterTest
[INFO] Running io.openfednow.acl.adapters.SandboxAdapterContractTest
[INFO] Tests run: 13, Failures: 0, Errors: 0, Skipped: 0, Time elapsed: 0.002 s -- in io.openfednow.acl.adapters.SandboxAdapterContractTest
[INFO] Running io.openfednow.acl.adapters.FiservAdapterTest
08:06:21.104 [main] WARN io.openfednow.acl.adapters.fiserv.FiservHttpClient -- Fiserv API network error posting transaction TXN-FISERV-001: Error while extracting response for type [io.openfednow.acl.adapters.fiserv.FiservTransactionResponse] and content type [application/octet-stream]
08:06:21.138 [main] WARN io.openfednow.acl.adapters.fiserv.FiservHttpClient -- Fiserv health check failed: 503 Service Unavailable: [no body]
[INFO] Tests run: 12, Failures: 0, Errors: 0, Skipped: 0, Time elapsed: 0.057 s -- in io.openfednow.acl.adapters.FiservAdapterTest
[INFO] Running io.openfednow.acl.adapters.FiservAmountEncoderTest
[INFO] Tests run: 14, Failures: 0, Errors: 0, Skipped: 0, Time elapsed: 0.003 s -- in io.openfednow.acl.adapters.FiservAmountEncoderTest
[INFO] Running io.openfednow.gateway.HttpFedNowClientRetryTest
08:06:21.162 [main] INFO io.openfednow.gateway.HttpFedNowClient -- Submitting pacs.008 to FedNow endpoint=http://localhost:53350/transfers
08:06:21.166 [main] INFO io.openfednow.gateway.HttpFedNowClient -- Submitting pacs.008 to FedNow endpoint=http://localhost:53350/transfers
08:06:21.171 [main] INFO io.openfednow.gateway.HttpFedNowClient -- Submitting pacs.008 to FedNow endpoint=http://localhost:53350/transfers
08:06:21.175 [main] INFO io.openfednow.gateway.HttpFedNowClient -- Submitting pacs.008 to FedNow endpoint=http://localhost:53350/transfers
08:06:21.178 [main] INFO io.openfednow.gateway.HttpFedNowClient -- Submitting pacs.008 to FedNow endpoint=http://localhost:53350/transfers
08:06:21.181 [main] INFO io.openfednow.gateway.HttpFedNowClient -- Submitting synthetic pacs.004-shaped return endpoint=http://localhost:53350/returns returnId=RETURN-001
08:06:22.188 [main] INFO io.openfednow.gateway.HttpFedNowClient -- Submitting pacs.008 to FedNow endpoint=http://localhost:53350/transfers
[INFO] Tests run: 7, Failures: 0, Errors: 0, Skipped: 0, Time elapsed: 1.233 s -- in io.openfednow.gateway.HttpFedNowClientRetryTest
[INFO] Running io.openfednow.gateway.signing.JwsWireIntegrationTest
08:06:22.545 [main] INFO io.openfednow.gateway.HttpFedNowClient -- Submitting pacs.008 to FedNow endpoint=http://localhost:53355/transfers
08:06:22.548 [main] INFO io.openfednow.gateway.HttpFedNowClient -- FedNow outbound signing active — every submission carries X-JWS-Signature
08:06:22.549 [main] INFO io.openfednow.gateway.HttpFedNowClient -- Submitting pacs.008 to FedNow endpoint=http://localhost:53355/transfers
[INFO] Tests run: 2, Failures: 0, Errors: 0, Skipped: 0, Time elapsed: 0.167 s -- in io.openfednow.gateway.signing.JwsWireIntegrationTest
[INFO] Running io.openfednow.gateway.signing.FedNowJwsSigningTest
[INFO] Tests run: 15, Failures: 0, Errors: 0, Skipped: 0, Time elapsed: 0.129 s -- in io.openfednow.gateway.signing.FedNowJwsSigningTest
[INFO] Running io.openfednow.gateway.signing.JwsInboundVerificationFilterTest
08:06:22.803 [main] WARN io.openfednow.gateway.signing.JwsInboundVerificationFilter -- Inbound JWS verification failed uri=/fednow/receive reason=Missing JWS signature header
08:06:22.805 [main] WARN io.openfednow.gateway.signing.JwsInboundVerificationFilter -- Inbound JWS verification failed uri=/fednow/receive reason=No public key configured for kid=some-other-kid
08:06:22.806 [main] WARN io.openfednow.gateway.signing.JwsInboundVerificationFilter -- Inbound JWS verification failed uri=/fednow/receive reason=JWS signature verification failed for kid=filter-test-key
[INFO] Tests run: 7, Failures: 0, Errors: 0, Skipped: 0, Time elapsed: 0.121 s -- in io.openfednow.gateway.signing.JwsInboundVerificationFilterTest
[INFO] Running io.openfednow.gateway.MessageRouterScreeningPolicyTest
08:06:22.823 [main] INFO io.openfednow.gateway.MessageRouter -- Inbound credit transfer received amount=10.00 currency=USD sourceRail=FEDNOW
08:06:22.823 [main] WARN io.openfednow.gateway.MessageRouter -- Screening unavailable e2e=E2E-SCREEN cause=invalid result failOpen=false
08:06:22.824 [main] INFO io.openfednow.gateway.MessageRouter -- Outbound credit transfer received amount=10.00 currency=USD
08:06:22.824 [main] WARN io.openfednow.gateway.MessageRouter -- Screening unavailable e2e=E2E-SCREEN cause=invalid result failOpen=false
08:06:22.826 [main] INFO io.openfednow.gateway.MessageRouter -- Outbound credit transfer received amount=10.00 currency=USD
08:06:22.929 [main] WARN io.openfednow.gateway.MessageRouter -- Screening unavailable e2e=E2E-SCREEN cause=timeout failOpen=true
08:06:22.929 [main] INFO io.openfednow.gateway.MessageRouter -- Outbound payment rejected: insufficient funds account=************BTOR available=0 requested=10.00
08:06:22.930 [main] INFO io.openfednow.gateway.MessageRouter -- Outbound credit transfer received amount=10.00 currency=USD
08:06:22.931 [main] WARN io.openfednow.gateway.MessageRouter -- Screening unavailable e2e=E2E-SCREEN cause=service error failOpen=true
08:06:22.931 [main] INFO io.openfednow.gateway.MessageRouter -- Outbound payment rejected: insufficient funds account=************BTOR available=0 requested=10.00
08:06:22.932 [main] INFO io.openfednow.gateway.MessageRouter -- Inbound credit transfer received amount=10.00 currency=USD sourceRail=FEDNOW
08:06:22.933 [main] INFO io.openfednow.gateway.MessageRouter -- Outbound credit transfer received amount=10.00 currency=USD
08:06:22.934 [main] INFO io.openfednow.gateway.MessageRouter -- Outbound credit transfer received amount=10.00 currency=USD
08:06:22.934 [main] WARN io.openfednow.gateway.MessageRouter -- Screening unavailable e2e=E2E-SCREEN cause=service error failOpen=false
08:06:22.935 [main] INFO io.openfednow.gateway.MessageRouter -- Inbound credit transfer received amount=10.00 currency=USD sourceRail=FEDNOW
08:06:23.036 [main] WARN io.openfednow.gateway.MessageRouter -- Screening unavailable e2e=E2E-SCREEN cause=timeout failOpen=false
08:06:23.037 [main] INFO io.openfednow.gateway.MessageRouter -- Outbound credit transfer received amount=10.00 currency=USD
08:06:23.139 [main] WARN io.openfednow.gateway.MessageRouter -- Screening unavailable e2e=E2E-SCREEN cause=timeout failOpen=false
08:06:23.141 [main] INFO io.openfednow.gateway.MessageRouter -- Inbound credit transfer received amount=10.00 currency=USD sourceRail=FEDNOW
08:06:23.141 [main] WARN io.openfednow.gateway.MessageRouter -- Screening unavailable e2e=E2E-SCREEN cause=service error failOpen=false
08:06:23.142 [main] INFO io.openfednow.gateway.MessageRouter -- Outbound credit transfer received amount=10.00 currency=USD
08:06:23.143 [main] WARN io.openfednow.gateway.MessageRouter -- Screening unavailable e2e=E2E-SCREEN cause=service error failOpen=false
[INFO] Tests run: 11, Failures: 0, Errors: 0, Skipped: 0, Time elapsed: 0.334 s -- in io.openfednow.gateway.MessageRouterScreeningPolicyTest
[INFO] Running io.openfednow.gateway.FedNowReturnEndpointTest
08:06:23.187 [main] INFO org.hibernate.validator.internal.util.Version -- HV000001: Hibernate Validator 8.0.3.Final
08:06:23.292 [main] INFO org.springframework.mock.web.MockServletContext -- Initializing Spring TestDispatcherServlet ''
08:06:23.292 [main] INFO org.springframework.test.web.servlet.TestDispatcherServlet -- Initializing Servlet ''
08:06:23.292 [main] INFO org.springframework.test.web.servlet.TestDispatcherServlet -- Completed initialization in 0 ms
08:06:23.333 [main] INFO org.springframework.mock.web.MockServletContext -- Initializing Spring TestDispatcherServlet ''
08:06:23.333 [main] INFO org.springframework.test.web.servlet.TestDispatcherServlet -- Initializing Servlet ''
08:06:23.333 [main] INFO org.springframework.test.web.servlet.TestDispatcherServlet -- Completed initialization in 0 ms
08:06:23.341 [main] INFO org.springframework.mock.web.MockServletContext -- Initializing Spring TestDispatcherServlet ''
08:06:23.341 [main] INFO org.springframework.test.web.servlet.TestDispatcherServlet -- Initializing Servlet ''
08:06:23.341 [main] INFO org.springframework.test.web.servlet.TestDispatcherServlet -- Completed initialization in 0 ms
[INFO] Tests run: 3, Failures: 0, Errors: 0, Skipped: 0, Time elapsed: 0.212 s -- in io.openfednow.gateway.FedNowReturnEndpointTest
[INFO] Running io.openfednow.gateway.CorrelationFilterTest
[INFO] Tests run: 7, Failures: 0, Errors: 0, Skipped: 0, Time elapsed: 0.002 s -- in io.openfednow.gateway.CorrelationFilterTest
[INFO] Running io.openfednow.gateway.ratelimit.RateLimitFilterTest
08:06:23.362 [main] WARN io.openfednow.gateway.ratelimit.RateLimitFilter -- Rate limit exceeded clientId=1.2.3.4 path=/fednow/receive limitPerSecond=1
08:06:23.362 [main] WARN io.openfednow.gateway.ratelimit.RateLimitFilter -- Rate limit exceeded clientId=1.2.3.4 path=/fednow/receive limitPerSecond=1
08:06:23.362 [main] WARN io.openfednow.gateway.ratelimit.RateLimitFilter -- Rate limit exceeded clientId=1.2.3.4 path=/fednow/receive limitPerSecond=1
08:06:23.363 [main] WARN io.openfednow.gateway.ratelimit.RateLimitFilter -- Rate limit exceeded clientId=1.2.3.4 path=/fednow/receive limitPerSecond=1
08:06:23.363 [main] WARN io.openfednow.gateway.ratelimit.RateLimitFilter -- Rate limit exceeded clientId=3.3.3.3 path=/rtp/send limitPerSecond=1
08:06:23.363 [main] WARN io.openfednow.gateway.ratelimit.RateLimitFilter -- Rate limit exceeded clientId=1.2.3.4 path=/fednow/receive limitPerSecond=1
08:06:23.364 [main] WARN io.openfednow.gateway.ratelimit.RateLimitFilter -- Rate limit exceeded clientId=1.1.1.1 path=/fednow/receive limitPerSecond=1
[INFO] Tests run: 18, Failures: 0, Errors: 0, Skipped: 0, Time elapsed: 0.005 s -- in io.openfednow.gateway.ratelimit.RateLimitFilterTest
[INFO] Running io.openfednow.gateway.UncertainSubmissionReproducerTest
08:06:23.369 [main] INFO io.openfednow.gateway.MessageRouter -- Outbound credit transfer received amount=10.00 currency=USD
08:06:23.369 [main] INFO io.openfednow.gateway.HttpFedNowClient -- Submitting pacs.008 to FedNow endpoint=http://localhost:53357/transfers
08:06:24.372 [main] ERROR io.openfednow.gateway.MessageRouter -- FedNow outcome unknown; reservation retained sagaId=SAGA-UNCERTAIN
io.openfednow.gateway.SubmissionOutcomeUnknownException: Payment submission outcome unknown
	at io.openfednow.gateway.HttpFedNowClient.submitCreditTransfer(HttpFedNowClient.java:116)
	at io.openfednow.gateway.MessageRouter.routeOutbound(MessageRouter.java:433)
	at io.openfednow.gateway.UncertainSubmissionReproducerTest.delayedAcceptanceRetainsReservationAndNeedsReview(UncertainSubmissionReproducerTest.java:56)
	at java.base/jdk.internal.reflect.NativeMethodAccessorImpl.invoke0(Native Method)
	at java.base/jdk.internal.reflect.NativeMethodAccessorImpl.invoke(NativeMethodAccessorImpl.java:77)
	at java.base/jdk.internal.reflect.DelegatingMethodAccessorImpl.invoke(DelegatingMethodAccessorImpl.java:43)
	at java.base/java.lang.reflect.Method.invoke(Method.java:569)
	at org.junit.platform.commons.util.ReflectionUtils.invokeMethod(ReflectionUtils.java:775)
	at org.junit.platform.commons.support.ReflectionSupport.invokeMethod(ReflectionSupport.java:479)
	at org.junit.jupiter.engine.execution.MethodInvocation.proceed(MethodInvocation.java:60)
	at org.junit.jupiter.engine.execution.InvocationInterceptorChain$ValidatingInvocation.proceed(InvocationInterceptorChain.java:131)
	at org.junit.jupiter.engine.extension.TimeoutExtension.intercept(TimeoutExtension.java:161)
	at org.junit.jupiter.engine.extension.TimeoutExtension.interceptTestableMethod(TimeoutExtension.java:152)
	at org.junit.jupiter.engine.extension.TimeoutExtension.interceptTestMethod(TimeoutExtension.java:91)
	at org.junit.jupiter.engine.execution.InterceptingExecutableInvoker$ReflectiveInterceptorCall.lambda$ofVoidMethod$0(InterceptingExecutableInvoker.java:112)
	at org.junit.jupiter.engine.execution.InterceptingExecutableInvoker.lambda$invoke$0(InterceptingExecutableInvoker.java:94)
	at org.junit.jupiter.engine.execution.InvocationInterceptorChain$InterceptedInvocation.proceed(InvocationInterceptorChain.java:106)
	at org.junit.jupiter.engine.execution.InvocationInterceptorChain.proceed(InvocationInterceptorChain.java:64)
	at org.junit.jupiter.engine.execution.InvocationInterceptorChain.chainAndInvoke(InvocationInterceptorChain.java:45)
	at org.junit.jupiter.engine.execution.InvocationInterceptorChain.invoke(InvocationInterceptorChain.java:37)
	at org.junit.jupiter.engine.execution.InterceptingExecutableInvoker.invoke(InterceptingExecutableInvoker.java:93)
	at org.junit.jupiter.engine.execution.InterceptingExecutableInvoker.invoke(InterceptingExecutableInvoker.java:87)
	at org.junit.jupiter.engine.descriptor.TestMethodTestDescriptor.lambda$invokeTestMethod$7(TestMethodTestDescriptor.java:216)
	at org.junit.platform.engine.support.hierarchical.ThrowableCollector.execute(ThrowableCollector.java:73)
	at org.junit.jupiter.engine.descriptor.TestMethodTestDescriptor.invokeTestMethod(TestMethodTestDescriptor.java:212)
	at org.junit.jupiter.engine.descriptor.TestMethodTestDescriptor.execute(TestMethodTestDescriptor.java:137)
	at org.junit.jupiter.engine.descriptor.TestMethodTestDescriptor.execute(TestMethodTestDescriptor.java:69)
	at org.junit.platform.engine.support.hierarchical.NodeTestTask.lambda$executeRecursively$6(NodeTestTask.java:156)
	at org.junit.platform.engine.support.hierarchical.ThrowableCollector.execute(ThrowableCollector.java:73)
	at org.junit.platform.engine.support.hierarchical.NodeTestTask.lambda$executeRecursively$8(NodeTestTask.java:146)
	at org.junit.platform.engine.support.hierarchical.Node.around(Node.java:137)
	at org.junit.platform.engine.support.hierarchical.NodeTestTask.lambda$executeRecursively$9(NodeTestTask.java:144)
	at org.junit.platform.engine.support.hierarchical.ThrowableCollector.execute(ThrowableCollector.java:73)
	at org.junit.platform.engine.support.hierarchical.NodeTestTask.executeRecursively(NodeTestTask.java:143)
	at org.junit.platform.engine.support.hierarchical.NodeTestTask.execute(NodeTestTask.java:100)
	at java.base/java.util.ArrayList.forEach(ArrayList.java:1511)
	at org.junit.platform.engine.support.hierarchical.SameThreadHierarchicalTestExecutorService.invokeAll(SameThreadHierarchicalTestExecutorService.java:41)
	at org.junit.platform.engine.support.hierarchical.NodeTestTask.lambda$executeRecursively$6(NodeTestTask.java:160)
	at org.junit.platform.engine.support.hierarchical.ThrowableCollector.execute(ThrowableCollector.java:73)
	at org.junit.platform.engine.support.hierarchical.NodeTestTask.lambda$executeRecursively$8(NodeTestTask.java:146)
	at org.junit.platform.engine.support.hierarchical.Node.around(Node.java:137)
	at org.junit.platform.engine.support.hierarchical.NodeTestTask.lambda$executeRecursively$9(NodeTestTask.java:144)
	at org.junit.platform.engine.support.hierarchical.ThrowableCollector.execute(ThrowableCollector.java:73)
	at org.junit.platform.engine.support.hierarchical.NodeTestTask.executeRecursively(NodeTestTask.java:143)
	at org.junit.platform.engine.support.hierarchical.NodeTestTask.execute(NodeTestTask.java:100)
	at java.base/java.util.ArrayList.forEach(ArrayList.java:1511)
	at org.junit.platform.engine.support.hierarchical.SameThreadHierarchicalTestExecutorService.invokeAll(SameThreadHierarchicalTestExecutorService.java:41)
	at org.junit.platform.engine.support.hierarchical.NodeTestTask.lambda$executeRecursively$6(NodeTestTask.java:160)
	at org.junit.platform.engine.support.hierarchical.ThrowableCollector.execute(ThrowableCollector.java:73)
	at org.junit.platform.engine.support.hierarchical.NodeTestTask.lambda$executeRecursively$8(NodeTestTask.java:146)
	at org.junit.platform.engine.support.hierarchical.Node.around(Node.java:137)
	at org.junit.platform.engine.support.hierarchical.NodeTestTask.lambda$executeRecursively$9(NodeTestTask.java:144)
	at org.junit.platform.engine.support.hierarchical.ThrowableCollector.execute(ThrowableCollector.java:73)
	at org.junit.platform.engine.support.hierarchical.NodeTestTask.executeRecursively(NodeTestTask.java:143)
	at org.junit.platform.engine.support.hierarchical.NodeTestTask.execute(NodeTestTask.java:100)
	at org.junit.platform.engine.support.hierarchical.SameThreadHierarchicalTestExecutorService.submit(SameThreadHierarchicalTestExecutorService.java:35)
	at org.junit.platform.engine.support.hierarchical.HierarchicalTestExecutor.execute(HierarchicalTestExecutor.java:57)
	at org.junit.platform.engine.support.hierarchical.HierarchicalTestEngine.execute(HierarchicalTestEngine.java:54)
	at org.junit.platform.launcher.core.EngineExecutionOrchestrator.execute(EngineExecutionOrchestrator.java:201)
	at org.junit.platform.launcher.core.EngineExecutionOrchestrator.execute(EngineExecutionOrchestrator.java:170)
	at org.junit.platform.launcher.core.EngineExecutionOrchestrator.execute(EngineExecutionOrchestrator.java:94)
	at org.junit.platform.launcher.core.EngineExecutionOrchestrator.lambda$execute$0(EngineExecutionOrchestrator.java:59)
	at org.junit.platform.launcher.core.EngineExecutionOrchestrator.withInterceptedStreams(EngineExecutionOrchestrator.java:142)
	at org.junit.platform.launcher.core.EngineExecutionOrchestrator.execute(EngineExecutionOrchestrator.java:58)
	at org.junit.platform.launcher.core.DefaultLauncher.execute(DefaultLauncher.java:103)
	at org.junit.platform.launcher.core.DefaultLauncher.execute(DefaultLauncher.java:85)
	at org.junit.platform.launcher.core.DelegatingLauncher.execute(DelegatingLauncher.java:47)
	at org.junit.platform.launcher.core.InterceptingLauncher.lambda$execute$1(InterceptingLauncher.java:39)
	at org.junit.platform.launcher.core.ClasspathAlignmentCheckingLauncherInterceptor.intercept(ClasspathAlignmentCheckingLauncherInterceptor.java:25)
	at org.junit.platform.launcher.core.InterceptingLauncher.execute(InterceptingLauncher.java:38)
	at org.junit.platform.launcher.core.DelegatingLauncher.execute(DelegatingLauncher.java:47)
	at org.apache.maven.surefire.junitplatform.LauncherAdapter.executeWithoutCancellationToken(LauncherAdapter.java:60)
	at org.apache.maven.surefire.junitplatform.LauncherAdapter.execute(LauncherAdapter.java:52)
	at org.apache.maven.surefire.junitplatform.JUnitPlatformProvider.execute(JUnitPlatformProvider.java:203)
	at org.apache.maven.surefire.junitplatform.JUnitPlatformProvider.invokeAllTests(JUnitPlatformProvider.java:168)
	at org.apache.maven.surefire.junitplatform.JUnitPlatformProvider.invoke(JUnitPlatformProvider.java:136)
	at org.apache.maven.surefire.booter.ForkedBooter.runSuitesInProcess(ForkedBooter.java:385)
	at org.apache.maven.surefire.booter.ForkedBooter.execute(ForkedBooter.java:162)
	at org.apache.maven.surefire.booter.ForkedBooter.run(ForkedBooter.java:507)
	at org.apache.maven.surefire.booter.ForkedBooter.main(ForkedBooter.java:495)
Caused by: org.springframework.web.client.ResourceAccessException: I/O error on POST request for "http://localhost:53357/transfers": Read timed out
	at org.springframework.web.client.RestTemplate.createResourceAccessException(RestTemplate.java:926)
	at org.springframework.web.client.RestTemplate.doExecute(RestTemplate.java:906)
	at org.springframework.web.client.RestTemplate.execute(RestTemplate.java:801)
	at org.springframework.web.client.RestTemplate.postForObject(RestTemplate.java:518)
	at io.openfednow.gateway.HttpFedNowClient.submitCreditTransfer(HttpFedNowClient.java:110)
	... 79 common frames omitted
Caused by: java.net.SocketTimeoutException: Read timed out
	at java.base/sun.nio.ch.NioSocketImpl.timedRead(NioSocketImpl.java:288)
	at java.base/sun.nio.ch.NioSocketImpl.implRead(NioSocketImpl.java:314)
	at java.base/sun.nio.ch.NioSocketImpl.read(NioSocketImpl.java:355)
	at java.base/sun.nio.ch.NioSocketImpl$1.read(NioSocketImpl.java:808)
	at java.base/java.net.Socket$SocketInputStream.read(Socket.java:966)
	at java.base/java.io.BufferedInputStream.fill(BufferedInputStream.java:244)
	at java.base/java.io.BufferedInputStream.read1(BufferedInputStream.java:284)
	at java.base/java.io.BufferedInputStream.read(BufferedInputStream.java:343)
	at java.base/sun.net.www.http.HttpClient.parseHTTPHeader(HttpClient.java:834)
	at java.base/sun.net.www.http.HttpClient.parseHTTP(HttpClient.java:769)
	at java.base/sun.net.www.protocol.http.HttpURLConnection.getInputStream0(HttpURLConnection.java:1750)
	at java.base/sun.net.www.protocol.http.HttpURLConnection.getInputStream(HttpURLConnection.java:1644)
	at java.base/java.net.HttpURLConnection.getResponseCode(HttpURLConnection.java:529)
	at org.springframework.http.client.SimpleClientHttpResponse.getStatusCode(SimpleClientHttpResponse.java:56)
	at org.springframework.web.client.DefaultResponseErrorHandler.hasError(DefaultResponseErrorHandler.java:84)
	at org.springframework.web.client.RestTemplate.handleResponse(RestTemplate.java:942)
	at org.springframework.web.client.RestTemplate.doExecute(RestTemplate.java:902)
	... 82 common frames omitted
[INFO] Tests run: 1, Failures: 0, Errors: 0, Skipped: 0, Time elapsed: 1.512 s -- in io.openfednow.gateway.UncertainSubmissionReproducerTest
[INFO] Running io.openfednow.gateway.MessageRouterCurrencyGuardTest
08:06:24.880 [main] INFO io.openfednow.gateway.MessageRouter -- Inbound credit transfer received amount=100.00 currency=EUR sourceRail=FEDNOW
08:06:24.880 [main] INFO io.openfednow.gateway.MessageRouter -- Inbound rejected: currency EUR not supported by rail FEDNOW
08:06:24.882 [main] INFO io.openfednow.gateway.MessageRouter -- Outbound credit transfer received amount=100.00 currency=GBP
08:06:24.882 [main] INFO io.openfednow.gateway.MessageRouter -- Outbound rejected: currency GBP not supported by rail FEDNOW
08:06:24.884 [main] INFO io.openfednow.gateway.MessageRouter -- Outbound credit transfer received amount=100.00 currency=GBP
08:06:24.885 [main] INFO io.openfednow.gateway.MessageRouter -- Outbound rejected: currency GBP not supported by rail FEDNOW
08:06:24.885 [main] INFO io.openfednow.gateway.MessageRouter -- Inbound credit transfer received amount=100.00 currency=USD sourceRail=RTP
08:06:24.885 [main] INFO io.openfednow.gateway.MessageRouter -- Duplicate inbound payment suppressed e2e=E2E-CURR-TEST
08:06:24.886 [main] INFO io.openfednow.gateway.MessageRouter -- Inbound credit transfer received amount=100.00 currency=USD sourceRail=FEDNOW
08:06:24.886 [main] INFO io.openfednow.gateway.MessageRouter -- Duplicate inbound payment suppressed e2e=E2E-CURR-TEST
08:06:24.887 [main] INFO io.openfednow.gateway.MessageRouter -- Inbound credit transfer received amount=100.00 currency=EUR sourceRail=FEDNOW
08:06:24.887 [main] INFO io.openfednow.gateway.MessageRouter -- Inbound rejected: currency EUR not supported by rail FEDNOW
[INFO] Tests run: 6, Failures: 0, Errors: 0, Skipped: 0, Time elapsed: 0.009 s -- in io.openfednow.gateway.MessageRouterCurrencyGuardTest
[INFO] Running io.openfednow.gateway.MessageRouterBridgeSendsGuardTest
08:06:24.888 [main] INFO io.openfednow.gateway.MessageRouter -- Outbound credit transfer received amount=100.00 currency=USD
08:06:24.889 [main] INFO io.openfednow.gateway.MessageRouter -- Duplicate outbound payment suppressed e2e=E2E-COMPLETED
08:06:24.889 [main] INFO io.openfednow.gateway.MessageRouter -- Outbound credit transfer received amount=100.00 currency=USD
08:06:24.889 [main] WARN io.openfednow.gateway.MessageRouter -- Bridge-mode sends disabled by configuration — rejecting outbound during maintenance window e2e=E2E-SHORT
08:06:24.890 [main] INFO io.openfednow.gateway.MessageRouter -- Outbound credit transfer received amount=100.00 currency=USD
08:06:24.890 [main] INFO io.openfednow.gateway.MessageRouter -- Duplicate outbound payment suppressed e2e=E2E-GUARD-2
08:06:24.891 [main] INFO io.openfednow.gateway.MessageRouter -- Outbound credit transfer received amount=100.00 currency=USD
08:06:24.891 [main] INFO io.openfednow.gateway.MessageRouter -- Duplicate outbound payment suppressed e2e=E2E-GUARD-1
08:06:24.892 [main] INFO io.openfednow.gateway.MessageRouter -- Outbound credit transfer received amount=100.00 currency=USD
08:06:24.892 [main] WARN io.openfednow.gateway.MessageRouter -- Bridge-mode sends disabled by configuration — rejecting outbound during maintenance window e2e=E2E-GUARD-3
08:06:24.893 [main] INFO io.openfednow.gateway.MessageRouter -- Outbound credit transfer received amount=100.00 currency=USD
08:06:24.893 [main] WARN io.openfednow.gateway.MessageRouter -- Bridge-mode sends disabled by configuration — rejecting outbound during maintenance window e2e=E2E-METRIC-A
08:06:24.894 [main] INFO io.openfednow.gateway.MessageRouter -- Outbound credit transfer received amount=100.00 currency=USD
08:06:24.894 [main] WARN io.openfednow.gateway.MessageRouter -- Bridge-mode sends disabled by configuration — rejecting outbound during maintenance window e2e=E2E-METRIC-B
[INFO] Tests run: 6, Failures: 0, Errors: 0, Skipped: 0, Time elapsed: 0.006 s -- in io.openfednow.gateway.MessageRouterBridgeSendsGuardTest
[INFO] Running io.openfednow.gateway.RtpXmlParserTest
[Fatal Error] :1:1: Premature end of file.
[Fatal Error] :1:12: Attribute name "valid" associated with an element type "not" must be followed by the ' = ' character.
[Fatal Error] :2:10: DOCTYPE is disallowed when the feature "http://apache.org/xml/features/disallow-doctype-decl" set to true.
[INFO] Tests run: 21, Failures: 0, Errors: 0, Skipped: 0, Time elapsed: 0.023 s -- in io.openfednow.gateway.RtpXmlParserTest
[INFO] Running io.openfednow.gateway.RtpXmlSerializerTest
[INFO] Tests run: 9, Failures: 0, Errors: 0, Skipped: 0, Time elapsed: 0.004 s -- in io.openfednow.gateway.RtpXmlSerializerTest
[INFO] Running io.openfednow.gateway.RtpGatewayTest
08:06:24.934 [main] INFO org.springframework.mock.web.MockServletContext -- Initializing Spring TestDispatcherServlet ''
08:06:24.934 [main] INFO org.springframework.test.web.servlet.TestDispatcherServlet -- Initializing Servlet ''
08:06:24.934 [main] INFO org.springframework.test.web.servlet.TestDispatcherServlet -- Completed initialization in 0 ms
[INFO] Tests run: 10, Failures: 0, Errors: 0, Skipped: 0, Time elapsed: 0.031 s -- in io.openfednow.gateway.RtpGatewayTest
[INFO] Running io.openfednow.gateway.AdminControllerTest
08:06:24.964 [main] INFO org.springframework.mock.web.MockServletContext -- Initializing Spring TestDispatcherServlet ''
08:06:24.965 [main] INFO org.springframework.test.web.servlet.TestDispatcherServlet -- Initializing Servlet ''
08:06:24.965 [main] INFO org.springframework.test.web.servlet.TestDispatcherServlet -- Completed initialization in 0 ms
08:06:24.971 [main] INFO org.springframework.mock.web.MockServletContext -- Initializing Spring TestDispatcherServlet ''
08:06:24.971 [main] INFO org.springframework.test.web.servlet.TestDispatcherServlet -- Initializing Servlet ''
08:06:24.971 [main] INFO org.springframework.test.web.servlet.TestDispatcherServlet -- Completed initialization in 0 ms
08:06:24.976 [main] INFO org.springframework.mock.web.MockServletContext -- Initializing Spring TestDispatcherServlet ''
08:06:24.976 [main] INFO org.springframework.test.web.servlet.TestDispatcherServlet -- Initializing Servlet ''
08:06:24.976 [main] INFO org.springframework.test.web.servlet.TestDispatcherServlet -- Completed initialization in 0 ms
08:06:24.982 [main] INFO org.springframework.mock.web.MockServletContext -- Initializing Spring TestDispatcherServlet ''
08:06:24.982 [main] INFO org.springframework.test.web.servlet.TestDispatcherServlet -- Initializing Servlet ''
08:06:24.983 [main] INFO org.springframework.test.web.servlet.TestDispatcherServlet -- Completed initialization in 1 ms
08:06:24.987 [main] INFO org.springframework.mock.web.MockServletContext -- Initializing Spring TestDispatcherServlet ''
08:06:24.987 [main] INFO org.springframework.test.web.servlet.TestDispatcherServlet -- Initializing Servlet ''
08:06:24.987 [main] INFO org.springframework.test.web.servlet.TestDispatcherServlet -- Completed initialization in 0 ms
08:06:24.991 [main] INFO org.springframework.mock.web.MockServletContext -- Initializing Spring TestDispatcherServlet ''
08:06:24.991 [main] INFO org.springframework.test.web.servlet.TestDispatcherServlet -- Initializing Servlet ''
08:06:24.991 [main] INFO org.springframework.test.web.servlet.TestDispatcherServlet -- Completed initialization in 0 ms
08:06:24.995 [main] INFO org.springframework.mock.web.MockServletContext -- Initializing Spring TestDispatcherServlet ''
08:06:24.995 [main] INFO org.springframework.test.web.servlet.TestDispatcherServlet -- Initializing Servlet ''
08:06:24.995 [main] INFO org.springframework.test.web.servlet.TestDispatcherServlet -- Completed initialization in 0 ms
08:06:24.999 [main] INFO org.springframework.mock.web.MockServletContext -- Initializing Spring TestDispatcherServlet ''
08:06:24.999 [main] INFO org.springframework.test.web.servlet.TestDispatcherServlet -- Initializing Servlet ''
08:06:24.999 [main] INFO org.springframework.test.web.servlet.TestDispatcherServlet -- Completed initialization in 0 ms
08:06:25.005 [main] INFO org.springframework.mock.web.MockServletContext -- Initializing Spring TestDispatcherServlet ''
08:06:25.005 [main] INFO org.springframework.test.web.servlet.TestDispatcherServlet -- Initializing Servlet ''
08:06:25.005 [main] INFO org.springframework.test.web.servlet.TestDispatcherServlet -- Completed initialization in 0 ms
08:06:25.012 [main] INFO org.springframework.mock.web.MockServletContext -- Initializing Spring TestDispatcherServlet ''
08:06:25.012 [main] INFO org.springframework.test.web.servlet.TestDispatcherServlet -- Initializing Servlet ''
08:06:25.012 [main] INFO org.springframework.test.web.servlet.TestDispatcherServlet -- Completed initialization in 0 ms
08:06:25.017 [main] INFO org.springframework.mock.web.MockServletContext -- Initializing Spring TestDispatcherServlet ''
08:06:25.017 [main] INFO org.springframework.test.web.servlet.TestDispatcherServlet -- Initializing Servlet ''
08:06:25.017 [main] INFO org.springframework.test.web.servlet.TestDispatcherServlet -- Completed initialization in 0 ms
08:06:25.020 [main] INFO org.springframework.mock.web.MockServletContext -- Initializing Spring TestDispatcherServlet ''
08:06:25.020 [main] INFO org.springframework.test.web.servlet.TestDispatcherServlet -- Initializing Servlet ''
08:06:25.020 [main] INFO org.springframework.test.web.servlet.TestDispatcherServlet -- Completed initialization in 0 ms
08:06:25.023 [main] INFO org.springframework.mock.web.MockServletContext -- Initializing Spring TestDispatcherServlet ''
08:06:25.023 [main] INFO org.springframework.test.web.servlet.TestDispatcherServlet -- Initializing Servlet ''
08:06:25.023 [main] INFO org.springframework.test.web.servlet.TestDispatcherServlet -- Completed initialization in 0 ms
08:06:25.027 [main] INFO org.springframework.mock.web.MockServletContext -- Initializing Spring TestDispatcherServlet ''
08:06:25.027 [main] INFO org.springframework.test.web.servlet.TestDispatcherServlet -- Initializing Servlet ''
08:06:25.027 [main] INFO org.springframework.test.web.servlet.TestDispatcherServlet -- Completed initialization in 0 ms
08:06:25.030 [main] INFO org.springframework.mock.web.MockServletContext -- Initializing Spring TestDispatcherServlet ''
08:06:25.030 [main] INFO org.springframework.test.web.servlet.TestDispatcherServlet -- Initializing Servlet ''
08:06:25.030 [main] INFO org.springframework.test.web.servlet.TestDispatcherServlet -- Completed initialization in 0 ms
08:06:25.033 [main] INFO org.springframework.mock.web.MockServletContext -- Initializing Spring TestDispatcherServlet ''
08:06:25.034 [main] INFO org.springframework.test.web.servlet.TestDispatcherServlet -- Initializing Servlet ''
08:06:25.034 [main] INFO org.springframework.test.web.servlet.TestDispatcherServlet -- Completed initialization in 0 ms
08:06:25.037 [main] INFO org.springframework.mock.web.MockServletContext -- Initializing Spring TestDispatcherServlet ''
08:06:25.037 [main] INFO org.springframework.test.web.servlet.TestDispatcherServlet -- Initializing Servlet ''
08:06:25.037 [main] INFO org.springframework.test.web.servlet.TestDispatcherServlet -- Completed initialization in 0 ms
08:06:25.044 [main] INFO org.springframework.mock.web.MockServletContext -- Initializing Spring TestDispatcherServlet ''
08:06:25.045 [main] INFO org.springframework.test.web.servlet.TestDispatcherServlet -- Initializing Servlet ''
08:06:25.045 [main] INFO org.springframework.test.web.servlet.TestDispatcherServlet -- Completed initialization in 0 ms
08:06:25.048 [main] INFO org.springframework.mock.web.MockServletContext -- Initializing Spring TestDispatcherServlet ''
08:06:25.048 [main] INFO org.springframework.test.web.servlet.TestDispatcherServlet -- Initializing Servlet ''
08:06:25.048 [main] INFO org.springframework.test.web.servlet.TestDispatcherServlet -- Completed initialization in 0 ms
08:06:25.052 [main] INFO org.springframework.mock.web.MockServletContext -- Initializing Spring TestDispatcherServlet ''
08:06:25.052 [main] INFO org.springframework.test.web.servlet.TestDispatcherServlet -- Initializing Servlet ''
08:06:25.052 [main] INFO org.springframework.test.web.servlet.TestDispatcherServlet -- Completed initialization in 0 ms
08:06:25.055 [main] INFO org.springframework.mock.web.MockServletContext -- Initializing Spring TestDispatcherServlet ''
08:06:25.055 [main] INFO org.springframework.test.web.servlet.TestDispatcherServlet -- Initializing Servlet ''
08:06:25.055 [main] INFO org.springframework.test.web.servlet.TestDispatcherServlet -- Completed initialization in 0 ms
08:06:25.059 [main] INFO org.springframework.mock.web.MockServletContext -- Initializing Spring TestDispatcherServlet ''
08:06:25.059 [main] INFO org.springframework.test.web.servlet.TestDispatcherServlet -- Initializing Servlet ''
08:06:25.059 [main] INFO org.springframework.test.web.servlet.TestDispatcherServlet -- Completed initialization in 0 ms
08:06:25.061 [main] INFO org.springframework.mock.web.MockServletContext -- Initializing Spring TestDispatcherServlet ''
08:06:25.062 [main] INFO org.springframework.test.web.servlet.TestDispatcherServlet -- Initializing Servlet ''
08:06:25.062 [main] INFO org.springframework.test.web.servlet.TestDispatcherServlet -- Completed initialization in 0 ms
08:06:25.065 [main] INFO org.springframework.mock.web.MockServletContext -- Initializing Spring TestDispatcherServlet ''
08:06:25.065 [main] INFO org.springframework.test.web.servlet.TestDispatcherServlet -- Initializing Servlet ''
08:06:25.065 [main] INFO org.springframework.test.web.servlet.TestDispatcherServlet -- Completed initialization in 0 ms
08:06:25.068 [main] INFO org.springframework.mock.web.MockServletContext -- Initializing Spring TestDispatcherServlet ''
08:06:25.068 [main] INFO org.springframework.test.web.servlet.TestDispatcherServlet -- Initializing Servlet ''
08:06:25.068 [main] INFO org.springframework.test.web.servlet.TestDispatcherServlet -- Completed initialization in 0 ms
08:06:25.070 [main] INFO org.springframework.mock.web.MockServletContext -- Initializing Spring TestDispatcherServlet ''
08:06:25.070 [main] INFO org.springframework.test.web.servlet.TestDispatcherServlet -- Initializing Servlet ''
08:06:25.070 [main] INFO org.springframework.test.web.servlet.TestDispatcherServlet -- Completed initialization in 0 ms
[INFO] Tests run: 26, Failures: 0, Errors: 0, Skipped: 0, Time elapsed: 0.117 s -- in io.openfednow.gateway.AdminControllerTest
[INFO] Running io.openfednow.gateway.FedNowGatewayValidationTest
08:06:25.074 [main] INFO org.springframework.mock.web.MockServletContext -- Initializing Spring TestDispatcherServlet ''
08:06:25.074 [main] INFO org.springframework.test.web.servlet.TestDispatcherServlet -- Initializing Servlet ''
08:06:25.074 [main] INFO org.springframework.test.web.servlet.TestDispatcherServlet -- Completed initialization in 0 ms
08:06:25.084 [main] INFO org.springframework.mock.web.MockServletContext -- Initializing Spring TestDispatcherServlet ''
08:06:25.084 [main] INFO org.springframework.test.web.servlet.TestDispatcherServlet -- Initializing Servlet ''
08:06:25.084 [main] INFO org.springframework.test.web.servlet.TestDispatcherServlet -- Completed initialization in 0 ms
08:06:25.095 [main] INFO org.springframework.mock.web.MockServletContext -- Initializing Spring TestDispatcherServlet ''
08:06:25.095 [main] INFO org.springframework.test.web.servlet.TestDispatcherServlet -- Initializing Servlet ''
08:06:25.095 [main] INFO org.springframework.test.web.servlet.TestDispatcherServlet -- Completed initialization in 0 ms
08:06:25.102 [main] INFO org.springframework.mock.web.MockServletContext -- Initializing Spring TestDispatcherServlet ''
08:06:25.102 [main] INFO org.springframework.test.web.servlet.TestDispatcherServlet -- Initializing Servlet ''
08:06:25.102 [main] INFO org.springframework.test.web.servlet.TestDispatcherServlet -- Completed initialization in 0 ms
08:06:25.117 [main] INFO org.springframework.mock.web.MockServletContext -- Initializing Spring TestDispatcherServlet ''
08:06:25.117 [main] INFO org.springframework.test.web.servlet.TestDispatcherServlet -- Initializing Servlet ''
08:06:25.117 [main] INFO org.springframework.test.web.servlet.TestDispatcherServlet -- Completed initialization in 0 ms
08:06:25.122 [main] INFO org.springframework.mock.web.MockServletContext -- Initializing Spring TestDispatcherServlet ''
08:06:25.122 [main] INFO org.springframework.test.web.servlet.TestDispatcherServlet -- Initializing Servlet ''
08:06:25.122 [main] INFO org.springframework.test.web.servlet.TestDispatcherServlet -- Completed initialization in 0 ms
08:06:25.129 [main] INFO org.springframework.mock.web.MockServletContext -- Initializing Spring TestDispatcherServlet ''
08:06:25.129 [main] INFO org.springframework.test.web.servlet.TestDispatcherServlet -- Initializing Servlet ''
08:06:25.129 [main] INFO org.springframework.test.web.servlet.TestDispatcherServlet -- Completed initialization in 0 ms
[INFO] Tests run: 7, Failures: 0, Errors: 0, Skipped: 0, Time elapsed: 0.061 s -- in io.openfednow.gateway.FedNowGatewayValidationTest
[INFO] Running io.openfednow.gateway.RtpClientBeanConfigTest
[INFO] Tests run: 2, Failures: 0, Errors: 0, Skipped: 0, Time elapsed: 0.014 s -- in io.openfednow.gateway.RtpClientBeanConfigTest
[INFO] Running io.openfednow.gateway.HttpRtpClientTest
08:06:25.150 [main] INFO io.openfednow.gateway.HttpRtpClient -- Submitting pacs.008 to RTP endpoint=http://localhost:53359/transfers
08:06:25.152 [main] INFO io.openfednow.gateway.HttpRtpClient -- Submitting pacs.008 to RTP endpoint=http://localhost:53359/transfers
08:06:25.154 [main] WARN io.openfednow.gateway.HttpRtpClient -- RTP client error: Error while extracting response for type [java.lang.String] and content type [application/octet-stream]
08:06:25.155 [main] INFO io.openfednow.gateway.HttpRtpClient -- Submitting pacs.008 to RTP endpoint=http://localhost:53359/transfers
08:06:25.157 [main] INFO io.openfednow.gateway.HttpRtpClient -- Submitting pacs.008 to RTP endpoint=http://localhost:53359/transfers
08:06:25.160 [main] WARN io.openfednow.gateway.HttpRtpClient -- RTP endpoint returned HTTP error status=503
08:06:25.160 [main] INFO io.openfednow.gateway.HttpRtpClient -- Submitting pacs.008 to RTP endpoint=http://localhost:53359/transfers
[INFO] Tests run: 5, Failures: 0, Errors: 0, Skipped: 0, Time elapsed: 0.016 s -- in io.openfednow.gateway.HttpRtpClientTest
[INFO] Running io.openfednow.shadowledger.CardAuthorizationEventListenerWiringTest
[INFO] Tests run: 2, Failures: 0, Errors: 0, Skipped: 0, Time elapsed: 0.006 s -- in io.openfednow.shadowledger.CardAuthorizationEventListenerWiringTest
[INFO] Running io.openfednow.shadowledger.ShadowLedgerHealthIndicatorTest
[INFO] Tests run: 6, Failures: 0, Errors: 0, Skipped: 0, Time elapsed: 0 s -- in io.openfednow.shadowledger.ShadowLedgerHealthIndicatorTest
[INFO] Running io.openfednow.shadowledger.ShadowLedgerReversalIdempotencyTest
08:06:25.176 [main] INFO org.flywaydb.core.FlywayExecutor -- Database: jdbc:h2:mem:reversal_idempotency (H2 2.3)
08:06:25.178 [main] INFO org.flywaydb.core.internal.schemahistory.JdbcTableSchemaHistory -- Schema history table "public"."flyway_schema_history" does not exist yet
08:06:25.178 [main] INFO org.flywaydb.core.internal.command.DbValidate -- Successfully validated 12 migrations (execution time 00:00.001s)
08:06:25.178 [main] INFO org.flywaydb.core.internal.schemahistory.JdbcTableSchemaHistory -- Creating Schema History table "public"."flyway_schema_history" ...
08:06:25.179 [main] INFO org.flywaydb.core.internal.command.DbMigrate -- Current version of schema "public": << Empty Schema >>
08:06:25.180 [main] INFO org.flywaydb.core.internal.command.DbMigrate -- Migrating schema "public" to version "1 - create shadow ledger transaction log"
08:06:25.181 [main] INFO org.flywaydb.core.internal.command.DbMigrate -- Migrating schema "public" to version "2 - create saga state"
08:06:25.183 [main] INFO org.flywaydb.core.internal.command.DbMigrate -- Migrating schema "public" to version "3 - create idempotency keys"
08:06:25.184 [main] INFO org.flywaydb.core.internal.command.DbMigrate -- Migrating schema "public" to version "4 - create reconciliation run"
08:06:25.185 [main] INFO org.flywaydb.core.internal.command.DbMigrate -- Migrating schema "public" to version "5 - add source rail to saga state"
08:06:25.187 [main] INFO org.flywaydb.core.internal.command.DbMigrate -- Migrating schema "public" to version "6 - create admin audit log"
08:06:25.188 [main] INFO org.flywaydb.core.internal.command.DbMigrate -- Migrating schema "public" to version "7 - add request id correlation"
08:06:25.190 [main] INFO org.flywaydb.core.internal.command.DbMigrate -- Migrating schema "public" to version "8 - outbound submission uncertainty"
08:06:25.191 [main] INFO org.flywaydb.core.internal.command.DbMigrate -- Migrating schema "public" to version "9 - create reliable payment reference"
08:06:25.192 [main] INFO org.flywaydb.core.internal.command.DbMigrate -- Migrating schema "public" to version "10 - synthetic async core ack"
08:06:25.193 [main] INFO org.flywaydb.core.internal.command.DbMigrate -- Migrating schema "public" to version "11 - reliability inquiry observability"
08:06:25.195 [main] INFO org.flywaydb.core.internal.command.DbMigrate -- Migrating schema "public" to version "12 - synthetic core availability"
08:06:25.196 [main] INFO org.flywaydb.core.internal.command.DbMigrate -- Successfully applied 12 migrations to schema "public", now at version v12 (execution time 00:00.002s)
08:06:25.198 [main] INFO io.openfednow.shadowledger.ShadowLedger -- Shadow Ledger credit reversal applied account=ACC-Y amount=50.00 balanceAfter=0.00
08:06:25.199 [main] INFO io.openfednow.shadowledger.ShadowLedger -- Shadow Ledger reversal applied account=ACC-X amount=100.00 balanceAfter=0.00
08:06:25.200 [main] WARN io.openfednow.shadowledger.ShadowLedger -- Shadow Ledger: no DEBIT found for reversal transactionId=TXN-GHOST
08:06:25.201 [main] INFO io.openfednow.shadowledger.ShadowLedger -- Shadow Ledger reversal applied account=ACC-X amount=100.00 balanceAfter=0.00
08:06:25.202 [main] INFO io.openfednow.shadowledger.ShadowLedger -- Shadow Ledger credit reversal applied account=ACC-Y amount=50.00 balanceAfter=0.00
08:06:25.203 [main] INFO io.openfednow.shadowledger.ShadowLedger -- Shadow Ledger reversal applied account=ACC-A amount=100.00 balanceAfter=0.00
08:06:25.203 [main] INFO io.openfednow.shadowledger.ShadowLedger -- Shadow Ledger reversal applied account=ACC-B amount=200.00 balanceAfter=0.00
08:06:25.204 [main] INFO io.openfednow.shadowledger.ShadowLedger -- Shadow Ledger reversal applied account=ACC-X amount=100.00 balanceAfter=0.00
08:06:25.205 [main] INFO io.openfednow.shadowledger.ShadowLedger -- Shadow Ledger reversal applied account=ACC-D amount=100.00 balanceAfter=0.00
08:06:25.205 [main] INFO io.openfednow.shadowledger.ShadowLedger -- Shadow Ledger credit reversal applied account=ACC-C amount=50.00 balanceAfter=0.00
[INFO] Tests run: 8, Failures: 0, Errors: 0, Skipped: 0, Time elapsed: 0.033 s -- in io.openfednow.shadowledger.ShadowLedgerReversalIdempotencyTest
[INFO] Running io.openfednow.shadowledger.ReconciliationPaginationTest
08:06:25.209 [main] INFO org.flywaydb.core.FlywayExecutor -- Database: jdbc:h2:mem:reconcile_pagination_test (H2 2.3)
08:06:25.210 [main] INFO org.flywaydb.core.internal.schemahistory.JdbcTableSchemaHistory -- Schema history table "public"."flyway_schema_history" does not exist yet
08:06:25.211 [main] INFO org.flywaydb.core.internal.command.DbValidate -- Successfully validated 12 migrations (execution time 00:00.001s)
08:06:25.211 [main] INFO org.flywaydb.core.internal.schemahistory.JdbcTableSchemaHistory -- Creating Schema History table "public"."flyway_schema_history" ...
08:06:25.212 [main] INFO org.flywaydb.core.internal.command.DbMigrate -- Current version of schema "public": << Empty Schema >>
08:06:25.212 [main] INFO org.flywaydb.core.internal.command.DbMigrate -- Migrating schema "public" to version "1 - create shadow ledger transaction log"
08:06:25.213 [main] INFO org.flywaydb.core.internal.command.DbMigrate -- Migrating schema "public" to version "2 - create saga state"
08:06:25.214 [main] INFO org.flywaydb.core.internal.command.DbMigrate -- Migrating schema "public" to version "3 - create idempotency keys"
08:06:25.215 [main] INFO org.flywaydb.core.internal.command.DbMigrate -- Migrating schema "public" to version "4 - create reconciliation run"
08:06:25.216 [main] INFO org.flywaydb.core.internal.command.DbMigrate -- Migrating schema "public" to version "5 - add source rail to saga state"
08:06:25.217 [main] INFO org.flywaydb.core.internal.command.DbMigrate -- Migrating schema "public" to version "6 - create admin audit log"
08:06:25.218 [main] INFO org.flywaydb.core.internal.command.DbMigrate -- Migrating schema "public" to version "7 - add request id correlation"
08:06:25.220 [main] INFO org.flywaydb.core.internal.command.DbMigrate -- Migrating schema "public" to version "8 - outbound submission uncertainty"
08:06:25.221 [main] INFO org.flywaydb.core.internal.command.DbMigrate -- Migrating schema "public" to version "9 - create reliable payment reference"
08:06:25.222 [main] INFO org.flywaydb.core.internal.command.DbMigrate -- Migrating schema "public" to version "10 - synthetic async core ack"
08:06:25.223 [main] INFO org.flywaydb.core.internal.command.DbMigrate -- Migrating schema "public" to version "11 - reliability inquiry observability"
08:06:25.225 [main] INFO org.flywaydb.core.internal.command.DbMigrate -- Migrating schema "public" to version "12 - synthetic core availability"
08:06:25.226 [main] INFO org.flywaydb.core.internal.command.DbMigrate -- Successfully applied 12 migrations to schema "public", now at version v12 (execution time 00:00.002s)
08:06:25.270 [main] INFO io.openfednow.shadowledger.ReconciliationService -- Reconciliation cycle starting
08:06:25.368 [main] INFO io.openfednow.shadowledger.ReconciliationService -- Reconciliation processed 1250 account(s) across 100-row batches
08:06:25.369 [main] INFO io.openfednow.shadowledger.ReconciliationService -- Reconciliation cycle complete replayed=1250 discrepancies=0 success=true
08:06:25.383 [main] INFO io.openfednow.shadowledger.ReconciliationService -- Reconciliation cycle starting
08:06:25.386 [main] INFO io.openfednow.shadowledger.ReconciliationService -- Reconciliation processed 25 account(s) across 10-row batches
08:06:25.386 [main] INFO io.openfednow.shadowledger.ReconciliationService -- Reconciliation cycle complete replayed=100 discrepancies=0 success=true
08:06:25.398 [main] INFO io.openfednow.shadowledger.ReconciliationService -- Reconciliation cycle starting
08:06:25.401 [main] WARN io.openfednow.shadowledger.ReconciliationService -- Balance discrepancy account=*****0050 shadow=100.00 core=50.00
08:06:25.416 [main] WARN io.openfednow.shadowledger.ReconciliationService -- Balance discrepancy account=*****0350 shadow=100.00 core=50.00
08:06:25.418 [main] INFO io.openfednow.shadowledger.ReconciliationService -- Reconciliation processed 400 account(s) across 100-row batches
08:06:25.418 [main] INFO io.openfednow.shadowledger.ReconciliationService -- Reconciliation cycle complete replayed=400 discrepancies=2 success=false
08:06:25.422 [main] INFO io.openfednow.shadowledger.ReconciliationService -- Reconciliation cycle starting
08:06:25.423 [main] ERROR io.openfednow.shadowledger.ReconciliationService -- Reconciliation failed for account=ACC-00000
java.lang.RuntimeException: simulated core failure
	at io.openfednow.shadowledger.ReconciliationService.lambda$reconcileOneAccount$1(ReconciliationService.java:307)
	at org.springframework.transaction.support.TransactionTemplate.execute(TransactionTemplate.java:140)
	at io.openfednow.shadowledger.ReconciliationService.reconcileOneAccount(ReconciliationService.java:304)
	at io.openfednow.shadowledger.ReconciliationService.reconcileLocked(ReconciliationService.java:156)
	at io.openfednow.shadowledger.ReconciliationService.reconcile(ReconciliationService.java:106)
	at io.openfednow.shadowledger.ReconciliationPaginationTest.perAccountFailureDoesNotCauseInfiniteLoop(ReconciliationPaginationTest.java:213)
	at java.base/jdk.internal.reflect.NativeMethodAccessorImpl.invoke0(Native Method)
	at java.base/jdk.internal.reflect.NativeMethodAccessorImpl.invoke(NativeMethodAccessorImpl.java:77)
	at java.base/jdk.internal.reflect.DelegatingMethodAccessorImpl.invoke(DelegatingMethodAccessorImpl.java:43)
	at java.base/java.lang.reflect.Method.invoke(Method.java:569)
	at org.junit.platform.commons.util.ReflectionUtils.invokeMethod(ReflectionUtils.java:775)
	at org.junit.platform.commons.support.ReflectionSupport.invokeMethod(ReflectionSupport.java:479)
	at org.junit.jupiter.engine.execution.MethodInvocation.proceed(MethodInvocation.java:60)
	at org.junit.jupiter.engine.execution.InvocationInterceptorChain$ValidatingInvocation.proceed(InvocationInterceptorChain.java:131)
	at org.junit.jupiter.engine.extension.TimeoutExtension.intercept(TimeoutExtension.java:161)
	at org.junit.jupiter.engine.extension.TimeoutExtension.interceptTestableMethod(TimeoutExtension.java:152)
	at org.junit.jupiter.engine.extension.TimeoutExtension.interceptTestMethod(TimeoutExtension.java:91)
	at org.junit.jupiter.engine.execution.InterceptingExecutableInvoker$ReflectiveInterceptorCall.lambda$ofVoidMethod$0(InterceptingExecutableInvoker.java:112)
	at org.junit.jupiter.engine.execution.InterceptingExecutableInvoker.lambda$invoke$0(InterceptingExecutableInvoker.java:94)
	at org.junit.jupiter.engine.execution.InvocationInterceptorChain$InterceptedInvocation.proceed(InvocationInterceptorChain.java:106)
	at org.junit.jupiter.engine.execution.InvocationInterceptorChain.proceed(InvocationInterceptorChain.java:64)
	at org.junit.jupiter.engine.execution.InvocationInterceptorChain.chainAndInvoke(InvocationInterceptorChain.java:45)
	at org.junit.jupiter.engine.execution.InvocationInterceptorChain.invoke(InvocationInterceptorChain.java:37)
	at org.junit.jupiter.engine.execution.InterceptingExecutableInvoker.invoke(InterceptingExecutableInvoker.java:93)
	at org.junit.jupiter.engine.execution.InterceptingExecutableInvoker.invoke(InterceptingExecutableInvoker.java:87)
	at org.junit.jupiter.engine.descriptor.TestMethodTestDescriptor.lambda$invokeTestMethod$7(TestMethodTestDescriptor.java:216)
	at org.junit.platform.engine.support.hierarchical.ThrowableCollector.execute(ThrowableCollector.java:73)
	at org.junit.jupiter.engine.descriptor.TestMethodTestDescriptor.invokeTestMethod(TestMethodTestDescriptor.java:212)
	at org.junit.jupiter.engine.descriptor.TestMethodTestDescriptor.execute(TestMethodTestDescriptor.java:137)
	at org.junit.jupiter.engine.descriptor.TestMethodTestDescriptor.execute(TestMethodTestDescriptor.java:69)
	at org.junit.platform.engine.support.hierarchical.NodeTestTask.lambda$executeRecursively$6(NodeTestTask.java:156)
	at org.junit.platform.engine.support.hierarchical.ThrowableCollector.execute(ThrowableCollector.java:73)
	at org.junit.platform.engine.support.hierarchical.NodeTestTask.lambda$executeRecursively$8(NodeTestTask.java:146)
	at org.junit.platform.engine.support.hierarchical.Node.around(Node.java:137)
	at org.junit.platform.engine.support.hierarchical.NodeTestTask.lambda$executeRecursively$9(NodeTestTask.java:144)
	at org.junit.platform.engine.support.hierarchical.ThrowableCollector.execute(ThrowableCollector.java:73)
	at org.junit.platform.engine.support.hierarchical.NodeTestTask.executeRecursively(NodeTestTask.java:143)
	at org.junit.platform.engine.support.hierarchical.NodeTestTask.execute(NodeTestTask.java:100)
	at java.base/java.util.ArrayList.forEach(ArrayList.java:1511)
	at org.junit.platform.engine.support.hierarchical.SameThreadHierarchicalTestExecutorService.invokeAll(SameThreadHierarchicalTestExecutorService.java:41)
	at org.junit.platform.engine.support.hierarchical.NodeTestTask.lambda$executeRecursively$6(NodeTestTask.java:160)
	at org.junit.platform.engine.support.hierarchical.ThrowableCollector.execute(ThrowableCollector.java:73)
	at org.junit.platform.engine.support.hierarchical.NodeTestTask.lambda$executeRecursively$8(NodeTestTask.java:146)
	at org.junit.platform.engine.support.hierarchical.Node.around(Node.java:137)
	at org.junit.platform.engine.support.hierarchical.NodeTestTask.lambda$executeRecursively$9(NodeTestTask.java:144)
	at org.junit.platform.engine.support.hierarchical.ThrowableCollector.execute(ThrowableCollector.java:73)
	at org.junit.platform.engine.support.hierarchical.NodeTestTask.executeRecursively(NodeTestTask.java:143)
	at org.junit.platform.engine.support.hierarchical.NodeTestTask.execute(NodeTestTask.java:100)
	at java.base/java.util.ArrayList.forEach(ArrayList.java:1511)
	at org.junit.platform.engine.support.hierarchical.SameThreadHierarchicalTestExecutorService.invokeAll(SameThreadHierarchicalTestExecutorService.java:41)
	at org.junit.platform.engine.support.hierarchical.NodeTestTask.lambda$executeRecursively$6(NodeTestTask.java:160)
	at org.junit.platform.engine.support.hierarchical.ThrowableCollector.execute(ThrowableCollector.java:73)
	at org.junit.platform.engine.support.hierarchical.NodeTestTask.lambda$executeRecursively$8(NodeTestTask.java:146)
	at org.junit.platform.engine.support.hierarchical.Node.around(Node.java:137)
	at org.junit.platform.engine.support.hierarchical.NodeTestTask.lambda$executeRecursively$9(NodeTestTask.java:144)
	at org.junit.platform.engine.support.hierarchical.ThrowableCollector.execute(ThrowableCollector.java:73)
	at org.junit.platform.engine.support.hierarchical.NodeTestTask.executeRecursively(NodeTestTask.java:143)
	at org.junit.platform.engine.support.hierarchical.NodeTestTask.execute(NodeTestTask.java:100)
	at org.junit.platform.engine.support.hierarchical.SameThreadHierarchicalTestExecutorService.submit(SameThreadHierarchicalTestExecutorService.java:35)
	at org.junit.platform.engine.support.hierarchical.HierarchicalTestExecutor.execute(HierarchicalTestExecutor.java:57)
	at org.junit.platform.engine.support.hierarchical.HierarchicalTestEngine.execute(HierarchicalTestEngine.java:54)
	at org.junit.platform.launcher.core.EngineExecutionOrchestrator.execute(EngineExecutionOrchestrator.java:201)
	at org.junit.platform.launcher.core.EngineExecutionOrchestrator.execute(EngineExecutionOrchestrator.java:170)
	at org.junit.platform.launcher.core.EngineExecutionOrchestrator.execute(EngineExecutionOrchestrator.java:94)
	at org.junit.platform.launcher.core.EngineExecutionOrchestrator.lambda$execute$0(EngineExecutionOrchestrator.java:59)
	at org.junit.platform.launcher.core.EngineExecutionOrchestrator.withInterceptedStreams(EngineExecutionOrchestrator.java:142)
	at org.junit.platform.launcher.core.EngineExecutionOrchestrator.execute(EngineExecutionOrchestrator.java:58)
	at org.junit.platform.launcher.core.DefaultLauncher.execute(DefaultLauncher.java:103)
	at org.junit.platform.launcher.core.DefaultLauncher.execute(DefaultLauncher.java:85)
	at org.junit.platform.launcher.core.DelegatingLauncher.execute(DelegatingLauncher.java:47)
	at org.junit.platform.launcher.core.InterceptingLauncher.lambda$execute$1(InterceptingLauncher.java:39)
	at org.junit.platform.launcher.core.ClasspathAlignmentCheckingLauncherInterceptor.intercept(ClasspathAlignmentCheckingLauncherInterceptor.java:25)
	at org.junit.platform.launcher.core.InterceptingLauncher.execute(InterceptingLauncher.java:38)
	at org.junit.platform.launcher.core.DelegatingLauncher.execute(DelegatingLauncher.java:47)
	at org.apache.maven.surefire.junitplatform.LauncherAdapter.executeWithoutCancellationToken(LauncherAdapter.java:60)
	at org.apache.maven.surefire.junitplatform.LauncherAdapter.execute(LauncherAdapter.java:52)
	at org.apache.maven.surefire.junitplatform.JUnitPlatformProvider.execute(JUnitPlatformProvider.java:203)
	at org.apache.maven.surefire.junitplatform.JUnitPlatformProvider.invokeAllTests(JUnitPlatformProvider.java:168)
	at org.apache.maven.surefire.junitplatform.JUnitPlatformProvider.invoke(JUnitPlatformProvider.java:136)
	at org.apache.maven.surefire.booter.ForkedBooter.runSuitesInProcess(ForkedBooter.java:385)
	at org.apache.maven.surefire.booter.ForkedBooter.execute(ForkedBooter.java:162)
	at org.apache.maven.surefire.booter.ForkedBooter.run(ForkedBooter.java:507)
	at org.apache.maven.surefire.booter.ForkedBooter.main(ForkedBooter.java:495)
08:06:25.424 [main] INFO io.openfednow.shadowledger.ReconciliationService -- Reconciliation processed 20 account(s) across 5-row batches
08:06:25.424 [main] INFO io.openfednow.shadowledger.ReconciliationService -- Reconciliation cycle complete replayed=19 discrepancies=1 success=false
08:06:25.441 [main] INFO io.openfednow.shadowledger.ReconciliationService -- Reconciliation cycle starting
08:06:25.475 [main] INFO io.openfednow.shadowledger.ReconciliationService -- Reconciliation processed 600 account(s) across 50-row batches
08:06:25.475 [main] INFO io.openfednow.shadowledger.ReconciliationService -- Reconciliation cycle complete replayed=600 discrepancies=0 success=true
08:06:25.491 [main] INFO io.openfednow.shadowledger.ReconciliationService -- Reconciliation cycle starting
08:06:25.521 [main] INFO io.openfednow.shadowledger.ReconciliationService -- Reconciliation processed 600 account(s) across 10000-row batches
08:06:25.521 [main] INFO io.openfednow.shadowledger.ReconciliationService -- Reconciliation cycle complete replayed=600 discrepancies=0 success=true
08:06:25.532 [main] INFO io.openfednow.shadowledger.ReconciliationService -- Reconciliation cycle starting
08:06:25.532 [main] INFO io.openfednow.shadowledger.ReconciliationService -- Reconciliation processed 0 account(s) across 100-row batches
08:06:25.532 [main] INFO io.openfednow.shadowledger.ReconciliationService -- Reconciliation cycle complete replayed=0 discrepancies=0 success=true
08:06:25.535 [main] INFO io.openfednow.shadowledger.ReconciliationService -- Reconciliation cycle starting
08:06:25.537 [main] INFO io.openfednow.shadowledger.ReconciliationService -- Reconciliation processed 21 account(s) across 7-row batches
08:06:25.537 [main] INFO io.openfednow.shadowledger.ReconciliationService -- Reconciliation cycle complete replayed=63 discrepancies=0 success=true
[INFO] Tests run: 10, Failures: 0, Errors: 0, Skipped: 0, Time elapsed: 0.334 s -- in io.openfednow.shadowledger.ReconciliationPaginationTest
[INFO] Running io.openfednow.shadowledger.CardAuthorizationBeanPresenceTest
08:06:25.548 [main] INFO org.springframework.test.context.support.AnnotationConfigContextLoaderUtils -- Could not detect default configuration classes for test class [io.openfednow.shadowledger.CardAuthorizationBeanPresenceTest]: CardAuthorizationBeanPresenceTest does not declare any static, non-private, non-final, nested classes annotated with @Configuration.
08:06:25.579 [main] INFO org.springframework.boot.test.context.SpringBootTestContextBootstrapper -- Found @SpringBootConfiguration io.openfednow.OpenFedNowApplication for test class io.openfednow.shadowledger.CardAuthorizationBeanPresenceTest

  .   ____          _            __ _ _
 /\\ / ___'_ __ _ _(_)_ __  __ _ \ \ \ \
( ( )\___ | '_ | '_| | '_ \/ _` | \ \ \ \
 \\/  ___)| |_)| | | | | || (_| |  ) ) ) )
  '  |____| .__|_| |_|_| |_\__, | / / / /
 =========|_|==============|___/=/_/_/_/

 :: Spring Boot ::               (v3.5.16)

2026-09-29T08:06:25.695-04:00 INFO  [main] i.o.s.CardAuthorizationBeanPresenceTest [req=?,e2e=E2E-METRIC-B,txn=TXN-E2E-METRIC-B] Starting CardAuthorizationBeanPresenceTest using Java 17.0.20.1 with PID 90395 (started by danielmori in /Users/danielmori/Developer/open-fednow-clean-eval)
2026-09-29T08:06:25.695-04:00 DEBUG [main] i.o.s.CardAuthorizationBeanPresenceTest [req=?,e2e=E2E-METRIC-B,txn=TXN-E2E-METRIC-B] Running with Spring Boot v3.5.16, Spring v6.2.19
2026-09-29T08:06:25.695-04:00 INFO  [main] i.o.s.CardAuthorizationBeanPresenceTest [req=?,e2e=E2E-METRIC-B,txn=TXN-E2E-METRIC-B] No active profile set, falling back to 1 default profile: "default"
2026-09-29T08:06:26.033-04:00 INFO  [main] o.s.d.r.c.RepositoryConfigurationDelegate [req=?,e2e=E2E-METRIC-B,txn=TXN-E2E-METRIC-B] Multiple Spring Data modules found, entering strict repository configuration mode
2026-09-29T08:06:26.033-04:00 INFO  [main] o.s.d.r.c.RepositoryConfigurationDelegate [req=?,e2e=E2E-METRIC-B,txn=TXN-E2E-METRIC-B] Bootstrapping Spring Data JPA repositories in DEFAULT mode.
2026-09-29T08:06:26.046-04:00 INFO  [main] o.s.d.r.c.RepositoryConfigurationDelegate [req=?,e2e=E2E-METRIC-B,txn=TXN-E2E-METRIC-B] Finished Spring Data repository scanning in 8 ms. Found 0 JPA repository interfaces.
2026-09-29T08:06:26.051-04:00 INFO  [main] o.s.d.r.c.RepositoryConfigurationDelegate [req=?,e2e=E2E-METRIC-B,txn=TXN-E2E-METRIC-B] Multiple Spring Data modules found, entering strict repository configuration mode
2026-09-29T08:06:26.051-04:00 INFO  [main] o.s.d.r.c.RepositoryConfigurationDelegate [req=?,e2e=E2E-METRIC-B,txn=TXN-E2E-METRIC-B] Bootstrapping Spring Data Redis repositories in DEFAULT mode.
2026-09-29T08:06:26.058-04:00 INFO  [main] o.s.d.r.c.RepositoryConfigurationDelegate [req=?,e2e=E2E-METRIC-B,txn=TXN-E2E-METRIC-B] Finished Spring Data repository scanning in 4 ms. Found 0 Redis repository interfaces.
2026-09-29T08:06:26.331-04:00 INFO  [main] org.flywaydb.core.FlywayExecutor [req=?,e2e=E2E-METRIC-B,txn=TXN-E2E-METRIC-B] Database: jdbc:h2:mem:test-53427389-b7e4-4840-bfd2-35e41cfd6f8a (H2 2.3)
2026-09-29T08:06:26.333-04:00 INFO  [main] o.f.c.i.s.JdbcTableSchemaHistory [req=?,e2e=E2E-METRIC-B,txn=TXN-E2E-METRIC-B] Schema history table "public"."flyway_schema_history" does not exist yet
2026-09-29T08:06:26.333-04:00 INFO  [main] o.f.core.internal.command.DbValidate [req=?,e2e=E2E-METRIC-B,txn=TXN-E2E-METRIC-B] Successfully validated 12 migrations (execution time 00:00.001s)
2026-09-29T08:06:26.333-04:00 INFO  [main] o.f.c.i.s.JdbcTableSchemaHistory [req=?,e2e=E2E-METRIC-B,txn=TXN-E2E-METRIC-B] Creating Schema History table "public"."flyway_schema_history" ...
2026-09-29T08:06:26.335-04:00 INFO  [main] o.f.core.internal.command.DbMigrate [req=?,e2e=E2E-METRIC-B,txn=TXN-E2E-METRIC-B] Current version of schema "public": << Empty Schema >>
2026-09-29T08:06:26.336-04:00 INFO  [main] o.f.core.internal.command.DbMigrate [req=?,e2e=E2E-METRIC-B,txn=TXN-E2E-METRIC-B] Migrating schema "public" to version "1 - create shadow ledger transaction log"
2026-09-29T08:06:26.337-04:00 INFO  [main] o.f.core.internal.command.DbMigrate [req=?,e2e=E2E-METRIC-B,txn=TXN-E2E-METRIC-B] Migrating schema "public" to version "2 - create saga state"
2026-09-29T08:06:26.338-04:00 INFO  [main] o.f.core.internal.command.DbMigrate [req=?,e2e=E2E-METRIC-B,txn=TXN-E2E-METRIC-B] Migrating schema "public" to version "3 - create idempotency keys"
2026-09-29T08:06:26.338-04:00 INFO  [main] o.f.core.internal.command.DbMigrate [req=?,e2e=E2E-METRIC-B,txn=TXN-E2E-METRIC-B] Migrating schema "public" to version "4 - create reconciliation run"
2026-09-29T08:06:26.339-04:00 INFO  [main] o.f.core.internal.command.DbMigrate [req=?,e2e=E2E-METRIC-B,txn=TXN-E2E-METRIC-B] Migrating schema "public" to version "5 - add source rail to saga state"
2026-09-29T08:06:26.341-04:00 INFO  [main] o.f.core.internal.command.DbMigrate [req=?,e2e=E2E-METRIC-B,txn=TXN-E2E-METRIC-B] Migrating schema "public" to version "6 - create admin audit log"
2026-09-29T08:06:26.342-04:00 INFO  [main] o.f.core.internal.command.DbMigrate [req=?,e2e=E2E-METRIC-B,txn=TXN-E2E-METRIC-B] Migrating schema "public" to version "7 - add request id correlation"
2026-09-29T08:06:26.343-04:00 INFO  [main] o.f.core.internal.command.DbMigrate [req=?,e2e=E2E-METRIC-B,txn=TXN-E2E-METRIC-B] Migrating schema "public" to version "8 - outbound submission uncertainty"
2026-09-29T08:06:26.344-04:00 INFO  [main] o.f.core.internal.command.DbMigrate [req=?,e2e=E2E-METRIC-B,txn=TXN-E2E-METRIC-B] Migrating schema "public" to version "9 - create reliable payment reference"
2026-09-29T08:06:26.345-04:00 INFO  [main] o.f.core.internal.command.DbMigrate [req=?,e2e=E2E-METRIC-B,txn=TXN-E2E-METRIC-B] Migrating schema "public" to version "10 - synthetic async core ack"
2026-09-29T08:06:26.346-04:00 INFO  [main] o.f.core.internal.command.DbMigrate [req=?,e2e=E2E-METRIC-B,txn=TXN-E2E-METRIC-B] Migrating schema "public" to version "11 - reliability inquiry observability"
2026-09-29T08:06:26.348-04:00 INFO  [main] o.f.core.internal.command.DbMigrate [req=?,e2e=E2E-METRIC-B,txn=TXN-E2E-METRIC-B] Migrating schema "public" to version "12 - synthetic core availability"
2026-09-29T08:06:26.348-04:00 INFO  [main] o.f.core.internal.command.DbMigrate [req=?,e2e=E2E-METRIC-B,txn=TXN-E2E-METRIC-B] Successfully applied 12 migrations to schema "public", now at version v12 (execution time 00:00.001s)
2026-09-29T08:06:26.469-04:00 INFO  [main] o.s.o.j.p.SpringPersistenceUnitInfo [req=?,e2e=E2E-METRIC-B,txn=TXN-E2E-METRIC-B] No LoadTimeWeaver setup: ignoring JPA class transformer
2026-09-29T08:06:26.704-04:00 INFO  [main] o.s.o.j.LocalContainerEntityManagerFactoryBean [req=?,e2e=E2E-METRIC-B,txn=TXN-E2E-METRIC-B] Initialized JPA EntityManagerFactory for persistence unit 'default'
2026-09-29T08:06:27.037-04:00 INFO  [main] i.o.reliability.ReliabilityRailConfig [req=?,e2e=E2E-METRIC-B,txn=TXN-E2E-METRIC-B] Synthetic reliability rail configured=false
2026-09-29T08:06:27.131-04:00 WARN  [main] o.s.b.a.o.j.JpaBaseConfiguration$JpaWebConfiguration [req=?,e2e=E2E-METRIC-B,txn=TXN-E2E-METRIC-B] spring.jpa.open-in-view is enabled by default. Therefore, database queries may be performed during view rendering. Explicitly configure spring.jpa.open-in-view to disable this warning
2026-09-29T08:06:27.303-04:00 INFO  [main] o.s.b.a.e.web.EndpointLinksResolver [req=?,e2e=E2E-METRIC-B,txn=TXN-E2E-METRIC-B] Exposing 3 endpoints beneath base path '/actuator'
2026-09-29T08:06:27.328-04:00 INFO  [main] o.s.s.c.a.a.c.InitializeUserDetailsBeanManagerConfigurer$InitializeUserDetailsManagerConfigurer [req=?,e2e=E2E-METRIC-B,txn=TXN-E2E-METRIC-B] Global AuthenticationManager configured with UserDetailsService bean with name userDetailsService
2026-09-29T08:06:27.887-04:00 INFO  [main] i.o.s.CardAuthorizationBeanPresenceTest [req=?,e2e=E2E-METRIC-B,txn=TXN-E2E-METRIC-B] Started CardAuthorizationBeanPresenceTest in 2.288 seconds (process running for 10.762)
2026-09-29T08:06:27.888-04:00 DEBUG [scheduling-1] i.o.shadowledger.AvailabilityBridge [req=?,e2e=?,txn=?] Core availability poll: mode=ONLINE
2026-09-29T08:06:27.904-04:00 WARN  [main] o.s.core.events.SpringDocAppInitializer [req=?,e2e=E2E-METRIC-B,txn=TXN-E2E-METRIC-B] SpringDoc /v3/api-docs endpoint is enabled by default. To disable it in production, set the property 'springdoc.api-docs.enabled=false'
2026-09-29T08:06:27.904-04:00 WARN  [main] o.s.core.events.SpringDocAppInitializer [req=?,e2e=E2E-METRIC-B,txn=TXN-E2E-METRIC-B] SpringDoc /swagger-ui.html endpoint is enabled by default. To disable it in production, set the property 'springdoc.swagger-ui.enabled=false'
2026-09-29T08:06:27.905-04:00 INFO  [main] i.o.processing.saga.SagaRecoveryService [req=?,e2e=E2E-METRIC-B,txn=TXN-E2E-METRIC-B] Saga recovery: no in-flight sagas found at startup
2026-09-29T08:06:27.905-04:00 INFO  [main] i.o.shadowledger.BalanceSeedService [req=?,e2e=E2E-METRIC-B,txn=TXN-E2E-METRIC-B] Shadow Ledger startup seed: no accounts configured (openfednow.shadow-ledger.seed-accounts is empty)
[INFO] Tests run: 1, Failures: 0, Errors: 0, Skipped: 0, Time elapsed: 2.374 s -- in io.openfednow.shadowledger.CardAuthorizationBeanPresenceTest
[INFO] Running io.openfednow.shadowledger.ReconciliationConcurrencyGuardTest
2026-09-29T08:06:27.918-04:00 INFO  [main] org.flywaydb.core.FlywayExecutor [req=?,e2e=E2E-METRIC-B,txn=TXN-E2E-METRIC-B] Database: jdbc:h2:mem:reconcile_concurrency (H2 2.3)
2026-09-29T08:06:27.920-04:00 INFO  [main] o.f.c.i.s.JdbcTableSchemaHistory [req=?,e2e=E2E-METRIC-B,txn=TXN-E2E-METRIC-B] Schema history table "public"."flyway_schema_history" does not exist yet
2026-09-29T08:06:27.920-04:00 INFO  [main] o.f.core.internal.command.DbValidate [req=?,e2e=E2E-METRIC-B,txn=TXN-E2E-METRIC-B] Successfully validated 12 migrations (execution time 00:00.001s)
2026-09-29T08:06:27.920-04:00 INFO  [main] o.f.c.i.s.JdbcTableSchemaHistory [req=?,e2e=E2E-METRIC-B,txn=TXN-E2E-METRIC-B] Creating Schema History table "public"."flyway_schema_history" ...
2026-09-29T08:06:27.921-04:00 INFO  [main] o.f.core.internal.command.DbMigrate [req=?,e2e=E2E-METRIC-B,txn=TXN-E2E-METRIC-B] Current version of schema "public": << Empty Schema >>
2026-09-29T08:06:27.921-04:00 INFO  [main] o.f.core.internal.command.DbMigrate [req=?,e2e=E2E-METRIC-B,txn=TXN-E2E-METRIC-B] Migrating schema "public" to version "1 - create shadow ledger transaction log"
2026-09-29T08:06:27.922-04:00 INFO  [main] o.f.core.internal.command.DbMigrate [req=?,e2e=E2E-METRIC-B,txn=TXN-E2E-METRIC-B] Migrating schema "public" to version "2 - create saga state"
2026-09-29T08:06:27.923-04:00 INFO  [main] o.f.core.internal.command.DbMigrate [req=?,e2e=E2E-METRIC-B,txn=TXN-E2E-METRIC-B] Migrating schema "public" to version "3 - create idempotency keys"
2026-09-29T08:06:27.925-04:00 INFO  [main] o.f.core.internal.command.DbMigrate [req=?,e2e=E2E-METRIC-B,txn=TXN-E2E-METRIC-B] Migrating schema "public" to version "4 - create reconciliation run"
2026-09-29T08:06:27.925-04:00 INFO  [main] o.f.core.internal.command.DbMigrate [req=?,e2e=E2E-METRIC-B,txn=TXN-E2E-METRIC-B] Migrating schema "public" to version "5 - add source rail to saga state"
2026-09-29T08:06:27.927-04:00 INFO  [main] o.f.core.internal.command.DbMigrate [req=?,e2e=E2E-METRIC-B,txn=TXN-E2E-METRIC-B] Migrating schema "public" to version "6 - create admin audit log"
2026-09-29T08:06:27.927-04:00 INFO  [main] o.f.core.internal.command.DbMigrate [req=?,e2e=E2E-METRIC-B,txn=TXN-E2E-METRIC-B] Migrating schema "public" to version "7 - add request id correlation"
2026-09-29T08:06:27.929-04:00 INFO  [main] o.f.core.internal.command.DbMigrate [req=?,e2e=E2E-METRIC-B,txn=TXN-E2E-METRIC-B] Migrating schema "public" to version "8 - outbound submission uncertainty"
2026-09-29T08:06:27.929-04:00 INFO  [main] o.f.core.internal.command.DbMigrate [req=?,e2e=E2E-METRIC-B,txn=TXN-E2E-METRIC-B] Migrating schema "public" to version "9 - create reliable payment reference"
2026-09-29T08:06:27.931-04:00 INFO  [main] o.f.core.internal.command.DbMigrate [req=?,e2e=E2E-METRIC-B,txn=TXN-E2E-METRIC-B] Migrating schema "public" to version "10 - synthetic async core ack"
2026-09-29T08:06:27.932-04:00 INFO  [main] o.f.core.internal.command.DbMigrate [req=?,e2e=E2E-METRIC-B,txn=TXN-E2E-METRIC-B] Migrating schema "public" to version "11 - reliability inquiry observability"
2026-09-29T08:06:27.934-04:00 INFO  [main] o.f.core.internal.command.DbMigrate [req=?,e2e=E2E-METRIC-B,txn=TXN-E2E-METRIC-B] Migrating schema "public" to version "12 - synthetic core availability"
2026-09-29T08:06:27.934-04:00 INFO  [main] o.f.core.internal.command.DbMigrate [req=?,e2e=E2E-METRIC-B,txn=TXN-E2E-METRIC-B] Successfully applied 12 migrations to schema "public", now at version v12 (execution time 00:00.001s)
2026-09-29T08:06:27.936-04:00 INFO  [pool-16-thread-1] i.o.shadowledger.ReconciliationService [req=?,e2e=?,txn=?] Reconciliation cycle starting
2026-09-29T08:06:27.990-04:00 WARN  [pool-16-thread-2] i.o.shadowledger.ReconciliationService [req=?,e2e=?,txn=?] Reconciliation cycle skipped — another invocation is already running
2026-09-29T08:06:28.447-04:00 INFO  [pool-16-thread-1] i.o.shadowledger.ReconciliationService [req=?,e2e=?,txn=?] Reconciliation processed 1 account(s) across 100-row batches
2026-09-29T08:06:28.447-04:00 INFO  [pool-16-thread-1] i.o.shadowledger.ReconciliationService [req=?,e2e=?,txn=?] Reconciliation cycle complete replayed=1 discrepancies=0 success=true
2026-09-29T08:06:28.448-04:00 INFO  [main] i.o.shadowledger.ReconciliationService [req=?,e2e=E2E-METRIC-B,txn=TXN-E2E-METRIC-B] Reconciliation cycle starting
2026-09-29T08:06:28.448-04:00 INFO  [main] i.o.shadowledger.ReconciliationService [req=?,e2e=E2E-METRIC-B,txn=TXN-E2E-METRIC-B] Reconciliation processed 1 account(s) across 100-row batches
2026-09-29T08:06:28.448-04:00 INFO  [main] i.o.shadowledger.ReconciliationService [req=?,e2e=E2E-METRIC-B,txn=TXN-E2E-METRIC-B] Reconciliation cycle complete replayed=1 discrepancies=0 success=true
2026-09-29T08:06:28.448-04:00 INFO  [main] i.o.shadowledger.ReconciliationService [req=?,e2e=E2E-METRIC-B,txn=TXN-E2E-METRIC-B] Reconciliation cycle starting
2026-09-29T08:06:28.448-04:00 INFO  [main] i.o.shadowledger.ReconciliationService [req=?,e2e=E2E-METRIC-B,txn=TXN-E2E-METRIC-B] Reconciliation processed 0 account(s) across 100-row batches
2026-09-29T08:06:28.448-04:00 INFO  [main] i.o.shadowledger.ReconciliationService [req=?,e2e=E2E-METRIC-B,txn=TXN-E2E-METRIC-B] Reconciliation cycle complete replayed=0 discrepancies=0 success=true
2026-09-29T08:06:28.449-04:00 INFO  [main] i.o.shadowledger.ReconciliationService [req=?,e2e=E2E-METRIC-B,txn=TXN-E2E-METRIC-B] Reconciliation cycle starting
2026-09-29T08:06:28.449-04:00 INFO  [main] i.o.shadowledger.ReconciliationService [req=?,e2e=E2E-METRIC-B,txn=TXN-E2E-METRIC-B] Reconciliation processed 1 account(s) across 100-row batches
2026-09-29T08:06:28.449-04:00 INFO  [main] i.o.shadowledger.ReconciliationService [req=?,e2e=E2E-METRIC-B,txn=TXN-E2E-METRIC-B] Reconciliation cycle complete replayed=1 discrepancies=0 success=true
2026-09-29T08:06:28.450-04:00 WARN  [main] i.o.shadowledger.ReconciliationService [req=?,e2e=E2E-METRIC-B,txn=TXN-E2E-METRIC-B] Reconciliation cycle skipped — another invocation is already running
[INFO] Tests run: 3, Failures: 0, Errors: 0, Skipped: 0, Time elapsed: 0.536 s -- in io.openfednow.shadowledger.ReconciliationConcurrencyGuardTest
[INFO] Running io.openfednow.shadowledger.BalanceSeedServiceTest
2026-09-29T08:06:28.451-04:00 INFO  [main] i.o.shadowledger.BalanceSeedService [req=?,e2e=E2E-METRIC-B,txn=TXN-E2E-METRIC-B] Shadow Ledger admin re-seed requested for 1 configured account(s)
2026-09-29T08:06:28.451-04:00 INFO  [main] i.o.shadowledger.BalanceSeedService [req=?,e2e=E2E-METRIC-B,txn=TXN-E2E-METRIC-B] Shadow Ledger seed complete seeded=1 skipped=0 failed=0
2026-09-29T08:06:28.451-04:00 INFO  [main] i.o.shadowledger.BalanceSeedService [req=?,e2e=E2E-METRIC-B,txn=TXN-E2E-METRIC-B] Shadow Ledger startup seed: 2 configured account(s)
2026-09-29T08:06:28.452-04:00 WARN  [main] i.o.shadowledger.BalanceSeedService [req=?,e2e=E2E-METRIC-B,txn=TXN-E2E-METRIC-B] Failed to fetch core balance for accountId=ACC-BAD (core unreachable). Skipping seed.
2026-09-29T08:06:28.452-04:00 INFO  [main] i.o.shadowledger.BalanceSeedService [req=?,e2e=E2E-METRIC-B,txn=TXN-E2E-METRIC-B] Shadow Ledger seed complete seeded=1 skipped=0 failed=1
2026-09-29T08:06:28.452-04:00 INFO  [main] i.o.shadowledger.BalanceSeedService [req=?,e2e=E2E-METRIC-B,txn=TXN-E2E-METRIC-B] Shadow Ledger startup seed: 1 configured account(s)
2026-09-29T08:06:28.452-04:00 WARN  [main] i.o.shadowledger.BalanceSeedService [req=?,e2e=E2E-METRIC-B,txn=TXN-E2E-METRIC-B] Failed to write Shadow Ledger seed for accountId=ACC-1 (redis down)
2026-09-29T08:06:28.452-04:00 INFO  [main] i.o.shadowledger.BalanceSeedService [req=?,e2e=E2E-METRIC-B,txn=TXN-E2E-METRIC-B] Shadow Ledger seed complete seeded=0 skipped=0 failed=1
2026-09-29T08:06:28.452-04:00 INFO  [main] i.o.shadowledger.BalanceSeedService [req=?,e2e=E2E-METRIC-B,txn=TXN-E2E-METRIC-B] Shadow Ledger admin re-seed requested for 3 configured account(s)
2026-09-29T08:06:28.452-04:00 WARN  [main] i.o.shadowledger.BalanceSeedService [req=?,e2e=E2E-METRIC-B,txn=TXN-E2E-METRIC-B] Failed to fetch core balance for accountId=ACC-Y (network blip). Skipping seed.
2026-09-29T08:06:28.452-04:00 INFO  [main] i.o.shadowledger.BalanceSeedService [req=?,e2e=E2E-METRIC-B,txn=TXN-E2E-METRIC-B] Shadow Ledger seed complete seeded=2 skipped=0 failed=1
2026-09-29T08:06:28.453-04:00 INFO  [main] i.o.shadowledger.BalanceSeedService [req=?,e2e=E2E-METRIC-B,txn=TXN-E2E-METRIC-B] Shadow Ledger startup seed: no accounts configured (openfednow.shadow-ledger.seed-accounts is empty)
2026-09-29T08:06:28.453-04:00 INFO  [main] i.o.shadowledger.BalanceSeedService [req=?,e2e=E2E-METRIC-B,txn=TXN-E2E-METRIC-B] Shadow Ledger startup seed: 1 configured account(s)
2026-09-29T08:06:28.453-04:00 WARN  [main] i.o.shadowledger.BalanceSeedService [req=?,e2e=E2E-METRIC-B,txn=TXN-E2E-METRIC-B] Core returned null balance for accountId=ACC-NULL. Skipping seed.
2026-09-29T08:06:28.453-04:00 INFO  [main] i.o.shadowledger.BalanceSeedService [req=?,e2e=E2E-METRIC-B,txn=TXN-E2E-METRIC-B] Shadow Ledger seed complete seeded=0 skipped=0 failed=1
2026-09-29T08:06:28.454-04:00 INFO  [main] i.o.shadowledger.BalanceSeedService [req=?,e2e=E2E-METRIC-B,txn=TXN-E2E-METRIC-B] Shadow Ledger startup seed: 1 configured account(s)
2026-09-29T08:06:28.454-04:00 INFO  [main] i.o.shadowledger.BalanceSeedService [req=?,e2e=E2E-METRIC-B,txn=TXN-E2E-METRIC-B] Shadow Ledger seed complete seeded=0 skipped=1 failed=0
2026-09-29T08:06:28.454-04:00 INFO  [main] i.o.shadowledger.BalanceSeedService [req=?,e2e=E2E-METRIC-B,txn=TXN-E2E-METRIC-B] Shadow Ledger startup seed: 2 configured account(s)
2026-09-29T08:06:28.454-04:00 INFO  [main] i.o.shadowledger.BalanceSeedService [req=?,e2e=E2E-METRIC-B,txn=TXN-E2E-METRIC-B] Shadow Ledger seed complete seeded=2 skipped=0 failed=0
[INFO] Tests run: 13, Failures: 0, Errors: 0, Skipped: 0, Time elapsed: 0.004 s -- in io.openfednow.shadowledger.BalanceSeedServiceTest
[INFO] 
[INFO] Results:
[INFO] 
[ERROR] Failures: 
[ERROR]   FlywayMigrationTest.exactlyTenMigrationsArePresent:77 
Expected size: 10 but was: 12 in:
[org.flywaydb.core.internal.info.MigrationInfoImpl@a4ff8edc,
    org.flywaydb.core.internal.info.MigrationInfoImpl@fd3910ca,
    org.flywaydb.core.internal.info.MigrationInfoImpl@7e06cadf,
    org.flywaydb.core.internal.info.MigrationInfoImpl@e63a5518,
    org.flywaydb.core.internal.info.MigrationInfoImpl@b7288e83,
    org.flywaydb.core.internal.info.MigrationInfoImpl@394104b,
    org.flywaydb.core.internal.info.MigrationInfoImpl@ff3f1976,
    org.flywaydb.core.internal.info.MigrationInfoImpl@1de40b4e,
    org.flywaydb.core.internal.info.MigrationInfoImpl@12253adb,
    org.flywaydb.core.internal.info.MigrationInfoImpl@b1d3692d,
    org.flywaydb.core.internal.info.MigrationInfoImpl@2f79c1a4,
    org.flywaydb.core.internal.info.MigrationInfoImpl@c919b962]
[INFO] 
[ERROR] Tests run: 618, Failures: 1, Errors: 0, Skipped: 0
[INFO] 
[INFO] ------------------------------------------------------------------------
[INFO] BUILD FAILURE
[INFO] ------------------------------------------------------------------------
[INFO] Total time:  14.757 s
[INFO] Finished at: 2026-09-29T08:06:28-04:00
[INFO] ------------------------------------------------------------------------
[ERROR] Failed to execute goal org.apache.maven.plugins:maven-surefire-plugin:3.5.6:test (default-test) on project openfednow: There are test failures.
[ERROR] 
[ERROR] See /Users/danielmori/Developer/open-fednow-clean-eval/target/surefire-reports for the individual test results.
[ERROR] See dump files (if any exist) [date].dump, [date]-jvmRun[N].dump and [date].dumpstream.
[ERROR] -> [Help 1]
[ERROR] 
[ERROR] To see the full stack trace of the errors, re-run Maven with the -e switch.
[ERROR] Re-run Maven using the -X switch to enable full debug logging.
[ERROR] 
[ERROR] For more information about the errors and possible solutions, please read the following articles:
[ERROR] [Help 1] http://cwiki.apache.org/confluence/display/MAVEN/MojoFailureException
