[INFO] Scanning for projects...
[INFO] 
[INFO] ----------------------< io.openfednow:openfednow >----------------------
[INFO] Building OpenFedNow 0.1.0-SNAPSHOT
[INFO]   from pom.xml
[INFO] --------------------------------[ jar ]---------------------------------
[INFO] 
[INFO] --- resources:3.3.1:resources (default-resources) @ openfednow ---
[INFO] Copying 4 resources from src/main/resources to target/classes
[INFO] Copying 16 resources from src/main/resources to target/classes
[INFO] 
[INFO] --- compiler:3.14.1:compile (default-compile) @ openfednow ---
[INFO] Nothing to compile - all classes are up to date.
[INFO] 
[INFO] --- resources:3.3.1:testResources (default-testResources) @ openfednow ---
[INFO] Copying 2 resources from src/test/resources to target/test-classes
[INFO] 
[INFO] --- compiler:3.14.1:testCompile (default-testCompile) @ openfednow ---
[INFO] Nothing to compile - all classes are up to date.
[INFO] 
[INFO] --- surefire:3.5.6:test (default-test) @ openfednow ---
[INFO] Using auto detected provider org.apache.maven.surefire.junitplatform.JUnitPlatformProvider
[INFO] 
[INFO] -------------------------------------------------------
[INFO]  T E S T S
[INFO] -------------------------------------------------------
[INFO] Running io.openfednow.processing.fraud.FraudRoutingIntegrationTest
08:08:49.950 [main] INFO org.springframework.boot.test.context.SpringBootTestContextBootstrapper -- Found @SpringBootConfiguration io.openfednow.OpenFedNowApplication for test class io.openfednow.processing.fraud.FraudRoutingIntegrationTest
08:08:49.987 [main] INFO org.testcontainers.images.PullPolicy -- Image pull policy will be performed by: DefaultPullPolicy()
08:08:49.988 [main] INFO org.testcontainers.utility.ImageNameSubstitutor -- Image name substitution will be performed by: DefaultImageNameSubstitutor (composite of 'ConfigurationFileImageNameSubstitutor' and 'PrefixingImageNameSubstitutor')

  .   ____          _            __ _ _
 /\\ / ___'_ __ _ _(_)_ __  __ _ \ \ \ \
( ( )\___ | '_ | '_| | '_ \/ _` | \ \ \ \
 \\/  ___)| |_)| | | | | || (_| |  ) ) ) )
  '  |____| .__|_| |_|_| |_\__, | / / / /
 =========|_|==============|___/=/_/_/_/

 :: Spring Boot ::               (v3.5.16)

2026-09-29T08:08:50.125-04:00 INFO  [testcontainers-lifecycle-0] org.testcontainers.DockerClientFactory [req=?,e2e=?,txn=?] Testcontainers version: 1.21.4
2026-09-29T08:08:50.202-04:00 INFO  [testcontainers-lifecycle-0] o.t.d.DockerClientProviderStrategy [req=?,e2e=?,txn=?] Loaded org.testcontainers.dockerclient.UnixSocketClientProviderStrategy from ~/.testcontainers.properties, will try it first
2026-09-29T08:08:50.293-04:00 INFO  [testcontainers-lifecycle-0] o.t.d.DockerClientProviderStrategy [req=?,e2e=?,txn=?] Found Docker environment with local Unix socket (unix:///var/run/docker.sock)
2026-09-29T08:08:50.294-04:00 INFO  [testcontainers-lifecycle-0] org.testcontainers.DockerClientFactory [req=?,e2e=?,txn=?] Docker host IP address is localhost
2026-09-29T08:08:50.303-04:00 INFO  [testcontainers-lifecycle-0] org.testcontainers.DockerClientFactory [req=?,e2e=?,txn=?] Connected to docker: 
  Server Version: 29.7.2
  API Version: 1.55
  Operating System: Docker Desktop
  Total Memory: 7933 MB
  Labels: 
    com.docker.desktop.address=unix:///Users/danielmori/Library/Containers/com.docker.docker/Data/docker-cli.sock
2026-09-29T08:08:50.575-04:00 INFO  [testcontainers-lifecycle-0] tc.testcontainers/ryuk:0.12.0 [req=?,e2e=?,txn=?] Creating container for image: testcontainers/ryuk:0.12.0
2026-09-29T08:08:50.634-04:00 INFO  [testcontainers-lifecycle-0] o.t.utility.RegistryAuthLocator [req=?,e2e=?,txn=?] Credential helper/store (docker-credential-desktop) does not have credentials for https://index.docker.io/v1/
2026-09-29T08:08:50.687-04:00 INFO  [testcontainers-lifecycle-0] tc.testcontainers/ryuk:0.12.0 [req=?,e2e=?,txn=?] Container testcontainers/ryuk:0.12.0 is starting: 6e90ab6c9b70e42e52e80619328bea0c12e327da3a9e4593a3c1cb630831e513
2026-09-29T08:08:50.812-04:00 INFO  [testcontainers-lifecycle-0] tc.testcontainers/ryuk:0.12.0 [req=?,e2e=?,txn=?] Container testcontainers/ryuk:0.12.0 started in PT0.236927S
2026-09-29T08:08:50.814-04:00 INFO  [testcontainers-lifecycle-0] o.t.utility.RyukResourceReaper [req=?,e2e=?,txn=?] Ryuk started - will monitor and terminate Testcontainers containers on JVM exit
2026-09-29T08:08:50.814-04:00 INFO  [testcontainers-lifecycle-0] org.testcontainers.DockerClientFactory [req=?,e2e=?,txn=?] Checking the system...
2026-09-29T08:08:50.815-04:00 INFO  [testcontainers-lifecycle-0] org.testcontainers.DockerClientFactory [req=?,e2e=?,txn=?] ✔︎ Docker server version should be at least 1.6.0
2026-09-29T08:08:50.815-04:00 INFO  [testcontainers-lifecycle-2] tc.postgres:16-alpine [req=?,e2e=?,txn=?] Creating container for image: postgres:16-alpine
2026-09-29T08:08:50.815-04:00 INFO  [testcontainers-lifecycle-0] tc.redis:7-alpine [req=?,e2e=?,txn=?] Creating container for image: redis:7-alpine
2026-09-29T08:08:50.815-04:00 INFO  [testcontainers-lifecycle-1] tc.rabbitmq:3-management [req=?,e2e=?,txn=?] Creating container for image: rabbitmq:3-management
2026-09-29T08:08:50.851-04:00 INFO  [testcontainers-lifecycle-1] tc.rabbitmq:3-management [req=?,e2e=?,txn=?] Container rabbitmq:3-management is starting: 68c5679dba2b9b63b4d5efb3465635de37b4e18b63a05459b20a73f5a647ecbd
2026-09-29T08:08:50.852-04:00 INFO  [testcontainers-lifecycle-0] tc.redis:7-alpine [req=?,e2e=?,txn=?] Container redis:7-alpine is starting: d00cedb4443408b6faf7951634ef1c5ae5ea03ac369ef7d54519f0af6afa9147
2026-09-29T08:08:50.855-04:00 INFO  [testcontainers-lifecycle-2] tc.postgres:16-alpine [req=?,e2e=?,txn=?] Container postgres:16-alpine is starting: c86677563eb49cb8641372b9e83e34a57b1dc44b26cb479b99ce5766362eb354
2026-09-29T08:08:51.035-04:00 INFO  [testcontainers-lifecycle-0] tc.redis:7-alpine [req=?,e2e=?,txn=?] Container redis:7-alpine started in PT0.21993S
2026-09-29T08:08:51.532-04:00 INFO  [testcontainers-lifecycle-2] tc.postgres:16-alpine [req=?,e2e=?,txn=?] Container postgres:16-alpine started in PT0.716863S
2026-09-29T08:08:51.533-04:00 INFO  [testcontainers-lifecycle-2] tc.postgres:16-alpine [req=?,e2e=?,txn=?] Container is started (JDBC URL: jdbc:postgresql://localhost:53832/openfednow?loggerLevel=OFF)
2026-09-29T08:08:54.487-04:00 INFO  [testcontainers-lifecycle-1] tc.rabbitmq:3-management [req=?,e2e=?,txn=?] Container rabbitmq:3-management started in PT3.67225S
2026-09-29T08:08:54.502-04:00 INFO  [main] i.o.p.fraud.FraudRoutingIntegrationTest [req=?,e2e=?,txn=?] Starting FraudRoutingIntegrationTest using Java 17.0.20.1 with PID 90848 (started by danielmori in /Users/danielmori/Developer/open-fednow-clean-eval)
2026-09-29T08:08:54.502-04:00 DEBUG [main] i.o.p.fraud.FraudRoutingIntegrationTest [req=?,e2e=?,txn=?] Running with Spring Boot v3.5.16, Spring v6.2.19
2026-09-29T08:08:54.502-04:00 INFO  [main] i.o.p.fraud.FraudRoutingIntegrationTest [req=?,e2e=?,txn=?] No active profile set, falling back to 1 default profile: "default"
2026-09-29T08:08:54.896-04:00 INFO  [main] o.s.d.r.c.RepositoryConfigurationDelegate [req=?,e2e=?,txn=?] Multiple Spring Data modules found, entering strict repository configuration mode
2026-09-29T08:08:54.897-04:00 INFO  [main] o.s.d.r.c.RepositoryConfigurationDelegate [req=?,e2e=?,txn=?] Bootstrapping Spring Data JPA repositories in DEFAULT mode.
2026-09-29T08:08:54.913-04:00 INFO  [main] o.s.d.r.c.RepositoryConfigurationDelegate [req=?,e2e=?,txn=?] Finished Spring Data repository scanning in 12 ms. Found 0 JPA repository interfaces.
2026-09-29T08:08:54.919-04:00 INFO  [main] o.s.d.r.c.RepositoryConfigurationDelegate [req=?,e2e=?,txn=?] Multiple Spring Data modules found, entering strict repository configuration mode
2026-09-29T08:08:54.920-04:00 INFO  [main] o.s.d.r.c.RepositoryConfigurationDelegate [req=?,e2e=?,txn=?] Bootstrapping Spring Data Redis repositories in DEFAULT mode.
2026-09-29T08:08:54.930-04:00 INFO  [main] o.s.d.r.c.RepositoryConfigurationDelegate [req=?,e2e=?,txn=?] Finished Spring Data repository scanning in 3 ms. Found 0 Redis repository interfaces.
2026-09-29T08:08:55.418-04:00 INFO  [main] org.flywaydb.core.FlywayExecutor [req=?,e2e=?,txn=?] Database: jdbc:postgresql://localhost:53832/openfednow?loggerLevel=OFF (PostgreSQL 16.15)
2026-09-29T08:08:55.437-04:00 INFO  [main] o.f.c.i.s.JdbcTableSchemaHistory [req=?,e2e=?,txn=?] Schema history table "public"."flyway_schema_history" does not exist yet
2026-09-29T08:08:55.438-04:00 INFO  [main] o.f.core.internal.command.DbValidate [req=?,e2e=?,txn=?] Successfully validated 12 migrations (execution time 00:00.008s)
2026-09-29T08:08:55.447-04:00 INFO  [main] o.f.c.i.s.JdbcTableSchemaHistory [req=?,e2e=?,txn=?] Creating Schema History table "public"."flyway_schema_history" ...
2026-09-29T08:08:55.490-04:00 INFO  [main] o.f.core.internal.command.DbMigrate [req=?,e2e=?,txn=?] Current version of schema "public": << Empty Schema >>
2026-09-29T08:08:55.497-04:00 INFO  [main] o.f.core.internal.command.DbMigrate [req=?,e2e=?,txn=?] Migrating schema "public" to version "1 - create shadow ledger transaction log"
2026-09-29T08:08:55.518-04:00 INFO  [main] o.f.core.internal.command.DbMigrate [req=?,e2e=?,txn=?] Migrating schema "public" to version "2 - create saga state"
2026-09-29T08:08:55.530-04:00 INFO  [main] o.f.core.internal.command.DbMigrate [req=?,e2e=?,txn=?] Migrating schema "public" to version "3 - create idempotency keys"
2026-09-29T08:08:55.540-04:00 INFO  [main] o.f.core.internal.command.DbMigrate [req=?,e2e=?,txn=?] Migrating schema "public" to version "4 - create reconciliation run"
2026-09-29T08:08:55.548-04:00 INFO  [main] o.f.core.internal.command.DbMigrate [req=?,e2e=?,txn=?] Migrating schema "public" to version "5 - add source rail to saga state"
2026-09-29T08:08:55.554-04:00 INFO  [main] o.f.core.internal.command.DbMigrate [req=?,e2e=?,txn=?] Migrating schema "public" to version "6 - create admin audit log"
2026-09-29T08:08:55.561-04:00 INFO  [main] o.f.core.internal.command.DbMigrate [req=?,e2e=?,txn=?] Migrating schema "public" to version "7 - add request id correlation"
2026-09-29T08:08:55.567-04:00 INFO  [main] o.f.core.internal.command.DbMigrate [req=?,e2e=?,txn=?] Migrating schema "public" to version "8 - outbound submission uncertainty"
2026-09-29T08:08:55.573-04:00 INFO  [main] o.f.core.internal.command.DbMigrate [req=?,e2e=?,txn=?] Migrating schema "public" to version "9 - create reliable payment reference"
2026-09-29T08:08:55.583-04:00 INFO  [main] o.f.core.internal.command.DbMigrate [req=?,e2e=?,txn=?] Migrating schema "public" to version "10 - synthetic async core ack"
2026-09-29T08:08:55.590-04:00 INFO  [main] o.f.core.internal.command.DbMigrate [req=?,e2e=?,txn=?] Migrating schema "public" to version "11 - reliability inquiry observability"
2026-09-29T08:08:55.594-04:00 INFO  [main] o.f.core.internal.command.DbMigrate [req=?,e2e=?,txn=?] Migrating schema "public" to version "12 - synthetic core availability"
2026-09-29T08:08:55.599-04:00 INFO  [main] o.f.core.internal.command.DbMigrate [req=?,e2e=?,txn=?] Successfully applied 12 migrations to schema "public", now at version v12 (execution time 00:00.045s)
2026-09-29T08:08:55.790-04:00 INFO  [main] o.s.o.j.p.SpringPersistenceUnitInfo [req=?,e2e=?,txn=?] No LoadTimeWeaver setup: ignoring JPA class transformer
2026-09-29T08:08:56.017-04:00 INFO  [main] o.s.o.j.LocalContainerEntityManagerFactoryBean [req=?,e2e=?,txn=?] Initialized JPA EntityManagerFactory for persistence unit 'default'
2026-09-29T08:08:56.505-04:00 INFO  [main] i.o.reliability.ReliabilityRailConfig [req=?,e2e=?,txn=?] Synthetic reliability rail configured=false
2026-09-29T08:08:56.611-04:00 INFO  [main] o.s.s.c.a.a.c.InitializeUserDetailsBeanManagerConfigurer$InitializeUserDetailsManagerConfigurer [req=?,e2e=?,txn=?] Global AuthenticationManager configured with UserDetailsService bean with name userDetailsService
2026-09-29T08:08:57.110-04:00 INFO  [main] i.o.p.fraud.FraudRoutingIntegrationTest [req=?,e2e=?,txn=?] Started FraudRoutingIntegrationTest in 7.105 seconds (process running for 7.487)
2026-09-29T08:08:57.114-04:00 DEBUG [scheduling-1] i.o.shadowledger.AvailabilityBridge [req=?,e2e=?,txn=?] Core availability poll: mode=ONLINE
2026-09-29T08:08:57.117-04:00 INFO  [main] i.o.processing.saga.SagaRecoveryService [req=?,e2e=?,txn=?] Saga recovery: no in-flight sagas found at startup
2026-09-29T08:08:57.118-04:00 INFO  [main] i.o.shadowledger.BalanceSeedService [req=?,e2e=?,txn=?] Shadow Ledger startup seed: no accounts configured (openfednow.shadow-ledger.seed-accounts is empty)
2026-09-29T08:08:57.524-04:00 INFO  [main] io.openfednow.gateway.MessageRouter [req=?,e2e=E2E-INB-PASS,txn=TXN-INB-PASS] Inbound credit transfer received amount=100.00 currency=USD sourceRail=FEDNOW
2026-09-29T08:08:57.528-04:00 INFO  [main] i.o.processing.saga.SagaOrchestrator [req=?,e2e=E2E-INB-PASS,txn=TXN-INB-PASS] Saga initiated sagaId=SAGA-4732edeb-08f5-4556-b362-6c82d1d3fd71 transactionId=TXN-INB-PASS e2e=E2E-INB-PASS sourceRail=FEDNOW requestId=null
2026-09-29T08:08:57.532-04:00 INFO  [main] io.openfednow.shadowledger.ShadowLedger [req=?,e2e=E2E-INB-PASS,txn=TXN-INB-PASS] Shadow Ledger credit applied account=ACC-CREDITOR amount=100.00 balanceAfter=100.00
2026-09-29T08:08:57.533-04:00 DEBUG [main] i.o.processing.saga.SagaOrchestrator [req=?,e2e=E2E-INB-PASS,txn=TXN-INB-PASS] Saga advanced sagaId=SAGA-4732edeb-08f5-4556-b362-6c82d1d3fd71 state=FUNDS_RESERVED
2026-09-29T08:08:57.533-04:00 DEBUG [main] i.o.processing.saga.SagaOrchestrator [req=?,e2e=E2E-INB-PASS,txn=TXN-INB-PASS] Saga advanced sagaId=SAGA-4732edeb-08f5-4556-b362-6c82d1d3fd71 state=CORE_SUBMITTED
2026-09-29T08:08:57.533-04:00 DEBUG [main] i.o.processing.saga.SagaOrchestrator [req=?,e2e=E2E-INB-PASS,txn=TXN-INB-PASS] Saga advanced sagaId=SAGA-4732edeb-08f5-4556-b362-6c82d1d3fd71 state=FEDNOW_CONFIRMED
2026-09-29T08:08:57.534-04:00 DEBUG [main] i.o.processing.saga.SagaOrchestrator [req=?,e2e=E2E-INB-PASS,txn=TXN-INB-PASS] Saga advanced sagaId=SAGA-4732edeb-08f5-4556-b362-6c82d1d3fd71 state=COMPLETED
2026-09-29T08:08:57.534-04:00 INFO  [main] io.openfednow.gateway.MessageRouter [req=?,e2e=E2E-INB-PASS,txn=TXN-INB-PASS] Inbound credit transfer status=ACSC rejectCode=null
2026-09-29T08:08:57.542-04:00 DEBUG [main] i.o.p.idempotency.IdempotencyService [req=?,e2e=E2E-INB-PASS,txn=TXN-INB-PASS] Idempotency outcome recorded e2e=E2E-INB-PASS status=ACSC
2026-09-29T08:08:57.573-04:00 INFO  [main] io.openfednow.gateway.MessageRouter [req=?,e2e=E2E-INB-REVIEW,txn=TXN-INB-REVIEW] Inbound credit transfer received amount=100.00 currency=USD sourceRail=FEDNOW
2026-09-29T08:08:57.575-04:00 INFO  [main] i.o.processing.saga.SagaOrchestrator [req=?,e2e=E2E-INB-REVIEW,txn=TXN-INB-REVIEW] Saga initiated sagaId=SAGA-1c68b4ac-5ac9-496c-b9df-277f09bf007c transactionId=TXN-INB-REVIEW e2e=E2E-INB-REVIEW sourceRail=FEDNOW requestId=null
2026-09-29T08:08:57.576-04:00 INFO  [main] io.openfednow.shadowledger.ShadowLedger [req=?,e2e=E2E-INB-REVIEW,txn=TXN-INB-REVIEW] Shadow Ledger credit applied account=ACC-CREDITOR amount=100.00 balanceAfter=100.00
2026-09-29T08:08:57.576-04:00 DEBUG [main] i.o.processing.saga.SagaOrchestrator [req=?,e2e=E2E-INB-REVIEW,txn=TXN-INB-REVIEW] Saga advanced sagaId=SAGA-1c68b4ac-5ac9-496c-b9df-277f09bf007c state=FUNDS_RESERVED
2026-09-29T08:08:57.576-04:00 DEBUG [main] i.o.processing.saga.SagaOrchestrator [req=?,e2e=E2E-INB-REVIEW,txn=TXN-INB-REVIEW] Saga advanced sagaId=SAGA-1c68b4ac-5ac9-496c-b9df-277f09bf007c state=CORE_SUBMITTED
2026-09-29T08:08:57.577-04:00 DEBUG [main] i.o.processing.saga.SagaOrchestrator [req=?,e2e=E2E-INB-REVIEW,txn=TXN-INB-REVIEW] Saga advanced sagaId=SAGA-1c68b4ac-5ac9-496c-b9df-277f09bf007c state=FEDNOW_CONFIRMED
2026-09-29T08:08:57.577-04:00 DEBUG [main] i.o.processing.saga.SagaOrchestrator [req=?,e2e=E2E-INB-REVIEW,txn=TXN-INB-REVIEW] Saga advanced sagaId=SAGA-1c68b4ac-5ac9-496c-b9df-277f09bf007c state=COMPLETED
2026-09-29T08:08:57.577-04:00 INFO  [main] io.openfednow.gateway.MessageRouter [req=?,e2e=E2E-INB-REVIEW,txn=TXN-INB-REVIEW] Inbound credit transfer status=ACSC rejectCode=null
2026-09-29T08:08:57.578-04:00 DEBUG [main] i.o.p.idempotency.IdempotencyService [req=?,e2e=E2E-INB-REVIEW,txn=TXN-INB-REVIEW] Idempotency outcome recorded e2e=E2E-INB-REVIEW status=ACSC
2026-09-29T08:08:57.585-04:00 INFO  [main] io.openfednow.gateway.MessageRouter [req=?,e2e=E2E-INB-BLOCK,txn=TXN-INB-BLOCK] Inbound credit transfer received amount=100.00 currency=USD sourceRail=FEDNOW
2026-09-29T08:08:57.587-04:00 DEBUG [main] i.o.p.idempotency.IdempotencyService [req=?,e2e=E2E-INB-BLOCK,txn=TXN-INB-BLOCK] Idempotency outcome recorded e2e=E2E-INB-BLOCK status=RJCT
2026-09-29T08:08:57.595-04:00 INFO  [main] io.openfednow.gateway.MessageRouter [req=?,e2e=E2E-OUT-BLOCK,txn=TXN-OUT-BLOCK] Outbound credit transfer received amount=100.00 currency=USD
2026-09-29T08:08:57.598-04:00 DEBUG [main] i.o.p.idempotency.IdempotencyService [req=?,e2e=E2E-OUT-BLOCK,txn=TXN-OUT-BLOCK] Idempotency outcome recorded e2e=E2E-OUT-BLOCK status=RJCT
2026-09-29T08:08:57.610-04:00 INFO  [main] o.s.o.j.LocalContainerEntityManagerFactoryBean [req=?,e2e=E2E-OUT-BLOCK,txn=TXN-OUT-BLOCK] Closing JPA EntityManagerFactory for persistence unit 'default'
[INFO] Tests run: 4, Failures: 0, Errors: 0, Skipped: 0, Time elapsed: 7.753 s -- in io.openfednow.processing.fraud.FraudRoutingIntegrationTest
[INFO] Running io.openfednow.processing.fraud.FraudTimeoutIntegrationTest
2026-09-29T08:08:57.618-04:00 INFO  [main] o.s.b.t.c.SpringBootTestContextBootstrapper [req=?,e2e=E2E-OUT-BLOCK,txn=TXN-OUT-BLOCK] Found @SpringBootConfiguration io.openfednow.OpenFedNowApplication for test class io.openfednow.processing.fraud.FraudTimeoutIntegrationTest

  .   ____          _            __ _ _
 /\\ / ___'_ __ _ _(_)_ __  __ _ \ \ \ \
( ( )\___ | '_ | '_| | '_ \/ _` | \ \ \ \
 \\/  ___)| |_)| | | | | || (_| |  ) ) ) )
  '  |____| .__|_| |_|_| |_\__, | / / / /
 =========|_|==============|___/=/_/_/_/

 :: Spring Boot ::               (v3.5.16)

2026-09-29T08:08:57.638-04:00 INFO  [main] i.o.p.fraud.FraudTimeoutIntegrationTest [req=?,e2e=E2E-OUT-BLOCK,txn=TXN-OUT-BLOCK] Starting FraudTimeoutIntegrationTest using Java 17.0.20.1 with PID 90848 (started by danielmori in /Users/danielmori/Developer/open-fednow-clean-eval)
2026-09-29T08:08:57.638-04:00 DEBUG [main] i.o.p.fraud.FraudTimeoutIntegrationTest [req=?,e2e=E2E-OUT-BLOCK,txn=TXN-OUT-BLOCK] Running with Spring Boot v3.5.16, Spring v6.2.19
2026-09-29T08:08:57.638-04:00 INFO  [main] i.o.p.fraud.FraudTimeoutIntegrationTest [req=?,e2e=E2E-OUT-BLOCK,txn=TXN-OUT-BLOCK] No active profile set, falling back to 1 default profile: "default"
2026-09-29T08:08:57.756-04:00 INFO  [main] o.s.d.r.c.RepositoryConfigurationDelegate [req=?,e2e=E2E-OUT-BLOCK,txn=TXN-OUT-BLOCK] Multiple Spring Data modules found, entering strict repository configuration mode
2026-09-29T08:08:57.756-04:00 INFO  [main] o.s.d.r.c.RepositoryConfigurationDelegate [req=?,e2e=E2E-OUT-BLOCK,txn=TXN-OUT-BLOCK] Bootstrapping Spring Data JPA repositories in DEFAULT mode.
2026-09-29T08:08:57.762-04:00 INFO  [main] o.s.d.r.c.RepositoryConfigurationDelegate [req=?,e2e=E2E-OUT-BLOCK,txn=TXN-OUT-BLOCK] Finished Spring Data repository scanning in 4 ms. Found 0 JPA repository interfaces.
2026-09-29T08:08:57.763-04:00 INFO  [main] o.s.d.r.c.RepositoryConfigurationDelegate [req=?,e2e=E2E-OUT-BLOCK,txn=TXN-OUT-BLOCK] Multiple Spring Data modules found, entering strict repository configuration mode
2026-09-29T08:08:57.763-04:00 INFO  [main] o.s.d.r.c.RepositoryConfigurationDelegate [req=?,e2e=E2E-OUT-BLOCK,txn=TXN-OUT-BLOCK] Bootstrapping Spring Data Redis repositories in DEFAULT mode.
2026-09-29T08:08:57.767-04:00 INFO  [main] o.s.d.r.c.RepositoryConfigurationDelegate [req=?,e2e=E2E-OUT-BLOCK,txn=TXN-OUT-BLOCK] Finished Spring Data repository scanning in 3 ms. Found 0 Redis repository interfaces.
2026-09-29T08:08:57.847-04:00 INFO  [main] org.flywaydb.core.FlywayExecutor [req=?,e2e=E2E-OUT-BLOCK,txn=TXN-OUT-BLOCK] Database: jdbc:postgresql://localhost:53832/openfednow?loggerLevel=OFF (PostgreSQL 16.15)
2026-09-29T08:08:57.859-04:00 INFO  [main] o.f.core.internal.command.DbValidate [req=?,e2e=E2E-OUT-BLOCK,txn=TXN-OUT-BLOCK] Successfully validated 12 migrations (execution time 00:00.005s)
2026-09-29T08:08:57.873-04:00 INFO  [main] o.f.core.internal.command.DbMigrate [req=?,e2e=E2E-OUT-BLOCK,txn=TXN-OUT-BLOCK] Current version of schema "public": 12
2026-09-29T08:08:57.874-04:00 INFO  [main] o.f.core.internal.command.DbMigrate [req=?,e2e=E2E-OUT-BLOCK,txn=TXN-OUT-BLOCK] Schema "public" is up to date. No migration necessary.
2026-09-29T08:08:57.896-04:00 INFO  [main] o.s.o.j.p.SpringPersistenceUnitInfo [req=?,e2e=E2E-OUT-BLOCK,txn=TXN-OUT-BLOCK] No LoadTimeWeaver setup: ignoring JPA class transformer
2026-09-29T08:08:57.909-04:00 INFO  [main] o.s.o.j.LocalContainerEntityManagerFactoryBean [req=?,e2e=E2E-OUT-BLOCK,txn=TXN-OUT-BLOCK] Initialized JPA EntityManagerFactory for persistence unit 'default'
2026-09-29T08:08:58.021-04:00 INFO  [main] i.o.reliability.ReliabilityRailConfig [req=?,e2e=E2E-OUT-BLOCK,txn=TXN-OUT-BLOCK] Synthetic reliability rail configured=false
2026-09-29T08:08:58.053-04:00 INFO  [main] o.s.s.c.a.a.c.InitializeUserDetailsBeanManagerConfigurer$InitializeUserDetailsManagerConfigurer [req=?,e2e=E2E-OUT-BLOCK,txn=TXN-OUT-BLOCK] Global AuthenticationManager configured with UserDetailsService bean with name userDetailsService
2026-09-29T08:08:58.270-04:00 INFO  [main] i.o.p.fraud.FraudTimeoutIntegrationTest [req=?,e2e=E2E-OUT-BLOCK,txn=TXN-OUT-BLOCK] Started FraudTimeoutIntegrationTest in 0.648 seconds (process running for 8.647)
2026-09-29T08:08:58.270-04:00 DEBUG [scheduling-1] i.o.shadowledger.AvailabilityBridge [req=?,e2e=?,txn=?] Core availability poll: mode=ONLINE
2026-09-29T08:08:58.272-04:00 INFO  [main] i.o.processing.saga.SagaRecoveryService [req=?,e2e=E2E-OUT-BLOCK,txn=TXN-OUT-BLOCK] Saga recovery: no in-flight sagas found at startup
2026-09-29T08:08:58.273-04:00 INFO  [main] i.o.shadowledger.BalanceSeedService [req=?,e2e=E2E-OUT-BLOCK,txn=TXN-OUT-BLOCK] Shadow Ledger startup seed: no accounts configured (openfednow.shadow-ledger.seed-accounts is empty)
2026-09-29T08:08:58.283-04:00 INFO  [main] io.openfednow.gateway.MessageRouter [req=?,e2e=E2E-TIMEOUT,txn=TXN-TIMEOUT] Inbound credit transfer received amount=50.00 currency=USD sourceRail=FEDNOW
2026-09-29T08:08:58.395-04:00 WARN  [main] io.openfednow.gateway.MessageRouter [req=?,e2e=E2E-TIMEOUT,txn=TXN-TIMEOUT] Screening unavailable e2e=E2E-TIMEOUT cause=timeout failOpen=false
2026-09-29T08:08:58.399-04:00 DEBUG [main] i.o.p.idempotency.IdempotencyService [req=?,e2e=E2E-TIMEOUT,txn=TXN-TIMEOUT] Idempotency outcome recorded e2e=E2E-TIMEOUT status=RJCT
2026-09-29T08:08:58.407-04:00 INFO  [main] io.openfednow.gateway.MessageRouter [req=?,e2e=E2E-FAST,txn=TXN-FAST] Inbound credit transfer received amount=50.00 currency=USD sourceRail=FEDNOW
2026-09-29T08:08:58.409-04:00 INFO  [main] i.o.processing.saga.SagaOrchestrator [req=?,e2e=E2E-FAST,txn=TXN-FAST] Saga initiated sagaId=SAGA-04c6a602-2134-4fbf-928a-c41888f6dbbf transactionId=TXN-FAST e2e=E2E-FAST sourceRail=FEDNOW requestId=null
2026-09-29T08:08:58.410-04:00 INFO  [main] io.openfednow.shadowledger.ShadowLedger [req=?,e2e=E2E-FAST,txn=TXN-FAST] Shadow Ledger credit applied account=ACC-CREDITOR amount=50.00 balanceAfter=50.00
2026-09-29T08:08:58.410-04:00 DEBUG [main] i.o.processing.saga.SagaOrchestrator [req=?,e2e=E2E-FAST,txn=TXN-FAST] Saga advanced sagaId=SAGA-04c6a602-2134-4fbf-928a-c41888f6dbbf state=FUNDS_RESERVED
2026-09-29T08:08:58.411-04:00 DEBUG [main] i.o.processing.saga.SagaOrchestrator [req=?,e2e=E2E-FAST,txn=TXN-FAST] Saga advanced sagaId=SAGA-04c6a602-2134-4fbf-928a-c41888f6dbbf state=CORE_SUBMITTED
2026-09-29T08:08:58.411-04:00 DEBUG [main] i.o.processing.saga.SagaOrchestrator [req=?,e2e=E2E-FAST,txn=TXN-FAST] Saga advanced sagaId=SAGA-04c6a602-2134-4fbf-928a-c41888f6dbbf state=FEDNOW_CONFIRMED
2026-09-29T08:08:58.411-04:00 DEBUG [main] i.o.processing.saga.SagaOrchestrator [req=?,e2e=E2E-FAST,txn=TXN-FAST] Saga advanced sagaId=SAGA-04c6a602-2134-4fbf-928a-c41888f6dbbf state=COMPLETED
2026-09-29T08:08:58.411-04:00 INFO  [main] io.openfednow.gateway.MessageRouter [req=?,e2e=E2E-FAST,txn=TXN-FAST] Inbound credit transfer status=ACSC rejectCode=null
2026-09-29T08:08:58.413-04:00 DEBUG [main] i.o.p.idempotency.IdempotencyService [req=?,e2e=E2E-FAST,txn=TXN-FAST] Idempotency outcome recorded e2e=E2E-FAST status=ACSC
2026-09-29T08:08:58.419-04:00 INFO  [main] io.openfednow.gateway.MessageRouter [req=?,e2e=E2E-THROW,txn=TXN-THROW] Inbound credit transfer received amount=50.00 currency=USD sourceRail=FEDNOW
2026-09-29T08:08:58.420-04:00 WARN  [main] io.openfednow.gateway.MessageRouter [req=?,e2e=E2E-THROW,txn=TXN-THROW] Screening unavailable e2e=E2E-THROW cause=service error failOpen=false
2026-09-29T08:08:58.421-04:00 DEBUG [main] i.o.p.idempotency.IdempotencyService [req=?,e2e=E2E-THROW,txn=TXN-THROW] Idempotency outcome recorded e2e=E2E-THROW status=RJCT
2026-09-29T08:08:58.426-04:00 INFO  [main] o.s.o.j.LocalContainerEntityManagerFactoryBean [req=?,e2e=E2E-THROW,txn=TXN-THROW] Closing JPA EntityManagerFactory for persistence unit 'default'
[INFO] Tests run: 3, Failures: 0, Errors: 0, Skipped: 0, Time elapsed: 0.813 s -- in io.openfednow.processing.fraud.FraudTimeoutIntegrationTest
[INFO] Running io.openfednow.processing.saga.SagaRecoveryServiceIntegrationTest
2026-09-29T08:08:58.430-04:00 INFO  [main] o.s.t.c.s.AnnotationConfigContextLoaderUtils [req=?,e2e=E2E-THROW,txn=TXN-THROW] Could not detect default configuration classes for test class [io.openfednow.processing.saga.SagaRecoveryServiceIntegrationTest]: SagaRecoveryServiceIntegrationTest does not declare any static, non-private, non-final, nested classes annotated with @Configuration.
2026-09-29T08:08:58.437-04:00 INFO  [main] o.s.b.t.c.SpringBootTestContextBootstrapper [req=?,e2e=E2E-THROW,txn=TXN-THROW] Found @SpringBootConfiguration io.openfednow.OpenFedNowApplication for test class io.openfednow.processing.saga.SagaRecoveryServiceIntegrationTest

  .   ____          _            __ _ _
 /\\ / ___'_ __ _ _(_)_ __  __ _ \ \ \ \
( ( )\___ | '_ | '_| | '_ \/ _` | \ \ \ \
 \\/  ___)| |_)| | | | | || (_| |  ) ) ) )
  '  |____| .__|_| |_|_| |_\__, | / / / /
 =========|_|==============|___/=/_/_/_/

 :: Spring Boot ::               (v3.5.16)

2026-09-29T08:08:58.450-04:00 INFO  [main] i.o.p.s.SagaRecoveryServiceIntegrationTest [req=?,e2e=E2E-THROW,txn=TXN-THROW] Starting SagaRecoveryServiceIntegrationTest using Java 17.0.20.1 with PID 90848 (started by danielmori in /Users/danielmori/Developer/open-fednow-clean-eval)
2026-09-29T08:08:58.450-04:00 DEBUG [main] i.o.p.s.SagaRecoveryServiceIntegrationTest [req=?,e2e=E2E-THROW,txn=TXN-THROW] Running with Spring Boot v3.5.16, Spring v6.2.19
2026-09-29T08:08:58.450-04:00 INFO  [main] i.o.p.s.SagaRecoveryServiceIntegrationTest [req=?,e2e=E2E-THROW,txn=TXN-THROW] No active profile set, falling back to 1 default profile: "default"
2026-09-29T08:08:58.548-04:00 INFO  [main] o.s.d.r.c.RepositoryConfigurationDelegate [req=?,e2e=E2E-THROW,txn=TXN-THROW] Multiple Spring Data modules found, entering strict repository configuration mode
2026-09-29T08:08:58.548-04:00 INFO  [main] o.s.d.r.c.RepositoryConfigurationDelegate [req=?,e2e=E2E-THROW,txn=TXN-THROW] Bootstrapping Spring Data JPA repositories in DEFAULT mode.
2026-09-29T08:08:58.553-04:00 INFO  [main] o.s.d.r.c.RepositoryConfigurationDelegate [req=?,e2e=E2E-THROW,txn=TXN-THROW] Finished Spring Data repository scanning in 3 ms. Found 0 JPA repository interfaces.
2026-09-29T08:08:58.554-04:00 INFO  [main] o.s.d.r.c.RepositoryConfigurationDelegate [req=?,e2e=E2E-THROW,txn=TXN-THROW] Multiple Spring Data modules found, entering strict repository configuration mode
2026-09-29T08:08:58.554-04:00 INFO  [main] o.s.d.r.c.RepositoryConfigurationDelegate [req=?,e2e=E2E-THROW,txn=TXN-THROW] Bootstrapping Spring Data Redis repositories in DEFAULT mode.
2026-09-29T08:08:58.557-04:00 INFO  [main] o.s.d.r.c.RepositoryConfigurationDelegate [req=?,e2e=E2E-THROW,txn=TXN-THROW] Finished Spring Data repository scanning in 3 ms. Found 0 Redis repository interfaces.
2026-09-29T08:08:58.618-04:00 INFO  [main] org.flywaydb.core.FlywayExecutor [req=?,e2e=E2E-THROW,txn=TXN-THROW] Database: jdbc:postgresql://localhost:53832/openfednow?loggerLevel=OFF (PostgreSQL 16.15)
2026-09-29T08:08:58.628-04:00 INFO  [main] o.f.core.internal.command.DbValidate [req=?,e2e=E2E-THROW,txn=TXN-THROW] Successfully validated 12 migrations (execution time 00:00.004s)
2026-09-29T08:08:58.641-04:00 INFO  [main] o.f.core.internal.command.DbMigrate [req=?,e2e=E2E-THROW,txn=TXN-THROW] Current version of schema "public": 12
2026-09-29T08:08:58.642-04:00 INFO  [main] o.f.core.internal.command.DbMigrate [req=?,e2e=E2E-THROW,txn=TXN-THROW] Schema "public" is up to date. No migration necessary.
2026-09-29T08:08:58.662-04:00 INFO  [main] o.s.o.j.p.SpringPersistenceUnitInfo [req=?,e2e=E2E-THROW,txn=TXN-THROW] No LoadTimeWeaver setup: ignoring JPA class transformer
2026-09-29T08:08:58.674-04:00 INFO  [main] o.s.o.j.LocalContainerEntityManagerFactoryBean [req=?,e2e=E2E-THROW,txn=TXN-THROW] Initialized JPA EntityManagerFactory for persistence unit 'default'
2026-09-29T08:08:58.776-04:00 INFO  [main] i.o.reliability.ReliabilityRailConfig [req=?,e2e=E2E-THROW,txn=TXN-THROW] Synthetic reliability rail configured=false
2026-09-29T08:08:58.804-04:00 INFO  [main] o.s.s.c.a.a.c.InitializeUserDetailsBeanManagerConfigurer$InitializeUserDetailsManagerConfigurer [req=?,e2e=E2E-THROW,txn=TXN-THROW] Global AuthenticationManager configured with UserDetailsService bean with name userDetailsService
2026-09-29T08:08:58.981-04:00 INFO  [main] i.o.p.s.SagaRecoveryServiceIntegrationTest [req=?,e2e=E2E-THROW,txn=TXN-THROW] Started SagaRecoveryServiceIntegrationTest in 0.542 seconds (process running for 9.359)
2026-09-29T08:08:58.981-04:00 DEBUG [scheduling-1] i.o.shadowledger.AvailabilityBridge [req=?,e2e=?,txn=?] Core availability poll: mode=ONLINE
2026-09-29T08:08:58.983-04:00 INFO  [main] i.o.processing.saga.SagaRecoveryService [req=?,e2e=E2E-THROW,txn=TXN-THROW] Saga recovery: no in-flight sagas found at startup
2026-09-29T08:08:58.983-04:00 INFO  [main] i.o.shadowledger.BalanceSeedService [req=?,e2e=E2E-THROW,txn=TXN-THROW] Shadow Ledger startup seed: no accounts configured (openfednow.shadow-ledger.seed-accounts is empty)
2026-09-29T08:08:58.989-04:00 INFO  [main] i.o.processing.saga.SagaOrchestrator [req=?,e2e=E2E-THROW,txn=TXN-THROW] Saga initiated sagaId=SAGA-e7c53f7b-b9fe-42d8-8538-0cd26ba5efda transactionId=TXN-DONE e2e=E2E-DONE sourceRail=FEDNOW requestId=null
2026-09-29T08:08:58.990-04:00 DEBUG [main] i.o.processing.saga.SagaOrchestrator [req=?,e2e=E2E-THROW,txn=TXN-THROW] Saga advanced sagaId=SAGA-e7c53f7b-b9fe-42d8-8538-0cd26ba5efda state=FUNDS_RESERVED
2026-09-29T08:08:58.990-04:00 DEBUG [main] i.o.processing.saga.SagaOrchestrator [req=?,e2e=E2E-THROW,txn=TXN-THROW] Saga advanced sagaId=SAGA-e7c53f7b-b9fe-42d8-8538-0cd26ba5efda state=CORE_SUBMITTED
2026-09-29T08:08:58.990-04:00 DEBUG [main] i.o.processing.saga.SagaOrchestrator [req=?,e2e=E2E-THROW,txn=TXN-THROW] Saga advanced sagaId=SAGA-e7c53f7b-b9fe-42d8-8538-0cd26ba5efda state=FEDNOW_CONFIRMED
2026-09-29T08:08:58.991-04:00 DEBUG [main] i.o.processing.saga.SagaOrchestrator [req=?,e2e=E2E-THROW,txn=TXN-THROW] Saga advanced sagaId=SAGA-e7c53f7b-b9fe-42d8-8538-0cd26ba5efda state=COMPLETED
2026-09-29T08:08:58.991-04:00 INFO  [main] i.o.processing.saga.SagaRecoveryService [req=?,e2e=E2E-THROW,txn=TXN-THROW] Saga recovery: no in-flight sagas found at startup
2026-09-29T08:08:58.995-04:00 INFO  [main] i.o.processing.saga.SagaOrchestrator [req=?,e2e=E2E-THROW,txn=TXN-THROW] Saga initiated sagaId=SAGA-f41ad27e-6ecb-4862-861a-80abe5974cfc transactionId=TXN-REC-INIT e2e=E2E-REC-INIT sourceRail=FEDNOW requestId=null
2026-09-29T08:08:58.995-04:00 WARN  [main] i.o.processing.saga.SagaRecoveryService [req=?,e2e=E2E-THROW,txn=TXN-THROW] Saga recovery: found 1 in-flight saga(s) — completing or compensating each
2026-09-29T08:08:58.996-04:00 INFO  [main] i.o.processing.saga.SagaRecoveryService [req=?,e2e=E2E-THROW,txn=TXN-THROW] Recovering sagaId=SAGA-f41ad27e-6ecb-4862-861a-80abe5974cfc fromState=INITIATED sourceRail=FEDNOW
2026-09-29T08:08:59.009-04:00 INFO  [main] i.o.processing.saga.SagaOrchestrator [req=?,e2e=E2E-THROW,txn=TXN-THROW] Saga compensation starting sagaId=SAGA-f41ad27e-6ecb-4862-861a-80abe5974cfc fromState=INITIATED reason=NARR
2026-09-29T08:08:59.011-04:00 INFO  [main] i.o.processing.saga.SagaOrchestrator [req=?,e2e=E2E-THROW,txn=TXN-THROW] Saga compensation complete sagaId=SAGA-f41ad27e-6ecb-4862-861a-80abe5974cfc
2026-09-29T08:08:59.012-04:00 INFO  [main] i.o.processing.saga.SagaRecoveryService [req=?,e2e=E2E-THROW,txn=TXN-THROW] Saga recovery complete: 1 of 1 saga(s) processed
2026-09-29T08:08:59.017-04:00 INFO  [main] i.o.processing.saga.SagaOrchestrator [req=?,e2e=E2E-THROW,txn=TXN-THROW] Saga initiated sagaId=SAGA-d017270a-ab87-4eeb-b9d7-82df9a7c10c0 transactionId=TXN-REC-COMP e2e=E2E-REC-COMP sourceRail=FEDNOW requestId=null
2026-09-29T08:08:59.018-04:00 WARN  [main] i.o.processing.saga.SagaRecoveryService [req=?,e2e=E2E-THROW,txn=TXN-THROW] Saga recovery: found 1 in-flight saga(s) — completing or compensating each
2026-09-29T08:08:59.018-04:00 INFO  [main] i.o.processing.saga.SagaRecoveryService [req=?,e2e=E2E-THROW,txn=TXN-THROW] Recovering sagaId=SAGA-d017270a-ab87-4eeb-b9d7-82df9a7c10c0 fromState=COMPENSATING sourceRail=FEDNOW
2026-09-29T08:08:59.019-04:00 DEBUG [main] i.o.processing.saga.SagaOrchestrator [req=?,e2e=E2E-THROW,txn=TXN-THROW] Saga advanced sagaId=SAGA-d017270a-ab87-4eeb-b9d7-82df9a7c10c0 state=FAILED
2026-09-29T08:08:59.019-04:00 INFO  [main] i.o.processing.saga.SagaRecoveryService [req=?,e2e=E2E-THROW,txn=TXN-THROW] Saga recovery complete: 1 of 1 saga(s) processed
2026-09-29T08:08:59.024-04:00 INFO  [main] i.o.processing.saga.SagaOrchestrator [req=?,e2e=E2E-THROW,txn=TXN-THROW] Saga initiated sagaId=SAGA-7e550b10-f68e-4754-a018-ecb73066b552 transactionId=TXN-REC-CORE e2e=E2E-REC-CORE sourceRail=RTP requestId=null
2026-09-29T08:08:59.043-04:00 INFO  [main] io.openfednow.shadowledger.ShadowLedger [req=?,e2e=E2E-THROW,txn=TXN-THROW] Shadow Ledger debit applied account=ACC-REC-CORE amount=75.00 balanceAfter=125.00
2026-09-29T08:08:59.043-04:00 DEBUG [main] i.o.processing.saga.SagaOrchestrator [req=?,e2e=E2E-THROW,txn=TXN-THROW] Saga advanced sagaId=SAGA-7e550b10-f68e-4754-a018-ecb73066b552 state=FUNDS_RESERVED
2026-09-29T08:08:59.044-04:00 DEBUG [main] i.o.processing.saga.SagaOrchestrator [req=?,e2e=E2E-THROW,txn=TXN-THROW] Saga advanced sagaId=SAGA-7e550b10-f68e-4754-a018-ecb73066b552 state=CORE_SUBMITTED
2026-09-29T08:08:59.044-04:00 WARN  [main] i.o.processing.saga.SagaRecoveryService [req=?,e2e=E2E-THROW,txn=TXN-THROW] Saga recovery: found 1 in-flight saga(s) — completing or compensating each
2026-09-29T08:08:59.045-04:00 INFO  [main] i.o.processing.saga.SagaRecoveryService [req=?,e2e=E2E-THROW,txn=TXN-THROW] Recovering sagaId=SAGA-7e550b10-f68e-4754-a018-ecb73066b552 fromState=CORE_SUBMITTED sourceRail=RTP
2026-09-29T08:08:59.045-04:00 INFO  [main] i.o.processing.saga.SagaOrchestrator [req=?,e2e=E2E-THROW,txn=TXN-THROW] Saga compensation starting sagaId=SAGA-7e550b10-f68e-4754-a018-ecb73066b552 fromState=CORE_SUBMITTED reason=NARR
2026-09-29T08:08:59.048-04:00 INFO  [main] io.openfednow.shadowledger.ShadowLedger [req=?,e2e=E2E-THROW,txn=TXN-THROW] Shadow Ledger reversal applied account=ACC-REC-CORE amount=75.00 balanceAfter=200.00
2026-09-29T08:08:59.048-04:00 INFO  [main] i.o.processing.saga.SagaOrchestrator [req=?,e2e=E2E-THROW,txn=TXN-THROW] Shadow Ledger debit reversed sagaId=SAGA-7e550b10-f68e-4754-a018-ecb73066b552 transactionId=TXN-REC-CORE
2026-09-29T08:08:59.048-04:00 INFO  [main] i.o.processing.saga.SagaOrchestrator [req=?,e2e=E2E-THROW,txn=TXN-THROW] Saga compensation complete sagaId=SAGA-7e550b10-f68e-4754-a018-ecb73066b552
2026-09-29T08:08:59.049-04:00 INFO  [main] i.o.processing.saga.SagaRecoveryService [req=?,e2e=E2E-THROW,txn=TXN-THROW] Saga recovery complete: 1 of 1 saga(s) processed
2026-09-29T08:08:59.054-04:00 INFO  [main] i.o.processing.saga.SagaRecoveryService [req=?,e2e=E2E-THROW,txn=TXN-THROW] Saga recovery: no in-flight sagas found at startup
2026-09-29T08:08:59.058-04:00 INFO  [main] i.o.processing.saga.SagaOrchestrator [req=?,e2e=E2E-THROW,txn=TXN-THROW] Saga initiated sagaId=SAGA-6d0dc97c-01ad-45a8-904b-29ca2e2deec6 transactionId=TXN-IDEMP e2e=E2E-IDEMP sourceRail=FEDNOW requestId=null
2026-09-29T08:08:59.058-04:00 WARN  [main] i.o.processing.saga.SagaRecoveryService [req=?,e2e=E2E-THROW,txn=TXN-THROW] Saga recovery: found 1 in-flight saga(s) — completing or compensating each
2026-09-29T08:08:59.058-04:00 INFO  [main] i.o.processing.saga.SagaRecoveryService [req=?,e2e=E2E-THROW,txn=TXN-THROW] Recovering sagaId=SAGA-6d0dc97c-01ad-45a8-904b-29ca2e2deec6 fromState=INITIATED sourceRail=FEDNOW
2026-09-29T08:08:59.059-04:00 INFO  [main] i.o.processing.saga.SagaOrchestrator [req=?,e2e=E2E-THROW,txn=TXN-THROW] Saga compensation starting sagaId=SAGA-6d0dc97c-01ad-45a8-904b-29ca2e2deec6 fromState=INITIATED reason=NARR
2026-09-29T08:08:59.059-04:00 INFO  [main] i.o.processing.saga.SagaOrchestrator [req=?,e2e=E2E-THROW,txn=TXN-THROW] Saga compensation complete sagaId=SAGA-6d0dc97c-01ad-45a8-904b-29ca2e2deec6
2026-09-29T08:08:59.059-04:00 INFO  [main] i.o.processing.saga.SagaRecoveryService [req=?,e2e=E2E-THROW,txn=TXN-THROW] Saga recovery complete: 1 of 1 saga(s) processed
2026-09-29T08:08:59.060-04:00 INFO  [main] i.o.processing.saga.SagaRecoveryService [req=?,e2e=E2E-THROW,txn=TXN-THROW] Saga recovery: no in-flight sagas found at startup
2026-09-29T08:08:59.063-04:00 INFO  [main] i.o.processing.saga.SagaOrchestrator [req=?,e2e=E2E-THROW,txn=TXN-THROW] Saga initiated sagaId=SAGA-1403e5fa-8941-43a4-882f-58d70aa1127f transactionId=TXN-REC-CONF e2e=E2E-REC-CONF sourceRail=FEDNOW requestId=null
2026-09-29T08:08:59.067-04:00 INFO  [main] io.openfednow.shadowledger.ShadowLedger [req=?,e2e=E2E-THROW,txn=TXN-THROW] Shadow Ledger debit applied account=ACC-REC-CONF amount=50.00 balanceAfter=250.00
2026-09-29T08:08:59.068-04:00 DEBUG [main] i.o.processing.saga.SagaOrchestrator [req=?,e2e=E2E-THROW,txn=TXN-THROW] Saga advanced sagaId=SAGA-1403e5fa-8941-43a4-882f-58d70aa1127f state=FUNDS_RESERVED
2026-09-29T08:08:59.068-04:00 DEBUG [main] i.o.processing.saga.SagaOrchestrator [req=?,e2e=E2E-THROW,txn=TXN-THROW] Saga advanced sagaId=SAGA-1403e5fa-8941-43a4-882f-58d70aa1127f state=CORE_SUBMITTED
2026-09-29T08:08:59.068-04:00 DEBUG [main] i.o.processing.saga.SagaOrchestrator [req=?,e2e=E2E-THROW,txn=TXN-THROW] Saga advanced sagaId=SAGA-1403e5fa-8941-43a4-882f-58d70aa1127f state=FEDNOW_CONFIRMED
2026-09-29T08:08:59.069-04:00 WARN  [main] i.o.processing.saga.SagaRecoveryService [req=?,e2e=E2E-THROW,txn=TXN-THROW] Saga recovery: found 1 in-flight saga(s) — completing or compensating each
2026-09-29T08:08:59.069-04:00 INFO  [main] i.o.processing.saga.SagaRecoveryService [req=?,e2e=E2E-THROW,txn=TXN-THROW] Recovering sagaId=SAGA-1403e5fa-8941-43a4-882f-58d70aa1127f fromState=FEDNOW_CONFIRMED sourceRail=FEDNOW
2026-09-29T08:08:59.069-04:00 DEBUG [main] i.o.processing.saga.SagaOrchestrator [req=?,e2e=E2E-THROW,txn=TXN-THROW] Saga advanced sagaId=SAGA-1403e5fa-8941-43a4-882f-58d70aa1127f state=COMPLETED
2026-09-29T08:08:59.069-04:00 INFO  [main] i.o.processing.saga.SagaRecoveryService [req=?,e2e=E2E-THROW,txn=TXN-THROW] Saga recovery complete: 1 of 1 saga(s) processed
2026-09-29T08:08:59.074-04:00 INFO  [main] i.o.processing.saga.SagaOrchestrator [req=?,e2e=E2E-THROW,txn=TXN-THROW] Saga initiated sagaId=SAGA-a01e7873-feeb-4fb5-a89b-0ebeaac223d4 transactionId=TXN-REC-UNKNOWN e2e=E2E-REC-UNKNOWN sourceRail=FEDNOW requestId=null
2026-09-29T08:08:59.078-04:00 INFO  [main] io.openfednow.shadowledger.ShadowLedger [req=?,e2e=E2E-THROW,txn=TXN-THROW] Shadow Ledger debit applied account=ACC-REC-UNKNOWN amount=75.00 balanceAfter=125.00
2026-09-29T08:08:59.078-04:00 DEBUG [main] i.o.processing.saga.SagaOrchestrator [req=?,e2e=E2E-THROW,txn=TXN-THROW] Saga advanced sagaId=SAGA-a01e7873-feeb-4fb5-a89b-0ebeaac223d4 state=FUNDS_RESERVED
2026-09-29T08:08:59.079-04:00 DEBUG [main] i.o.processing.saga.SagaOrchestrator [req=?,e2e=E2E-THROW,txn=TXN-THROW] Saga advanced sagaId=SAGA-a01e7873-feeb-4fb5-a89b-0ebeaac223d4 state=SUBMITTING
2026-09-29T08:08:59.079-04:00 WARN  [main] i.o.processing.saga.SagaRecoveryService [req=?,e2e=E2E-THROW,txn=TXN-THROW] Saga recovery: found 1 in-flight saga(s) — completing or compensating each
2026-09-29T08:08:59.079-04:00 INFO  [main] i.o.processing.saga.SagaRecoveryService [req=?,e2e=E2E-THROW,txn=TXN-THROW] Recovering sagaId=SAGA-a01e7873-feeb-4fb5-a89b-0ebeaac223d4 fromState=SUBMITTING sourceRail=FEDNOW
2026-09-29T08:08:59.079-04:00 WARN  [main] i.o.processing.saga.SagaRecoveryService [req=?,e2e=E2E-THROW,txn=TXN-THROW] Submission may have reached rail sagaId=SAGA-a01e7873-feeb-4fb5-a89b-0ebeaac223d4 action=QUARANTINE
2026-09-29T08:08:59.080-04:00 DEBUG [main] i.o.processing.saga.SagaOrchestrator [req=?,e2e=E2E-THROW,txn=TXN-THROW] Saga advanced sagaId=SAGA-a01e7873-feeb-4fb5-a89b-0ebeaac223d4 state=OUTCOME_UNKNOWN
2026-09-29T08:08:59.080-04:00 INFO  [main] i.o.processing.saga.SagaRecoveryService [req=?,e2e=E2E-THROW,txn=TXN-THROW] Saga recovery complete: 1 of 1 saga(s) processed
2026-09-29T08:08:59.084-04:00 INFO  [main] i.o.processing.saga.SagaRecoveryService [req=?,e2e=E2E-THROW,txn=TXN-THROW] Saga recovery: no in-flight sagas found at startup
2026-09-29T08:08:59.087-04:00 INFO  [main] i.o.processing.saga.SagaOrchestrator [req=?,e2e=E2E-THROW,txn=TXN-THROW] Saga initiated sagaId=SAGA-5a2f9803-cee4-4dfb-9a7b-ea67e41ae3a7 transactionId=TXN-REC-FUNDS e2e=E2E-REC-FUNDS sourceRail=FEDNOW requestId=null
2026-09-29T08:08:59.091-04:00 INFO  [main] io.openfednow.shadowledger.ShadowLedger [req=?,e2e=E2E-THROW,txn=TXN-THROW] Shadow Ledger debit applied account=ACC-REC-FUNDS amount=100.00 balanceAfter=0.00
2026-09-29T08:08:59.091-04:00 DEBUG [main] i.o.processing.saga.SagaOrchestrator [req=?,e2e=E2E-THROW,txn=TXN-THROW] Saga advanced sagaId=SAGA-5a2f9803-cee4-4dfb-9a7b-ea67e41ae3a7 state=FUNDS_RESERVED
2026-09-29T08:08:59.092-04:00 WARN  [main] i.o.processing.saga.SagaRecoveryService [req=?,e2e=E2E-THROW,txn=TXN-THROW] Saga recovery: found 1 in-flight saga(s) — completing or compensating each
2026-09-29T08:08:59.092-04:00 INFO  [main] i.o.processing.saga.SagaRecoveryService [req=?,e2e=E2E-THROW,txn=TXN-THROW] Recovering sagaId=SAGA-5a2f9803-cee4-4dfb-9a7b-ea67e41ae3a7 fromState=FUNDS_RESERVED sourceRail=FEDNOW
2026-09-29T08:08:59.092-04:00 INFO  [main] i.o.processing.saga.SagaOrchestrator [req=?,e2e=E2E-THROW,txn=TXN-THROW] Saga compensation starting sagaId=SAGA-5a2f9803-cee4-4dfb-9a7b-ea67e41ae3a7 fromState=FUNDS_RESERVED reason=NARR
2026-09-29T08:08:59.094-04:00 INFO  [main] io.openfednow.shadowledger.ShadowLedger [req=?,e2e=E2E-THROW,txn=TXN-THROW] Shadow Ledger reversal applied account=ACC-REC-FUNDS amount=100.00 balanceAfter=100.00
2026-09-29T08:08:59.094-04:00 INFO  [main] i.o.processing.saga.SagaOrchestrator [req=?,e2e=E2E-THROW,txn=TXN-THROW] Shadow Ledger debit reversed sagaId=SAGA-5a2f9803-cee4-4dfb-9a7b-ea67e41ae3a7 transactionId=TXN-REC-FUNDS
2026-09-29T08:08:59.094-04:00 INFO  [main] i.o.processing.saga.SagaOrchestrator [req=?,e2e=E2E-THROW,txn=TXN-THROW] Saga compensation complete sagaId=SAGA-5a2f9803-cee4-4dfb-9a7b-ea67e41ae3a7
2026-09-29T08:08:59.094-04:00 INFO  [main] i.o.processing.saga.SagaRecoveryService [req=?,e2e=E2E-THROW,txn=TXN-THROW] Saga recovery complete: 1 of 1 saga(s) processed
2026-09-29T08:08:59.099-04:00 INFO  [main] i.o.processing.saga.SagaOrchestrator [req=?,e2e=E2E-THROW,txn=TXN-THROW] Saga initiated sagaId=SAGA-860913ef-ec0a-4667-a57d-19ed1360f387 transactionId=TXN-MIX-INIT e2e=E2E-MIX-INIT sourceRail=FEDNOW requestId=null
2026-09-29T08:08:59.099-04:00 INFO  [main] i.o.processing.saga.SagaOrchestrator [req=?,e2e=E2E-THROW,txn=TXN-THROW] Saga initiated sagaId=SAGA-d9582eb5-d866-416f-8ba1-2ed08f23889b transactionId=TXN-MIX-CONF e2e=E2E-MIX-CONF sourceRail=FEDNOW requestId=null
2026-09-29T08:08:59.099-04:00 DEBUG [main] i.o.processing.saga.SagaOrchestrator [req=?,e2e=E2E-THROW,txn=TXN-THROW] Saga advanced sagaId=SAGA-d9582eb5-d866-416f-8ba1-2ed08f23889b state=FUNDS_RESERVED
2026-09-29T08:08:59.099-04:00 DEBUG [main] i.o.processing.saga.SagaOrchestrator [req=?,e2e=E2E-THROW,txn=TXN-THROW] Saga advanced sagaId=SAGA-d9582eb5-d866-416f-8ba1-2ed08f23889b state=CORE_SUBMITTED
2026-09-29T08:08:59.100-04:00 DEBUG [main] i.o.processing.saga.SagaOrchestrator [req=?,e2e=E2E-THROW,txn=TXN-THROW] Saga advanced sagaId=SAGA-d9582eb5-d866-416f-8ba1-2ed08f23889b state=FEDNOW_CONFIRMED
2026-09-29T08:08:59.100-04:00 WARN  [main] i.o.processing.saga.SagaRecoveryService [req=?,e2e=E2E-THROW,txn=TXN-THROW] Saga recovery: found 2 in-flight saga(s) — completing or compensating each
2026-09-29T08:08:59.100-04:00 INFO  [main] i.o.processing.saga.SagaRecoveryService [req=?,e2e=E2E-THROW,txn=TXN-THROW] Recovering sagaId=SAGA-860913ef-ec0a-4667-a57d-19ed1360f387 fromState=INITIATED sourceRail=FEDNOW
2026-09-29T08:08:59.100-04:00 INFO  [main] i.o.processing.saga.SagaOrchestrator [req=?,e2e=E2E-THROW,txn=TXN-THROW] Saga compensation starting sagaId=SAGA-860913ef-ec0a-4667-a57d-19ed1360f387 fromState=INITIATED reason=NARR
2026-09-29T08:08:59.101-04:00 INFO  [main] i.o.processing.saga.SagaOrchestrator [req=?,e2e=E2E-THROW,txn=TXN-THROW] Saga compensation complete sagaId=SAGA-860913ef-ec0a-4667-a57d-19ed1360f387
2026-09-29T08:08:59.101-04:00 INFO  [main] i.o.processing.saga.SagaRecoveryService [req=?,e2e=E2E-THROW,txn=TXN-THROW] Recovering sagaId=SAGA-d9582eb5-d866-416f-8ba1-2ed08f23889b fromState=FEDNOW_CONFIRMED sourceRail=FEDNOW
2026-09-29T08:08:59.102-04:00 DEBUG [main] i.o.processing.saga.SagaOrchestrator [req=?,e2e=E2E-THROW,txn=TXN-THROW] Saga advanced sagaId=SAGA-d9582eb5-d866-416f-8ba1-2ed08f23889b state=COMPLETED
2026-09-29T08:08:59.102-04:00 INFO  [main] i.o.processing.saga.SagaRecoveryService [req=?,e2e=E2E-THROW,txn=TXN-THROW] Saga recovery complete: 2 of 2 saga(s) processed
2026-09-29T08:08:59.106-04:00 INFO  [main] o.s.o.j.LocalContainerEntityManagerFactoryBean [req=?,e2e=E2E-THROW,txn=TXN-THROW] Closing JPA EntityManagerFactory for persistence unit 'default'
[INFO] Tests run: 10, Failures: 0, Errors: 0, Skipped: 0, Time elapsed: 0.678 s -- in io.openfednow.processing.saga.SagaRecoveryServiceIntegrationTest
[INFO] Running io.openfednow.processing.saga.SagaTimeoutIntegrationTest
2026-09-29T08:08:59.109-04:00 INFO  [main] o.s.t.c.s.AnnotationConfigContextLoaderUtils [req=?,e2e=E2E-THROW,txn=TXN-THROW] Could not detect default configuration classes for test class [io.openfednow.processing.saga.SagaTimeoutIntegrationTest]: SagaTimeoutIntegrationTest does not declare any static, non-private, non-final, nested classes annotated with @Configuration.
2026-09-29T08:08:59.111-04:00 INFO  [main] o.s.b.t.c.SpringBootTestContextBootstrapper [req=?,e2e=E2E-THROW,txn=TXN-THROW] Found @SpringBootConfiguration io.openfednow.OpenFedNowApplication for test class io.openfednow.processing.saga.SagaTimeoutIntegrationTest

  .   ____          _            __ _ _
 /\\ / ___'_ __ _ _(_)_ __  __ _ \ \ \ \
( ( )\___ | '_ | '_| | '_ \/ _` | \ \ \ \
 \\/  ___)| |_)| | | | | || (_| |  ) ) ) )
  '  |____| .__|_| |_|_| |_\__, | / / / /
 =========|_|==============|___/=/_/_/_/

 :: Spring Boot ::               (v3.5.16)

2026-09-29T08:08:59.122-04:00 INFO  [main] i.o.p.saga.SagaTimeoutIntegrationTest [req=?,e2e=E2E-THROW,txn=TXN-THROW] Starting SagaTimeoutIntegrationTest using Java 17.0.20.1 with PID 90848 (started by danielmori in /Users/danielmori/Developer/open-fednow-clean-eval)
2026-09-29T08:08:59.123-04:00 DEBUG [main] i.o.p.saga.SagaTimeoutIntegrationTest [req=?,e2e=E2E-THROW,txn=TXN-THROW] Running with Spring Boot v3.5.16, Spring v6.2.19
2026-09-29T08:08:59.123-04:00 INFO  [main] i.o.p.saga.SagaTimeoutIntegrationTest [req=?,e2e=E2E-THROW,txn=TXN-THROW] No active profile set, falling back to 1 default profile: "default"
2026-09-29T08:08:59.214-04:00 INFO  [main] o.s.d.r.c.RepositoryConfigurationDelegate [req=?,e2e=E2E-THROW,txn=TXN-THROW] Multiple Spring Data modules found, entering strict repository configuration mode
2026-09-29T08:08:59.214-04:00 INFO  [main] o.s.d.r.c.RepositoryConfigurationDelegate [req=?,e2e=E2E-THROW,txn=TXN-THROW] Bootstrapping Spring Data JPA repositories in DEFAULT mode.
2026-09-29T08:08:59.218-04:00 INFO  [main] o.s.d.r.c.RepositoryConfigurationDelegate [req=?,e2e=E2E-THROW,txn=TXN-THROW] Finished Spring Data repository scanning in 3 ms. Found 0 JPA repository interfaces.
2026-09-29T08:08:59.219-04:00 INFO  [main] o.s.d.r.c.RepositoryConfigurationDelegate [req=?,e2e=E2E-THROW,txn=TXN-THROW] Multiple Spring Data modules found, entering strict repository configuration mode
2026-09-29T08:08:59.219-04:00 INFO  [main] o.s.d.r.c.RepositoryConfigurationDelegate [req=?,e2e=E2E-THROW,txn=TXN-THROW] Bootstrapping Spring Data Redis repositories in DEFAULT mode.
2026-09-29T08:08:59.222-04:00 INFO  [main] o.s.d.r.c.RepositoryConfigurationDelegate [req=?,e2e=E2E-THROW,txn=TXN-THROW] Finished Spring Data repository scanning in 2 ms. Found 0 Redis repository interfaces.
2026-09-29T08:08:59.283-04:00 INFO  [main] org.flywaydb.core.FlywayExecutor [req=?,e2e=E2E-THROW,txn=TXN-THROW] Database: jdbc:postgresql://localhost:53832/openfednow?loggerLevel=OFF (PostgreSQL 16.15)
2026-09-29T08:08:59.293-04:00 INFO  [main] o.f.core.internal.command.DbValidate [req=?,e2e=E2E-THROW,txn=TXN-THROW] Successfully validated 12 migrations (execution time 00:00.005s)
2026-09-29T08:08:59.306-04:00 INFO  [main] o.f.core.internal.command.DbMigrate [req=?,e2e=E2E-THROW,txn=TXN-THROW] Current version of schema "public": 12
2026-09-29T08:08:59.307-04:00 INFO  [main] o.f.core.internal.command.DbMigrate [req=?,e2e=E2E-THROW,txn=TXN-THROW] Schema "public" is up to date. No migration necessary.
2026-09-29T08:08:59.325-04:00 INFO  [main] o.s.o.j.p.SpringPersistenceUnitInfo [req=?,e2e=E2E-THROW,txn=TXN-THROW] No LoadTimeWeaver setup: ignoring JPA class transformer
2026-09-29T08:08:59.335-04:00 INFO  [main] o.s.o.j.LocalContainerEntityManagerFactoryBean [req=?,e2e=E2E-THROW,txn=TXN-THROW] Initialized JPA EntityManagerFactory for persistence unit 'default'
2026-09-29T08:08:59.411-04:00 INFO  [main] i.o.reliability.ReliabilityRailConfig [req=?,e2e=E2E-THROW,txn=TXN-THROW] Synthetic reliability rail configured=false
2026-09-29T08:08:59.433-04:00 INFO  [main] o.s.s.c.a.a.c.InitializeUserDetailsBeanManagerConfigurer$InitializeUserDetailsManagerConfigurer [req=?,e2e=E2E-THROW,txn=TXN-THROW] Global AuthenticationManager configured with UserDetailsService bean with name userDetailsService
2026-09-29T08:08:59.602-04:00 INFO  [main] i.o.p.saga.SagaTimeoutIntegrationTest [req=?,e2e=E2E-THROW,txn=TXN-THROW] Started SagaTimeoutIntegrationTest in 0.49 seconds (process running for 9.98)
2026-09-29T08:08:59.602-04:00 DEBUG [scheduling-1] i.o.shadowledger.AvailabilityBridge [req=?,e2e=?,txn=?] Core availability poll: mode=ONLINE
2026-09-29T08:08:59.605-04:00 INFO  [main] i.o.processing.saga.SagaRecoveryService [req=?,e2e=E2E-THROW,txn=TXN-THROW] Saga recovery: no in-flight sagas found at startup
2026-09-29T08:08:59.606-04:00 INFO  [main] i.o.shadowledger.BalanceSeedService [req=?,e2e=E2E-THROW,txn=TXN-THROW] Shadow Ledger startup seed: no accounts configured (openfednow.shadow-ledger.seed-accounts is empty)
2026-09-29T08:08:59.613-04:00 INFO  [main] i.o.processing.saga.SagaOrchestrator [req=?,e2e=E2E-THROW,txn=TXN-THROW] Saga initiated sagaId=SAGA-32868dd2-c37b-4c6a-922a-277c856aad4f transactionId=TXN-FRESH-S e2e=E2E-FRESH-S sourceRail=FEDNOW requestId=null
2026-09-29T08:08:59.614-04:00 DEBUG [main] i.o.processing.saga.SagaTimeoutMonitor [req=?,e2e=E2E-THROW,txn=TXN-THROW] Saga timeout monitor: no sagas exceeded 30s threshold
2026-09-29T08:08:59.618-04:00 INFO  [main] i.o.processing.saga.SagaOrchestrator [req=?,e2e=E2E-THROW,txn=TXN-THROW] Saga initiated sagaId=SAGA-69854408-c52f-4cb5-bc84-b6fd1a7f093e transactionId=TXN-TIMEOUT e2e=E2E-TIMEOUT sourceRail=FEDNOW requestId=null
2026-09-29T08:08:59.623-04:00 INFO  [main] io.openfednow.shadowledger.ShadowLedger [req=?,e2e=E2E-THROW,txn=TXN-THROW] Shadow Ledger debit applied account=ACC-TIMEOUT amount=100.00 balanceAfter=0.00
2026-09-29T08:08:59.624-04:00 DEBUG [main] i.o.processing.saga.SagaOrchestrator [req=?,e2e=E2E-THROW,txn=TXN-THROW] Saga advanced sagaId=SAGA-69854408-c52f-4cb5-bc84-b6fd1a7f093e state=FUNDS_RESERVED
2026-09-29T08:08:59.625-04:00 WARN  [main] i.o.processing.saga.SagaTimeoutMonitor [req=?,e2e=E2E-THROW,txn=TXN-THROW] Saga timeout monitor: 1 saga(s) exceeded 30s threshold — compensating
2026-09-29T08:08:59.625-04:00 WARN  [main] i.o.processing.saga.SagaTimeoutMonitor [req=?,e2e=E2E-THROW,txn=TXN-THROW] Saga timed out sagaId=SAGA-69854408-c52f-4cb5-bc84-b6fd1a7f093e thresholdSeconds=30 action=COMPENSATE reason=XPIR
2026-09-29T08:08:59.625-04:00 INFO  [main] i.o.processing.saga.SagaOrchestrator [req=?,e2e=E2E-THROW,txn=TXN-THROW] Saga compensation starting sagaId=SAGA-69854408-c52f-4cb5-bc84-b6fd1a7f093e fromState=FUNDS_RESERVED reason=XPIR
2026-09-29T08:08:59.627-04:00 INFO  [main] io.openfednow.shadowledger.ShadowLedger [req=?,e2e=E2E-THROW,txn=TXN-THROW] Shadow Ledger reversal applied account=ACC-TIMEOUT amount=100.00 balanceAfter=100.00
2026-09-29T08:08:59.627-04:00 INFO  [main] i.o.processing.saga.SagaOrchestrator [req=?,e2e=E2E-THROW,txn=TXN-THROW] Shadow Ledger debit reversed sagaId=SAGA-69854408-c52f-4cb5-bc84-b6fd1a7f093e transactionId=TXN-TIMEOUT
2026-09-29T08:08:59.628-04:00 INFO  [main] i.o.processing.saga.SagaOrchestrator [req=?,e2e=E2E-THROW,txn=TXN-THROW] Saga compensation complete sagaId=SAGA-69854408-c52f-4cb5-bc84-b6fd1a7f093e
2026-09-29T08:08:59.633-04:00 INFO  [main] i.o.processing.saga.SagaOrchestrator [req=?,e2e=E2E-THROW,txn=TXN-THROW] Saga initiated sagaId=SAGA-467159d8-a16e-460b-9b05-bc0a51295b23 transactionId=TXN-DONE e2e=E2E-DONE sourceRail=FEDNOW requestId=null
2026-09-29T08:08:59.634-04:00 DEBUG [main] i.o.processing.saga.SagaOrchestrator [req=?,e2e=E2E-THROW,txn=TXN-THROW] Saga advanced sagaId=SAGA-467159d8-a16e-460b-9b05-bc0a51295b23 state=FUNDS_RESERVED
2026-09-29T08:08:59.634-04:00 DEBUG [main] i.o.processing.saga.SagaOrchestrator [req=?,e2e=E2E-THROW,txn=TXN-THROW] Saga advanced sagaId=SAGA-467159d8-a16e-460b-9b05-bc0a51295b23 state=CORE_SUBMITTED
2026-09-29T08:08:59.635-04:00 DEBUG [main] i.o.processing.saga.SagaOrchestrator [req=?,e2e=E2E-THROW,txn=TXN-THROW] Saga advanced sagaId=SAGA-467159d8-a16e-460b-9b05-bc0a51295b23 state=FEDNOW_CONFIRMED
2026-09-29T08:08:59.635-04:00 DEBUG [main] i.o.processing.saga.SagaOrchestrator [req=?,e2e=E2E-THROW,txn=TXN-THROW] Saga advanced sagaId=SAGA-467159d8-a16e-460b-9b05-bc0a51295b23 state=COMPLETED
2026-09-29T08:08:59.636-04:00 INFO  [main] i.o.processing.saga.SagaOrchestrator [req=?,e2e=E2E-THROW,txn=TXN-THROW] Saga initiated sagaId=SAGA-dd01a682-2c8e-40ad-abaf-ce6b3cf0bc0d transactionId=TXN-FAILED e2e=E2E-FAILED sourceRail=FEDNOW requestId=null
2026-09-29T08:08:59.636-04:00 INFO  [main] i.o.processing.saga.SagaOrchestrator [req=?,e2e=E2E-THROW,txn=TXN-THROW] Saga compensation starting sagaId=SAGA-dd01a682-2c8e-40ad-abaf-ce6b3cf0bc0d fromState=INITIATED reason=AM04
2026-09-29T08:08:59.637-04:00 INFO  [main] i.o.processing.saga.SagaOrchestrator [req=?,e2e=E2E-THROW,txn=TXN-THROW] Saga compensation complete sagaId=SAGA-dd01a682-2c8e-40ad-abaf-ce6b3cf0bc0d
2026-09-29T08:08:59.638-04:00 INFO  [main] i.o.processing.saga.SagaOrchestrator [req=?,e2e=E2E-THROW,txn=TXN-THROW] Saga initiated sagaId=SAGA-fdee89d3-20e2-4cb0-bf7b-abd15348e4fc transactionId=TXN-INCOMP e2e=E2E-INCOMP sourceRail=FEDNOW requestId=null
2026-09-29T08:08:59.639-04:00 INFO  [main] i.o.processing.saga.SagaOrchestrator [req=?,e2e=E2E-THROW,txn=TXN-THROW] Saga initiated sagaId=SAGA-9ae7df71-414c-4323-a915-7f099e419e80 transactionId=TXN-CONFIRMED e2e=E2E-CONFIRMED sourceRail=FEDNOW requestId=null
2026-09-29T08:08:59.639-04:00 DEBUG [main] i.o.processing.saga.SagaOrchestrator [req=?,e2e=E2E-THROW,txn=TXN-THROW] Saga advanced sagaId=SAGA-9ae7df71-414c-4323-a915-7f099e419e80 state=FUNDS_RESERVED
2026-09-29T08:08:59.640-04:00 DEBUG [main] i.o.processing.saga.SagaOrchestrator [req=?,e2e=E2E-THROW,txn=TXN-THROW] Saga advanced sagaId=SAGA-9ae7df71-414c-4323-a915-7f099e419e80 state=CORE_SUBMITTED
2026-09-29T08:08:59.640-04:00 DEBUG [main] i.o.processing.saga.SagaOrchestrator [req=?,e2e=E2E-THROW,txn=TXN-THROW] Saga advanced sagaId=SAGA-9ae7df71-414c-4323-a915-7f099e419e80 state=FEDNOW_CONFIRMED
2026-09-29T08:08:59.649-04:00 INFO  [main] i.o.processing.saga.SagaOrchestrator [req=?,e2e=E2E-THROW,txn=TXN-THROW] Saga initiated sagaId=SAGA-94ac2829-c429-45bb-ac97-adf07e603518 transactionId=TXN-AGED e2e=E2E-AGED sourceRail=FEDNOW requestId=null
2026-09-29T08:08:59.653-04:00 INFO  [main] i.o.processing.saga.SagaOrchestrator [req=?,e2e=E2E-THROW,txn=TXN-THROW] Saga initiated sagaId=SAGA-197aadc0-4ae4-4f25-a77f-19a78aafa8e0 transactionId=TXN-FRESH e2e=E2E-FRESH sourceRail=FEDNOW requestId=null
2026-09-29T08:08:59.658-04:00 INFO  [main] o.s.o.j.LocalContainerEntityManagerFactoryBean [req=?,e2e=E2E-THROW,txn=TXN-THROW] Closing JPA EntityManagerFactory for persistence unit 'default'
[INFO] Tests run: 6, Failures: 0, Errors: 0, Skipped: 0, Time elapsed: 0.578 s -- in io.openfednow.processing.saga.SagaTimeoutIntegrationTest
[INFO] Running io.openfednow.reliability.ReliablePaymentIntegrationTest
2026-09-29T08:08:59.689-04:00 INFO  [main] o.s.t.c.s.AnnotationConfigContextLoaderUtils [req=?,e2e=E2E-THROW,txn=TXN-THROW] Could not detect default configuration classes for test class [io.openfednow.reliability.ReliablePaymentIntegrationTest]: ReliablePaymentIntegrationTest does not declare any static, non-private, non-final, nested classes annotated with @Configuration.
2026-09-29T08:08:59.694-04:00 INFO  [main] o.s.b.t.c.SpringBootTestContextBootstrapper [req=?,e2e=E2E-THROW,txn=TXN-THROW] Found @SpringBootConfiguration io.openfednow.OpenFedNowApplication for test class io.openfednow.reliability.ReliablePaymentIntegrationTest

  .   ____          _            __ _ _
 /\\ / ___'_ __ _ _(_)_ __  __ _ \ \ \ \
( ( )\___ | '_ | '_| | '_ \/ _` | \ \ \ \
 \\/  ___)| |_)| | | | | || (_| |  ) ) ) )
  '  |____| .__|_| |_|_| |_\__, | / / / /
 =========|_|==============|___/=/_/_/_/

 :: Spring Boot ::               (v3.5.16)

2026-09-29T08:08:59.704-04:00 INFO  [main] i.o.r.ReliablePaymentIntegrationTest [req=?,e2e=E2E-THROW,txn=TXN-THROW] Starting ReliablePaymentIntegrationTest using Java 17.0.20.1 with PID 90848 (started by danielmori in /Users/danielmori/Developer/open-fednow-clean-eval)
2026-09-29T08:08:59.704-04:00 DEBUG [main] i.o.r.ReliablePaymentIntegrationTest [req=?,e2e=E2E-THROW,txn=TXN-THROW] Running with Spring Boot v3.5.16, Spring v6.2.19
2026-09-29T08:08:59.704-04:00 INFO  [main] i.o.r.ReliablePaymentIntegrationTest [req=?,e2e=E2E-THROW,txn=TXN-THROW] No active profile set, falling back to 1 default profile: "default"
2026-09-29T08:08:59.785-04:00 INFO  [main] o.s.d.r.c.RepositoryConfigurationDelegate [req=?,e2e=E2E-THROW,txn=TXN-THROW] Multiple Spring Data modules found, entering strict repository configuration mode
2026-09-29T08:08:59.785-04:00 INFO  [main] o.s.d.r.c.RepositoryConfigurationDelegate [req=?,e2e=E2E-THROW,txn=TXN-THROW] Bootstrapping Spring Data JPA repositories in DEFAULT mode.
2026-09-29T08:08:59.789-04:00 INFO  [main] o.s.d.r.c.RepositoryConfigurationDelegate [req=?,e2e=E2E-THROW,txn=TXN-THROW] Finished Spring Data repository scanning in 3 ms. Found 0 JPA repository interfaces.
2026-09-29T08:08:59.790-04:00 INFO  [main] o.s.d.r.c.RepositoryConfigurationDelegate [req=?,e2e=E2E-THROW,txn=TXN-THROW] Multiple Spring Data modules found, entering strict repository configuration mode
2026-09-29T08:08:59.790-04:00 INFO  [main] o.s.d.r.c.RepositoryConfigurationDelegate [req=?,e2e=E2E-THROW,txn=TXN-THROW] Bootstrapping Spring Data Redis repositories in DEFAULT mode.
2026-09-29T08:08:59.793-04:00 INFO  [main] o.s.d.r.c.RepositoryConfigurationDelegate [req=?,e2e=E2E-THROW,txn=TXN-THROW] Finished Spring Data repository scanning in 2 ms. Found 0 Redis repository interfaces.
2026-09-29T08:08:59.870-04:00 INFO  [main] org.flywaydb.core.FlywayExecutor [req=?,e2e=E2E-THROW,txn=TXN-THROW] Database: jdbc:postgresql://localhost:53832/openfednow?loggerLevel=OFF (PostgreSQL 16.15)
2026-09-29T08:08:59.878-04:00 INFO  [main] o.f.core.internal.command.DbValidate [req=?,e2e=E2E-THROW,txn=TXN-THROW] Successfully validated 12 migrations (execution time 00:00.003s)
2026-09-29T08:08:59.890-04:00 INFO  [main] o.f.core.internal.command.DbMigrate [req=?,e2e=E2E-THROW,txn=TXN-THROW] Current version of schema "public": 12
2026-09-29T08:08:59.890-04:00 INFO  [main] o.f.core.internal.command.DbMigrate [req=?,e2e=E2E-THROW,txn=TXN-THROW] Schema "public" is up to date. No migration necessary.
2026-09-29T08:08:59.905-04:00 INFO  [main] o.s.o.j.p.SpringPersistenceUnitInfo [req=?,e2e=E2E-THROW,txn=TXN-THROW] No LoadTimeWeaver setup: ignoring JPA class transformer
2026-09-29T08:08:59.913-04:00 INFO  [main] o.s.o.j.LocalContainerEntityManagerFactoryBean [req=?,e2e=E2E-THROW,txn=TXN-THROW] Initialized JPA EntityManagerFactory for persistence unit 'default'
2026-09-29T08:09:00.010-04:00 INFO  [main] o.s.s.c.a.a.c.InitializeUserDetailsBeanManagerConfigurer$InitializeUserDetailsManagerConfigurer [req=?,e2e=E2E-THROW,txn=TXN-THROW] Global AuthenticationManager configured with UserDetailsService bean with name userDetailsService
2026-09-29T08:09:00.176-04:00 INFO  [main] i.o.r.ReliablePaymentIntegrationTest [req=?,e2e=E2E-THROW,txn=TXN-THROW] Started ReliablePaymentIntegrationTest in 0.481 seconds (process running for 10.554)
2026-09-29T08:09:00.176-04:00 DEBUG [scheduling-1] i.o.shadowledger.AvailabilityBridge [req=?,e2e=?,txn=?] Core availability poll: mode=ONLINE
2026-09-29T08:09:00.179-04:00 WARN  [main] i.o.processing.saga.SagaRecoveryService [req=?,e2e=E2E-THROW,txn=TXN-THROW] Saga recovery: found 1 in-flight saga(s) — completing or compensating each
2026-09-29T08:09:00.180-04:00 INFO  [main] i.o.processing.saga.SagaRecoveryService [req=?,e2e=E2E-THROW,txn=TXN-THROW] Recovering sagaId=SAGA-197aadc0-4ae4-4f25-a77f-19a78aafa8e0 fromState=INITIATED sourceRail=FEDNOW
2026-09-29T08:09:00.180-04:00 INFO  [main] i.o.processing.saga.SagaOrchestrator [req=?,e2e=E2E-THROW,txn=TXN-THROW] Saga compensation starting sagaId=SAGA-197aadc0-4ae4-4f25-a77f-19a78aafa8e0 fromState=INITIATED reason=NARR
2026-09-29T08:09:00.181-04:00 INFO  [main] i.o.processing.saga.SagaOrchestrator [req=?,e2e=E2E-THROW,txn=TXN-THROW] Saga compensation complete sagaId=SAGA-197aadc0-4ae4-4f25-a77f-19a78aafa8e0
2026-09-29T08:09:00.182-04:00 INFO  [main] i.o.processing.saga.SagaRecoveryService [req=?,e2e=E2E-THROW,txn=TXN-THROW] Saga recovery complete: 1 of 1 saga(s) processed
2026-09-29T08:09:00.182-04:00 INFO  [main] i.o.shadowledger.BalanceSeedService [req=?,e2e=E2E-THROW,txn=TXN-THROW] Shadow Ledger startup seed: no accounts configured (openfednow.shadow-ledger.seed-accounts is empty)
2026-09-29T08:09:00.407-04:00 INFO  [main] o.s.o.j.LocalContainerEntityManagerFactoryBean [req=?,e2e=E2E-THROW,txn=TXN-THROW] Closing JPA EntityManagerFactory for persistence unit 'default'
[INFO] Tests run: 17, Failures: 0, Errors: 0, Skipped: 0, Time elapsed: 0.720 s -- in io.openfednow.reliability.ReliablePaymentIntegrationTest
[INFO] Running io.openfednow.infrastructure.PostgresIntegrationTest
2026-09-29T08:09:00.409-04:00 INFO  [main] o.s.t.c.s.AnnotationConfigContextLoaderUtils [req=?,e2e=E2E-THROW,txn=TXN-THROW] Could not detect default configuration classes for test class [io.openfednow.infrastructure.PostgresIntegrationTest]: PostgresIntegrationTest does not declare any static, non-private, non-final, nested classes annotated with @Configuration.
2026-09-29T08:09:00.414-04:00 INFO  [main] o.s.b.t.c.SpringBootTestContextBootstrapper [req=?,e2e=E2E-THROW,txn=TXN-THROW] Found @SpringBootConfiguration io.openfednow.OpenFedNowApplication for test class io.openfednow.infrastructure.PostgresIntegrationTest

  .   ____          _            __ _ _
 /\\ / ___'_ __ _ _(_)_ __  __ _ \ \ \ \
( ( )\___ | '_ | '_| | '_ \/ _` | \ \ \ \
 \\/  ___)| |_)| | | | | || (_| |  ) ) ) )
  '  |____| .__|_| |_|_| |_\__, | / / / /
 =========|_|==============|___/=/_/_/_/

 :: Spring Boot ::               (v3.5.16)

2026-09-29T08:09:00.423-04:00 INFO  [main] i.o.i.PostgresIntegrationTest [req=?,e2e=E2E-THROW,txn=TXN-THROW] Starting PostgresIntegrationTest using Java 17.0.20.1 with PID 90848 (started by danielmori in /Users/danielmori/Developer/open-fednow-clean-eval)
2026-09-29T08:09:00.423-04:00 DEBUG [main] i.o.i.PostgresIntegrationTest [req=?,e2e=E2E-THROW,txn=TXN-THROW] Running with Spring Boot v3.5.16, Spring v6.2.19
2026-09-29T08:09:00.423-04:00 INFO  [main] i.o.i.PostgresIntegrationTest [req=?,e2e=E2E-THROW,txn=TXN-THROW] No active profile set, falling back to 1 default profile: "default"
2026-09-29T08:09:00.487-04:00 INFO  [main] o.s.d.r.c.RepositoryConfigurationDelegate [req=?,e2e=E2E-THROW,txn=TXN-THROW] Multiple Spring Data modules found, entering strict repository configuration mode
2026-09-29T08:09:00.487-04:00 INFO  [main] o.s.d.r.c.RepositoryConfigurationDelegate [req=?,e2e=E2E-THROW,txn=TXN-THROW] Bootstrapping Spring Data JPA repositories in DEFAULT mode.
2026-09-29T08:09:00.491-04:00 INFO  [main] o.s.d.r.c.RepositoryConfigurationDelegate [req=?,e2e=E2E-THROW,txn=TXN-THROW] Finished Spring Data repository scanning in 3 ms. Found 0 JPA repository interfaces.
2026-09-29T08:09:00.492-04:00 INFO  [main] o.s.d.r.c.RepositoryConfigurationDelegate [req=?,e2e=E2E-THROW,txn=TXN-THROW] Multiple Spring Data modules found, entering strict repository configuration mode
2026-09-29T08:09:00.492-04:00 INFO  [main] o.s.d.r.c.RepositoryConfigurationDelegate [req=?,e2e=E2E-THROW,txn=TXN-THROW] Bootstrapping Spring Data Redis repositories in DEFAULT mode.
2026-09-29T08:09:00.494-04:00 INFO  [main] o.s.d.r.c.RepositoryConfigurationDelegate [req=?,e2e=E2E-THROW,txn=TXN-THROW] Finished Spring Data repository scanning in 2 ms. Found 0 Redis repository interfaces.
2026-09-29T08:09:00.544-04:00 INFO  [main] org.flywaydb.core.FlywayExecutor [req=?,e2e=E2E-THROW,txn=TXN-THROW] Database: jdbc:postgresql://localhost:53832/openfednow?loggerLevel=OFF (PostgreSQL 16.15)
2026-09-29T08:09:00.552-04:00 INFO  [main] o.f.core.internal.command.DbValidate [req=?,e2e=E2E-THROW,txn=TXN-THROW] Successfully validated 12 migrations (execution time 00:00.003s)
2026-09-29T08:09:00.562-04:00 INFO  [main] o.f.core.internal.command.DbMigrate [req=?,e2e=E2E-THROW,txn=TXN-THROW] Current version of schema "public": 12
2026-09-29T08:09:00.563-04:00 INFO  [main] o.f.core.internal.command.DbMigrate [req=?,e2e=E2E-THROW,txn=TXN-THROW] Schema "public" is up to date. No migration necessary.
2026-09-29T08:09:00.577-04:00 INFO  [main] o.s.o.j.p.SpringPersistenceUnitInfo [req=?,e2e=E2E-THROW,txn=TXN-THROW] No LoadTimeWeaver setup: ignoring JPA class transformer
2026-09-29T08:09:00.585-04:00 INFO  [main] o.s.o.j.LocalContainerEntityManagerFactoryBean [req=?,e2e=E2E-THROW,txn=TXN-THROW] Initialized JPA EntityManagerFactory for persistence unit 'default'
2026-09-29T08:09:00.662-04:00 INFO  [main] i.o.reliability.ReliabilityRailConfig [req=?,e2e=E2E-THROW,txn=TXN-THROW] Synthetic reliability rail configured=false
2026-09-29T08:09:00.687-04:00 INFO  [main] o.s.s.c.a.a.c.InitializeUserDetailsBeanManagerConfigurer$InitializeUserDetailsManagerConfigurer [req=?,e2e=E2E-THROW,txn=TXN-THROW] Global AuthenticationManager configured with UserDetailsService bean with name userDetailsService
2026-09-29T08:09:00.867-04:00 INFO  [main] i.o.i.PostgresIntegrationTest [req=?,e2e=E2E-THROW,txn=TXN-THROW] Started PostgresIntegrationTest in 0.452 seconds (process running for 11.245)
2026-09-29T08:09:00.867-04:00 DEBUG [scheduling-1] i.o.shadowledger.AvailabilityBridge [req=?,e2e=?,txn=?] Core availability poll: mode=ONLINE
2026-09-29T08:09:00.869-04:00 INFO  [main] i.o.processing.saga.SagaRecoveryService [req=?,e2e=E2E-THROW,txn=TXN-THROW] Saga recovery: no in-flight sagas found at startup
2026-09-29T08:09:00.869-04:00 INFO  [main] i.o.shadowledger.BalanceSeedService [req=?,e2e=E2E-THROW,txn=TXN-THROW] Shadow Ledger startup seed: no accounts configured (openfednow.shadow-ledger.seed-accounts is empty)
2026-09-29T08:09:00.900-04:00 INFO  [main] o.s.o.j.LocalContainerEntityManagerFactoryBean [req=?,e2e=E2E-THROW,txn=TXN-THROW] Closing JPA EntityManagerFactory for persistence unit 'default'
[INFO] Tests run: 11, Failures: 0, Errors: 0, Skipped: 0, Time elapsed: 0.497 s -- in io.openfednow.infrastructure.PostgresIntegrationTest
[INFO] Running io.openfednow.gateway.OutboundPaymentIntegrationTest
2026-09-29T08:09:00.908-04:00 INFO  [main] o.s.t.c.s.AnnotationConfigContextLoaderUtils [req=?,e2e=E2E-THROW,txn=TXN-THROW] Could not detect default configuration classes for test class [io.openfednow.gateway.OutboundPaymentIntegrationTest]: OutboundPaymentIntegrationTest does not declare any static, non-private, non-final, nested classes annotated with @Configuration.
2026-09-29T08:09:00.913-04:00 INFO  [main] o.s.b.t.c.SpringBootTestContextBootstrapper [req=?,e2e=E2E-THROW,txn=TXN-THROW] Found @SpringBootConfiguration io.openfednow.OpenFedNowApplication for test class io.openfednow.gateway.OutboundPaymentIntegrationTest

  .   ____          _            __ _ _
 /\\ / ___'_ __ _ _(_)_ __  __ _ \ \ \ \
( ( )\___ | '_ | '_| | '_ \/ _` | \ \ \ \
 \\/  ___)| |_)| | | | | || (_| |  ) ) ) )
  '  |____| .__|_| |_|_| |_\__, | / / / /
 =========|_|==============|___/=/_/_/_/

 :: Spring Boot ::               (v3.5.16)

2026-09-29T08:09:00.922-04:00 INFO  [main] i.o.g.OutboundPaymentIntegrationTest [req=?,e2e=E2E-THROW,txn=TXN-THROW] Starting OutboundPaymentIntegrationTest using Java 17.0.20.1 with PID 90848 (started by danielmori in /Users/danielmori/Developer/open-fednow-clean-eval)
2026-09-29T08:09:00.922-04:00 DEBUG [main] i.o.g.OutboundPaymentIntegrationTest [req=?,e2e=E2E-THROW,txn=TXN-THROW] Running with Spring Boot v3.5.16, Spring v6.2.19
2026-09-29T08:09:00.922-04:00 INFO  [main] i.o.g.OutboundPaymentIntegrationTest [req=?,e2e=E2E-THROW,txn=TXN-THROW] No active profile set, falling back to 1 default profile: "default"
2026-09-29T08:09:00.983-04:00 INFO  [main] o.s.d.r.c.RepositoryConfigurationDelegate [req=?,e2e=E2E-THROW,txn=TXN-THROW] Multiple Spring Data modules found, entering strict repository configuration mode
2026-09-29T08:09:00.983-04:00 INFO  [main] o.s.d.r.c.RepositoryConfigurationDelegate [req=?,e2e=E2E-THROW,txn=TXN-THROW] Bootstrapping Spring Data JPA repositories in DEFAULT mode.
2026-09-29T08:09:00.986-04:00 INFO  [main] o.s.d.r.c.RepositoryConfigurationDelegate [req=?,e2e=E2E-THROW,txn=TXN-THROW] Finished Spring Data repository scanning in 3 ms. Found 0 JPA repository interfaces.
2026-09-29T08:09:00.987-04:00 INFO  [main] o.s.d.r.c.RepositoryConfigurationDelegate [req=?,e2e=E2E-THROW,txn=TXN-THROW] Multiple Spring Data modules found, entering strict repository configuration mode
2026-09-29T08:09:00.987-04:00 INFO  [main] o.s.d.r.c.RepositoryConfigurationDelegate [req=?,e2e=E2E-THROW,txn=TXN-THROW] Bootstrapping Spring Data Redis repositories in DEFAULT mode.
2026-09-29T08:09:00.989-04:00 INFO  [main] o.s.d.r.c.RepositoryConfigurationDelegate [req=?,e2e=E2E-THROW,txn=TXN-THROW] Finished Spring Data repository scanning in 2 ms. Found 0 Redis repository interfaces.
2026-09-29T08:09:01.038-04:00 INFO  [main] org.flywaydb.core.FlywayExecutor [req=?,e2e=E2E-THROW,txn=TXN-THROW] Database: jdbc:postgresql://localhost:53832/openfednow?loggerLevel=OFF (PostgreSQL 16.15)
2026-09-29T08:09:01.044-04:00 INFO  [main] o.f.core.internal.command.DbValidate [req=?,e2e=E2E-THROW,txn=TXN-THROW] Successfully validated 12 migrations (execution time 00:00.002s)
2026-09-29T08:09:01.054-04:00 INFO  [main] o.f.core.internal.command.DbMigrate [req=?,e2e=E2E-THROW,txn=TXN-THROW] Current version of schema "public": 12
2026-09-29T08:09:01.054-04:00 INFO  [main] o.f.core.internal.command.DbMigrate [req=?,e2e=E2E-THROW,txn=TXN-THROW] Schema "public" is up to date. No migration necessary.
2026-09-29T08:09:01.068-04:00 INFO  [main] o.s.o.j.p.SpringPersistenceUnitInfo [req=?,e2e=E2E-THROW,txn=TXN-THROW] No LoadTimeWeaver setup: ignoring JPA class transformer
2026-09-29T08:09:01.075-04:00 INFO  [main] o.s.o.j.LocalContainerEntityManagerFactoryBean [req=?,e2e=E2E-THROW,txn=TXN-THROW] Initialized JPA EntityManagerFactory for persistence unit 'default'
2026-09-29T08:09:01.144-04:00 INFO  [main] i.o.reliability.ReliabilityRailConfig [req=?,e2e=E2E-THROW,txn=TXN-THROW] Synthetic reliability rail configured=false
2026-09-29T08:09:01.175-04:00 INFO  [main] o.s.s.c.a.a.c.InitializeUserDetailsBeanManagerConfigurer$InitializeUserDetailsManagerConfigurer [req=?,e2e=E2E-THROW,txn=TXN-THROW] Global AuthenticationManager configured with UserDetailsService bean with name userDetailsService
2026-09-29T08:09:01.338-04:00 INFO  [main] i.o.g.OutboundPaymentIntegrationTest [req=?,e2e=E2E-THROW,txn=TXN-THROW] Started OutboundPaymentIntegrationTest in 0.424 seconds (process running for 11.716)
2026-09-29T08:09:01.338-04:00 DEBUG [scheduling-1] i.o.shadowledger.AvailabilityBridge [req=?,e2e=?,txn=?] Core availability poll: mode=ONLINE
2026-09-29T08:09:01.341-04:00 WARN  [main] i.o.processing.saga.SagaRecoveryService [req=?,e2e=E2E-THROW,txn=TXN-THROW] Saga recovery: found 1 in-flight saga(s) — completing or compensating each
2026-09-29T08:09:01.341-04:00 INFO  [main] i.o.processing.saga.SagaRecoveryService [req=?,e2e=E2E-THROW,txn=TXN-THROW] Recovering sagaId=SAGA-PG-001 fromState=INITIATED sourceRail=FEDNOW
2026-09-29T08:09:01.342-04:00 INFO  [main] i.o.processing.saga.SagaOrchestrator [req=?,e2e=E2E-THROW,txn=TXN-THROW] Saga compensation starting sagaId=SAGA-PG-001 fromState=INITIATED reason=NARR
2026-09-29T08:09:01.343-04:00 INFO  [main] i.o.processing.saga.SagaOrchestrator [req=?,e2e=E2E-THROW,txn=TXN-THROW] Saga compensation complete sagaId=SAGA-PG-001
2026-09-29T08:09:01.343-04:00 INFO  [main] i.o.processing.saga.SagaRecoveryService [req=?,e2e=E2E-THROW,txn=TXN-THROW] Saga recovery complete: 1 of 1 saga(s) processed
2026-09-29T08:09:01.343-04:00 INFO  [main] i.o.shadowledger.BalanceSeedService [req=?,e2e=E2E-THROW,txn=TXN-THROW] Shadow Ledger startup seed: no accounts configured (openfednow.shadow-ledger.seed-accounts is empty)
2026-09-29T08:09:01.351-04:00 INFO  [main] io.openfednow.gateway.MessageRouter [req=?,e2e=E2E-OUT-ACSP-001,txn=TXN-OUT-ACSP-001] Outbound credit transfer received amount=150.00 currency=USD
2026-09-29T08:09:01.352-04:00 INFO  [main] i.o.processing.saga.SagaOrchestrator [req=?,e2e=E2E-OUT-ACSP-001,txn=TXN-OUT-ACSP-001] Saga initiated sagaId=SAGA-7c7a55af-0abe-4336-83d8-50d09cd8f1af transactionId=TXN-OUT-ACSP-001 e2e=E2E-OUT-ACSP-001 sourceRail=FEDNOW requestId=null
2026-09-29T08:09:01.357-04:00 INFO  [main] io.openfednow.shadowledger.ShadowLedger [req=?,e2e=E2E-OUT-ACSP-001,txn=TXN-OUT-ACSP-001] Shadow Ledger debit applied account=ACC-DEBTOR-OUT-001 amount=150.00 balanceAfter=850.00
2026-09-29T08:09:01.358-04:00 DEBUG [main] i.o.processing.saga.SagaOrchestrator [req=?,e2e=E2E-OUT-ACSP-001,txn=TXN-OUT-ACSP-001] Saga advanced sagaId=SAGA-7c7a55af-0abe-4336-83d8-50d09cd8f1af state=FUNDS_RESERVED
2026-09-29T08:09:01.358-04:00 DEBUG [main] i.o.processing.saga.SagaOrchestrator [req=?,e2e=E2E-OUT-ACSP-001,txn=TXN-OUT-ACSP-001] Saga advanced sagaId=SAGA-7c7a55af-0abe-4336-83d8-50d09cd8f1af state=SUBMITTING
2026-09-29T08:09:01.358-04:00 DEBUG [main] i.o.processing.saga.SagaOrchestrator [req=?,e2e=E2E-OUT-ACSP-001,txn=TXN-OUT-ACSP-001] Saga advanced sagaId=SAGA-7c7a55af-0abe-4336-83d8-50d09cd8f1af state=OUTCOME_UNKNOWN
2026-09-29T08:09:01.358-04:00 INFO  [main] io.openfednow.gateway.MessageRouter [req=?,e2e=E2E-OUT-ACSP-001,txn=TXN-OUT-ACSP-001] Outbound credit transfer status=ACSP rejectCode=null
2026-09-29T08:09:01.360-04:00 DEBUG [main] i.o.p.idempotency.IdempotencyService [req=?,e2e=E2E-OUT-ACSP-001,txn=TXN-OUT-ACSP-001] Idempotency outcome recorded e2e=E2E-OUT-ACSP-001 status=ACSP
2026-09-29T08:09:01.366-04:00 INFO  [main] io.openfednow.gateway.MessageRouter [req=?,e2e=E2E-OUT-RJT-001,txn=TXN-OUT-RJT-001] Outbound credit transfer received amount=300.00 currency=USD
2026-09-29T08:09:01.368-04:00 INFO  [main] i.o.processing.saga.SagaOrchestrator [req=?,e2e=E2E-OUT-RJT-001,txn=TXN-OUT-RJT-001] Saga initiated sagaId=SAGA-daa6e1fa-6e0a-4134-9c22-af40e06ca2c7 transactionId=TXN-OUT-RJT-001 e2e=E2E-OUT-RJT-001 sourceRail=FEDNOW requestId=null
2026-09-29T08:09:01.371-04:00 INFO  [main] io.openfednow.shadowledger.ShadowLedger [req=?,e2e=E2E-OUT-RJT-001,txn=TXN-OUT-RJT-001] Shadow Ledger debit applied account=ACC-DEBTOR-OUT-001 amount=300.00 balanceAfter=700.00
2026-09-29T08:09:01.372-04:00 DEBUG [main] i.o.processing.saga.SagaOrchestrator [req=?,e2e=E2E-OUT-RJT-001,txn=TXN-OUT-RJT-001] Saga advanced sagaId=SAGA-daa6e1fa-6e0a-4134-9c22-af40e06ca2c7 state=FUNDS_RESERVED
2026-09-29T08:09:01.372-04:00 DEBUG [main] i.o.processing.saga.SagaOrchestrator [req=?,e2e=E2E-OUT-RJT-001,txn=TXN-OUT-RJT-001] Saga advanced sagaId=SAGA-daa6e1fa-6e0a-4134-9c22-af40e06ca2c7 state=SUBMITTING
2026-09-29T08:09:01.372-04:00 INFO  [main] io.openfednow.gateway.MessageRouter [req=?,e2e=E2E-OUT-RJT-001,txn=TXN-OUT-RJT-001] FedNow rejected outbound payment, compensating sagaId=SAGA-daa6e1fa-6e0a-4134-9c22-af40e06ca2c7 reason=AC01
2026-09-29T08:09:01.373-04:00 INFO  [main] i.o.processing.saga.SagaOrchestrator [req=?,e2e=E2E-OUT-RJT-001,txn=TXN-OUT-RJT-001] Saga compensation starting sagaId=SAGA-daa6e1fa-6e0a-4134-9c22-af40e06ca2c7 fromState=SUBMITTING reason=AC01
2026-09-29T08:09:01.375-04:00 INFO  [main] io.openfednow.shadowledger.ShadowLedger [req=?,e2e=E2E-OUT-RJT-001,txn=TXN-OUT-RJT-001] Shadow Ledger reversal applied account=ACC-DEBTOR-OUT-001 amount=300.00 balanceAfter=1000.00
2026-09-29T08:09:01.375-04:00 INFO  [main] i.o.processing.saga.SagaOrchestrator [req=?,e2e=E2E-OUT-RJT-001,txn=TXN-OUT-RJT-001] Shadow Ledger debit reversed sagaId=SAGA-daa6e1fa-6e0a-4134-9c22-af40e06ca2c7 transactionId=TXN-OUT-RJT-001
2026-09-29T08:09:01.375-04:00 INFO  [main] i.o.processing.saga.SagaOrchestrator [req=?,e2e=E2E-OUT-RJT-001,txn=TXN-OUT-RJT-001] Saga compensation complete sagaId=SAGA-daa6e1fa-6e0a-4134-9c22-af40e06ca2c7
2026-09-29T08:09:01.375-04:00 INFO  [main] io.openfednow.gateway.MessageRouter [req=?,e2e=E2E-OUT-RJT-001,txn=TXN-OUT-RJT-001] Outbound credit transfer status=RJCT rejectCode=AC01
2026-09-29T08:09:01.376-04:00 DEBUG [main] i.o.p.idempotency.IdempotencyService [req=?,e2e=E2E-OUT-RJT-001,txn=TXN-OUT-RJT-001] Idempotency outcome recorded e2e=E2E-OUT-RJT-001 status=RJCT
2026-09-29T08:09:01.381-04:00 INFO  [main] io.openfednow.gateway.MessageRouter [req=?,e2e=E2E-OUT-NSF-002,txn=TXN-OUT-NSF-002] Outbound credit transfer received amount=9999.00 currency=USD
2026-09-29T08:09:01.383-04:00 INFO  [main] io.openfednow.gateway.MessageRouter [req=?,e2e=E2E-OUT-NSF-002,txn=TXN-OUT-NSF-002] Outbound payment rejected: insufficient funds account=**************-001 available=1000.00 requested=9999.00
2026-09-29T08:09:01.384-04:00 DEBUG [main] i.o.p.idempotency.IdempotencyService [req=?,e2e=E2E-OUT-NSF-002,txn=TXN-OUT-NSF-002] Idempotency outcome recorded e2e=E2E-OUT-NSF-002 status=RJCT
2026-09-29T08:09:01.389-04:00 INFO  [main] io.openfednow.gateway.MessageRouter [req=?,e2e=E2E-OUT-002,txn=TXN-OUT-002] Outbound credit transfer received amount=100.00 currency=USD
2026-09-29T08:09:01.391-04:00 INFO  [main] i.o.processing.saga.SagaOrchestrator [req=?,e2e=E2E-OUT-002,txn=TXN-OUT-002] Saga initiated sagaId=SAGA-e08ecb57-4bfb-4609-9025-a9f6e63de7be transactionId=TXN-OUT-002 e2e=E2E-OUT-002 sourceRail=FEDNOW requestId=null
2026-09-29T08:09:01.394-04:00 INFO  [main] io.openfednow.shadowledger.ShadowLedger [req=?,e2e=E2E-OUT-002,txn=TXN-OUT-002] Shadow Ledger debit applied account=ACC-DEBTOR-OUT-001 amount=100.00 balanceAfter=900.00
2026-09-29T08:09:01.394-04:00 DEBUG [main] i.o.processing.saga.SagaOrchestrator [req=?,e2e=E2E-OUT-002,txn=TXN-OUT-002] Saga advanced sagaId=SAGA-e08ecb57-4bfb-4609-9025-a9f6e63de7be state=FUNDS_RESERVED
2026-09-29T08:09:01.394-04:00 DEBUG [main] i.o.processing.saga.SagaOrchestrator [req=?,e2e=E2E-OUT-002,txn=TXN-OUT-002] Saga advanced sagaId=SAGA-e08ecb57-4bfb-4609-9025-a9f6e63de7be state=SUBMITTING
2026-09-29T08:09:01.394-04:00 DEBUG [main] i.o.processing.saga.SagaOrchestrator [req=?,e2e=E2E-OUT-002,txn=TXN-OUT-002] Saga advanced sagaId=SAGA-e08ecb57-4bfb-4609-9025-a9f6e63de7be state=FEDNOW_CONFIRMED
2026-09-29T08:09:01.395-04:00 DEBUG [main] i.o.processing.saga.SagaOrchestrator [req=?,e2e=E2E-OUT-002,txn=TXN-OUT-002] Saga advanced sagaId=SAGA-e08ecb57-4bfb-4609-9025-a9f6e63de7be state=COMPLETED
2026-09-29T08:09:01.395-04:00 INFO  [main] io.openfednow.gateway.MessageRouter [req=?,e2e=E2E-OUT-002,txn=TXN-OUT-002] Outbound credit transfer status=ACSC rejectCode=null
2026-09-29T08:09:01.395-04:00 DEBUG [main] i.o.p.idempotency.IdempotencyService [req=?,e2e=E2E-OUT-002,txn=TXN-OUT-002] Idempotency outcome recorded e2e=E2E-OUT-002 status=ACSC
2026-09-29T08:09:01.400-04:00 INFO  [main] io.openfednow.gateway.MessageRouter [req=?,e2e=E2E-OUT-NSF-003,txn=TXN-OUT-NSF-003] Outbound credit transfer received amount=9999.00 currency=USD
2026-09-29T08:09:01.401-04:00 INFO  [main] io.openfednow.gateway.MessageRouter [req=?,e2e=E2E-OUT-NSF-003,txn=TXN-OUT-NSF-003] Outbound payment rejected: insufficient funds account=**************-001 available=1000.00 requested=9999.00
2026-09-29T08:09:01.402-04:00 DEBUG [main] i.o.p.idempotency.IdempotencyService [req=?,e2e=E2E-OUT-NSF-003,txn=TXN-OUT-NSF-003] Idempotency outcome recorded e2e=E2E-OUT-NSF-003 status=RJCT
2026-09-29T08:09:01.406-04:00 INFO  [main] io.openfednow.gateway.MessageRouter [req=?,e2e=E2E-OUT-RJT-002,txn=TXN-OUT-RJT-002] Outbound credit transfer received amount=100.00 currency=USD
2026-09-29T08:09:01.408-04:00 INFO  [main] i.o.processing.saga.SagaOrchestrator [req=?,e2e=E2E-OUT-RJT-002,txn=TXN-OUT-RJT-002] Saga initiated sagaId=SAGA-16236317-f42b-47d1-942d-d02d37237253 transactionId=TXN-OUT-RJT-002 e2e=E2E-OUT-RJT-002 sourceRail=FEDNOW requestId=null
2026-09-29T08:09:01.411-04:00 INFO  [main] io.openfednow.shadowledger.ShadowLedger [req=?,e2e=E2E-OUT-RJT-002,txn=TXN-OUT-RJT-002] Shadow Ledger debit applied account=ACC-DEBTOR-OUT-001 amount=100.00 balanceAfter=900.00
2026-09-29T08:09:01.411-04:00 DEBUG [main] i.o.processing.saga.SagaOrchestrator [req=?,e2e=E2E-OUT-RJT-002,txn=TXN-OUT-RJT-002] Saga advanced sagaId=SAGA-16236317-f42b-47d1-942d-d02d37237253 state=FUNDS_RESERVED
2026-09-29T08:09:01.412-04:00 DEBUG [main] i.o.processing.saga.SagaOrchestrator [req=?,e2e=E2E-OUT-RJT-002,txn=TXN-OUT-RJT-002] Saga advanced sagaId=SAGA-16236317-f42b-47d1-942d-d02d37237253 state=SUBMITTING
2026-09-29T08:09:01.412-04:00 INFO  [main] io.openfednow.gateway.MessageRouter [req=?,e2e=E2E-OUT-RJT-002,txn=TXN-OUT-RJT-002] FedNow rejected outbound payment, compensating sagaId=SAGA-16236317-f42b-47d1-942d-d02d37237253 reason=AM04
2026-09-29T08:09:01.412-04:00 INFO  [main] i.o.processing.saga.SagaOrchestrator [req=?,e2e=E2E-OUT-RJT-002,txn=TXN-OUT-RJT-002] Saga compensation starting sagaId=SAGA-16236317-f42b-47d1-942d-d02d37237253 fromState=SUBMITTING reason=AM04
2026-09-29T08:09:01.413-04:00 INFO  [main] io.openfednow.shadowledger.ShadowLedger [req=?,e2e=E2E-OUT-RJT-002,txn=TXN-OUT-RJT-002] Shadow Ledger reversal applied account=ACC-DEBTOR-OUT-001 amount=100.00 balanceAfter=1000.00
2026-09-29T08:09:01.413-04:00 INFO  [main] i.o.processing.saga.SagaOrchestrator [req=?,e2e=E2E-OUT-RJT-002,txn=TXN-OUT-RJT-002] Shadow Ledger debit reversed sagaId=SAGA-16236317-f42b-47d1-942d-d02d37237253 transactionId=TXN-OUT-RJT-002
2026-09-29T08:09:01.414-04:00 INFO  [main] i.o.processing.saga.SagaOrchestrator [req=?,e2e=E2E-OUT-RJT-002,txn=TXN-OUT-RJT-002] Saga compensation complete sagaId=SAGA-16236317-f42b-47d1-942d-d02d37237253
2026-09-29T08:09:01.414-04:00 INFO  [main] io.openfednow.gateway.MessageRouter [req=?,e2e=E2E-OUT-RJT-002,txn=TXN-OUT-RJT-002] Outbound credit transfer status=RJCT rejectCode=AM04
2026-09-29T08:09:01.415-04:00 DEBUG [main] i.o.p.idempotency.IdempotencyService [req=?,e2e=E2E-OUT-RJT-002,txn=TXN-OUT-RJT-002] Idempotency outcome recorded e2e=E2E-OUT-RJT-002 status=RJCT
2026-09-29T08:09:01.419-04:00 INFO  [main] io.openfednow.gateway.MessageRouter [req=?,e2e=E2E-OUT-NSF-001,txn=TXN-OUT-NSF-001] Outbound credit transfer received amount=5000.00 currency=USD
2026-09-29T08:09:01.420-04:00 INFO  [main] io.openfednow.gateway.MessageRouter [req=?,e2e=E2E-OUT-NSF-001,txn=TXN-OUT-NSF-001] Outbound payment rejected: insufficient funds account=**************-001 available=1000.00 requested=5000.00
2026-09-29T08:09:01.421-04:00 DEBUG [main] i.o.p.idempotency.IdempotencyService [req=?,e2e=E2E-OUT-NSF-001,txn=TXN-OUT-NSF-001] Idempotency outcome recorded e2e=E2E-OUT-NSF-001 status=RJCT
2026-09-29T08:09:01.425-04:00 INFO  [main] io.openfednow.gateway.MessageRouter [req=?,e2e=E2E-OUT-ACSP-002,txn=TXN-OUT-ACSP-002] Outbound credit transfer received amount=50.00 currency=USD
2026-09-29T08:09:01.427-04:00 INFO  [main] i.o.processing.saga.SagaOrchestrator [req=?,e2e=E2E-OUT-ACSP-002,txn=TXN-OUT-ACSP-002] Saga initiated sagaId=SAGA-2f0c2415-5401-41c7-a2f4-4d2ce477de91 transactionId=TXN-OUT-ACSP-002 e2e=E2E-OUT-ACSP-002 sourceRail=FEDNOW requestId=null
2026-09-29T08:09:01.431-04:00 INFO  [main] io.openfednow.shadowledger.ShadowLedger [req=?,e2e=E2E-OUT-ACSP-002,txn=TXN-OUT-ACSP-002] Shadow Ledger debit applied account=ACC-DEBTOR-OUT-001 amount=50.00 balanceAfter=950.00
2026-09-29T08:09:01.431-04:00 DEBUG [main] i.o.processing.saga.SagaOrchestrator [req=?,e2e=E2E-OUT-ACSP-002,txn=TXN-OUT-ACSP-002] Saga advanced sagaId=SAGA-2f0c2415-5401-41c7-a2f4-4d2ce477de91 state=FUNDS_RESERVED
2026-09-29T08:09:01.432-04:00 DEBUG [main] i.o.processing.saga.SagaOrchestrator [req=?,e2e=E2E-OUT-ACSP-002,txn=TXN-OUT-ACSP-002] Saga advanced sagaId=SAGA-2f0c2415-5401-41c7-a2f4-4d2ce477de91 state=SUBMITTING
2026-09-29T08:09:01.432-04:00 DEBUG [main] i.o.processing.saga.SagaOrchestrator [req=?,e2e=E2E-OUT-ACSP-002,txn=TXN-OUT-ACSP-002] Saga advanced sagaId=SAGA-2f0c2415-5401-41c7-a2f4-4d2ce477de91 state=OUTCOME_UNKNOWN
2026-09-29T08:09:01.432-04:00 INFO  [main] io.openfednow.gateway.MessageRouter [req=?,e2e=E2E-OUT-ACSP-002,txn=TXN-OUT-ACSP-002] Outbound credit transfer status=ACSP rejectCode=null
2026-09-29T08:09:01.433-04:00 DEBUG [main] i.o.p.idempotency.IdempotencyService [req=?,e2e=E2E-OUT-ACSP-002,txn=TXN-OUT-ACSP-002] Idempotency outcome recorded e2e=E2E-OUT-ACSP-002 status=ACSP
2026-09-29T08:09:01.437-04:00 INFO  [main] io.openfednow.gateway.MessageRouter [req=?,e2e=E2E-OUT-DUP-001,txn=TXN-OUT-DUP-001] Outbound credit transfer received amount=200.00 currency=USD
2026-09-29T08:09:01.439-04:00 INFO  [main] i.o.processing.saga.SagaOrchestrator [req=?,e2e=E2E-OUT-DUP-001,txn=TXN-OUT-DUP-001] Saga initiated sagaId=SAGA-1d64c2c0-c2a0-449e-8209-1a829fd2724d transactionId=TXN-OUT-DUP-001 e2e=E2E-OUT-DUP-001 sourceRail=FEDNOW requestId=null
2026-09-29T08:09:01.443-04:00 INFO  [main] io.openfednow.shadowledger.ShadowLedger [req=?,e2e=E2E-OUT-DUP-001,txn=TXN-OUT-DUP-001] Shadow Ledger debit applied account=ACC-DEBTOR-OUT-001 amount=200.00 balanceAfter=800.00
2026-09-29T08:09:01.443-04:00 DEBUG [main] i.o.processing.saga.SagaOrchestrator [req=?,e2e=E2E-OUT-DUP-001,txn=TXN-OUT-DUP-001] Saga advanced sagaId=SAGA-1d64c2c0-c2a0-449e-8209-1a829fd2724d state=FUNDS_RESERVED
2026-09-29T08:09:01.443-04:00 DEBUG [main] i.o.processing.saga.SagaOrchestrator [req=?,e2e=E2E-OUT-DUP-001,txn=TXN-OUT-DUP-001] Saga advanced sagaId=SAGA-1d64c2c0-c2a0-449e-8209-1a829fd2724d state=SUBMITTING
2026-09-29T08:09:01.444-04:00 DEBUG [main] i.o.processing.saga.SagaOrchestrator [req=?,e2e=E2E-OUT-DUP-001,txn=TXN-OUT-DUP-001] Saga advanced sagaId=SAGA-1d64c2c0-c2a0-449e-8209-1a829fd2724d state=FEDNOW_CONFIRMED
2026-09-29T08:09:01.444-04:00 DEBUG [main] i.o.processing.saga.SagaOrchestrator [req=?,e2e=E2E-OUT-DUP-001,txn=TXN-OUT-DUP-001] Saga advanced sagaId=SAGA-1d64c2c0-c2a0-449e-8209-1a829fd2724d state=COMPLETED
2026-09-29T08:09:01.444-04:00 INFO  [main] io.openfednow.gateway.MessageRouter [req=?,e2e=E2E-OUT-DUP-001,txn=TXN-OUT-DUP-001] Outbound credit transfer status=ACSC rejectCode=null
2026-09-29T08:09:01.445-04:00 DEBUG [main] i.o.p.idempotency.IdempotencyService [req=?,e2e=E2E-OUT-DUP-001,txn=TXN-OUT-DUP-001] Idempotency outcome recorded e2e=E2E-OUT-DUP-001 status=ACSC
2026-09-29T08:09:01.445-04:00 INFO  [main] io.openfednow.gateway.MessageRouter [req=?,e2e=E2E-OUT-DUP-001,txn=TXN-OUT-DUP-001] Outbound credit transfer received amount=200.00 currency=USD
2026-09-29T08:09:01.445-04:00 DEBUG [main] i.o.p.idempotency.IdempotencyService [req=?,e2e=E2E-OUT-DUP-001,txn=TXN-OUT-DUP-001] Idempotency cache hit e2e=E2E-OUT-DUP-001
2026-09-29T08:09:01.447-04:00 INFO  [main] io.openfednow.gateway.MessageRouter [req=?,e2e=E2E-OUT-DUP-001,txn=TXN-OUT-DUP-001] Duplicate outbound payment suppressed e2e=E2E-OUT-DUP-001
2026-09-29T08:09:01.451-04:00 INFO  [main] io.openfednow.gateway.MessageRouter [req=?,e2e=E2E-OUT-003,txn=TXN-OUT-003] Outbound credit transfer received amount=50.00 currency=USD
2026-09-29T08:09:01.452-04:00 INFO  [main] i.o.processing.saga.SagaOrchestrator [req=?,e2e=E2E-OUT-003,txn=TXN-OUT-003] Saga initiated sagaId=SAGA-a2607ab0-5db7-40e1-949b-3c82cd913c87 transactionId=TXN-OUT-003 e2e=E2E-OUT-003 sourceRail=FEDNOW requestId=null
2026-09-29T08:09:01.456-04:00 INFO  [main] io.openfednow.shadowledger.ShadowLedger [req=?,e2e=E2E-OUT-003,txn=TXN-OUT-003] Shadow Ledger debit applied account=ACC-DEBTOR-OUT-001 amount=50.00 balanceAfter=950.00
2026-09-29T08:09:01.457-04:00 DEBUG [main] i.o.processing.saga.SagaOrchestrator [req=?,e2e=E2E-OUT-003,txn=TXN-OUT-003] Saga advanced sagaId=SAGA-a2607ab0-5db7-40e1-949b-3c82cd913c87 state=FUNDS_RESERVED
2026-09-29T08:09:01.457-04:00 DEBUG [main] i.o.processing.saga.SagaOrchestrator [req=?,e2e=E2E-OUT-003,txn=TXN-OUT-003] Saga advanced sagaId=SAGA-a2607ab0-5db7-40e1-949b-3c82cd913c87 state=SUBMITTING
2026-09-29T08:09:01.457-04:00 DEBUG [main] i.o.processing.saga.SagaOrchestrator [req=?,e2e=E2E-OUT-003,txn=TXN-OUT-003] Saga advanced sagaId=SAGA-a2607ab0-5db7-40e1-949b-3c82cd913c87 state=FEDNOW_CONFIRMED
2026-09-29T08:09:01.458-04:00 DEBUG [main] i.o.processing.saga.SagaOrchestrator [req=?,e2e=E2E-OUT-003,txn=TXN-OUT-003] Saga advanced sagaId=SAGA-a2607ab0-5db7-40e1-949b-3c82cd913c87 state=COMPLETED
2026-09-29T08:09:01.458-04:00 INFO  [main] io.openfednow.gateway.MessageRouter [req=?,e2e=E2E-OUT-003,txn=TXN-OUT-003] Outbound credit transfer status=ACSC rejectCode=null
2026-09-29T08:09:01.458-04:00 DEBUG [main] i.o.p.idempotency.IdempotencyService [req=?,e2e=E2E-OUT-003,txn=TXN-OUT-003] Idempotency outcome recorded e2e=E2E-OUT-003 status=ACSC
2026-09-29T08:09:01.463-04:00 INFO  [main] io.openfednow.gateway.MessageRouter [req=?,e2e=E2E-OUT-001,txn=TXN-OUT-001] Outbound credit transfer received amount=250.00 currency=USD
2026-09-29T08:09:01.464-04:00 INFO  [main] i.o.processing.saga.SagaOrchestrator [req=?,e2e=E2E-OUT-001,txn=TXN-OUT-001] Saga initiated sagaId=SAGA-0869d4ac-c941-401f-aff4-185bfa730994 transactionId=TXN-OUT-001 e2e=E2E-OUT-001 sourceRail=FEDNOW requestId=null
2026-09-29T08:09:01.468-04:00 INFO  [main] io.openfednow.shadowledger.ShadowLedger [req=?,e2e=E2E-OUT-001,txn=TXN-OUT-001] Shadow Ledger debit applied account=ACC-DEBTOR-OUT-001 amount=250.00 balanceAfter=750.00
2026-09-29T08:09:01.468-04:00 DEBUG [main] i.o.processing.saga.SagaOrchestrator [req=?,e2e=E2E-OUT-001,txn=TXN-OUT-001] Saga advanced sagaId=SAGA-0869d4ac-c941-401f-aff4-185bfa730994 state=FUNDS_RESERVED
2026-09-29T08:09:01.468-04:00 DEBUG [main] i.o.processing.saga.SagaOrchestrator [req=?,e2e=E2E-OUT-001,txn=TXN-OUT-001] Saga advanced sagaId=SAGA-0869d4ac-c941-401f-aff4-185bfa730994 state=SUBMITTING
2026-09-29T08:09:01.468-04:00 DEBUG [main] i.o.processing.saga.SagaOrchestrator [req=?,e2e=E2E-OUT-001,txn=TXN-OUT-001] Saga advanced sagaId=SAGA-0869d4ac-c941-401f-aff4-185bfa730994 state=FEDNOW_CONFIRMED
2026-09-29T08:09:01.468-04:00 DEBUG [main] i.o.processing.saga.SagaOrchestrator [req=?,e2e=E2E-OUT-001,txn=TXN-OUT-001] Saga advanced sagaId=SAGA-0869d4ac-c941-401f-aff4-185bfa730994 state=COMPLETED
2026-09-29T08:09:01.468-04:00 INFO  [main] io.openfednow.gateway.MessageRouter [req=?,e2e=E2E-OUT-001,txn=TXN-OUT-001] Outbound credit transfer status=ACSC rejectCode=null
2026-09-29T08:09:01.469-04:00 DEBUG [main] i.o.p.idempotency.IdempotencyService [req=?,e2e=E2E-OUT-001,txn=TXN-OUT-001] Idempotency outcome recorded e2e=E2E-OUT-001 status=ACSC
2026-09-29T08:09:01.474-04:00 INFO  [main] io.openfednow.gateway.MessageRouter [req=?,e2e=E2E-OUT-RJT-003,txn=TXN-OUT-RJT-003] Outbound credit transfer received amount=75.00 currency=USD
2026-09-29T08:09:01.475-04:00 INFO  [main] i.o.processing.saga.SagaOrchestrator [req=?,e2e=E2E-OUT-RJT-003,txn=TXN-OUT-RJT-003] Saga initiated sagaId=SAGA-7ba2fd00-57d1-4fd3-9048-74bf188fce7f transactionId=TXN-OUT-RJT-003 e2e=E2E-OUT-RJT-003 sourceRail=FEDNOW requestId=null
2026-09-29T08:09:01.478-04:00 INFO  [main] io.openfednow.shadowledger.ShadowLedger [req=?,e2e=E2E-OUT-RJT-003,txn=TXN-OUT-RJT-003] Shadow Ledger debit applied account=ACC-DEBTOR-OUT-001 amount=75.00 balanceAfter=925.00
2026-09-29T08:09:01.478-04:00 DEBUG [main] i.o.processing.saga.SagaOrchestrator [req=?,e2e=E2E-OUT-RJT-003,txn=TXN-OUT-RJT-003] Saga advanced sagaId=SAGA-7ba2fd00-57d1-4fd3-9048-74bf188fce7f state=FUNDS_RESERVED
2026-09-29T08:09:01.479-04:00 DEBUG [main] i.o.processing.saga.SagaOrchestrator [req=?,e2e=E2E-OUT-RJT-003,txn=TXN-OUT-RJT-003] Saga advanced sagaId=SAGA-7ba2fd00-57d1-4fd3-9048-74bf188fce7f state=SUBMITTING
2026-09-29T08:09:01.479-04:00 INFO  [main] io.openfednow.gateway.MessageRouter [req=?,e2e=E2E-OUT-RJT-003,txn=TXN-OUT-RJT-003] FedNow rejected outbound payment, compensating sagaId=SAGA-7ba2fd00-57d1-4fd3-9048-74bf188fce7f reason=AC04
2026-09-29T08:09:01.479-04:00 INFO  [main] i.o.processing.saga.SagaOrchestrator [req=?,e2e=E2E-OUT-RJT-003,txn=TXN-OUT-RJT-003] Saga compensation starting sagaId=SAGA-7ba2fd00-57d1-4fd3-9048-74bf188fce7f fromState=SUBMITTING reason=AC04
2026-09-29T08:09:01.480-04:00 INFO  [main] io.openfednow.shadowledger.ShadowLedger [req=?,e2e=E2E-OUT-RJT-003,txn=TXN-OUT-RJT-003] Shadow Ledger reversal applied account=ACC-DEBTOR-OUT-001 amount=75.00 balanceAfter=1000.00
2026-09-29T08:09:01.480-04:00 INFO  [main] i.o.processing.saga.SagaOrchestrator [req=?,e2e=E2E-OUT-RJT-003,txn=TXN-OUT-RJT-003] Shadow Ledger debit reversed sagaId=SAGA-7ba2fd00-57d1-4fd3-9048-74bf188fce7f transactionId=TXN-OUT-RJT-003
2026-09-29T08:09:01.481-04:00 INFO  [main] i.o.processing.saga.SagaOrchestrator [req=?,e2e=E2E-OUT-RJT-003,txn=TXN-OUT-RJT-003] Saga compensation complete sagaId=SAGA-7ba2fd00-57d1-4fd3-9048-74bf188fce7f
2026-09-29T08:09:01.481-04:00 INFO  [main] io.openfednow.gateway.MessageRouter [req=?,e2e=E2E-OUT-RJT-003,txn=TXN-OUT-RJT-003] Outbound credit transfer status=RJCT rejectCode=AC04
2026-09-29T08:09:01.482-04:00 DEBUG [main] i.o.p.idempotency.IdempotencyService [req=?,e2e=E2E-OUT-RJT-003,txn=TXN-OUT-RJT-003] Idempotency outcome recorded e2e=E2E-OUT-RJT-003 status=RJCT
2026-09-29T08:09:01.486-04:00 INFO  [main] io.openfednow.gateway.MessageRouter [req=?,e2e=E2E-OUT-UNKNOWN,txn=TXN-OUT-UNKNOWN] Outbound credit transfer received amount=150.00 currency=USD
2026-09-29T08:09:01.487-04:00 INFO  [main] i.o.processing.saga.SagaOrchestrator [req=?,e2e=E2E-OUT-UNKNOWN,txn=TXN-OUT-UNKNOWN] Saga initiated sagaId=SAGA-3151a5fe-4470-4520-8ecd-e831dc9992bc transactionId=TXN-OUT-UNKNOWN e2e=E2E-OUT-UNKNOWN sourceRail=FEDNOW requestId=null
2026-09-29T08:09:01.490-04:00 INFO  [main] io.openfednow.shadowledger.ShadowLedger [req=?,e2e=E2E-OUT-UNKNOWN,txn=TXN-OUT-UNKNOWN] Shadow Ledger debit applied account=ACC-DEBTOR-OUT-001 amount=150.00 balanceAfter=850.00
2026-09-29T08:09:01.490-04:00 DEBUG [main] i.o.processing.saga.SagaOrchestrator [req=?,e2e=E2E-OUT-UNKNOWN,txn=TXN-OUT-UNKNOWN] Saga advanced sagaId=SAGA-3151a5fe-4470-4520-8ecd-e831dc9992bc state=FUNDS_RESERVED
2026-09-29T08:09:01.491-04:00 DEBUG [main] i.o.processing.saga.SagaOrchestrator [req=?,e2e=E2E-OUT-UNKNOWN,txn=TXN-OUT-UNKNOWN] Saga advanced sagaId=SAGA-3151a5fe-4470-4520-8ecd-e831dc9992bc state=SUBMITTING
2026-09-29T08:09:01.491-04:00 ERROR [main] io.openfednow.gateway.MessageRouter [req=?,e2e=E2E-OUT-UNKNOWN,txn=TXN-OUT-UNKNOWN] FedNow outcome unknown; reservation retained sagaId=SAGA-3151a5fe-4470-4520-8ecd-e831dc9992bc
io.openfednow.gateway.SubmissionOutcomeUnknownException: simulated lost response
	at io.openfednow.gateway.MessageRouter.routeOutbound(MessageRouter.java:433)
	at io.openfednow.gateway.OutboundPaymentIntegrationTest.lostResponseRetainsFundsAndDuplicateCannotResubmit(OutboundPaymentIntegrationTest.java:224)
	at java.base/jdk.internal.reflect.NativeMethodAccessorImpl.invoke0(Native Method)
	at java.base/jdk.internal.reflect.NativeMethodAccessorImpl.invoke(NativeMethodAccessorImpl.java:77)
	at java.base/jdk.internal.reflect.DelegatingMethodAccessorImpl.invoke(DelegatingMethodAccessorImpl.java:43)
	at java.base/java.lang.reflect.Method.invoke(Method.java:569)
	at org.junit.platform.commons.util.ReflectionUtils.invokeMethod(ReflectionUtils.java:775)
	at org.junit.platform.commons.support.ReflectionSupport.invokeMethod(ReflectionSupport.java:479)
	at org.junit.jupiter.engine.execution.MethodInvocation.proceed(MethodInvocation.java:60)
	at org.junit.jupiter.engine.execution.InvocationInterceptorChain$ValidatingInvocation.proceed(InvocationInterceptorChain.java:131)
	at org.junit.jupiter.engine.extension.TimeoutExtension.intercept(TimeoutExtension.java:161)
	at org.junit.jupiter.engine.extension.TimeoutExtension.interceptTestableMethod(TimeoutExtension.java:152)
	at org.junit.jupiter.engine.extension.TimeoutExtension.interceptTestMethod(TimeoutExtension.java:91)
	at org.junit.jupiter.engine.execution.InterceptingExecutableInvoker$ReflectiveInterceptorCall.lambda$ofVoidMethod$0(InterceptingExecutableInvoker.java:112)
	at org.junit.jupiter.engine.execution.InterceptingExecutableInvoker.lambda$invoke$0(InterceptingExecutableInvoker.java:94)
	at org.junit.jupiter.engine.execution.InvocationInterceptorChain$InterceptedInvocation.proceed(InvocationInterceptorChain.java:106)
	at org.junit.jupiter.engine.execution.InvocationInterceptorChain.proceed(InvocationInterceptorChain.java:64)
	at org.junit.jupiter.engine.execution.InvocationInterceptorChain.chainAndInvoke(InvocationInterceptorChain.java:45)
	at org.junit.jupiter.engine.execution.InvocationInterceptorChain.invoke(InvocationInterceptorChain.java:37)
	at org.junit.jupiter.engine.execution.InterceptingExecutableInvoker.invoke(InterceptingExecutableInvoker.java:93)
	at org.junit.jupiter.engine.execution.InterceptingExecutableInvoker.invoke(InterceptingExecutableInvoker.java:87)
	at org.junit.jupiter.engine.descriptor.TestMethodTestDescriptor.lambda$invokeTestMethod$7(TestMethodTestDescriptor.java:216)
	at org.junit.platform.engine.support.hierarchical.ThrowableCollector.execute(ThrowableCollector.java:73)
	at org.junit.jupiter.engine.descriptor.TestMethodTestDescriptor.invokeTestMethod(TestMethodTestDescriptor.java:212)
	at org.junit.jupiter.engine.descriptor.TestMethodTestDescriptor.execute(TestMethodTestDescriptor.java:137)
	at org.junit.jupiter.engine.descriptor.TestMethodTestDescriptor.execute(TestMethodTestDescriptor.java:69)
	at org.junit.platform.engine.support.hierarchical.NodeTestTask.lambda$executeRecursively$6(NodeTestTask.java:156)
	at org.junit.platform.engine.support.hierarchical.ThrowableCollector.execute(ThrowableCollector.java:73)
	at org.junit.platform.engine.support.hierarchical.NodeTestTask.lambda$executeRecursively$8(NodeTestTask.java:146)
	at org.junit.platform.engine.support.hierarchical.Node.around(Node.java:137)
	at org.junit.platform.engine.support.hierarchical.NodeTestTask.lambda$executeRecursively$9(NodeTestTask.java:144)
	at org.junit.platform.engine.support.hierarchical.ThrowableCollector.execute(ThrowableCollector.java:73)
	at org.junit.platform.engine.support.hierarchical.NodeTestTask.executeRecursively(NodeTestTask.java:143)
	at org.junit.platform.engine.support.hierarchical.NodeTestTask.execute(NodeTestTask.java:100)
	at java.base/java.util.ArrayList.forEach(ArrayList.java:1511)
	at org.junit.platform.engine.support.hierarchical.SameThreadHierarchicalTestExecutorService.invokeAll(SameThreadHierarchicalTestExecutorService.java:41)
	at org.junit.platform.engine.support.hierarchical.NodeTestTask.lambda$executeRecursively$6(NodeTestTask.java:160)
	at org.junit.platform.engine.support.hierarchical.ThrowableCollector.execute(ThrowableCollector.java:73)
	at org.junit.platform.engine.support.hierarchical.NodeTestTask.lambda$executeRecursively$8(NodeTestTask.java:146)
	at org.junit.platform.engine.support.hierarchical.Node.around(Node.java:137)
	at org.junit.platform.engine.support.hierarchical.NodeTestTask.lambda$executeRecursively$9(NodeTestTask.java:144)
	at org.junit.platform.engine.support.hierarchical.ThrowableCollector.execute(ThrowableCollector.java:73)
	at org.junit.platform.engine.support.hierarchical.NodeTestTask.executeRecursively(NodeTestTask.java:143)
	at org.junit.platform.engine.support.hierarchical.NodeTestTask.execute(NodeTestTask.java:100)
	at java.base/java.util.ArrayList.forEach(ArrayList.java:1511)
	at org.junit.platform.engine.support.hierarchical.SameThreadHierarchicalTestExecutorService.invokeAll(SameThreadHierarchicalTestExecutorService.java:41)
	at org.junit.platform.engine.support.hierarchical.NodeTestTask.lambda$executeRecursively$6(NodeTestTask.java:160)
	at org.junit.platform.engine.support.hierarchical.ThrowableCollector.execute(ThrowableCollector.java:73)
	at org.junit.platform.engine.support.hierarchical.NodeTestTask.lambda$executeRecursively$8(NodeTestTask.java:146)
	at org.junit.platform.engine.support.hierarchical.Node.around(Node.java:137)
	at org.junit.platform.engine.support.hierarchical.NodeTestTask.lambda$executeRecursively$9(NodeTestTask.java:144)
	at org.junit.platform.engine.support.hierarchical.ThrowableCollector.execute(ThrowableCollector.java:73)
	at org.junit.platform.engine.support.hierarchical.NodeTestTask.executeRecursively(NodeTestTask.java:143)
	at org.junit.platform.engine.support.hierarchical.NodeTestTask.execute(NodeTestTask.java:100)
	at org.junit.platform.engine.support.hierarchical.SameThreadHierarchicalTestExecutorService.submit(SameThreadHierarchicalTestExecutorService.java:35)
	at org.junit.platform.engine.support.hierarchical.HierarchicalTestExecutor.execute(HierarchicalTestExecutor.java:57)
	at org.junit.platform.engine.support.hierarchical.HierarchicalTestEngine.execute(HierarchicalTestEngine.java:54)
	at org.junit.platform.launcher.core.EngineExecutionOrchestrator.execute(EngineExecutionOrchestrator.java:201)
	at org.junit.platform.launcher.core.EngineExecutionOrchestrator.execute(EngineExecutionOrchestrator.java:170)
	at org.junit.platform.launcher.core.EngineExecutionOrchestrator.execute(EngineExecutionOrchestrator.java:94)
	at org.junit.platform.launcher.core.EngineExecutionOrchestrator.lambda$execute$0(EngineExecutionOrchestrator.java:59)
	at org.junit.platform.launcher.core.EngineExecutionOrchestrator.withInterceptedStreams(EngineExecutionOrchestrator.java:142)
	at org.junit.platform.launcher.core.EngineExecutionOrchestrator.execute(EngineExecutionOrchestrator.java:58)
	at org.junit.platform.launcher.core.DefaultLauncher.execute(DefaultLauncher.java:103)
	at org.junit.platform.launcher.core.DefaultLauncher.execute(DefaultLauncher.java:85)
	at org.junit.platform.launcher.core.DelegatingLauncher.execute(DelegatingLauncher.java:47)
	at org.junit.platform.launcher.core.InterceptingLauncher.lambda$execute$1(InterceptingLauncher.java:39)
	at org.junit.platform.launcher.core.ClasspathAlignmentCheckingLauncherInterceptor.intercept(ClasspathAlignmentCheckingLauncherInterceptor.java:25)
	at org.junit.platform.launcher.core.InterceptingLauncher.execute(InterceptingLauncher.java:38)
	at org.junit.platform.launcher.core.DelegatingLauncher.execute(DelegatingLauncher.java:47)
	at org.apache.maven.surefire.junitplatform.LauncherAdapter.executeWithoutCancellationToken(LauncherAdapter.java:60)
	at org.apache.maven.surefire.junitplatform.LauncherAdapter.execute(LauncherAdapter.java:52)
	at org.apache.maven.surefire.junitplatform.JUnitPlatformProvider.execute(JUnitPlatformProvider.java:203)
	at org.apache.maven.surefire.junitplatform.JUnitPlatformProvider.invokeAllTests(JUnitPlatformProvider.java:168)
	at org.apache.maven.surefire.junitplatform.JUnitPlatformProvider.invoke(JUnitPlatformProvider.java:136)
	at org.apache.maven.surefire.booter.ForkedBooter.runSuitesInProcess(ForkedBooter.java:385)
	at org.apache.maven.surefire.booter.ForkedBooter.execute(ForkedBooter.java:162)
	at org.apache.maven.surefire.booter.ForkedBooter.run(ForkedBooter.java:507)
	at org.apache.maven.surefire.booter.ForkedBooter.main(ForkedBooter.java:495)
2026-09-29T08:09:01.492-04:00 DEBUG [main] i.o.processing.saga.SagaOrchestrator [req=?,e2e=E2E-OUT-UNKNOWN,txn=TXN-OUT-UNKNOWN] Saga advanced sagaId=SAGA-3151a5fe-4470-4520-8ecd-e831dc9992bc state=OUTCOME_UNKNOWN
2026-09-29T08:09:01.493-04:00 INFO  [main] io.openfednow.gateway.MessageRouter [req=?,e2e=E2E-OUT-UNKNOWN,txn=TXN-OUT-UNKNOWN] Outbound credit transfer received amount=150.00 currency=USD
2026-09-29T08:09:01.493-04:00 WARN  [main] io.openfednow.gateway.MessageRouter [req=?,e2e=E2E-OUT-UNKNOWN,txn=TXN-OUT-UNKNOWN] Outbound payment already has a durable saga e2e=E2E-OUT-UNKNOWN
2026-09-29T08:09:01.500-04:00 INFO  [main] o.s.o.j.LocalContainerEntityManagerFactoryBean [req=?,e2e=E2E-OUT-UNKNOWN,txn=TXN-OUT-UNKNOWN] Closing JPA EntityManagerFactory for persistence unit 'default'
[INFO] Tests run: 13, Failures: 0, Errors: 0, Skipped: 0, Time elapsed: 0.594 s -- in io.openfednow.gateway.OutboundPaymentIntegrationTest
[INFO] 
[INFO] Results:
[INFO] 
[INFO] Tests run: 64, Failures: 0, Errors: 0, Skipped: 0
[INFO] 
[INFO] ------------------------------------------------------------------------
[INFO] BUILD SUCCESS
[INFO] ------------------------------------------------------------------------
[INFO] Total time:  12.517 s
[INFO] Finished at: 2026-09-29T08:09:01-04:00
[INFO] ------------------------------------------------------------------------
